
// File generated by bin2lvgl
// developed by fbiego. 
// https://github.com/fbiego
// Watchface: 75_2_410

#include "../75_2_410.h"

#ifndef LV_ATTRIBUTE_MEM_ALIGN
#define LV_ATTRIBUTE_MEM_ALIGN
#endif


// LVGL 9 format (RGB565) // LVGL_9 compatible

const LV_ATTRIBUTE_MEM_ALIGN uint8_t face_75_2_410_dial_img_2_216824_data_0[] = {
	//RGB565 data with alpha
	0xAA,0x19,0x8A,0x19,0x6A,0x11,0x4A,0x11,0x4A,0x19,0x8A,0x21,0xAB,0x29,0xAB,0x29,0xAB,0x29,0xAB,0x29,
	0x8B,0x29,0x8B,0x29,0x8B,0x29,0x8B,0x29,0x8B,0x29,0x6A,0x21,0x6A,0x21,0x4B,0x19,0x4B,0x21,0x4C,0x21,
	0x8D,0x29,0xCD,0x31,0xCD,0x31,0xCD,0x31,0xCE,0x39,0xCE,0x39,0xCE,0x39,0xAE,0x39,0x8D,0x31,0x6D,0x31,
	0x6D,0x29,0x4D,0x29,0x4D,0x29,0x4D,0x29,0x4D,0x29,0x4D,0x31,0x8D,0x31,0x8D,0x39,0x8D,0x39,0x8D,0x39,
	0x8D,0x39,0x6C,0x31,0x6C,0x31,0x4B,0x31,0x2A,0x29,0xEA,0x28,0xEA,0x20,0xEA,0x28,0x2A,0x29,0x2B,0x31,
	0x4B,0x39,0x4B,0x39,0x4B,0x39,0x2B,0x39,0x2B,0x39,0x2B,0x39,0x0B,0x39,0xCA,0x30,0xCA,0x30,0xCA,0x30,
	0x6D,0x3A,0xAE,0x42,0x50,0x5B,0x70,0x5B,0x0F,0x53,0x2D,0x3A,0xAB,0x29,0xAB,0x29,0xAB,0x21,0xAB,0x29,
	0x8B,0x29,0x8B,0x29,0xAB,0x29,0x8C,0x29,0xAC,0x29,0x2D,0x3A,0xCF,0x52,0x10,0x5B,0x51,0x63,0x52,0x63,
	0xB0,0x4A,0xCD,0x31,0xCD,0x31,0xCD,0x31,0xCE,0x39,0xAE,0x39,0xAD,0x31,0x0E,0x42,0x90,0x52,0x52,0x6B,
	0xD4,0x7B,0xF4,0x83,0x14,0x84,0xF4,0x83,0xB3,0x7B,0x32,0x6B,0x6F,0x52,0xCE,0x41,0x8D,0x39,0x8D,0x39,
	0xAD,0x39,0x8D,0x39,0x6C,0x31,0x4C,0x31,0xCD,0x41,0x8F,0x5A,0xF0,0x62,0xAF,0x5A,0xCD,0x41,0x6C,0x39,
	0x2B,0x39,0x2B,0x39,0x4B,0x39,0x2B,0x39,0x2B,0x39,0x0B,0x39,0xAD,0x49,0x6F,0x62,0x6F,0x62,0x6F,0x62,
	0xB2,0x6B,0xB5,0x8C,0x5A,0xC6,0xDB,0xDE,0x19,0xBE,0x71,0x63,0xEC,0x31,0xAB,0x21,0x8B,0x21,0x8B,0x21,
	0xAB,0x29,0xAB,0x29,0xCD,0x29,0xAD,0x29,0xCD,0x31,0x72,0x6B,0x37,0xA5,0x1A,0xC6,0x9B,0xD6,0x9B,0xD6,
	0x75,0x84,0xCE,0x31,0xAD,0x31,0xCE,0x39,0xCE,0x39,0xAE,0x39,0xCE,0x39,0xD1,0x5A,0x95,0x8C,0x7B,0xCE,
	0x9E,0xEF,0xFF,0xFF,0xFF,0xFF,0xFF,0xFF,0x7E,0xEF,0x3A,0xCE,0x34,0x8C,0xB0,0x5A,0xAE,0x39,0x8E,0x39,
	0xAE,0x41,0xAE,0x39,0x8D,0x39,0x6D,0x31,0x11,0x6B,0x17,0xAD,0x3A,0xCE,0xB9,0xBD,0x73,0x73,0xEE,0x49,
	0x2B,0x31,0x2B,0x31,0x4B,0x39,0x2B,0x39,0x0B,0x39,0xEA,0x30,0xD0,0x6A,0x17,0xAD,0x37,0xAD,0x17,0xAD,
	0x54,0x84,0x98,0xAD,0x7E,0xEF,0xDE,0xFF,0x3D,0xE7,0x95,0x8C,0xAF,0x4A,0xCB,0x29,0x8B,0x21,0xAC,0x21,
	0xCC,0x29,0xEC,0x31,0xED,0x31,0xAD,0x21,0xAD,0x29,0x55,0x8C,0xFC,0xDE,0x7E,0xEF,0xBF,0xF7,0xBE,0xF7,
	0x17,0x9D,0xCD,0x29,0x8D,0x29,0xCD,0x31,0x8D,0x31,0x50,0x4A,0xD4,0x7B,0x78,0xAD,0xDC,0xDE,0x5D,0xE7,
	0x5D,0xE7,0xDC,0xD6,0x9B,0xCE,0xBC,0xD6,0x7E,0xEF,0x9E,0xF7,0xBB,0xD6,0x17,0xA5,0xF1,0x62,0x0F,0x42,
	0x8E,0x39,0xAE,0x39,0x8E,0x39,0x6D,0x39,0x93,0x7B,0x1A,0xCE,0x5D,0xEF,0x5D,0xEF,0x1A,0xC6,0xD3,0x83,
	0x6C,0x39,0x0A,0x29,0x2B,0x31,0x2B,0x31,0x0A,0x31,0xEA,0x30,0x51,0x7B,0x1A,0xC6,0x3A,0xCE,0xF9,0xC5,
	0xB4,0x8C,0xF8,0xB5,0xFF,0xFF,0xFF,0xFF,0xDF,0xF7,0xB9,0xB5,0x92,0x6B,0xEC,0x31,0x8C,0x21,0xCD,0x29,
	0xED,0x31,0xED,0x31,0x0E,0x32,0xEE,0x29,0x0E,0x3A,0x57,0xA5,0xFF,0xFF,0xFF,0xFF,0xFF,0xFF,0xFF,0xFF,
	0x37,0xA5,0xAD,0x29,0x8C,0x29,0xCD,0x31,0xAD,0x31,0x52,0x6B,0x1A,0xBE,0x9E,0xEF,0xFF,0xFF,0x9B,0xD6,
	0x58,0xAD,0x96,0x8C,0x35,0x84,0x56,0x8C,0xB9,0xB5,0x1D,0xDF,0xFF,0xFF,0x3D,0xE7,0xF6,0x9C,0xF1,0x5A,
	0x8E,0x39,0xAE,0x39,0x8E,0x39,0x6D,0x39,0xB4,0x83,0x9C,0xDE,0xBF,0xFF,0xFF,0xFF,0xFF,0xFF,0xB9,0xB5,
	0x4F,0x52,0x4C,0x31,0x2B,0x31,0x2B,0x31,0x0A,0x31,0xEA,0x30,0x72,0x7B,0x7A,0xD6,0x9B,0xD6,0x5A,0xCE,
	0x94,0x8C,0xD8,0xB5,0xFF,0xFF,0xFF,0xFF,0xFF,0xFF,0x1D,0xDF,0x17,0x9D,0x4E,0x3A,0xAD,0x21,0x0E,0x32,
	0xED,0x31,0xED,0x31,0xCD,0x31,0x4E,0x42,0x72,0x6B,0x3A,0xC6,0xFF,0xFF,0xFF,0xFF,0xFF,0xFF,0xFF,0xFF,
	0x37,0xA5,0xAD,0x29,0x6C,0x21,0xED,0x31,0x4F,0x4A,0x96,0x94,0x7E,0xEF,0xBE,0xF7,0x7B,0xCE,0xB3,0x7B,
	0x50,0x4A,0x70,0x4A,0x4F,0x4A,0x50,0x4A,0x90,0x52,0xF4,0x7B,0xBC,0xD6,0xDF,0xFF,0x5D,0xE7,0x75,0x8C,
	0xEE,0x41,0xAE,0x39,0x6E,0x31,0x6D,0x31,0xB4,0x7B,0x9B,0xD6,0xBF,0xF7,0xFF,0xFF,0xFF,0xFF,0xDC,0xDE,
	0x76,0x94,0x70,0x5A,0x0C,0x39,0x0C,0x39,0xEB,0x30,0xEA,0x30,0x72,0x7B,0x7A,0xD6,0x9B,0xD6,0x5A,0xCE,
	0x94,0x8C,0xD8,0xB5,0xFF,0xFF,0xDF,0xF7,0x9E,0xF7,0xDF,0xF7,0x1A,0xBE,0xD0,0x4A,0xED,0x29,0x0E,0x32,
	0xED,0x31,0xED,0x31,0xAC,0x29,0xD0,0x52,0xB6,0x94,0xBC,0xD6,0xDF,0xF7,0x7E,0xEF,0x9E,0xF7,0xFF,0xFF,
	0x57,0xA5,0xAD,0x29,0x6C,0x21,0x2E,0x3A,0x93,0x73,0xD9,0xBD,0xFF,0xFF,0xDC,0xDE,0x76,0x94,0x2F,0x4A,
	0x4C,0x29,0x8D,0x31,0x8D,0x31,0x6D,0x31,0x4D,0x29,0x4F,0x4A,0x17,0xA5,0x3D,0xE7,0xFF,0xFF,0xD9,0xBD,
	0xF2,0x62,0xEF,0x41,0x4D,0x31,0x4D,0x31,0xB4,0x7B,0x9B,0xCE,0x5D,0xE7,0x9E,0xEF,0xBE,0xF7,0x9E,0xEF,
	0x5B,0xCE,0xD4,0x83,0x8D,0x49,0x4D,0x41,0x0C,0x39,0xEB,0x30,0x72,0x7B,0x7A,0xCE,0x9B,0xD6,0x5A,0xCE,
	0x94,0x8C,0xF8,0xB5,0xFF,0xFF,0x3D,0xE7,0xBC,0xD6,0xFF,0xFF,0xDC,0xD6,0x92,0x63,0x4E,0x3A,0xED,0x31,
	0xED,0x31,0xED,0x31,0xAC,0x29,0x31,0x63,0xD9,0xBD,0xFD,0xDE,0x5D,0xE7,0x9C,0xD6,0xFC,0xDE,0xFF,0xFF,
	0x57,0xA5,0xAD,0x29,0x2B,0x21,0x6F,0x4A,0x17,0xA5,0x3D,0xE7,0xFF,0xFF,0x58,0xA5,0x70,0x4A,0xEE,0x39,
	0xAE,0x39,0xCE,0x39,0xCE,0x39,0xAE,0x39,0x8E,0x31,0xEF,0x41,0x32,0x6B,0x98,0xB5,0xFF,0xFF,0xDC,0xDE,
	0xB6,0x9C,0x50,0x52,0x2D,0x29,0x4D,0x31,0xB4,0x7B,0x9B,0xCE,0xBC,0xD6,0x9B,0xD6,0xDC,0xDE,0x9E,0xF7,
	0xDF,0xFF,0x58,0xB5,0xB1,0x62,0xAE,0x49,0x2D,0x39,0x0B,0x31,0x92,0x7B,0x7A,0xCE,0x9B,0xD6,0x5A,0xCE,
	0x94,0x8C,0xF8,0xBD,0xFF,0xFF,0x7B,0xCE,0x58,0xAD,0x9E,0xF7,0x7E,0xEF,0xB6,0x8C,0xF0,0x52,0xED,0x29,
	0xCD,0x29,0xED,0x29,0xAC,0x21,0xD3,0x73,0x1D,0xE7,0xFC,0xDE,0x1A,0xBE,0x3A,0xC6,0xFC,0xDE,0xFF,0xFF,
	0x57,0xA5,0xAD,0x29,0x2B,0x19,0xAF,0x4A,0x3A,0xC6,0xDF,0xF7,0x7E,0xEF,0x75,0x8C,0xAE,0x39,0xAE,0x39,
	0xCE,0x39,0xCE,0x39,0xCE,0x39,0xAE,0x39,0x8E,0x39,0xAE,0x39,0xEE,0x41,0x75,0x94,0xDF,0xFF,0x7E,0xEF,
	0x99,0xB5,0xB1,0x5A,0x2D,0x29,0x4D,0x31,0xB4,0x7B,0x9B,0xCE,0xBC,0xD6,0xFA,0xC5,0xD6,0x9C,0xFA,0xC5,
	0xFF,0xFF,0x1C,0xE7,0xF7,0xA4,0x30,0x52,0xCC,0x30,0x0D,0x39,0x93,0x7B,0x7B,0xCE,0x7B,0xD6,0x5A,0xCE,
	0x94,0x8C,0xF9,0xBD,0xFF,0xFF,0xB9,0xB5,0x34,0x84,0xFC,0xDE,0xBF,0xF7,0xFA,0xBD,0xD3,0x6B,0xED,0x29,
	0xAC,0x21,0xED,0x29,0x0D,0x32,0x95,0x8C,0xFF,0xFF,0x7A,0xCE,0xB5,0x94,0xD9,0xB5,0x3D,0xE7,0xFF,0xFF,
	0x57,0xA5,0xAD,0x29,0x2B,0x19,0xD0,0x52,0xDC,0xDE,0xFF,0xFF,0xFC,0xDE,0xF4,0x83,0x8D,0x31,0xAE,0x31,
	0xCE,0x39,0xCE,0x39,0xCE,0x39,0xAE,0x39,0xAE,0x39,0x8E,0x39,0x2D,0x29,0xD4,0x7B,0xDF,0xFF,0xDF,0xF7,
	0x1A,0xBE,0xD1,0x5A,0x2D,0x29,0x4D,0x31,0xB4,0x7B,0x9B,0xCE,0xFC,0xDE,0xB9,0xB5,0xD1,0x62,0x14,0x8C,
	0x9E,0xF7,0xFF,0xFF,0xFC,0xDE,0x32,0x73,0x0D,0x39,0x2D,0x39,0x94,0x83,0x7B,0xD6,0x7B,0xD6,0x5A,0xCE,
	0xD6,0x94,0x1A,0xBE,0xFF,0xFF,0x78,0xAD,0xB3,0x6B,0x3A,0xC6,0x9E,0xEF,0x1D,0xDF,0x95,0x8C,0xCC,0x29,
	0x8C,0x21,0x2D,0x32,0x10,0x5B,0x78,0xAD,0xFF,0xFF,0x58,0xAD,0x32,0x63,0x58,0xAD,0x3D,0xE7,0xFF,0xFF,
	0x57,0xA5,0xAD,0x29,0x0B,0x19,0xD0,0x52,0x1C,0xDF,0xFF,0xFF,0x9B,0xD6,0xD4,0x7B,0x8D,0x31,0xAE,0x39,
	0xCE,0x39,0xCE,0x39,0xCE,0x39,0xAE,0x39,0xAE,0x39,0x8E,0x39,0x2D,0x29,0xF4,0x7B,0xDF,0xFF,0xDF,0xF7,
	0xFA,0xBD,0xD1,0x5A,0x0C,0x29,0x4C,0x31,0xB3,0x7B,0x9B,0xCE,0xFD,0xDE,0x99,0xB5,0x30,0x52,0xB1,0x62,
	0xB8,0xB5,0x7D,0xEF,0xBF,0xF7,0x17,0xAD,0xB1,0x62,0x4D,0x39,0x73,0x7B,0x7B,0xD6,0x7B,0xDE,0x5B,0xD6,
	0xF6,0x94,0x3A,0xC6,0xFF,0xFF,0x78,0xA5,0x92,0x63,0x58,0xA5,0xFC,0xDE,0xBE,0xF7,0x57,0xA5,0x2E,0x32,
	0xAC,0x29,0x6F,0x42,0x34,0x84,0x5A,0xC6,0xDF,0xF7,0x96,0x94,0x50,0x4A,0x17,0xA5,0x5D,0xE7,0xFF,0xFF,
	0x57,0xA5,0xAD,0x29,0x0B,0x19,0xD0,0x52,0x1C,0xE7,0xFF,0xFF,0x7B,0xCE,0xD3,0x7B,0x8D,0x31,0xAE,0x39,
	0xCE,0x39,0xCE,0x39,0xAE,0x39,0xAE,0x39,0xAE,0x39,0x8D,0x39,0x4C,0x29,0xF4,0x7B,0xDF,0xFF,0xDF,0xF7,
	0xFA,0xBD,0xD1,0x5A,0x2C,0x29,0x4D,0x31,0xD3,0x7B,0x9B,0xD6,0xFD,0xDE,0x99,0xB5,0x30,0x52,0xCF,0x49,
	0xB3,0x7B,0x5B,0xCE,0xFF,0xFF,0xBC,0xDE,0x96,0x9C,0xCF,0x49,0x74,0x83,0x7B,0xD6,0x9C,0xDE,0x5B,0xD6,
	0xF6,0x94,0x3A,0xC6,0xFF,0xFF,0x98,0xAD,0x93,0x63,0x55,0x7C,0xF9,0xB5,0xFF,0xFF,0xF9,0xBD,0xF1,0x52,
	0x0E,0x32,0xD0,0x4A,0x57,0xA5,0xDC,0xDE,0x3D,0xE7,0x34,0x7C,0x2F,0x42,0x17,0xA5,0x5D,0xEF,0xFF,0xFF,
	0x57,0xA5,0xAD,0x29,0x0B,0x19,0xB0,0x52,0x1C,0xDF,0xFF,0xFF,0x7B,0xCE,0xD4,0x7B,0x8D,0x31,0xAE,0x39,
	0xCE,0x39,0xAE,0x39,0xAD,0x39,0xAD,0x39,0xAD,0x39,0x8D,0x39,0x4C,0x29,0xF3,0x7B,0xDF,0xFF,0xDF,0xF7,
	0xFA,0xBD,0xF2,0x62,0x4D,0x31,0x8E,0x39,0xF4,0x83,0x9B,0xD6,0xFC,0xE6,0xB9,0xBD,0x91,0x62,0x4E,0x39,
	0xF0,0x49,0xD7,0xA4,0x7D,0xEF,0xDF,0xFF,0x7B,0xCE,0xD3,0x6A,0x15,0x8C,0x7B,0xD6,0x9C,0xDE,0x7C,0xD6,
	0xF6,0x94,0x3A,0xC6,0xFF,0xFF,0xB9,0xB5,0x72,0x63,0x72,0x5B,0x17,0x95,0xFF,0xFF,0xDC,0xD6,0x34,0x7C,
	0xB0,0x4A,0x32,0x5B,0x7B,0xCE,0x3D,0xE7,0x1A,0xBE,0x73,0x6B,0x4F,0x42,0x37,0xA5,0x5D,0xEF,0xFF,0xFF,
	0x58,0xA5,0xCD,0x31,0x2C,0x21,0xB0,0x52,0xBB,0xD6,0xFF,0xFF,0x1D,0xE7,0xF4,0x7B,0x6C,0x29,0x8D,0x31,
	0xAD,0x39,0xAD,0x39,0xAD,0x39,0xCD,0x39,0xAE,0x39,0xAE,0x39,0x8E,0x39,0x15,0x8C,0xDF,0xFF,0xBE,0xF7,
	0xFA,0xBD,0xF2,0x62,0x6E,0x39,0x8F,0x41,0xF5,0x83,0x9C,0xDE,0xFD,0xE6,0xB9,0xBD,0x91,0x62,0x4E,0x39,
	0x8F,0x41,0x34,0x73,0x79,0xB5,0xBF,0xF7,0x9E,0xF7,0x18,0xAD,0x58,0xB5,0x5B,0xD6,0x7B,0xD6,0x7C,0xD6,
	0xF6,0x94,0x3A,0xC6,0xFF,0xFF,0xD9,0xB5,0x72,0x63,0xB0,0x42,0x34,0x7C,0x9E,0xEF,0x7D,0xEF,0x98,0xAD,
	0x92,0x63,0xD3,0x6B,0x7D,0xEF,0x5E,0xE7,0xB7,0x94,0xD1,0x52,0x70,0x42,0x57,0xA5,0x7D,0xEF,0xFF,0xFF,
	0x78,0xAD,0xEF,0x39,0x6D,0x29,0xB1,0x52,0xFA,0xBD,0xBE,0xF7,0xBE,0xFF,0x75,0x8C,0x8D,0x29,0x8D,0x29,
	0xAD,0x31,0xAD,0x39,0xCD,0x39,0xCE,0x39,0xCE,0x39,0xEF,0x49,0x31,0x5A,0xB7,0xA4,0xDF,0xFF,0x7E,0xEF,
	0x99,0xB5,0xF2,0x6A,0x6F,0x39,0x8F,0x41,0xD5,0x8B,0x9C,0xD6,0xFD,0xE6,0xB9,0xBD,0x92,0x62,0x6F,0x41,
	0xD0,0x49,0x11,0x52,0x54,0x73,0xBC,0xDE,0xFF,0xFF,0x3D,0xE7,0xBC,0xDE,0x7B,0xD6,0x7B,0xD6,0x7B,0xD6,
	0xF6,0x94,0x3A,0xC6,0xFF,0xFF,0xD9,0xB5,0x52,0x63,0x6F,0x32,0x92,0x5B,0x7B,0xCE,0x7D,0xEF,0x1C,0xDF,
	0xD6,0x94,0x96,0x84,0xDE,0xF7,0xFC,0xDE,0xB3,0x6B,0x4F,0x3A,0x90,0x42,0x58,0xA5,0x7D,0xEF,0xFF,0xFF,
	0x78,0xAD,0x10,0x3A,0xAE,0x29,0xB1,0x52,0x17,0x9D,0xFC,0xDE,0xFF,0xFF,0x79,0xB5,0xB2,0x5A,0xEF,0x41,
	0xAE,0x39,0xCE,0x41,0xEE,0x41,0xEF,0x41,0x8F,0x39,0x10,0x4A,0x74,0x73,0xBA,0xBD,0xFF,0xFF,0xBC,0xD6,
	0x77,0x94,0x92,0x5A,0x6F,0x41,0x8F,0x41,0xF5,0x8B,0x9C,0xD6,0xFC,0xE6,0xB9,0xBD,0x92,0x62,0x6F,0x41,
	0xD0,0x49,0xB0,0x41,0x52,0x5A,0xF8,0xA4,0xDC,0xDE,0xDE,0xF7,0xBE,0xF7,0x7E,0xEF,0xDC,0xDE,0x5B,0xD6,
	0xF6,0x94,0x3A,0xC6,0xFF,0xFF,0xD9,0xB5,0x52,0x5B,0x4F,0x32,0x11,0x4B,0x58,0xA5,0x1C,0xE7,0xFF,0xFF,
	0x5A,0xBE,0xD9,0xB5,0x9E,0xEF,0x1A,0xBE,0xD1,0x4A,0xEE,0x29,0x90,0x42,0x58,0xA5,0x7D,0xEF,0xFF,0xFF,
	0x78,0xAD,0x10,0x3A,0xCF,0x31,0x71,0x4A,0xD4,0x73,0xFA,0xBD,0xFF,0xFF,0xBC,0xDE,0x97,0x9C,0xD2,0x62,
	0xEF,0x41,0xEF,0x41,0xCF,0x41,0xCF,0x41,0xF0,0x41,0xF3,0x62,0x18,0xA5,0xFD,0xDE,0xDF,0xFF,0xBA,0xBD,
	0x14,0x73,0x11,0x52,0x8F,0x41,0x8F,0x41,0xF5,0x8B,0x9B,0xD6,0xFC,0xE6,0xB9,0xBD,0x92,0x62,0x6F,0x41,
	0xD0,0x49,0x90,0x41,0xF0,0x49,0x34,0x73,0x39,0xAD,0x9E,0xF7,0xFF,0xFF,0xFF,0xFF,0xFC,0xE6,0x5B,0xD6,
	0xF6,0x94,0x3A,0xC6,0xFF,0xFF,0xD9,0xB5,0x52,0x5B,0x6F,0x32,0xB0,0x42,0x55,0x84,0x5A,0xC6,0xFF,0xFF,
	0xBE,0xF7,0x7E,0xEF,0xFC,0xDE,0xF7,0x9C,0x6F,0x42,0xAD,0x29,0x90,0x4A,0x58,0xA5,0x7D,0xEF,0xFF,0xFF,
	0x78,0xAD,0xEF,0x39,0xAE,0x31,0x0F,0x3A,0x70,0x42,0xB7,0x94,0xDF,0xFF,0xFF,0xFF,0xFD,0xDE,0x56,0x8C,
	0xB2,0x5A,0x11,0x42,0xB0,0x39,0xD0,0x41,0xF3,0x6A,0xD7,0xA4,0x3D,0xE7,0xFF,0xFF,0x5D,0xEF,0x56,0x94,
	0xD0,0x49,0xB0,0x49,0xB0,0x49,0x90,0x41,0xF5,0x8B,0x9B,0xD6,0xFC,0xE6,0xB9,0xBD,0x92,0x62,0x6F,0x41,
	0xD0,0x49,0xD0,0x49,0xD0,0x49,0x90,0x49,0x54,0x7B,0xBC,0xDE,0xFF,0xFF,0xFF,0xFF,0xFC,0xE6,0x5B,0xD6,
	0x17,0x95,0x7B,0xC6,0xFF,0xFF,0xF9,0xBD,0x72,0x63,0x6F,0x3A,0x6F,0x32,0x32,0x5B,0xB9,0xB5,0xFF,0xFF,
	0xFF,0xFF,0xFF,0xFF,0x3A,0xBE,0x14,0x7C,0x2F,0x3A,0xAD,0x29,0x90,0x4A,0x78,0xAD,0x9E,0xEF,0xFF,0xFF,
	0x98,0xAD,0xEF,0x39,0xEF,0x31,0x30,0x3A,0x10,0x3A,0x94,0x6B,0xDA,0xBD,0x5E,0xE7,0xFF,0xFF,0x7C,0xD6,
	0x59,0xAD,0xF8,0x9C,0x97,0x94,0xB7,0x9C,0x9A,0xBD,0xDC,0xDE,0xDF,0xFF,0xFD,0xDE,0xF7,0xA4,0xF2,0x6A,
	0x8F,0x39,0xAF,0x41,0xAF,0x41,0x8F,0x41,0xF5,0x8B,0xBC,0xDE,0x3D,0xEF,0xDA,0xC5,0x92,0x62,0x6F,0x41,
	0xD0,0x49,0xD0,0x49,0xD0,0x49,0x4F,0x41,0x51,0x5A,0xB7,0x9C,0xFC,0xDE,0xFF,0xFF,0x3D,0xEF,0x7B,0xD6,
	0xF6,0x94,0x3A,0xBE,0xFF,0xFF,0xD9,0xB5,0x52,0x63,0x90,0x3A,0x2E,0x2A,0x4F,0x3A,0xF7,0x94,0xFF,0xFF,
	0xFF,0xFF,0x5D,0xEF,0x17,0x9D,0x52,0x63,0x4F,0x3A,0xCE,0x29,0x90,0x4A,0x58,0xA5,0x5D,0xE7,0xFF,0xFF,
	0x79,0xAD,0x10,0x42,0x10,0x3A,0x71,0x42,0x72,0x4A,0x92,0x52,0x54,0x63,0x9A,0xB5,0x9F,0xF7,0xFF,0xFF,
	0xFF,0xFF,0xFF,0xFF,0xFF,0xFF,0xFF,0xFF,0xFF,0xFF,0xDF,0xF7,0xFD,0xE6,0xD8,0xA4,0x30,0x52,0xAF,0x41,
	0xCF,0x41,0xCF,0x41,0xAF,0x41,0x8E,0x41,0xD4,0x8B,0x7B,0xD6,0xFC,0xE6,0xB9,0xBD,0x92,0x62,0x6F,0x41,
	0xD0,0x49,0xD0,0x49,0xD0,0x49,0xB0,0x49,0xD0,0x49,0x92,0x62,0x59,0xAD,0xFF,0xFF,0x1D,0xE7,0x5B,0xD6,
	0xB3,0x6B,0x55,0x7C,0x17,0x9D,0x14,0x74,0xD1,0x4A,0x6F,0x3A,0x4F,0x2A,0x2F,0x32,0x72,0x5B,0xF6,0x94,
	0x17,0x9D,0xD6,0x94,0x93,0x63,0xB0,0x4A,0x2F,0x3A,0xEF,0x31,0x70,0x42,0xD4,0x73,0xF7,0x94,0x38,0xA5,
	0xF5,0x7B,0x51,0x42,0x51,0x42,0x72,0x4A,0x71,0x4A,0x51,0x4A,0x72,0x4A,0x33,0x6B,0x36,0x8C,0x38,0xAD,
	0xDA,0xBD,0x5B,0xC6,0x7C,0xCE,0x5C,0xCE,0xBA,0xB5,0xF8,0xA4,0xF6,0x83,0xF4,0x62,0x11,0x4A,0xF0,0x41,
	0xF0,0x49,0xF0,0x49,0xCF,0x49,0xAF,0x49,0xD2,0x62,0x35,0x8C,0x56,0x94,0xB5,0x83,0x31,0x52,0xB0,0x41,
	0xD0,0x49,0xD0,0x49,0xD0,0x49,0xB0,0x49,0xB0,0x49,0xD0,0x49,0x34,0x73,0xB7,0x9C,0x76,0x94,0x16,0x8C,
	0xD1,0x4A,0x11,0x53,0x52,0x63,0xF1,0x52,0x70,0x3A,0x6F,0x32,0x6F,0x32,0x4F,0x32,0x90,0x3A,0xF1,0x4A,
	0x52,0x63,0x32,0x5B,0x90,0x42,0x4F,0x3A,0x2F,0x3A,0x2F,0x3A,0x50,0x3A,0xF2,0x52,0x53,0x63,0x94,0x6B,
	0x13,0x5B,0x72,0x42,0x72,0x4A,0x72,0x4A,0x51,0x4A,0x51,0x4A,0x31,0x4A,0xF0,0x39,0x10,0x42,0x34,0x73,
	0x36,0x8C,0xF8,0x9C,0x39,0xA5,0xF8,0x9C,0x16,0x84,0xF3,0x62,0x12,0x4A,0xF1,0x41,0x32,0x4A,0x32,0x4A,
	0x11,0x4A,0xF0,0x49,0xF0,0x49,0xCF,0x49,0x30,0x52,0xB1,0x5A,0xB2,0x62,0x92,0x62,0xF0,0x49,0xD0,0x49,
	0xD0,0x49,0xD0,0x49,0xD0,0x49,0xB0,0x49,0xB0,0x49,0x90,0x49,0x11,0x52,0x92,0x62,0xB2,0x62,0xB2,0x62,
	0xFF,0xFF,0xFF,0xFF,0xFF,0xFF,0xFF,0xFF,0xFF,0xFF,0xFF,0xFF,0xFF,0xFF,0xFF,0xFF,0xFF,0xFF,0xFF,0xFF,
	0xFF,0xFF,0xFF,0xFF,0xFF,0xFF,0xFF,0xFF,0xFF,0xFF,0xFF,0xFF,0xFF,0xFF,0xFF,0xFF,0xFF,0xFF,0xFF,0xFF,
	0xFF,0xFF,0xFF,0xFF,0xFF,0xFF,0xFF,0xFF,0xFF,0xFF,0xFF,0xFF,0xFF,0xFF,0xFF,0xFF,0xFF,0xFF,0xFF,0xFF,
	0xFF,0xFF,0xFF,0xFF,0xFF,0xFF,0xFF,0xFF,0xFF,0xFF,0xFF,0xFF,0xFF,0xFF,0xFF,0xFF,0xFF,0xFF,0xFF,0xFF,
	0xFF,0xFF,0xFF,0xFF,0xFF,0xFF,0xFF,0xFF,0xFF,0xFF,0xFF,0xFF,0xFF,0xFF,0xFF,0xFF,0xFF,0xFF,0xFF,0xFF,
	0xFF,0xFF,0xFF,0xFF,0xFF,0xFF,0xFF,0xFF,0xFF,0xFF,0xFF,0xFF,0xFF,0xFF,0xFF,0xFF,0xFF,0xFF,0xFF,0xFF,
	0xFF,0xFF,0xFF,0xFF,0xFF,0xFF,0xFF,0xFF,0xFF,0xFF,0xFF,0xFF,0xFF,0xFF,0xFF,0xFF,0xFF,0xFF,0xFF,0xFF,
	0xFF,0xFF,0xFF,0xFF,0xFF,0xFF,0xFF,0xFF,0xFF,0xFF,0xFF,0xFF,0xFF,0xFF,0xFF,0xFF,0xFF,0xFF,0xFF,0xFF,
	0xFF,0xFF,0xFF,0xFF,0xFF,0xFF,0xFF,0xFF,0xFF,0xFF,0xFF,0xFF,0xFF,0xFF,0xFF,0xFF,0xFF,0xFF,0xFF,0xFF,
	0xFF,0xFF,0xFF,0xFF,0xFF,0xFF,0xFF,0xFF,0xFF,0xFF,0xFF,0xFF,0xFF,0xFF,0xFF,0xFF,0xFF,0xFF,0xFF,0xFF,
	0xFF,0xFF,0xFF,0xFF,0xFF,0xFF,0xFF,0xFF,0xFF,0xFF,0xFF,0xFF,0xFF,0xFF,0xFF,0xFF,0xFF,0xFF,0xFF,0xFF,
	0xFF,0xFF,0xFF,0xFF,0xFF,0xFF,0xFF,0xFF,0xFF,0xFF,0xFF,0xFF,0xFF,0xFF,0xFF,0xFF,0xFF,0xFF,0xFF,0xFF,
	0xFF,0xFF,0xFF,0xFF,0xFF,0xFF,0xFF,0xFF,0xFF,0xFF,0xFF,0xFF,0xFF,0xFF,0xFF,0xFF,0xFF,0xFF,0xFF,0xFF,
	0xFF,0xFF,0xFF,0xFF,0xFF,0xFF,0xFF,0xFF,0xFF,0xFF,0xFF,0xFF,0xFF,0xFF,0xFF,0xFF,0xFF,0xFF,0xFF,0xFF,
	0xFF,0xFF,0xFF,0xFF,0xFF,0xFF,0xFF,0xFF,0xFF,0xFF,0xFF,0xFF,0xFF,0xFF,0xFF,0xFF,0xFF,0xFF,0xFF,0xFF,
	0xFF,0xFF,0xFF,0xFF,0xFF,0xFF,0xFF,0xFF,0xFF,0xFF,0xFF,0xFF,0xFF,0xFF,0xFF,0xFF,0xFF,0xFF,0xFF,0xFF,
	0xFF,0xFF,0xFF,0xFF,0xFF,0xFF,0xFF,0xFF,0xFF,0xFF,0xFF,0xFF,0xFF,0xFF,0xFF,0xFF,0xFF,0xFF,0xFF,0xFF,
	0xFF,0xFF,0xFF,0xFF,0xFF,0xFF,0xFF,0xFF,0xFF,0xFF,0xFF,0xFF,0xFF,0xFF,0xFF,0xFF,0xFF,0xFF,0xFF,0xFF,
	0xFF,0xFF,0xFF,0xFF,0xFF,0xFF,0xFF,0xFF,0xFF,0xFF,0xFF,0xFF,0xFF,0xFF,0xFF,0xFF,0xFF,0xFF,0xFF,0xFF,
	0xFF,0xFF,0xFF,0xFF,0xFF,0xFF,0xFF,0xFF,0xFF,0xFF,0xFF,0xFF,0xFF,0xFF,0xFF,0xFF,0xFF,0xFF,0xFF,0xFF,
	0xFF,0xFF,0xFF,0xFF,0xFF,0xFF,0xFF,0xFF,0xFF,0xFF,0xFF,0xFF,0xFF,0xFF,0xFF,0xFF,0xFF,0xFF,0xFF,0xFF,
	0xFF,0xFF,0xFF,0xFF,0xFF,0xFF,0xFF,0xFF,0xFF,0xFF,0xFF,0xFF,0xFF,0xFF,0xFF,0xFF,0xFF,0xFF,0xFF,0xFF,
	0xFF,0xFF,0xFF,0xFF,0xFF,0xFF,0xFF,0xFF,0xFF,0xFF,0xFF,0xFF,0xFF,0xFF,0xFF,0xFF,0xFF,0xFF,0xFF,0xFF,
	0xFF,0xFF,0xFF,0xFF,0xFF,0xFF,0xFF,0xFF,0xFF,0xFF,0xFF,0xFF,0xFF,0xFF,0xFF,0xFF,0xFF,0xFF,0xFF,0xFF,
	0xFF,0xFF,0xFF,0xFF,0xFF,0xFF,0xFF,0xFF,0xFF,0xFF,0xFF,0xFF,0xFF,0xFF,0xFF,0xFF,0xFF,0xFF,0xFF,0xFF,
	0xFF,0xFF,0xFF,0xFF,0xFF,0xFF,0xFF,0xFF,0xFF,0xFF,0xFF,0xFF,0xFF,0xFF,0xFF,0xFF,0xFF,0xFF,0xFF,0xFF,
	0xFF,0xFF,0xFF,0xFF,0xFF,0xFF,0xFF,0xFF,0xFF,0xFF,0xFF,0xFF,0xFF,0xFF,0xFF,0xFF,0xFF,0xFF,0xFF,0xFF,
	0xFF,0xFF,0xFF,0xFF,0xFF,0xFF,0xFF,0xFF,0xFF,0xFF,0xFF,0xFF,0xFF,0xFF,0xFF,0xFF,0xFF,0xFF,0xFF,0xFF,
	0xFF,0xFF,0xFF,0xFF,0xFF,0xFF,0xFF,0xFF,0xFF,0xFF,0xFF,0xFF,0xFF,0xFF,0xFF,0xFF,0xFF,0xFF,0xFF,0xFF,
	0xFF,0xFF,0xFF,0xFF,0xFF,0xFF,0xFF,0xFF,0xFF,0xFF,0xFF,0xFF,0xFF,0xFF,0xFF,0xFF,0xFF,0xFF,0xFF,0xFF,
	0xFF,0xFF,0xFF,0xFF,0xFF,0xFF,0xFF,0xFF,0xFF,0xFF,0xFF,0xFF,0xFF,0xFF,0xFF,0xFF,0xFF,0xFF,0xFF,0xFF,
	0xFF,0xFF,0xFF,0xFF,0xFF,0xFF,0xFF,0xFF,0xFF,0xFF,0xFF,0xFF,0xFF,0xFF,0xFF,0xFF,0xFF,0xFF,0xFF,0xFF,
	0xFF,0xFF,0xFF,0xFF,0xFF,0xFF,0xFF,0xFF,0xFF,0xFF,0xFF,0xFF,0xFF,0xFF,0xFF,0xFF,0xFF,0xFF,0xFF,0xFF,
	0xFF,0xFF,0xFF,0xFF,0xFF,0xFF,0xFF,0xFF,0xFF,0xFF,0xFF,0xFF,0xFF,0xFF,0xFF,0xFF,0xFF,0xFF,0xFF,0xFF,
	0xFF,0xFF,0xFF,0xFF,0xFF,0xFF,0xFF,0xFF,0xFF,0xFF,0xFF,0xFF,0xFF,0xFF,0xFF,0xFF,0xFF,0xFF,0xFF,0xFF,
	0xFF,0xFF,0xFF,0xFF,0xFF,0xFF,0xFF,0xFF,0xFF,0xFF,0xFF,0xFF,0xFF,0xFF,0xFF,0xFF,0xFF,0xFF,0xFF,0xFF,
	0xFF,0xFF,0xFF,0xFF,0xFF,0xFF,0xFF,0xFF,0xFF,0xFF,0xFF,0xFF,0xFF,0xFF,0xFF,0xFF,0xFF,0xFF,0xFF,0xFF,
	0xFF,0xFF,0xFF,0xFF,0xFF,0xFF,0xFF,0xFF,0xFF,0xFF,0xFF,0xFF,0xFF,0xFF,0xFF,0xFF,0xFF,0xFF,0xFF,0xFF,
	0xFF,0xFF,0xFF,0xFF,0xFF,0xFF,0xFF,0xFF,0xFF,0xFF,0xFF,0xFF,0xFF,0xFF,0xFF,0xFF,0xFF,0xFF,0xFF,0xFF,
	0xFF,0xFF,0xFF,0xFF,0xFF,0xFF,0xFF,0xFF,0xFF,0xFF,0xFF,0xFF,0xFF,0xFF,0xFF,0xFF,0xFF,0xFF,0xFF,0xFF,
	0xFF,0xFF,0xFF,0xFF,0xFF,0xFF,0xFF,0xFF,0xFF,0xFF,0xFF,0xFF,0xFF,0xFF,0xFF,0xFF,0xFF,0xFF,0xFF,0xFF,
	0xFF,0xFF,0xFF,0xFF,0xFF,0xFF,0xFF,0xFF,0xFF,0xFF,0xFF,0xFF,0xFF,0xFF,0xFF,0xFF,0xFF,0xFF,0xFF,0xFF,
	0xFF,0xFF,0xFF,0xFF,0xFF,0xFF,0xFF,0xFF,0xFF,0xFF,0xFF,0xFF,0xFF,0xFF,0xFF,0xFF,0xFF,0xFF,0xFF,0xFF,
	0xFF,0xFF,0xFF,0xFF,0xFF,0xFF,0xFF,0xFF,0xFF,0xFF,0xFF,0xFF,0xFF,0xFF,0xFF,0xFF,0xFF,0xFF,0xFF,0xFF,
	0xFF,0xFF,0xFF,0xFF,0xFF,0xFF,0xFF,0xFF,0xFF,0xFF,0xFF,0xFF,0xFF,0xFF,0xFF,0xFF,0xFF,0xFF,0xFF,0xFF,
	0xFF,0xFF,0xFF,0xFF,0xFF,0xFF,0xFF,0xFF,0xFF,0xFF,0xFF,0xFF,0xFF,0xFF,0xFF,0xFF,0xFF,0xFF,0xFF,0xFF,
	0xFF,0xFF,0xFF,0xFF,0xFF,0xFF,0xFF,0xFF,0xFF,0xFF,0xFF,0xFF,0xFF,0xFF,0xFF,0xFF,0xFF,0xFF,0xFF,0xFF,
	0xFF,0xFF,0xFF,0xFF,0xFF,0xFF,0xFF,0xFF,0xFF,0xFF,0xFF,0xFF,0xFF,0xFF,0xFF,0xFF,0xFF,0xFF,0xFF,0xFF,
	0xFF,0xFF,0xFF,0xFF,0xFF,0xFF,0xFF,0xFF,0xFF,0xFF,0xFF,0xFF,0xFF,0xFF,0xFF,0xFF,0xFF,0xFF,0xFF,0xFF,
	0xFF,0xFF,0xFF,0xFF,0xFF,0xFF,0xFF,0xFF,0xFF,0xFF,0xFF,0xFF,0xFF,0xFF,0xFF,0xFF,0xFF,0xFF,0xFF,0xFF,
	0xFF,0xFF,0xFF,0xFF,0xFF,0xFF,0xFF,0xFF,0xFF,0xFF,0xFF,0xFF,0xFF,0xFF,0xFF,0xFF,0xFF,0xFF,0xFF,0xFF,
	0xFF,0xFF,0xFF,0xFF,0xFF,0xFF,0xFF,0xFF,0xFF,0xFF,0xFF,0xFF,0xFF,0xFF,0xFF,0xFF,0xFF,0xFF,0xFF,0xFF,
	0xFF,0xFF,0xFF,0xFF,0xFF,0xFF,0xFF,0xFF,0xFF,0xFF,0xFF,0xFF,0xFF,0xFF,0xFF,0xFF,0xFF,0xFF,0xFF,0xFF,
	0xFF,0xFF,0xFF,0xFF,0xFF,0xFF,0xFF,0xFF,0xFF,0xFF,0xFF,0xFF,0xFF,0xFF,0xFF,0xFF,0xFF,0xFF,0xFF,0xFF,
	0xFF,0xFF,0xFF,0xFF,0xFF,0xFF,0xFF,0xFF,0xFF,0xFF,0xFF,0xFF,0xFF,0xFF,0xFF,0xFF,0xFF,0xFF,0xFF,0xFF,
	0xFF,0xFF,0xFF,0xFF,0xFF,0xFF,0xFF,0xFF,0xFF,0xFF,0xFF,0xFF,0xFF,0xFF,0xFF,0xFF,0xFF,0xFF,0xFF,0xFF,
	0xFF,0xFF,0xFF,0xFF,0xFF,0xFF,0xFF,0xFF,0xFF,0xFF,0xFF,0xFF,0xFF,0xFF,0xFF,0xFF,0xFF,0xFF,0xFF,0xFF,
	0xFF,0xFF,0xFF,0xFF,0xFF,0xFF,0xFF,0xFF,0xFF,0xFF,0xFF,0xFF,0xFF,0xFF,0xFF,0xFF,0xFF,0xFF,0xFF,0xFF,
	0xFF,0xFF,0xFF,0xFF,0xFF,0xFF,0xFF,0xFF,0xFF,0xFF,0xFF,0xFF,0xFF,0xFF,0xFF,0xFF,0xFF,0xFF,0xFF,0xFF,
	0xFF,0xFF,0xFF,0xFF,0xFF,0xFF,0xFF,0xFF,0xFF,0xFF,0xFF,0xFF,0xFF,0xFF,0xFF,0xFF,0xFF,0xFF,0xFF,0xFF,
	0xFF,0xFF,0xFF,0xFF,0xFF,0xFF,0xFF,0xFF,0xFF,0xFF,0xFF,0xFF,0xFF,0xFF,0xFF,0xFF,0xFF,0xFF,0xFF,0xFF,
	0xFF,0xFF,0xFF,0xFF,0xFF,0xFF,0xFF,0xFF,0xFF,0xFF,0xFF,0xFF,0xFF,0xFF,0xFF,0xFF,0xFF,0xFF,0xFF,0xFF,
	0xFF,0xFF,0xFF,0xFF,0xFF,0xFF,0xFF,0xFF,0xFF,0xFF,0xFF,0xFF,0xFF,0xFF,0xFF,0xFF,0xFF,0xFF,0xFF,0xFF,
	0xFF,0xFF,0xFF,0xFF,0xFF,0xFF,0xFF,0xFF,0xFF,0xFF,0xFF,0xFF,0xFF,0xFF,0xFF,0xFF,0xFF,0xFF,0xFF,0xFF,
	0xFF,0xFF,0xFF,0xFF,0xFF,0xFF,0xFF,0xFF,0xFF,0xFF,0xFF,0xFF,0xFF,0xFF,0xFF,0xFF,0xFF,0xFF,0xFF,0xFF,
	0xFF,0xFF,0xFF,0xFF,0xFF,0xFF,0xFF,0xFF,0xFF,0xFF,0xFF,0xFF,0xFF,0xFF,0xFF,0xFF,0xFF,0xFF,0xFF,0xFF,
};

const lv_img_dsc_t face_75_2_410_dial_img_2_216824_0 = {
    .header.magic = LV_IMAGE_HEADER_MAGIC,
    .header.w = 60,
    .header.h = 22,
    .data_size = sizeof(face_75_2_410_dial_img_2_216824_data_0),
    .header.cf = LV_COLOR_FORMAT_NATIVE_WITH_ALPHA,
    .data = face_75_2_410_dial_img_2_216824_data_0};

const LV_ATTRIBUTE_MEM_ALIGN uint8_t face_75_2_410_dial_img_2_216824_data_1[] = {
	//RGB565 data with alpha
	0xCB,0x21,0xCB,0x21,0xCB,0x21,0xCB,0x21,0xAB,0x21,0xAB,0x29,0x8B,0x29,0x4A,0x21,0x4A,0x19,0x4A,0x19,
	0x2A,0x19,0x2A,0x19,0x2A,0x19,0x2A,0x19,0x2A,0x19,0x4A,0x19,0x4A,0x19,0x4A,0x19,0x4B,0x21,0x6C,0x29,
	0x8D,0x31,0xCD,0x31,0xAD,0x29,0x8D,0x29,0x6D,0x31,0x8D,0x31,0xAE,0x39,0xCE,0x39,0xCE,0x39,0xCE,0x39,
	0xCE,0x39,0xCE,0x39,0xCE,0x39,0xCE,0x39,0x8E,0x39,0x6D,0x31,0x4C,0x31,0x6C,0x31,0x6D,0x39,0x8D,0x39,
	0x8D,0x39,0x6C,0x31,0x4B,0x29,0xEA,0x28,0xE9,0x20,0xEA,0x20,0xEA,0x20,0xEA,0x20,0xEA,0x20,0xEA,0x28,
	0xEA,0x30,0xEA,0x30,0xEA,0x30,0xEA,0x30,0x0B,0x39,0x2B,0x39,0x2B,0x39,0x2B,0x39,0x2B,0x39,0x2B,0x39,
	0xCB,0x21,0xCB,0x21,0xCB,0x21,0xCB,0x21,0xAB,0x21,0x8B,0x21,0x0C,0x3A,0x30,0x5B,0x71,0x6B,0x50,0x63,
	0x50,0x63,0x30,0x63,0x30,0x63,0x30,0x5B,0x30,0x63,0x50,0x63,0x51,0x63,0x51,0x63,0x51,0x63,0x11,0x5B,
	0x6F,0x4A,0xCD,0x31,0x2E,0x42,0xD0,0x52,0x52,0x6B,0xF1,0x62,0x2F,0x42,0xEE,0x39,0xCE,0x39,0xCE,0x39,
	0xCE,0x39,0xCE,0x39,0xCE,0x39,0xCE,0x39,0x2F,0x4A,0xB0,0x5A,0x32,0x6B,0xD1,0x62,0x0E,0x4A,0xAE,0x41,
	0x8D,0x39,0x6D,0x31,0xED,0x41,0xD0,0x62,0x10,0x6B,0xF0,0x62,0xF0,0x62,0x10,0x6B,0x10,0x6B,0x10,0x6B,
	0x10,0x6B,0x10,0x73,0xF0,0x6A,0x6E,0x5A,0xCD,0x49,0x2B,0x39,0x0B,0x39,0x2B,0x39,0x2B,0x39,0x2B,0x39,
	0xCB,0x21,0xCB,0x21,0xCB,0x21,0xCB,0x21,0xAB,0x21,0x4A,0x19,0xCF,0x52,0xF9,0xBD,0xBB,0xD6,0x7A,0xCE,
	0x7A,0xCE,0x5A,0xCE,0x5B,0xCE,0x5B,0xCE,0x5B,0xCE,0x5B,0xCE,0x7B,0xCE,0x7B,0xCE,0x3A,0xC6,0x99,0xAD,
	0x93,0x6B,0xEE,0x31,0x11,0x5B,0xB6,0x94,0x5A,0xC6,0x58,0xAD,0xF1,0x5A,0x2F,0x42,0xCE,0x39,0xCE,0x39,
	0xCE,0x39,0xCE,0x39,0xAE,0x39,0xCE,0x39,0x31,0x63,0xB6,0x94,0x5A,0xC6,0x58,0xAD,0xD1,0x62,0xEF,0x49,
	0x8E,0x39,0x4D,0x31,0xD1,0x5A,0xFA,0xBD,0x9C,0xD6,0x3B,0xCE,0x3A,0xCE,0x5A,0xCE,0x5A,0xCE,0x5A,0xCE,
	0x5A,0xCE,0x7A,0xD6,0x19,0xC6,0x95,0x9C,0xF0,0x6A,0x6C,0x41,0xEA,0x30,0x2B,0x39,0x2B,0x39,0x2B,0x39,
	0xCB,0x21,0xCB,0x21,0xCB,0x21,0xCB,0x21,0xAB,0x21,0x4A,0x19,0xAE,0x4A,0x97,0xAD,0x3A,0xC6,0x19,0xBE,
	0xF9,0xBD,0x5A,0xCE,0x5D,0xEF,0x9E,0xF7,0x3D,0xE7,0x9B,0xCE,0xF9,0xBD,0x1A,0xC6,0xD9,0xBD,0x57,0xA5,
	0x72,0x63,0xED,0x31,0x72,0x6B,0x78,0xAD,0x7E,0xEF,0x5B,0xCE,0x52,0x6B,0x2F,0x4A,0xCE,0x39,0xCE,0x39,
	0xCE,0x39,0xCE,0x39,0x8D,0x31,0xCE,0x39,0x73,0x6B,0x78,0xAD,0x7E,0xEF,0x5B,0xCE,0x32,0x6B,0x0F,0x4A,
	0x8E,0x39,0x2D,0x29,0x32,0x6B,0x1D,0xE7,0xBF,0xF7,0x1D,0xE7,0x5B,0xCE,0xD9,0xC5,0xF9,0xBD,0xF9,0xBD,
	0xD9,0xBD,0xFA,0xC5,0xB9,0xB5,0x35,0x8C,0xB0,0x62,0x4C,0x41,0x0A,0x39,0x2B,0x39,0x2B,0x39,0x2B,0x39,
	0xCB,0x21,0xCB,0x21,0xCB,0x21,0xCB,0x21,0xAB,0x21,0x6A,0x19,0x6D,0x3A,0x33,0x7C,0xB5,0x8C,0x95,0x84,
	0x54,0x84,0x16,0xA5,0x9E,0xEF,0xFF,0xFF,0x3D,0xE7,0xB8,0xB5,0x74,0x8C,0x95,0x8C,0x75,0x8C,0x13,0x7C,
	0xB0,0x52,0xCD,0x31,0x92,0x6B,0xD8,0xB5,0xFF,0xFF,0xBB,0xD6,0x72,0x73,0x2F,0x4A,0xCE,0x39,0xCE,0x39,
	0xCE,0x39,0xCE,0x39,0x8D,0x31,0xCE,0x39,0x93,0x73,0x99,0xB5,0xFF,0xFF,0xBB,0xD6,0x52,0x73,0x0F,0x4A,
	0x8E,0x39,0x2D,0x29,0x52,0x6B,0x9E,0xF7,0xFF,0xFF,0x1D,0xDF,0x58,0xB5,0x35,0x94,0x55,0x8C,0x55,0x8C,
	0x55,0x8C,0x55,0x94,0x14,0x8C,0x12,0x6B,0x0F,0x52,0x4B,0x39,0x0B,0x39,0x2B,0x39,0x2B,0x39,0x2B,0x39,
	0xCB,0x21,0xCB,0x21,0xAB,0x21,0xAB,0x21,0xAB,0x21,0xAC,0x21,0xED,0x31,0x8F,0x42,0xB0,0x4A,0xB0,0x42,
	0x2E,0x3A,0x71,0x63,0x3D,0xE7,0xFF,0xFF,0xBC,0xD6,0x54,0x84,0x4E,0x42,0x6E,0x42,0x6F,0x42,0x4E,0x42,
	0xED,0x31,0xED,0x31,0xB2,0x73,0xB8,0xB5,0xDF,0xFF,0xBB,0xD6,0x72,0x6B,0x2F,0x4A,0xCE,0x39,0xCE,0x39,
	0xCE,0x39,0xCE,0x39,0x8D,0x31,0xCE,0x39,0x93,0x73,0x99,0xB5,0xDF,0xFF,0x9B,0xD6,0x52,0x6B,0x0F,0x4A,
	0x8E,0x39,0x2D,0x29,0x52,0x6B,0x9E,0xEF,0xFF,0xFF,0x7B,0xCE,0xB4,0x7B,0xEF,0x49,0x2F,0x52,0x2F,0x52,
	0x30,0x52,0x2F,0x52,0x0E,0x52,0xAD,0x49,0x4C,0x41,0x2B,0x39,0x2B,0x39,0x2B,0x39,0x2B,0x39,0x2B,0x39,
	0xCB,0x21,0xCB,0x21,0xAB,0x21,0xAB,0x21,0xCC,0x21,0xED,0x29,0xEE,0x29,0xCD,0x29,0xCD,0x29,0xCD,0x29,
	0x4B,0x19,0xAF,0x4A,0x1C,0xDF,0xFF,0xFF,0x7B,0xCE,0xB3,0x73,0x8C,0x21,0x8C,0x21,0xAC,0x29,0xAC,0x29,
	0x8C,0x29,0xED,0x31,0xB2,0x73,0xB8,0xB5,0xDF,0xFF,0x9B,0xD6,0x72,0x6B,0x2F,0x4A,0xCE,0x39,0xCE,0x39,
	0xCE,0x39,0xCE,0x39,0x8D,0x31,0xCE,0x39,0x93,0x73,0x99,0xB5,0xDF,0xF7,0x9B,0xD6,0x52,0x6B,0x0F,0x4A,
	0x8E,0x39,0x2D,0x29,0x52,0x6B,0x7E,0xEF,0xFF,0xFF,0x3A,0xC6,0xF2,0x6A,0xEC,0x30,0x2D,0x39,0x4D,0x39,
	0x4D,0x39,0x2D,0x39,0x2C,0x39,0x0C,0x39,0x2B,0x39,0x2B,0x39,0x2B,0x39,0x2B,0x39,0x2B,0x39,0x2B,0x39,
	0xAB,0x21,0xAB,0x21,0xCB,0x21,0xEC,0x21,0xED,0x29,0x0E,0x2A,0x0E,0x2A,0x0E,0x32,0x0D,0x32,0xED,0x31,
	0x8C,0x21,0xF0,0x52,0x1C,0xDF,0xFF,0xFF,0x9B,0xD6,0xD3,0x73,0xAC,0x29,0xCD,0x29,0xED,0x31,0xCD,0x31,
	0xAD,0x29,0xED,0x31,0xB2,0x73,0xB8,0xB5,0xDF,0xFF,0x9B,0xD6,0x72,0x6B,0x2F,0x4A,0xCE,0x39,0xCE,0x39,
	0xCE,0x39,0xCE,0x39,0x8D,0x31,0xCE,0x39,0x93,0x73,0x99,0xB5,0xDF,0xF7,0x9B,0xD6,0x52,0x6B,0x0F,0x4A,
	0x8E,0x39,0x2D,0x29,0x52,0x6B,0x7E,0xEF,0xFF,0xFF,0x3B,0xC6,0x32,0x6B,0x2D,0x39,0x6E,0x41,0x8E,0x41,
	0x8E,0x41,0x8E,0x41,0x8E,0x41,0x6E,0x41,0x6D,0x41,0x4C,0x39,0x2B,0x39,0x2B,0x39,0x2B,0x39,0x2B,0x39,
	0xAB,0x21,0xCC,0x21,0xEC,0x21,0x0D,0x2A,0x0D,0x2A,0x0D,0x2A,0x0D,0x2A,0x0D,0x2A,0xED,0x29,0xED,0x29,
	0x8C,0x21,0xF0,0x52,0x1C,0xDF,0xFF,0xFF,0x9B,0xD6,0xD3,0x73,0xAC,0x29,0xCD,0x29,0xED,0x31,0xCD,0x31,
	0xAD,0x29,0xED,0x31,0xB2,0x73,0xB8,0xB5,0xDF,0xFF,0x9B,0xD6,0x72,0x6B,0x2F,0x4A,0xCE,0x39,0xCE,0x39,
	0xCE,0x39,0xCE,0x39,0x8D,0x31,0xCE,0x39,0x93,0x73,0x99,0xB5,0xDF,0xF7,0x9B,0xD6,0x52,0x6B,0x0F,0x4A,
	0x8E,0x39,0x2D,0x29,0x52,0x6B,0x7E,0xEF,0xFF,0xFF,0x7B,0xCE,0x93,0x7B,0xCE,0x49,0x0F,0x52,0x0F,0x52,
	0x0F,0x52,0x2F,0x52,0x0F,0x52,0xCF,0x49,0x8E,0x49,0x6D,0x41,0x4D,0x39,0x2C,0x39,0x2B,0x39,0x2B,0x39,
	0xCC,0x21,0xED,0x21,0x0D,0x2A,0x0D,0x2A,0x0D,0x2A,0xED,0x29,0xED,0x29,0xED,0x29,0xED,0x29,0xED,0x29,
	0x8C,0x19,0xF0,0x4A,0x1C,0xDF,0xFF,0xFF,0x9B,0xD6,0xD3,0x73,0xAC,0x29,0xCD,0x29,0xED,0x31,0xCD,0x31,
	0xAD,0x29,0xED,0x31,0xB2,0x73,0xB8,0xB5,0xDF,0xFF,0x9B,0xD6,0x72,0x6B,0x2F,0x4A,0xCE,0x39,0xCE,0x39,
	0xCE,0x39,0xCE,0x39,0x8D,0x31,0xCE,0x39,0x93,0x73,0x99,0xB5,0xDF,0xF7,0x9B,0xD6,0x52,0x6B,0x0F,0x4A,
	0x8D,0x39,0x2D,0x29,0x52,0x6B,0x7E,0xEF,0xFF,0xFF,0xDC,0xDE,0xB6,0x9C,0x73,0x73,0x93,0x7B,0xB3,0x83,
	0xB3,0x83,0xB3,0x83,0x93,0x7B,0x90,0x62,0xCF,0x49,0x6E,0x41,0x4E,0x41,0x4D,0x39,0x2C,0x39,0x2B,0x39,
	0x0D,0x2A,0x0E,0x2A,0x2E,0x2A,0x0E,0x2A,0x0E,0x2A,0x0E,0x2A,0x0E,0x2A,0x0E,0x32,0xED,0x31,0xED,0x31,
	0x6C,0x21,0xF0,0x52,0x1C,0xDF,0xFF,0xFF,0x9B,0xD6,0xD3,0x73,0x8C,0x29,0xAD,0x29,0xCD,0x31,0xCD,0x31,
	0xAD,0x29,0xED,0x31,0xB2,0x73,0xB8,0xB5,0xDF,0xFF,0x9B,0xD6,0x72,0x6B,0x2F,0x4A,0xCE,0x39,0xCE,0x39,
	0xCE,0x39,0xCE,0x39,0x8D,0x31,0xCE,0x39,0x93,0x73,0x99,0xB5,0xDF,0xF7,0x9B,0xD6,0x52,0x6B,0x0F,0x4A,
	0x6D,0x31,0x0C,0x29,0x32,0x6B,0x7E,0xEF,0xFF,0xFF,0xBE,0xF7,0x5D,0xEF,0x1D,0xE7,0x1D,0xE7,0x3D,0xE7,
	0x3D,0xE7,0x3D,0xE7,0xDC,0xDE,0x14,0x8C,0x50,0x5A,0x8E,0x41,0x4E,0x41,0x8E,0x49,0x6D,0x41,0x4D,0x41,
	0x4E,0x2A,0x4E,0x2A,0x4E,0x2A,0x2E,0x2A,0x2E,0x2A,0x2E,0x2A,0x2E,0x2A,0x2E,0x32,0x0E,0x32,0x0D,0x32,
	0x8C,0x21,0x10,0x53,0x1C,0xDF,0xFF,0xFF,0x9B,0xD6,0xD3,0x73,0xAD,0x29,0xCD,0x31,0xCD,0x31,0xCD,0x31,
	0xAD,0x29,0xED,0x31,0xB2,0x73,0xB8,0xB5,0xDF,0xFF,0x9B,0xD6,0x72,0x6B,0x2F,0x4A,0xCE,0x39,0xCE,0x39,
	0xCE,0x39,0xCE,0x39,0x8D,0x31,0xCE,0x39,0x93,0x73,0x99,0xB5,0xDF,0xF7,0x9B,0xD6,0x52,0x6B,0x0E,0x4A,
	0x6D,0x39,0x0C,0x29,0x32,0x6B,0x7E,0xEF,0xFF,0xFF,0xBE,0xF7,0x5E,0xEF,0x3D,0xE7,0x3D,0xE7,0x3D,0xE7,
	0x3D,0xE7,0x3D,0xE7,0xDC,0xDE,0x35,0x8C,0x50,0x5A,0x8F,0x49,0x6F,0x41,0xAF,0x49,0x8F,0x49,0x8F,0x49,
	0x6F,0x32,0x6F,0x32,0x6F,0x32,0x6F,0x32,0x6F,0x32,0x4F,0x32,0x4F,0x32,0x4F,0x32,0x4F,0x32,0x4F,0x3A,
	0xEE,0x29,0x32,0x5B,0x3D,0xE7,0xFF,0xFF,0xBB,0xD6,0xF4,0x7B,0xCE,0x31,0xEE,0x31,0x0E,0x3A,0xEE,0x31,
	0xAD,0x29,0xED,0x31,0xB2,0x73,0xB8,0xB5,0xDF,0xFF,0x9B,0xD6,0x72,0x6B,0x2F,0x4A,0xCE,0x39,0xCE,0x39,
	0xCE,0x39,0xAE,0x39,0x8D,0x31,0xCD,0x39,0x92,0x73,0x98,0xB5,0xDF,0xF7,0x9B,0xD6,0x52,0x6B,0x0F,0x4A,
	0x8E,0x41,0x4D,0x31,0x53,0x73,0x7E,0xEF,0xFF,0xFF,0xDC,0xDE,0xD7,0xA4,0x95,0x7B,0xB5,0x7B,0xB5,0x83,
	0xB5,0x8B,0xD5,0x8B,0x95,0x83,0xB1,0x62,0x10,0x4A,0xB0,0x49,0xB0,0x49,0xB0,0x49,0xB0,0x49,0xB0,0x51,
	0x6F,0x32,0x6F,0x32,0x6F,0x32,0x6F,0x32,0x6F,0x32,0x6F,0x32,0x6F,0x32,0x4F,0x32,0x4F,0x3A,0x4F,0x3A,
	0xEE,0x29,0x52,0x5B,0x3D,0xE7,0xFF,0xFF,0xBB,0xD6,0x14,0x7C,0xEF,0x31,0x0F,0x3A,0x2F,0x3A,0x0F,0x3A,
	0xCE,0x31,0x0E,0x3A,0xB3,0x73,0xB9,0xB5,0xDF,0xFF,0x9B,0xD6,0x72,0x6B,0x2F,0x42,0xAD,0x31,0xAD,0x31,
	0xAD,0x39,0xAD,0x39,0x8D,0x31,0xCE,0x39,0x72,0x73,0x98,0xB5,0xDF,0xFF,0xBB,0xD6,0x73,0x73,0x30,0x52,
	0xAF,0x41,0x6E,0x39,0x74,0x73,0x9E,0xEF,0xFF,0xFF,0x7B,0xD6,0xB5,0x83,0x11,0x4A,0x31,0x52,0x52,0x5A,
	0x52,0x5A,0x52,0x5A,0x51,0x5A,0x10,0x52,0xD0,0x49,0xB0,0x49,0xB0,0x49,0xB0,0x49,0xB0,0x51,0xB0,0x51,
	0x6F,0x32,0x6F,0x32,0x6F,0x32,0x6F,0x32,0x6F,0x32,0x6F,0x32,0x6F,0x32,0x4F,0x3A,0x4F,0x3A,0x4F,0x3A,
	0xEE,0x29,0x32,0x5B,0x3D,0xE7,0xFF,0xFF,0xBB,0xD6,0x14,0x7C,0xEE,0x31,0x0F,0x3A,0x30,0x3A,0x30,0x3A,
	0xEF,0x31,0x2F,0x3A,0xB4,0x73,0xB9,0xB5,0xDF,0xF7,0xBB,0xD6,0x72,0x73,0x2F,0x42,0xAD,0x31,0xAD,0x31,
	0xAD,0x31,0xAD,0x39,0x8D,0x31,0xEE,0x39,0x93,0x7B,0x99,0xBD,0xDF,0xFF,0xBC,0xD6,0x93,0x73,0x51,0x52,
	0xD0,0x49,0x6F,0x39,0x74,0x7B,0x9E,0xEF,0xFF,0xFF,0x5C,0xD6,0x54,0x7B,0x6F,0x41,0xB0,0x49,0xD0,0x49,
	0xD0,0x49,0xD0,0x49,0xD0,0x49,0xB0,0x49,0xB0,0x49,0xB0,0x49,0xB0,0x49,0xB0,0x51,0xB0,0x49,0xB0,0x49,
	0x6F,0x32,0x6F,0x32,0x6F,0x32,0x6F,0x32,0x6F,0x32,0x6F,0x32,0x4F,0x32,0x4F,0x32,0x4F,0x3A,0x4F,0x3A,
	0xEE,0x29,0x32,0x5B,0x3D,0xE7,0xFF,0xFF,0xBB,0xD6,0x14,0x7C,0xEE,0x31,0x0F,0x3A,0x30,0x3A,0x30,0x3A,
	0x10,0x32,0x30,0x3A,0x53,0x6B,0x38,0xAD,0xBF,0xF7,0xFC,0xDE,0xF4,0x7B,0x70,0x4A,0xAE,0x39,0xCE,0x39,
	0xCE,0x39,0xCE,0x41,0x8D,0x39,0xCE,0x39,0xD5,0x83,0x1B,0xC6,0xFF,0xFF,0xBC,0xD6,0x74,0x73,0x31,0x52,
	0xD0,0x49,0x4F,0x39,0x74,0x7B,0x9E,0xEF,0xFF,0xFF,0x3B,0xCE,0x33,0x73,0x4F,0x39,0x8F,0x41,0xB0,0x41,
	0xB0,0x41,0xB0,0x41,0xB0,0x41,0x90,0x49,0xB0,0x49,0xB0,0x49,0xB0,0x49,0xB0,0x49,0xB0,0x49,0xB0,0x49,
	0x6F,0x32,0x6F,0x32,0x6F,0x32,0x6F,0x32,0x6F,0x32,0x4F,0x32,0x4F,0x32,0x4F,0x32,0x4F,0x32,0x4F,0x3A,
	0xEE,0x29,0x32,0x5B,0x3D,0xE7,0xFF,0xFF,0xBB,0xD6,0x14,0x7C,0xEE,0x31,0x0E,0x3A,0x2F,0x3A,0x30,0x3A,
	0x10,0x3A,0x30,0x3A,0xB2,0x52,0x56,0x8C,0x7E,0xEF,0x7D,0xE7,0x58,0xA5,0x73,0x6B,0x10,0x4A,0xEF,0x41,
	0xEF,0x41,0xEF,0x41,0xEF,0x41,0x91,0x52,0xD7,0x9C,0xDD,0xDE,0xDF,0xFF,0x3B,0xC6,0xF2,0x62,0xF0,0x49,
	0xB0,0x49,0x4F,0x39,0x74,0x7B,0x9E,0xEF,0xFF,0xFF,0x5B,0xD6,0x74,0x7B,0xB0,0x49,0xF0,0x51,0x11,0x52,
	0x11,0x52,0x11,0x52,0x11,0x52,0xF0,0x51,0xD0,0x49,0xB0,0x49,0xB0,0x49,0xB0,0x49,0xB0,0x49,0xB0,0x49,
	0x6F,0x32,0x6F,0x32,0x6F,0x32,0x6F,0x32,0x6F,0x32,0x4F,0x32,0x4F,0x32,0x4F,0x32,0x4F,0x32,0x4F,0x3A,
	0xEE,0x29,0x32,0x5B,0x3D,0xE7,0xFF,0xFF,0xBB,0xD6,0x14,0x7C,0xEE,0x31,0x0F,0x3A,0x2F,0x3A,0x2F,0x3A,
	0x2F,0x3A,0x0F,0x3A,0xCE,0x31,0x12,0x63,0xDC,0xDE,0xFF,0xFF,0x7E,0xEF,0x39,0xA5,0xF3,0x62,0x51,0x4A,
	0xF1,0x39,0xD1,0x39,0xB3,0x5A,0x56,0x8C,0xBC,0xD6,0xFF,0xFF,0x5D,0xEF,0x17,0xAD,0x10,0x4A,0x8F,0x41,
	0xD0,0x49,0x6F,0x39,0x54,0x7B,0x7E,0xEF,0xFF,0xFF,0x9B,0xD6,0x36,0x8C,0xB2,0x62,0xD3,0x6A,0xD3,0x6A,
	0xD3,0x6A,0xF3,0x72,0xD3,0x6A,0x92,0x62,0x31,0x5A,0xB0,0x49,0xB0,0x49,0xB0,0x49,0xB0,0x49,0xB0,0x49,
	0x6F,0x32,0x6F,0x32,0x6F,0x32,0x6F,0x32,0x6F,0x32,0x4F,0x32,0x4F,0x32,0x4F,0x32,0x4F,0x32,0x4F,0x3A,
	0xEE,0x29,0x52,0x5B,0x5D,0xE7,0xFF,0xFF,0xDC,0xD6,0x34,0x7C,0xEE,0x31,0x0E,0x3A,0x2F,0x3A,0x2F,0x3A,
	0x2F,0x3A,0x0F,0x3A,0xCF,0x31,0xB1,0x4A,0x18,0x9D,0xDD,0xDE,0xFF,0xFF,0xFD,0xE6,0x9A,0xB5,0x18,0x9D,
	0xD8,0x94,0xB8,0x94,0x79,0xAD,0x7B,0xCE,0xBF,0xF7,0x9E,0xF7,0x99,0xBD,0x94,0x7B,0xCF,0x41,0xAF,0x39,
	0xCF,0x41,0x4E,0x39,0x74,0x73,0xBE,0xF7,0xFF,0xFF,0x9E,0xEF,0x3B,0xCE,0x79,0xB5,0x99,0xBD,0x99,0xBD,
	0x99,0xBD,0x9A,0xBD,0x79,0xB5,0x56,0x94,0x13,0x73,0xD0,0x49,0x90,0x49,0xB0,0x49,0xB0,0x49,0xB0,0x49,
	0x6F,0x32,0x6F,0x32,0x6F,0x32,0x6F,0x32,0x6F,0x32,0x4F,0x32,0x4F,0x32,0x4F,0x32,0x4F,0x32,0x4F,0x3A,
	0xEE,0x29,0x32,0x5B,0x1D,0xDF,0xFF,0xFF,0xBB,0xCE,0x14,0x7C,0xEE,0x31,0xEF,0x39,0x0F,0x3A,0x2F,0x3A,
	0x2F,0x42,0x30,0x42,0x51,0x42,0x91,0x4A,0xF3,0x5A,0xD8,0x9C,0x3E,0xE7,0xDF,0xFF,0xFF,0xFF,0xFF,0xFF,
	0xFF,0xFF,0xFF,0xFF,0xFF,0xFF,0xFF,0xFF,0x7E,0xEF,0x1B,0xC6,0x94,0x73,0x51,0x4A,0xF0,0x41,0xCF,0x41,
	0xCF,0x41,0x4E,0x31,0x53,0x73,0x5E,0xEF,0xFF,0xFF,0xFF,0xFF,0xFF,0xFF,0xFF,0xFF,0xFF,0xFF,0xFF,0xFF,
	0xFF,0xFF,0xFF,0xFF,0xBF,0xF7,0xFA,0xC5,0xF6,0x8B,0xF1,0x51,0x70,0x41,0xB0,0x49,0xB0,0x49,0xB0,0x49,
	0x6F,0x32,0x6F,0x32,0x6F,0x32,0x6F,0x32,0x6F,0x32,0x4F,0x32,0x4F,0x32,0x4F,0x32,0x4F,0x32,0x4F,0x3A,
	0x2E,0x32,0xD0,0x4A,0xB6,0x8C,0x17,0x9D,0x75,0x84,0x12,0x5B,0x0F,0x3A,0x2F,0x3A,0x50,0x3A,0x50,0x42,
	0x51,0x42,0x51,0x42,0x72,0x42,0x72,0x4A,0x71,0x4A,0xF3,0x62,0xF5,0x7B,0xF8,0xA4,0xBA,0xBD,0x3B,0xC6,
	0x7C,0xCE,0x7C,0xCE,0x1B,0xC6,0x79,0xB5,0x77,0x94,0x75,0x73,0x92,0x52,0x31,0x4A,0x31,0x4A,0x11,0x4A,
	0xF0,0x49,0xAF,0x41,0xB2,0x5A,0x97,0x9C,0xF8,0xA4,0xF8,0xA4,0x18,0xA5,0x18,0xAD,0x18,0xAD,0x18,0xAD,
	0x18,0xAD,0x18,0xAD,0xF8,0xAC,0xF6,0x8B,0xF3,0x6A,0xD0,0x49,0x90,0x49,0xB0,0x49,0xB0,0x49,0xB0,0x49,
	0x6F,0x32,0x6F,0x32,0x6F,0x32,0x6F,0x32,0x6F,0x32,0x4F,0x32,0x4F,0x32,0x4F,0x32,0x4F,0x32,0x4F,0x3A,
	0x4F,0x3A,0x6F,0x42,0x12,0x5B,0x52,0x63,0x11,0x53,0x91,0x42,0x30,0x3A,0x50,0x3A,0x70,0x3A,0x71,0x42,
	0x72,0x42,0x72,0x42,0x72,0x4A,0x72,0x4A,0x51,0x4A,0x10,0x42,0xF0,0x39,0xD3,0x62,0xF6,0x8B,0xD8,0x9C,
	0x19,0xA5,0x19,0x9D,0x97,0x94,0xB5,0x83,0x92,0x52,0xF1,0x39,0x12,0x42,0x32,0x4A,0x32,0x4A,0x32,0x4A,
	0x11,0x4A,0xF0,0x49,0x31,0x52,0xD3,0x62,0x13,0x6B,0xF3,0x6A,0xF3,0x6A,0xF3,0x6A,0xF3,0x72,0xF3,0x72,
	0xF3,0x72,0x13,0x73,0xF3,0x6A,0x92,0x62,0x31,0x5A,0xD0,0x49,0xB0,0x49,0xB0,0x49,0xB0,0x49,0xB0,0x49,
	0xFF,0xFF,0xFF,0xFF,0xFF,0xFF,0xFF,0xFF,0xFF,0xFF,0xFF,0xFF,0xFF,0xFF,0xFF,0xFF,0xFF,0xFF,0xFF,0xFF,
	0xFF,0xFF,0xFF,0xFF,0xFF,0xFF,0xFF,0xFF,0xFF,0xFF,0xFF,0xFF,0xFF,0xFF,0xFF,0xFF,0xFF,0xFF,0xFF,0xFF,
	0xFF,0xFF,0xFF,0xFF,0xFF,0xFF,0xFF,0xFF,0xFF,0xFF,0xFF,0xFF,0xFF,0xFF,0xFF,0xFF,0xFF,0xFF,0xFF,0xFF,
	0xFF,0xFF,0xFF,0xFF,0xFF,0xFF,0xFF,0xFF,0xFF,0xFF,0xFF,0xFF,0xFF,0xFF,0xFF,0xFF,0xFF,0xFF,0xFF,0xFF,
	0xFF,0xFF,0xFF,0xFF,0xFF,0xFF,0xFF,0xFF,0xFF,0xFF,0xFF,0xFF,0xFF,0xFF,0xFF,0xFF,0xFF,0xFF,0xFF,0xFF,
	0xFF,0xFF,0xFF,0xFF,0xFF,0xFF,0xFF,0xFF,0xFF,0xFF,0xFF,0xFF,0xFF,0xFF,0xFF,0xFF,0xFF,0xFF,0xFF,0xFF,
	0xFF,0xFF,0xFF,0xFF,0xFF,0xFF,0xFF,0xFF,0xFF,0xFF,0xFF,0xFF,0xFF,0xFF,0xFF,0xFF,0xFF,0xFF,0xFF,0xFF,
	0xFF,0xFF,0xFF,0xFF,0xFF,0xFF,0xFF,0xFF,0xFF,0xFF,0xFF,0xFF,0xFF,0xFF,0xFF,0xFF,0xFF,0xFF,0xFF,0xFF,
	0xFF,0xFF,0xFF,0xFF,0xFF,0xFF,0xFF,0xFF,0xFF,0xFF,0xFF,0xFF,0xFF,0xFF,0xFF,0xFF,0xFF,0xFF,0xFF,0xFF,
	0xFF,0xFF,0xFF,0xFF,0xFF,0xFF,0xFF,0xFF,0xFF,0xFF,0xFF,0xFF,0xFF,0xFF,0xFF,0xFF,0xFF,0xFF,0xFF,0xFF,
	0xFF,0xFF,0xFF,0xFF,0xFF,0xFF,0xFF,0xFF,0xFF,0xFF,0xFF,0xFF,0xFF,0xFF,0xFF,0xFF,0xFF,0xFF,0xFF,0xFF,
	0xFF,0xFF,0xFF,0xFF,0xFF,0xFF,0xFF,0xFF,0xFF,0xFF,0xFF,0xFF,0xFF,0xFF,0xFF,0xFF,0xFF,0xFF,0xFF,0xFF,
	0xFF,0xFF,0xFF,0xFF,0xFF,0xFF,0xFF,0xFF,0xFF,0xFF,0xFF,0xFF,0xFF,0xFF,0xFF,0xFF,0xFF,0xFF,0xFF,0xFF,
	0xFF,0xFF,0xFF,0xFF,0xFF,0xFF,0xFF,0xFF,0xFF,0xFF,0xFF,0xFF,0xFF,0xFF,0xFF,0xFF,0xFF,0xFF,0xFF,0xFF,
	0xFF,0xFF,0xFF,0xFF,0xFF,0xFF,0xFF,0xFF,0xFF,0xFF,0xFF,0xFF,0xFF,0xFF,0xFF,0xFF,0xFF,0xFF,0xFF,0xFF,
	0xFF,0xFF,0xFF,0xFF,0xFF,0xFF,0xFF,0xFF,0xFF,0xFF,0xFF,0xFF,0xFF,0xFF,0xFF,0xFF,0xFF,0xFF,0xFF,0xFF,
	0xFF,0xFF,0xFF,0xFF,0xFF,0xFF,0xFF,0xFF,0xFF,0xFF,0xFF,0xFF,0xFF,0xFF,0xFF,0xFF,0xFF,0xFF,0xFF,0xFF,
	0xFF,0xFF,0xFF,0xFF,0xFF,0xFF,0xFF,0xFF,0xFF,0xFF,0xFF,0xFF,0xFF,0xFF,0xFF,0xFF,0xFF,0xFF,0xFF,0xFF,
	0xFF,0xFF,0xFF,0xFF,0xFF,0xFF,0xFF,0xFF,0xFF,0xFF,0xFF,0xFF,0xFF,0xFF,0xFF,0xFF,0xFF,0xFF,0xFF,0xFF,
	0xFF,0xFF,0xFF,0xFF,0xFF,0xFF,0xFF,0xFF,0xFF,0xFF,0xFF,0xFF,0xFF,0xFF,0xFF,0xFF,0xFF,0xFF,0xFF,0xFF,
	0xFF,0xFF,0xFF,0xFF,0xFF,0xFF,0xFF,0xFF,0xFF,0xFF,0xFF,0xFF,0xFF,0xFF,0xFF,0xFF,0xFF,0xFF,0xFF,0xFF,
	0xFF,0xFF,0xFF,0xFF,0xFF,0xFF,0xFF,0xFF,0xFF,0xFF,0xFF,0xFF,0xFF,0xFF,0xFF,0xFF,0xFF,0xFF,0xFF,0xFF,
	0xFF,0xFF,0xFF,0xFF,0xFF,0xFF,0xFF,0xFF,0xFF,0xFF,0xFF,0xFF,0xFF,0xFF,0xFF,0xFF,0xFF,0xFF,0xFF,0xFF,
	0xFF,0xFF,0xFF,0xFF,0xFF,0xFF,0xFF,0xFF,0xFF,0xFF,0xFF,0xFF,0xFF,0xFF,0xFF,0xFF,0xFF,0xFF,0xFF,0xFF,
	0xFF,0xFF,0xFF,0xFF,0xFF,0xFF,0xFF,0xFF,0xFF,0xFF,0xFF,0xFF,0xFF,0xFF,0xFF,0xFF,0xFF,0xFF,0xFF,0xFF,
	0xFF,0xFF,0xFF,0xFF,0xFF,0xFF,0xFF,0xFF,0xFF,0xFF,0xFF,0xFF,0xFF,0xFF,0xFF,0xFF,0xFF,0xFF,0xFF,0xFF,
	0xFF,0xFF,0xFF,0xFF,0xFF,0xFF,0xFF,0xFF,0xFF,0xFF,0xFF,0xFF,0xFF,0xFF,0xFF,0xFF,0xFF,0xFF,0xFF,0xFF,
	0xFF,0xFF,0xFF,0xFF,0xFF,0xFF,0xFF,0xFF,0xFF,0xFF,0xFF,0xFF,0xFF,0xFF,0xFF,0xFF,0xFF,0xFF,0xFF,0xFF,
	0xFF,0xFF,0xFF,0xFF,0xFF,0xFF,0xFF,0xFF,0xFF,0xFF,0xFF,0xFF,0xFF,0xFF,0xFF,0xFF,0xFF,0xFF,0xFF,0xFF,
	0xFF,0xFF,0xFF,0xFF,0xFF,0xFF,0xFF,0xFF,0xFF,0xFF,0xFF,0xFF,0xFF,0xFF,0xFF,0xFF,0xFF,0xFF,0xFF,0xFF,
	0xFF,0xFF,0xFF,0xFF,0xFF,0xFF,0xFF,0xFF,0xFF,0xFF,0xFF,0xFF,0xFF,0xFF,0xFF,0xFF,0xFF,0xFF,0xFF,0xFF,
	0xFF,0xFF,0xFF,0xFF,0xFF,0xFF,0xFF,0xFF,0xFF,0xFF,0xFF,0xFF,0xFF,0xFF,0xFF,0xFF,0xFF,0xFF,0xFF,0xFF,
	0xFF,0xFF,0xFF,0xFF,0xFF,0xFF,0xFF,0xFF,0xFF,0xFF,0xFF,0xFF,0xFF,0xFF,0xFF,0xFF,0xFF,0xFF,0xFF,0xFF,
	0xFF,0xFF,0xFF,0xFF,0xFF,0xFF,0xFF,0xFF,0xFF,0xFF,0xFF,0xFF,0xFF,0xFF,0xFF,0xFF,0xFF,0xFF,0xFF,0xFF,
	0xFF,0xFF,0xFF,0xFF,0xFF,0xFF,0xFF,0xFF,0xFF,0xFF,0xFF,0xFF,0xFF,0xFF,0xFF,0xFF,0xFF,0xFF,0xFF,0xFF,
	0xFF,0xFF,0xFF,0xFF,0xFF,0xFF,0xFF,0xFF,0xFF,0xFF,0xFF,0xFF,0xFF,0xFF,0xFF,0xFF,0xFF,0xFF,0xFF,0xFF,
	0xFF,0xFF,0xFF,0xFF,0xFF,0xFF,0xFF,0xFF,0xFF,0xFF,0xFF,0xFF,0xFF,0xFF,0xFF,0xFF,0xFF,0xFF,0xFF,0xFF,
	0xFF,0xFF,0xFF,0xFF,0xFF,0xFF,0xFF,0xFF,0xFF,0xFF,0xFF,0xFF,0xFF,0xFF,0xFF,0xFF,0xFF,0xFF,0xFF,0xFF,
	0xFF,0xFF,0xFF,0xFF,0xFF,0xFF,0xFF,0xFF,0xFF,0xFF,0xFF,0xFF,0xFF,0xFF,0xFF,0xFF,0xFF,0xFF,0xFF,0xFF,
	0xFF,0xFF,0xFF,0xFF,0xFF,0xFF,0xFF,0xFF,0xFF,0xFF,0xFF,0xFF,0xFF,0xFF,0xFF,0xFF,0xFF,0xFF,0xFF,0xFF,
	0xFF,0xFF,0xFF,0xFF,0xFF,0xFF,0xFF,0xFF,0xFF,0xFF,0xFF,0xFF,0xFF,0xFF,0xFF,0xFF,0xFF,0xFF,0xFF,0xFF,
	0xFF,0xFF,0xFF,0xFF,0xFF,0xFF,0xFF,0xFF,0xFF,0xFF,0xFF,0xFF,0xFF,0xFF,0xFF,0xFF,0xFF,0xFF,0xFF,0xFF,
	0xFF,0xFF,0xFF,0xFF,0xFF,0xFF,0xFF,0xFF,0xFF,0xFF,0xFF,0xFF,0xFF,0xFF,0xFF,0xFF,0xFF,0xFF,0xFF,0xFF,
	0xFF,0xFF,0xFF,0xFF,0xFF,0xFF,0xFF,0xFF,0xFF,0xFF,0xFF,0xFF,0xFF,0xFF,0xFF,0xFF,0xFF,0xFF,0xFF,0xFF,
	0xFF,0xFF,0xFF,0xFF,0xFF,0xFF,0xFF,0xFF,0xFF,0xFF,0xFF,0xFF,0xFF,0xFF,0xFF,0xFF,0xFF,0xFF,0xFF,0xFF,
	0xFF,0xFF,0xFF,0xFF,0xFF,0xFF,0xFF,0xFF,0xFF,0xFF,0xFF,0xFF,0xFF,0xFF,0xFF,0xFF,0xFF,0xFF,0xFF,0xFF,
	0xFF,0xFF,0xFF,0xFF,0xFF,0xFF,0xFF,0xFF,0xFF,0xFF,0xFF,0xFF,0xFF,0xFF,0xFF,0xFF,0xFF,0xFF,0xFF,0xFF,
	0xFF,0xFF,0xFF,0xFF,0xFF,0xFF,0xFF,0xFF,0xFF,0xFF,0xFF,0xFF,0xFF,0xFF,0xFF,0xFF,0xFF,0xFF,0xFF,0xFF,
	0xFF,0xFF,0xFF,0xFF,0xFF,0xFF,0xFF,0xFF,0xFF,0xFF,0xFF,0xFF,0xFF,0xFF,0xFF,0xFF,0xFF,0xFF,0xFF,0xFF,
	0xFF,0xFF,0xFF,0xFF,0xFF,0xFF,0xFF,0xFF,0xFF,0xFF,0xFF,0xFF,0xFF,0xFF,0xFF,0xFF,0xFF,0xFF,0xFF,0xFF,
	0xFF,0xFF,0xFF,0xFF,0xFF,0xFF,0xFF,0xFF,0xFF,0xFF,0xFF,0xFF,0xFF,0xFF,0xFF,0xFF,0xFF,0xFF,0xFF,0xFF,
	0xFF,0xFF,0xFF,0xFF,0xFF,0xFF,0xFF,0xFF,0xFF,0xFF,0xFF,0xFF,0xFF,0xFF,0xFF,0xFF,0xFF,0xFF,0xFF,0xFF,
	0xFF,0xFF,0xFF,0xFF,0xFF,0xFF,0xFF,0xFF,0xFF,0xFF,0xFF,0xFF,0xFF,0xFF,0xFF,0xFF,0xFF,0xFF,0xFF,0xFF,
	0xFF,0xFF,0xFF,0xFF,0xFF,0xFF,0xFF,0xFF,0xFF,0xFF,0xFF,0xFF,0xFF,0xFF,0xFF,0xFF,0xFF,0xFF,0xFF,0xFF,
	0xFF,0xFF,0xFF,0xFF,0xFF,0xFF,0xFF,0xFF,0xFF,0xFF,0xFF,0xFF,0xFF,0xFF,0xFF,0xFF,0xFF,0xFF,0xFF,0xFF,
	0xFF,0xFF,0xFF,0xFF,0xFF,0xFF,0xFF,0xFF,0xFF,0xFF,0xFF,0xFF,0xFF,0xFF,0xFF,0xFF,0xFF,0xFF,0xFF,0xFF,
	0xFF,0xFF,0xFF,0xFF,0xFF,0xFF,0xFF,0xFF,0xFF,0xFF,0xFF,0xFF,0xFF,0xFF,0xFF,0xFF,0xFF,0xFF,0xFF,0xFF,
	0xFF,0xFF,0xFF,0xFF,0xFF,0xFF,0xFF,0xFF,0xFF,0xFF,0xFF,0xFF,0xFF,0xFF,0xFF,0xFF,0xFF,0xFF,0xFF,0xFF,
	0xFF,0xFF,0xFF,0xFF,0xFF,0xFF,0xFF,0xFF,0xFF,0xFF,0xFF,0xFF,0xFF,0xFF,0xFF,0xFF,0xFF,0xFF,0xFF,0xFF,
	0xFF,0xFF,0xFF,0xFF,0xFF,0xFF,0xFF,0xFF,0xFF,0xFF,0xFF,0xFF,0xFF,0xFF,0xFF,0xFF,0xFF,0xFF,0xFF,0xFF,
	0xFF,0xFF,0xFF,0xFF,0xFF,0xFF,0xFF,0xFF,0xFF,0xFF,0xFF,0xFF,0xFF,0xFF,0xFF,0xFF,0xFF,0xFF,0xFF,0xFF,
	0xFF,0xFF,0xFF,0xFF,0xFF,0xFF,0xFF,0xFF,0xFF,0xFF,0xFF,0xFF,0xFF,0xFF,0xFF,0xFF,0xFF,0xFF,0xFF,0xFF,
	0xFF,0xFF,0xFF,0xFF,0xFF,0xFF,0xFF,0xFF,0xFF,0xFF,0xFF,0xFF,0xFF,0xFF,0xFF,0xFF,0xFF,0xFF,0xFF,0xFF,
	0xFF,0xFF,0xFF,0xFF,0xFF,0xFF,0xFF,0xFF,0xFF,0xFF,0xFF,0xFF,0xFF,0xFF,0xFF,0xFF,0xFF,0xFF,0xFF,0xFF,
	0xFF,0xFF,0xFF,0xFF,0xFF,0xFF,0xFF,0xFF,0xFF,0xFF,0xFF,0xFF,0xFF,0xFF,0xFF,0xFF,0xFF,0xFF,0xFF,0xFF,
	0xFF,0xFF,0xFF,0xFF,0xFF,0xFF,0xFF,0xFF,0xFF,0xFF,0xFF,0xFF,0xFF,0xFF,0xFF,0xFF,0xFF,0xFF,0xFF,0xFF,
};

const lv_img_dsc_t face_75_2_410_dial_img_2_216824_1 = {
    .header.magic = LV_IMAGE_HEADER_MAGIC,
    .header.w = 60,
    .header.h = 22,
    .data_size = sizeof(face_75_2_410_dial_img_2_216824_data_1),
    .header.cf = LV_COLOR_FORMAT_NATIVE_WITH_ALPHA,
    .data = face_75_2_410_dial_img_2_216824_data_1};

const LV_ATTRIBUTE_MEM_ALIGN uint8_t face_75_2_410_dial_img_2_216824_data_2[] = {
	//RGB565 data with alpha
	0xCB,0x21,0xAA,0x19,0x6A,0x11,0x6A,0x11,0x6A,0x19,0xAB,0x21,0xAB,0x29,0xAB,0x29,0xAB,0x29,0xAB,0x29,
	0xAB,0x29,0x8B,0x29,0x4A,0x21,0x2A,0x19,0x2A,0x19,0x6A,0x21,0xAB,0x29,0xAC,0x29,0xAC,0x29,0xAD,0x31,
	0xCD,0x31,0xCD,0x31,0xAC,0x29,0x6C,0x29,0x6D,0x31,0x8D,0x31,0xCE,0x39,0xCE,0x39,0xAE,0x39,0x8D,0x31,
	0x6D,0x31,0x6D,0x31,0x6D,0x31,0x6D,0x31,0x4D,0x31,0x4D,0x31,0x4C,0x31,0x4C,0x31,0x2C,0x31,0x4D,0x31,
	0x8D,0x39,0x6C,0x31,0x4B,0x31,0x2B,0x31,0x0A,0x29,0xEA,0x20,0xEA,0x20,0xEA,0x20,0xEA,0x20,0xEA,0x28,
	0xEA,0x30,0xEA,0x30,0xEA,0x30,0xCA,0x30,0xEA,0x30,0x0B,0x39,0x2B,0x39,0x2B,0x39,0x2B,0x39,0x2B,0x39,
	0xCB,0x21,0x6D,0x3A,0x50,0x5B,0x30,0x53,0xAE,0x42,0xEC,0x31,0xAB,0x29,0xAB,0x29,0xAB,0x29,0xAB,0x29,
	0x6A,0x21,0xCC,0x31,0xCF,0x52,0x51,0x63,0x30,0x63,0x4D,0x42,0xAB,0x29,0xAC,0x29,0xCD,0x29,0xCD,0x31,
	0xCD,0x31,0xED,0x31,0x8F,0x4A,0x31,0x63,0x52,0x6B,0xB1,0x5A,0xCE,0x39,0xCE,0x39,0x4F,0x4A,0x11,0x63,
	0x72,0x6B,0x52,0x6B,0x72,0x6B,0x72,0x6B,0x53,0x6B,0x52,0x6B,0x52,0x6B,0x72,0x6B,0x52,0x6B,0x90,0x5A,
	0xEE,0x41,0x8D,0x39,0x6D,0x31,0xAD,0x41,0x4E,0x52,0xF0,0x62,0xF0,0x62,0xF0,0x62,0x10,0x6B,0x10,0x6B,
	0x10,0x6B,0x10,0x6B,0xF0,0x6A,0x8F,0x62,0x0E,0x52,0x4C,0x41,0x0B,0x39,0x0B,0x39,0x2B,0x39,0x2B,0x39,
	0xCB,0x21,0x91,0x63,0x5A,0xC6,0x3A,0xBE,0xD6,0x8C,0x8E,0x42,0x6A,0x21,0xAB,0x21,0xAB,0x21,0x8B,0x21,
	0x4A,0x19,0x6D,0x42,0x98,0xB5,0xFD,0xDE,0x7B,0xCE,0xF3,0x73,0xAC,0x29,0xCD,0x29,0xEE,0x31,0xEE,0x31,
	0xAD,0x29,0x0E,0x32,0x55,0x84,0xFA,0xBD,0x5B,0xCE,0x96,0x94,0xEE,0x39,0xEE,0x39,0x32,0x63,0x98,0xAD,
	0x9B,0xD6,0x7B,0xCE,0x5B,0xCE,0x7B,0xCE,0x7B,0xCE,0x7B,0xCE,0x7B,0xCE,0x9B,0xD6,0x7B,0xCE,0x76,0x94,
	0x90,0x5A,0xAE,0x41,0xAE,0x41,0x90,0x5A,0x76,0x94,0x5B,0xCE,0x7B,0xCE,0x3A,0xCE,0x3A,0xCE,0x5A,0xCE,
	0x5A,0xCE,0x5A,0xCE,0x3A,0xCE,0x78,0xBD,0x35,0x94,0x30,0x5A,0x4D,0x41,0x2B,0x39,0x2B,0x39,0x2B,0x39,
	0x8A,0x19,0x91,0x63,0xFC,0xDE,0x9E,0xEF,0x9B,0xCE,0xEF,0x52,0x29,0x11,0x8A,0x21,0xAB,0x21,0xAC,0x21,
	0xED,0x31,0x72,0x63,0xDC,0xDE,0xDF,0xFF,0x9E,0xF7,0xD6,0x94,0x4E,0x3A,0xED,0x31,0xED,0x31,0xED,0x31,
	0x8C,0x21,0xED,0x31,0x78,0xAD,0x7E,0xEF,0xBC,0xD6,0x96,0x94,0xEE,0x39,0x0F,0x42,0xB3,0x73,0x9B,0xD6,
	0xBE,0xF7,0xFC,0xDE,0x5B,0xCE,0xFA,0xBD,0xFA,0xBD,0xFA,0xBD,0xFA,0xBD,0x1B,0xC6,0x1A,0xBE,0x55,0x8C,
	0x90,0x52,0xAE,0x39,0xCE,0x41,0xB1,0x62,0x38,0xAD,0x9E,0xF7,0x3D,0xEF,0x7B,0xD6,0x19,0xC6,0xD9,0xBD,
	0xD9,0xBD,0x9B,0xD6,0x5D,0xEF,0x7E,0xEF,0xDC,0xDE,0x99,0xBD,0x93,0x7B,0x8D,0x39,0x2B,0x39,0x2B,0x39,
	0x6A,0x11,0x50,0x5B,0x9B,0xCE,0xFF,0xFF,0xBE,0xF7,0x71,0x63,0x4A,0x19,0xAB,0x29,0xAC,0x29,0xED,0x29,
	0xB0,0x4A,0x75,0x8C,0x5D,0xE7,0xFF,0xFF,0xFF,0xFF,0x98,0xAD,0x11,0x53,0x2E,0x3A,0xCD,0x29,0xCD,0x31,
	0x8C,0x29,0x2E,0x3A,0x3A,0xC6,0xFF,0xFF,0x5B,0xC6,0xF4,0x7B,0xEE,0x39,0x2F,0x42,0xD3,0x7B,0x1C,0xDF,
	0xFF,0xFF,0x9B,0xCE,0x58,0xAD,0x56,0x8C,0x56,0x8C,0x76,0x8C,0x76,0x8C,0x76,0x94,0x76,0x8C,0x53,0x6B,
	0x4F,0x4A,0xAE,0x39,0xEE,0x41,0xD1,0x6A,0x98,0xBD,0xFF,0xFF,0x3D,0xEF,0xB9,0xC5,0xB6,0x9C,0x14,0x8C,
	0x35,0x8C,0x38,0xAD,0x5B,0xD6,0x5D,0xEF,0xDF,0xFF,0xFF,0xFF,0xF9,0xBD,0x11,0x63,0x8D,0x41,0x0A,0x39,
	0x8A,0x19,0xEF,0x4A,0x98,0xA5,0x9E,0xEF,0xBE,0xF7,0x14,0x7C,0x0E,0x3A,0x0D,0x32,0xCD,0x29,0x0E,0x32,
	0x72,0x6B,0x37,0xA5,0x1C,0xDF,0xFF,0xFF,0xFF,0xFF,0x3A,0xBE,0xD3,0x73,0x6E,0x42,0xAC,0x29,0xCD,0x31,
	0x0E,0x3A,0x31,0x5B,0x9B,0xCE,0xDF,0xFF,0x78,0xAD,0x52,0x6B,0xCE,0x39,0x2F,0x4A,0xD3,0x7B,0x1C,0xE7,
	0xBF,0xF7,0xB9,0xB5,0xB4,0x7B,0x30,0x4A,0x2F,0x4A,0x50,0x4A,0x50,0x4A,0x50,0x4A,0x50,0x4A,0x0F,0x42,
	0xCE,0x39,0x8E,0x39,0xEF,0x41,0xD1,0x62,0x99,0xB5,0xFF,0xFF,0x9B,0xD6,0x75,0x94,0xB1,0x62,0xEF,0x49,
	0x2F,0x52,0x2F,0x5A,0xB0,0x6A,0x14,0x8C,0xF9,0xC5,0xFF,0xFF,0x9E,0xF7,0x1A,0xC6,0xAF,0x62,0xA9,0x28,
	0x8A,0x19,0x8E,0x3A,0x75,0x84,0xDC,0xD6,0xDF,0xF7,0xD6,0x94,0xD1,0x52,0x2E,0x3A,0xCD,0x29,0x0E,0x32,
	0x34,0x84,0xD9,0xBD,0x9B,0xCE,0x5D,0xE7,0x9E,0xEF,0x7B,0xCE,0xB6,0x94,0xAF,0x4A,0x8C,0x29,0xAD,0x29,
	0x8F,0x4A,0x14,0x7C,0x1C,0xDF,0x9E,0xF7,0x95,0x8C,0x90,0x52,0xCE,0x39,0x2F,0x4A,0xD3,0x7B,0x1C,0xE7,
	0x9E,0xF7,0x58,0xA5,0x12,0x63,0x4D,0x31,0x2D,0x29,0x6D,0x31,0x6D,0x31,0x6D,0x31,0x6D,0x31,0x8D,0x31,
	0xAE,0x39,0x8E,0x39,0xEF,0x41,0xD1,0x62,0x99,0xB5,0xFF,0xFF,0x5A,0xC6,0xF4,0x83,0xCE,0x49,0x0D,0x31,
	0x4D,0x39,0x0C,0x39,0x2C,0x39,0x0E,0x52,0x14,0x8C,0xFC,0xDE,0xFF,0xFF,0xBE,0xF7,0x92,0x7B,0x0B,0x39,
	0x8A,0x21,0x0C,0x32,0x31,0x5B,0x3A,0xC6,0xFF,0xFF,0xB8,0xB5,0x92,0x6B,0x4F,0x3A,0x8C,0x21,0x0D,0x32,
	0xD6,0x94,0x9B,0xCE,0xFA,0xBD,0x1A,0xBE,0x9B,0xD6,0x9B,0xD6,0x99,0xB5,0xF0,0x52,0x8C,0x21,0xAD,0x29,
	0xF0,0x5A,0xF6,0x9C,0x7D,0xEF,0x5D,0xEF,0x93,0x73,0xEE,0x39,0xCE,0x39,0x4F,0x4A,0xD3,0x7B,0x1C,0xE7,
	0xBE,0xF7,0x58,0xAD,0x32,0x6B,0x8E,0x39,0x6D,0x31,0xAE,0x39,0xAE,0x39,0xAE,0x39,0xAE,0x39,0xAE,0x39,
	0xAE,0x39,0x8E,0x39,0xEF,0x41,0xD1,0x62,0x99,0xB5,0xFF,0xFF,0x5A,0xCE,0x14,0x84,0x0F,0x52,0x4D,0x39,
	0x8E,0x41,0x8E,0x41,0x8E,0x41,0x4D,0x39,0x71,0x62,0x38,0xAD,0x3E,0xE7,0xDF,0xFF,0x75,0x94,0x50,0x52,
	0xAB,0x21,0xCC,0x21,0x4E,0x3A,0xD8,0xB5,0xFF,0xFF,0x5A,0xC6,0x34,0x7C,0x2E,0x3A,0x8C,0x21,0x2D,0x3A,
	0xB8,0xB5,0x5D,0xE7,0x58,0xAD,0xF7,0x9C,0xB8,0xB5,0xDC,0xDE,0x9B,0xD6,0x31,0x5B,0x4B,0x21,0x8C,0x29,
	0x72,0x6B,0xD9,0xBD,0x9E,0xEF,0xFC,0xDE,0xF1,0x62,0x8D,0x31,0xCE,0x39,0x4F,0x4A,0xD3,0x7B,0x1C,0xDF,
	0xBE,0xF7,0x99,0xB5,0xB3,0x73,0x2F,0x4A,0x2F,0x4A,0x4F,0x4A,0x4F,0x4A,0x4F,0x4A,0x2F,0x4A,0xEF,0x41,
	0xAE,0x39,0x8E,0x39,0xEF,0x41,0xD1,0x62,0x99,0xB5,0xFF,0xFF,0x5A,0xCE,0x14,0x84,0x0F,0x52,0x4D,0x39,
	0x8E,0x41,0x8E,0x41,0x6D,0x41,0x2D,0x39,0xCF,0x49,0xB4,0x83,0x5B,0xCE,0xFF,0xFF,0x58,0xB5,0x93,0x7B,
	0xCC,0x21,0xAC,0x19,0xED,0x21,0x57,0xA5,0xDF,0xFF,0xDC,0xDE,0xB6,0x94,0x2E,0x32,0x8C,0x21,0x8F,0x42,
	0x7A,0xC6,0xBE,0xF7,0xB6,0x94,0xD3,0x73,0xB5,0x94,0xDC,0xDE,0x5D,0xEF,0x92,0x6B,0x6C,0x21,0x8C,0x29,
	0xF3,0x7B,0xBC,0xD6,0x9E,0xEF,0x3A,0xC6,0xB0,0x52,0x4D,0x29,0xCE,0x39,0x4F,0x4A,0xD3,0x7B,0xFC,0xDE,
	0xDF,0xFF,0x3B,0xC6,0xD6,0x9C,0xB3,0x7B,0xB3,0x73,0xB3,0x7B,0xB3,0x7B,0xD3,0x7B,0xB3,0x7B,0x90,0x52,
	0x8E,0x39,0x8D,0x31,0xEE,0x41,0xD1,0x62,0x99,0xB5,0xFF,0xFF,0x5A,0xCE,0x14,0x84,0x0F,0x52,0x4D,0x39,
	0x8E,0x41,0x8D,0x41,0x6D,0x41,0x4D,0x41,0xAF,0x49,0xB1,0x62,0x98,0xB5,0xFF,0xFF,0xFA,0xC5,0x96,0x94,
	0x0D,0x2A,0xCD,0x21,0xED,0x21,0xB6,0x8C,0x3D,0xE7,0x5E,0xEF,0x98,0xAD,0x4E,0x32,0x0D,0x2A,0x92,0x63,
	0xFC,0xDE,0x9E,0xEF,0xB2,0x6B,0x8F,0x42,0x92,0x6B,0x7B,0xCE,0xBE,0xF7,0x14,0x7C,0xCD,0x31,0x6C,0x29,
	0x34,0x84,0x7E,0xEF,0x1D,0xE7,0x58,0xAD,0x70,0x52,0x6D,0x31,0xCE,0x39,0x4F,0x4A,0xD3,0x7B,0xDC,0xDE,
	0xFF,0xFF,0xBE,0xF7,0x5D,0xEF,0x3D,0xE7,0x3D,0xE7,0x3D,0xE7,0x3D,0xE7,0x3D,0xE7,0x3D,0xE7,0x14,0x84,
	0x4C,0x31,0x4C,0x31,0xCE,0x41,0xD1,0x62,0x99,0xB5,0xFF,0xFF,0x5A,0xCE,0x14,0x84,0x0F,0x4A,0x4D,0x39,
	0x8E,0x41,0x8E,0x41,0x6E,0x41,0x4D,0x41,0xAE,0x49,0xB1,0x62,0x98,0xB5,0xFF,0xFF,0x19,0xC6,0x95,0x94,
	0x4E,0x2A,0x0E,0x22,0x0E,0x2A,0x34,0x7C,0x7B,0xCE,0xBE,0xF7,0x3A,0xC6,0xAF,0x42,0xAF,0x42,0x95,0x8C,
	0x1C,0xDF,0x1C,0xDF,0x11,0x53,0xCD,0x29,0xB0,0x4A,0xF9,0xBD,0xDF,0xFF,0xD6,0x94,0x90,0x4A,0xED,0x31,
	0xB5,0x94,0xDF,0xFF,0x9B,0xD6,0x96,0x94,0x4F,0x4A,0x6D,0x31,0xCE,0x39,0x4F,0x4A,0xD3,0x7B,0xDC,0xDE,
	0xFF,0xFF,0xBE,0xF7,0x5D,0xEF,0x3D,0xE7,0x3D,0xE7,0x3D,0xE7,0x3D,0xE7,0x3D,0xE7,0x3D,0xE7,0x14,0x8C,
	0x4C,0x31,0x4D,0x31,0xEE,0x41,0xD1,0x62,0x99,0xB5,0xFF,0xFF,0x5B,0xCE,0x35,0x8C,0x0F,0x52,0x6E,0x39,
	0xAE,0x41,0xAF,0x41,0x8F,0x41,0x6E,0x41,0xCF,0x49,0xD2,0x6A,0x99,0xBD,0xFF,0xFF,0x1A,0xC6,0xB6,0x94,
	0x6F,0x32,0x4E,0x2A,0x4F,0x32,0xD3,0x6B,0xB9,0xAD,0xBE,0xF7,0xDC,0xD6,0x32,0x5B,0x92,0x63,0x78,0xAD,
	0xFC,0xDE,0x7B,0xCE,0xF1,0x52,0x8D,0x29,0x2F,0x3A,0x78,0xAD,0xBE,0xF7,0x78,0xAD,0xB2,0x6B,0xD0,0x52,
	0x57,0xA5,0xFF,0xFF,0x19,0xBE,0xB3,0x73,0x0E,0x3A,0x6C,0x29,0xCD,0x39,0x4F,0x4A,0xD3,0x7B,0xFC,0xDE,
	0xDF,0xFF,0x3B,0xC6,0xD6,0x9C,0xB3,0x7B,0xB3,0x73,0xB3,0x7B,0xB3,0x7B,0xD3,0x7B,0xB3,0x7B,0x90,0x5A,
	0x8E,0x41,0x8E,0x39,0x10,0x4A,0xF3,0x6A,0xBA,0xB5,0xFF,0xFF,0x7B,0xCE,0x36,0x94,0x50,0x52,0x8F,0x41,
	0xD0,0x49,0xD0,0x49,0xD0,0x49,0x90,0x41,0xF1,0x51,0xF3,0x72,0x9A,0xBD,0xFF,0xFF,0x1B,0xC6,0xB7,0x9C,
	0x6F,0x32,0x6F,0x32,0x6F,0x32,0x52,0x5B,0xF6,0x94,0x9E,0xEF,0x1D,0xDF,0xD3,0x6B,0x75,0x84,0x5A,0xC6,
	0xBB,0xD6,0xB8,0xB5,0xF1,0x52,0xAE,0x29,0x0F,0x32,0xF6,0x9C,0x1D,0xE7,0xF9,0xBD,0xB6,0x94,0xD4,0x73,
	0xFA,0xBD,0xFF,0xFF,0x37,0xA5,0x90,0x52,0xEE,0x39,0x8D,0x31,0xCD,0x39,0x4F,0x4A,0xD3,0x7B,0x1C,0xDF,
	0xBE,0xF7,0x98,0xB5,0xB3,0x73,0x4F,0x4A,0x2F,0x4A,0x50,0x52,0x50,0x4A,0x70,0x52,0x50,0x4A,0x10,0x4A,
	0xCF,0x49,0xCF,0x41,0x30,0x4A,0xF3,0x6A,0xBA,0xBD,0xFF,0xFF,0x7C,0xCE,0x36,0x94,0x51,0x5A,0xAF,0x41,
	0xD0,0x49,0xD0,0x49,0xD0,0x49,0x90,0x49,0xF1,0x51,0x14,0x73,0xDA,0xBD,0xFF,0xFF,0xDA,0xC5,0x77,0x94,
	0x6F,0x32,0x6F,0x32,0x6F,0x32,0xD0,0x42,0x14,0x74,0x3D,0xE7,0x3D,0xE7,0x75,0x7C,0x57,0x9D,0x1C,0xDF,
	0x5A,0xC6,0xD6,0x94,0xD0,0x4A,0xCE,0x29,0x2F,0x3A,0x55,0x84,0x5A,0xC6,0x7B,0xCE,0xD9,0xBD,0xD7,0x94,
	0x7B,0xCE,0xDF,0xFF,0x55,0x84,0xAE,0x31,0xCE,0x39,0xCE,0x39,0xCE,0x39,0x4F,0x4A,0xD3,0x7B,0x1D,0xE7,
	0x9E,0xF7,0x37,0xAD,0x32,0x6B,0xAE,0x39,0xAE,0x39,0xCF,0x41,0xEF,0x41,0xEF,0x41,0xF0,0x41,0xF0,0x49,
	0xF0,0x49,0xD0,0x49,0x31,0x52,0xF3,0x72,0xBA,0xBD,0xFF,0xFF,0x7B,0xCE,0x36,0x94,0x51,0x5A,0x8F,0x41,
	0xD0,0x49,0xD0,0x49,0xD0,0x49,0x90,0x41,0x31,0x5A,0xD5,0x83,0x5B,0xCE,0xFF,0xFF,0x79,0xB5,0xB5,0x83,
	0x6F,0x32,0x6F,0x32,0x6F,0x32,0x4F,0x2A,0x31,0x53,0xDC,0xD6,0x7E,0xEF,0x38,0xA5,0x3A,0xC6,0xBE,0xF7,
	0xF9,0xB5,0x14,0x74,0xB0,0x42,0xEE,0x31,0x2F,0x3A,0xB4,0x73,0x99,0xB5,0x3D,0xE7,0x1D,0xE7,0x59,0xB5,
	0x5B,0xCE,0x5D,0xE7,0x15,0x7C,0xCF,0x31,0x0F,0x3A,0xEE,0x39,0xEE,0x39,0x70,0x4A,0xD4,0x7B,0x1D,0xE7,
	0x9E,0xF7,0x57,0xA5,0x32,0x6B,0xAE,0x39,0x8F,0x39,0xCF,0x39,0xCF,0x39,0xCF,0x41,0xB0,0x41,0xD0,0x49,
	0xD0,0x49,0xD0,0x49,0x11,0x52,0xF3,0x6A,0xBA,0xBD,0xFF,0xFF,0x7B,0xCE,0x36,0x8C,0x31,0x52,0x6F,0x41,
	0xB0,0x49,0xB0,0x49,0x90,0x41,0x4E,0x39,0xD2,0x62,0xBA,0xC5,0x9E,0xEF,0xFF,0xFF,0x96,0x9C,0x51,0x5A,
	0x6F,0x32,0x6F,0x32,0x6F,0x32,0x0E,0x22,0xD0,0x3A,0x3A,0xBE,0x7D,0xEF,0x5B,0xCE,0x1D,0xE7,0xFF,0xFF,
	0x58,0xA5,0x32,0x53,0x6F,0x42,0x0E,0x32,0x2F,0x3A,0x12,0x5B,0xD7,0x94,0x5E,0xE7,0xDF,0xFF,0x5C,0xD6,
	0x7B,0xD6,0x7B,0xCE,0xB4,0x73,0xEF,0x39,0x2F,0x3A,0x2F,0x3A,0x0F,0x3A,0x91,0x52,0xF5,0x83,0x1D,0xE7,
	0xBE,0xF7,0x79,0xAD,0x93,0x73,0x30,0x4A,0x10,0x4A,0x31,0x4A,0x30,0x4A,0x30,0x4A,0x10,0x52,0xF0,0x49,
	0xD0,0x49,0xB0,0x49,0x11,0x52,0xF3,0x6A,0xBA,0xB5,0xFF,0xFF,0x7C,0xD6,0x57,0x94,0x72,0x5A,0xD0,0x49,
	0x11,0x52,0xF1,0x51,0x11,0x52,0x91,0x5A,0x55,0x94,0x5D,0xEF,0xFF,0xFF,0x5D,0xEF,0xB4,0x83,0x8E,0x41,
	0x6F,0x32,0x6F,0x32,0x6F,0x32,0x2E,0x2A,0xB0,0x3A,0x57,0xA5,0x1C,0xE7,0x9E,0xF7,0xDF,0xFF,0xFF,0xFF,
	0xB6,0x8C,0x4F,0x3A,0x4F,0x3A,0x2F,0x3A,0x2F,0x3A,0xB0,0x4A,0xF4,0x73,0xFC,0xDE,0xFF,0xFF,0xBF,0xF7,
	0xFC,0xDE,0x78,0xB5,0x32,0x63,0xCE,0x31,0x0F,0x3A,0x30,0x42,0x51,0x4A,0xB2,0x5A,0x16,0x8C,0x1D,0xE7,
	0xBF,0xF7,0xDA,0xBD,0x56,0x94,0x13,0x6B,0xF2,0x62,0xF2,0x62,0xF2,0x62,0x12,0x6B,0x12,0x6B,0x91,0x5A,
	0x10,0x4A,0xB0,0x49,0x11,0x52,0xF3,0x6A,0x9A,0xB5,0xFF,0xFF,0xBC,0xDE,0xF8,0xA4,0x34,0x7B,0xB2,0x6A,
	0xD3,0x6A,0xF3,0x6A,0xB4,0x7B,0x79,0xB5,0x1C,0xE7,0xFF,0xFF,0x3D,0xE7,0x59,0xAD,0xD3,0x6A,0x6F,0x41,
	0x6F,0x32,0x6F,0x32,0x6F,0x32,0x2E,0x2A,0xB0,0x3A,0xB5,0x8C,0x9B,0xCE,0xFF,0xFF,0xFF,0xFF,0x7D,0xEF,
	0x14,0x7C,0x0E,0x32,0x4F,0x3A,0x4F,0x3A,0x2F,0x3A,0x2F,0x3A,0x32,0x5B,0xBB,0xD6,0xFF,0xFF,0xFF,0xFF,
	0xDC,0xDE,0x96,0x94,0xF2,0x5A,0x0F,0x3A,0x31,0x42,0x51,0x4A,0x52,0x4A,0xD3,0x5A,0x36,0x8C,0x3D,0xE7,
	0xFF,0xFF,0x1D,0xE7,0x5B,0xCE,0xB9,0xBD,0x99,0xB5,0x99,0xB5,0x99,0xB5,0xB9,0xB5,0xB9,0xB5,0x35,0x8C,
	0x91,0x5A,0xCF,0x49,0x10,0x4A,0xF3,0x6A,0xBA,0xBD,0xFF,0xFF,0x9E,0xF7,0x9C,0xD6,0xDA,0xBD,0x79,0xB5,
	0x99,0xBD,0xBA,0xBD,0x3B,0xC6,0x7D,0xEF,0xDF,0xFF,0x3D,0xE7,0x79,0xB5,0x54,0x73,0x11,0x52,0x90,0x49,
	0x6F,0x32,0x6F,0x32,0x6F,0x32,0x4E,0x2A,0xAF,0x3A,0xF3,0x6B,0xB9,0xAD,0xBE,0xF7,0xBE,0xF7,0x5B,0xC6,
	0xB3,0x6B,0x0E,0x32,0x4F,0x3A,0x4F,0x3A,0x2F,0x3A,0xCE,0x29,0xB0,0x4A,0x3A,0xC6,0xFF,0xFF,0xFF,0xFF,
	0x3B,0xCE,0xD5,0x7B,0xD2,0x52,0x51,0x42,0x72,0x4A,0x52,0x4A,0x52,0x4A,0xD3,0x5A,0x16,0x84,0xFC,0xDE,
	0xFF,0xFF,0xFF,0xFF,0xFF,0xFF,0xFF,0xFF,0xFF,0xFF,0xFF,0xFF,0xFF,0xFF,0xFF,0xFF,0xFF,0xFF,0x99,0xB5,
	0x12,0x6B,0xEF,0x49,0xF0,0x49,0xF3,0x6A,0x79,0xB5,0xFF,0xFF,0xFF,0xFF,0xFF,0xFF,0xFF,0xFF,0xFF,0xFF,
	0xFF,0xFF,0xFF,0xFF,0xFF,0xFF,0xDF,0xFF,0xFD,0xE6,0x59,0xAD,0x34,0x73,0x90,0x49,0x90,0x49,0xB0,0x49,
	0x6F,0x32,0x6F,0x32,0x6F,0x32,0x6F,0x32,0x8F,0x32,0xF1,0x4A,0xD3,0x6B,0x17,0x9D,0xF6,0x94,0x14,0x74,
	0xF1,0x4A,0x2F,0x32,0x2F,0x3A,0x2F,0x3A,0x2F,0x3A,0xEF,0x31,0x70,0x42,0x15,0x7C,0x18,0x9D,0x38,0xA5,
	0x56,0x84,0xF3,0x62,0x92,0x4A,0x72,0x4A,0x71,0x4A,0x51,0x4A,0x51,0x4A,0x92,0x52,0x33,0x63,0x97,0x94,
	0x39,0xAD,0x39,0xAD,0x59,0xAD,0x59,0xAD,0x59,0xAD,0x59,0xAD,0x59,0xAD,0x59,0xAD,0x59,0xAD,0xF6,0x83,
	0xB2,0x5A,0x10,0x4A,0xF0,0x49,0x71,0x5A,0xB4,0x7B,0xF8,0xA4,0xF8,0xA4,0xF8,0xA4,0x18,0xAD,0x18,0xAD,
	0x18,0xAD,0x18,0xAD,0xF8,0xAC,0x56,0x94,0xB4,0x7B,0xD3,0x6A,0x11,0x52,0x90,0x49,0x90,0x49,0xB0,0x49,
	0x6F,0x32,0x6F,0x32,0x6F,0x32,0x6F,0x32,0x6F,0x32,0x4F,0x3A,0xB0,0x4A,0x52,0x5B,0x31,0x5B,0xD0,0x4A,
	0x6F,0x42,0x4F,0x3A,0x2F,0x3A,0x2F,0x3A,0x2F,0x3A,0x2F,0x3A,0x50,0x3A,0xD2,0x52,0x53,0x63,0x94,0x6B,
	0x13,0x5B,0x92,0x4A,0x72,0x4A,0x72,0x4A,0x51,0x4A,0x51,0x4A,0x51,0x4A,0x71,0x4A,0xB2,0x52,0x34,0x6B,
	0x75,0x73,0x54,0x73,0x54,0x73,0x54,0x73,0x54,0x73,0x54,0x73,0x54,0x73,0x74,0x73,0x54,0x73,0xD3,0x62,
	0x52,0x52,0x11,0x4A,0xF0,0x49,0x10,0x4A,0x91,0x5A,0xF3,0x6A,0x13,0x6B,0xF3,0x6A,0xF3,0x72,0xF3,0x72,
	0xF3,0x72,0x13,0x73,0xD3,0x6A,0x10,0x52,0x8F,0x41,0x6F,0x41,0x90,0x41,0xB0,0x49,0xB0,0x49,0xB0,0x49,
	0xFF,0xFF,0xFF,0xFF,0xFF,0xFF,0xFF,0xFF,0xFF,0xFF,0xFF,0xFF,0xFF,0xFF,0xFF,0xFF,0xFF,0xFF,0xFF,0xFF,
	0xFF,0xFF,0xFF,0xFF,0xFF,0xFF,0xFF,0xFF,0xFF,0xFF,0xFF,0xFF,0xFF,0xFF,0xFF,0xFF,0xFF,0xFF,0xFF,0xFF,
	0xFF,0xFF,0xFF,0xFF,0xFF,0xFF,0xFF,0xFF,0xFF,0xFF,0xFF,0xFF,0xFF,0xFF,0xFF,0xFF,0xFF,0xFF,0xFF,0xFF,
	0xFF,0xFF,0xFF,0xFF,0xFF,0xFF,0xFF,0xFF,0xFF,0xFF,0xFF,0xFF,0xFF,0xFF,0xFF,0xFF,0xFF,0xFF,0xFF,0xFF,
	0xFF,0xFF,0xFF,0xFF,0xFF,0xFF,0xFF,0xFF,0xFF,0xFF,0xFF,0xFF,0xFF,0xFF,0xFF,0xFF,0xFF,0xFF,0xFF,0xFF,
	0xFF,0xFF,0xFF,0xFF,0xFF,0xFF,0xFF,0xFF,0xFF,0xFF,0xFF,0xFF,0xFF,0xFF,0xFF,0xFF,0xFF,0xFF,0xFF,0xFF,
	0xFF,0xFF,0xFF,0xFF,0xFF,0xFF,0xFF,0xFF,0xFF,0xFF,0xFF,0xFF,0xFF,0xFF,0xFF,0xFF,0xFF,0xFF,0xFF,0xFF,
	0xFF,0xFF,0xFF,0xFF,0xFF,0xFF,0xFF,0xFF,0xFF,0xFF,0xFF,0xFF,0xFF,0xFF,0xFF,0xFF,0xFF,0xFF,0xFF,0xFF,
	0xFF,0xFF,0xFF,0xFF,0xFF,0xFF,0xFF,0xFF,0xFF,0xFF,0xFF,0xFF,0xFF,0xFF,0xFF,0xFF,0xFF,0xFF,0xFF,0xFF,
	0xFF,0xFF,0xFF,0xFF,0xFF,0xFF,0xFF,0xFF,0xFF,0xFF,0xFF,0xFF,0xFF,0xFF,0xFF,0xFF,0xFF,0xFF,0xFF,0xFF,
	0xFF,0xFF,0xFF,0xFF,0xFF,0xFF,0xFF,0xFF,0xFF,0xFF,0xFF,0xFF,0xFF,0xFF,0xFF,0xFF,0xFF,0xFF,0xFF,0xFF,
	0xFF,0xFF,0xFF,0xFF,0xFF,0xFF,0xFF,0xFF,0xFF,0xFF,0xFF,0xFF,0xFF,0xFF,0xFF,0xFF,0xFF,0xFF,0xFF,0xFF,
	0xFF,0xFF,0xFF,0xFF,0xFF,0xFF,0xFF,0xFF,0xFF,0xFF,0xFF,0xFF,0xFF,0xFF,0xFF,0xFF,0xFF,0xFF,0xFF,0xFF,
	0xFF,0xFF,0xFF,0xFF,0xFF,0xFF,0xFF,0xFF,0xFF,0xFF,0xFF,0xFF,0xFF,0xFF,0xFF,0xFF,0xFF,0xFF,0xFF,0xFF,
	0xFF,0xFF,0xFF,0xFF,0xFF,0xFF,0xFF,0xFF,0xFF,0xFF,0xFF,0xFF,0xFF,0xFF,0xFF,0xFF,0xFF,0xFF,0xFF,0xFF,
	0xFF,0xFF,0xFF,0xFF,0xFF,0xFF,0xFF,0xFF,0xFF,0xFF,0xFF,0xFF,0xFF,0xFF,0xFF,0xFF,0xFF,0xFF,0xFF,0xFF,
	0xFF,0xFF,0xFF,0xFF,0xFF,0xFF,0xFF,0xFF,0xFF,0xFF,0xFF,0xFF,0xFF,0xFF,0xFF,0xFF,0xFF,0xFF,0xFF,0xFF,
	0xFF,0xFF,0xFF,0xFF,0xFF,0xFF,0xFF,0xFF,0xFF,0xFF,0xFF,0xFF,0xFF,0xFF,0xFF,0xFF,0xFF,0xFF,0xFF,0xFF,
	0xFF,0xFF,0xFF,0xFF,0xFF,0xFF,0xFF,0xFF,0xFF,0xFF,0xFF,0xFF,0xFF,0xFF,0xFF,0xFF,0xFF,0xFF,0xFF,0xFF,
	0xFF,0xFF,0xFF,0xFF,0xFF,0xFF,0xFF,0xFF,0xFF,0xFF,0xFF,0xFF,0xFF,0xFF,0xFF,0xFF,0xFF,0xFF,0xFF,0xFF,
	0xFF,0xFF,0xFF,0xFF,0xFF,0xFF,0xFF,0xFF,0xFF,0xFF,0xFF,0xFF,0xFF,0xFF,0xFF,0xFF,0xFF,0xFF,0xFF,0xFF,
	0xFF,0xFF,0xFF,0xFF,0xFF,0xFF,0xFF,0xFF,0xFF,0xFF,0xFF,0xFF,0xFF,0xFF,0xFF,0xFF,0xFF,0xFF,0xFF,0xFF,
	0xFF,0xFF,0xFF,0xFF,0xFF,0xFF,0xFF,0xFF,0xFF,0xFF,0xFF,0xFF,0xFF,0xFF,0xFF,0xFF,0xFF,0xFF,0xFF,0xFF,
	0xFF,0xFF,0xFF,0xFF,0xFF,0xFF,0xFF,0xFF,0xFF,0xFF,0xFF,0xFF,0xFF,0xFF,0xFF,0xFF,0xFF,0xFF,0xFF,0xFF,
	0xFF,0xFF,0xFF,0xFF,0xFF,0xFF,0xFF,0xFF,0xFF,0xFF,0xFF,0xFF,0xFF,0xFF,0xFF,0xFF,0xFF,0xFF,0xFF,0xFF,
	0xFF,0xFF,0xFF,0xFF,0xFF,0xFF,0xFF,0xFF,0xFF,0xFF,0xFF,0xFF,0xFF,0xFF,0xFF,0xFF,0xFF,0xFF,0xFF,0xFF,
	0xFF,0xFF,0xFF,0xFF,0xFF,0xFF,0xFF,0xFF,0xFF,0xFF,0xFF,0xFF,0xFF,0xFF,0xFF,0xFF,0xFF,0xFF,0xFF,0xFF,
	0xFF,0xFF,0xFF,0xFF,0xFF,0xFF,0xFF,0xFF,0xFF,0xFF,0xFF,0xFF,0xFF,0xFF,0xFF,0xFF,0xFF,0xFF,0xFF,0xFF,
	0xFF,0xFF,0xFF,0xFF,0xFF,0xFF,0xFF,0xFF,0xFF,0xFF,0xFF,0xFF,0xFF,0xFF,0xFF,0xFF,0xFF,0xFF,0xFF,0xFF,
	0xFF,0xFF,0xFF,0xFF,0xFF,0xFF,0xFF,0xFF,0xFF,0xFF,0xFF,0xFF,0xFF,0xFF,0xFF,0xFF,0xFF,0xFF,0xFF,0xFF,
	0xFF,0xFF,0xFF,0xFF,0xFF,0xFF,0xFF,0xFF,0xFF,0xFF,0xFF,0xFF,0xFF,0xFF,0xFF,0xFF,0xFF,0xFF,0xFF,0xFF,
	0xFF,0xFF,0xFF,0xFF,0xFF,0xFF,0xFF,0xFF,0xFF,0xFF,0xFF,0xFF,0xFF,0xFF,0xFF,0xFF,0xFF,0xFF,0xFF,0xFF,
	0xFF,0xFF,0xFF,0xFF,0xFF,0xFF,0xFF,0xFF,0xFF,0xFF,0xFF,0xFF,0xFF,0xFF,0xFF,0xFF,0xFF,0xFF,0xFF,0xFF,
	0xFF,0xFF,0xFF,0xFF,0xFF,0xFF,0xFF,0xFF,0xFF,0xFF,0xFF,0xFF,0xFF,0xFF,0xFF,0xFF,0xFF,0xFF,0xFF,0xFF,
	0xFF,0xFF,0xFF,0xFF,0xFF,0xFF,0xFF,0xFF,0xFF,0xFF,0xFF,0xFF,0xFF,0xFF,0xFF,0xFF,0xFF,0xFF,0xFF,0xFF,
	0xFF,0xFF,0xFF,0xFF,0xFF,0xFF,0xFF,0xFF,0xFF,0xFF,0xFF,0xFF,0xFF,0xFF,0xFF,0xFF,0xFF,0xFF,0xFF,0xFF,
	0xFF,0xFF,0xFF,0xFF,0xFF,0xFF,0xFF,0xFF,0xFF,0xFF,0xFF,0xFF,0xFF,0xFF,0xFF,0xFF,0xFF,0xFF,0xFF,0xFF,
	0xFF,0xFF,0xFF,0xFF,0xFF,0xFF,0xFF,0xFF,0xFF,0xFF,0xFF,0xFF,0xFF,0xFF,0xFF,0xFF,0xFF,0xFF,0xFF,0xFF,
	0xFF,0xFF,0xFF,0xFF,0xFF,0xFF,0xFF,0xFF,0xFF,0xFF,0xFF,0xFF,0xFF,0xFF,0xFF,0xFF,0xFF,0xFF,0xFF,0xFF,
	0xFF,0xFF,0xFF,0xFF,0xFF,0xFF,0xFF,0xFF,0xFF,0xFF,0xFF,0xFF,0xFF,0xFF,0xFF,0xFF,0xFF,0xFF,0xFF,0xFF,
	0xFF,0xFF,0xFF,0xFF,0xFF,0xFF,0xFF,0xFF,0xFF,0xFF,0xFF,0xFF,0xFF,0xFF,0xFF,0xFF,0xFF,0xFF,0xFF,0xFF,
	0xFF,0xFF,0xFF,0xFF,0xFF,0xFF,0xFF,0xFF,0xFF,0xFF,0xFF,0xFF,0xFF,0xFF,0xFF,0xFF,0xFF,0xFF,0xFF,0xFF,
	0xFF,0xFF,0xFF,0xFF,0xFF,0xFF,0xFF,0xFF,0xFF,0xFF,0xFF,0xFF,0xFF,0xFF,0xFF,0xFF,0xFF,0xFF,0xFF,0xFF,
	0xFF,0xFF,0xFF,0xFF,0xFF,0xFF,0xFF,0xFF,0xFF,0xFF,0xFF,0xFF,0xFF,0xFF,0xFF,0xFF,0xFF,0xFF,0xFF,0xFF,
	0xFF,0xFF,0xFF,0xFF,0xFF,0xFF,0xFF,0xFF,0xFF,0xFF,0xFF,0xFF,0xFF,0xFF,0xFF,0xFF,0xFF,0xFF,0xFF,0xFF,
	0xFF,0xFF,0xFF,0xFF,0xFF,0xFF,0xFF,0xFF,0xFF,0xFF,0xFF,0xFF,0xFF,0xFF,0xFF,0xFF,0xFF,0xFF,0xFF,0xFF,
	0xFF,0xFF,0xFF,0xFF,0xFF,0xFF,0xFF,0xFF,0xFF,0xFF,0xFF,0xFF,0xFF,0xFF,0xFF,0xFF,0xFF,0xFF,0xFF,0xFF,
	0xFF,0xFF,0xFF,0xFF,0xFF,0xFF,0xFF,0xFF,0xFF,0xFF,0xFF,0xFF,0xFF,0xFF,0xFF,0xFF,0xFF,0xFF,0xFF,0xFF,
	0xFF,0xFF,0xFF,0xFF,0xFF,0xFF,0xFF,0xFF,0xFF,0xFF,0xFF,0xFF,0xFF,0xFF,0xFF,0xFF,0xFF,0xFF,0xFF,0xFF,
	0xFF,0xFF,0xFF,0xFF,0xFF,0xFF,0xFF,0xFF,0xFF,0xFF,0xFF,0xFF,0xFF,0xFF,0xFF,0xFF,0xFF,0xFF,0xFF,0xFF,
	0xFF,0xFF,0xFF,0xFF,0xFF,0xFF,0xFF,0xFF,0xFF,0xFF,0xFF,0xFF,0xFF,0xFF,0xFF,0xFF,0xFF,0xFF,0xFF,0xFF,
	0xFF,0xFF,0xFF,0xFF,0xFF,0xFF,0xFF,0xFF,0xFF,0xFF,0xFF,0xFF,0xFF,0xFF,0xFF,0xFF,0xFF,0xFF,0xFF,0xFF,
	0xFF,0xFF,0xFF,0xFF,0xFF,0xFF,0xFF,0xFF,0xFF,0xFF,0xFF,0xFF,0xFF,0xFF,0xFF,0xFF,0xFF,0xFF,0xFF,0xFF,
	0xFF,0xFF,0xFF,0xFF,0xFF,0xFF,0xFF,0xFF,0xFF,0xFF,0xFF,0xFF,0xFF,0xFF,0xFF,0xFF,0xFF,0xFF,0xFF,0xFF,
	0xFF,0xFF,0xFF,0xFF,0xFF,0xFF,0xFF,0xFF,0xFF,0xFF,0xFF,0xFF,0xFF,0xFF,0xFF,0xFF,0xFF,0xFF,0xFF,0xFF,
	0xFF,0xFF,0xFF,0xFF,0xFF,0xFF,0xFF,0xFF,0xFF,0xFF,0xFF,0xFF,0xFF,0xFF,0xFF,0xFF,0xFF,0xFF,0xFF,0xFF,
	0xFF,0xFF,0xFF,0xFF,0xFF,0xFF,0xFF,0xFF,0xFF,0xFF,0xFF,0xFF,0xFF,0xFF,0xFF,0xFF,0xFF,0xFF,0xFF,0xFF,
	0xFF,0xFF,0xFF,0xFF,0xFF,0xFF,0xFF,0xFF,0xFF,0xFF,0xFF,0xFF,0xFF,0xFF,0xFF,0xFF,0xFF,0xFF,0xFF,0xFF,
	0xFF,0xFF,0xFF,0xFF,0xFF,0xFF,0xFF,0xFF,0xFF,0xFF,0xFF,0xFF,0xFF,0xFF,0xFF,0xFF,0xFF,0xFF,0xFF,0xFF,
	0xFF,0xFF,0xFF,0xFF,0xFF,0xFF,0xFF,0xFF,0xFF,0xFF,0xFF,0xFF,0xFF,0xFF,0xFF,0xFF,0xFF,0xFF,0xFF,0xFF,
	0xFF,0xFF,0xFF,0xFF,0xFF,0xFF,0xFF,0xFF,0xFF,0xFF,0xFF,0xFF,0xFF,0xFF,0xFF,0xFF,0xFF,0xFF,0xFF,0xFF,
	0xFF,0xFF,0xFF,0xFF,0xFF,0xFF,0xFF,0xFF,0xFF,0xFF,0xFF,0xFF,0xFF,0xFF,0xFF,0xFF,0xFF,0xFF,0xFF,0xFF,
	0xFF,0xFF,0xFF,0xFF,0xFF,0xFF,0xFF,0xFF,0xFF,0xFF,0xFF,0xFF,0xFF,0xFF,0xFF,0xFF,0xFF,0xFF,0xFF,0xFF,
	0xFF,0xFF,0xFF,0xFF,0xFF,0xFF,0xFF,0xFF,0xFF,0xFF,0xFF,0xFF,0xFF,0xFF,0xFF,0xFF,0xFF,0xFF,0xFF,0xFF,
	0xFF,0xFF,0xFF,0xFF,0xFF,0xFF,0xFF,0xFF,0xFF,0xFF,0xFF,0xFF,0xFF,0xFF,0xFF,0xFF,0xFF,0xFF,0xFF,0xFF,
	0xFF,0xFF,0xFF,0xFF,0xFF,0xFF,0xFF,0xFF,0xFF,0xFF,0xFF,0xFF,0xFF,0xFF,0xFF,0xFF,0xFF,0xFF,0xFF,0xFF,
};

const lv_img_dsc_t face_75_2_410_dial_img_2_216824_2 = {
    .header.magic = LV_IMAGE_HEADER_MAGIC,
    .header.w = 60,
    .header.h = 22,
    .data_size = sizeof(face_75_2_410_dial_img_2_216824_data_2),
    .header.cf = LV_COLOR_FORMAT_NATIVE_WITH_ALPHA,
    .data = face_75_2_410_dial_img_2_216824_data_2};

const LV_ATTRIBUTE_MEM_ALIGN uint8_t face_75_2_410_dial_img_2_216824_data_3[] = {
	//RGB565 data with alpha
	0xCB,0x21,0xCB,0x21,0xCB,0x21,0x8A,0x19,0x4A,0x11,0x4A,0x19,0x4A,0x21,0x4A,0x19,0x4A,0x19,0x4A,0x19,
	0x2A,0x19,0x2A,0x19,0x2A,0x19,0x2A,0x19,0x2A,0x19,0x4A,0x21,0x6A,0x21,0xAB,0x29,0xAC,0x29,0xAD,0x29,
	0x8C,0x21,0x6C,0x21,0x8C,0x29,0xAD,0x29,0xCE,0x39,0xCE,0x39,0xCE,0x39,0xCE,0x39,0xCE,0x39,0xCE,0x39,
	0xCE,0x39,0xCE,0x39,0x8D,0x31,0x6D,0x31,0x6D,0x31,0x8D,0x39,0x8D,0x39,0x8D,0x39,0x8D,0x39,0x4D,0x31,
	0x2C,0x29,0x2B,0x29,0x2B,0x29,0x4B,0x31,0x4B,0x31,0x4B,0x31,0x4B,0x31,0x4B,0x31,0x4B,0x31,0x4B,0x31,
	0x4B,0x39,0x0A,0x31,0xCA,0x30,0xCA,0x30,0xEA,0x30,0x2B,0x39,0x2B,0x39,0x2B,0x39,0x2B,0x39,0x2B,0x39,
	0xCB,0x21,0xCB,0x21,0xCB,0x21,0xAE,0x42,0x70,0x63,0x70,0x63,0x50,0x63,0x50,0x63,0x50,0x63,0x30,0x5B,
	0x30,0x5B,0x30,0x63,0x30,0x63,0x51,0x63,0x51,0x63,0x30,0x5B,0xCF,0x52,0x0D,0x32,0xCD,0x29,0x2E,0x3A,
	0xD0,0x52,0x52,0x63,0xF0,0x5A,0x6F,0x4A,0xEE,0x39,0xCE,0x39,0xCE,0x39,0xCE,0x39,0xCE,0x39,0xCE,0x39,
	0xCE,0x39,0x0F,0x42,0xB1,0x5A,0x52,0x6B,0xF1,0x5A,0x4F,0x4A,0xCE,0x41,0x6D,0x39,0x8D,0x39,0x70,0x52,
	0x32,0x6B,0xF1,0x62,0x4F,0x4A,0x6C,0x39,0x4B,0x31,0x4C,0x31,0x4B,0x31,0x4B,0x31,0x4B,0x31,0x2B,0x31,
	0x2B,0x39,0x2E,0x52,0xD0,0x6A,0xAF,0x62,0x0E,0x52,0x4B,0x39,0x0B,0x39,0x2B,0x39,0x2B,0x39,0x2B,0x39,
	0xCB,0x21,0xAA,0x19,0xAB,0x21,0x53,0x7C,0x9B,0xD6,0x9A,0xD6,0x7A,0xCE,0x7A,0xCE,0x5A,0xCE,0x5A,0xCE,
	0x5A,0xCE,0x5A,0xCE,0x5B,0xCE,0x7B,0xCE,0x7B,0xCE,0xFA,0xBD,0xF7,0x94,0xB0,0x4A,0xEE,0x31,0xF0,0x52,
	0xD6,0x94,0x5B,0xCE,0x37,0xA5,0xB2,0x73,0x2F,0x42,0xAD,0x31,0xCE,0x39,0xCE,0x39,0xCE,0x39,0xCE,0x39,
	0xEE,0x41,0x90,0x5A,0x96,0x9C,0x7B,0xCE,0x57,0xA5,0x92,0x73,0x0F,0x42,0x4D,0x31,0x8E,0x39,0x55,0x8C,
	0x9B,0xCE,0xDA,0xBD,0x35,0x8C,0xEE,0x41,0x2C,0x31,0x4D,0x39,0x4C,0x39,0x4C,0x39,0x2B,0x31,0xEA,0x28,
	0x0B,0x31,0x13,0x8C,0x5A,0xD6,0xB9,0xBD,0xF4,0x8B,0x6C,0x41,0xEA,0x30,0x2B,0x39,0x2B,0x39,0x2B,0x39,
	0xCB,0x21,0xAA,0x19,0xCB,0x21,0x12,0x74,0x39,0xC6,0x19,0xBE,0xF8,0xBD,0xD8,0xB5,0xBB,0xD6,0x9E,0xF7,
	0x7E,0xEF,0xFC,0xDE,0x5B,0xC6,0x1A,0xBE,0x1A,0xBE,0xB9,0xB5,0xB6,0x94,0x8F,0x4A,0xEE,0x31,0x11,0x53,
	0x98,0xAD,0x9E,0xF7,0x1A,0xC6,0x14,0x84,0x4F,0x4A,0x8D,0x31,0xCE,0x39,0xCE,0x39,0xCE,0x39,0xAE,0x39,
	0x0F,0x42,0xD1,0x62,0x58,0xAD,0x9E,0xF7,0x1A,0xC6,0x14,0x84,0x2F,0x4A,0x2D,0x29,0x8E,0x39,0x17,0xA5,
	0xBE,0xF7,0xFD,0xDE,0xF7,0xA4,0x0F,0x4A,0x4D,0x39,0x6E,0x41,0x6D,0x41,0x6D,0x41,0x4C,0x39,0xEB,0x30,
	0x0B,0x31,0xD6,0xA4,0x9E,0xF7,0xFC,0xDE,0xB6,0x9C,0x8C,0x41,0xCA,0x30,0x2B,0x39,0x2B,0x39,0x2B,0x39,
	0xCB,0x21,0xAB,0x21,0xCB,0x21,0x30,0x5B,0x94,0x8C,0x74,0x84,0x54,0x84,0x33,0x84,0x19,0xBE,0xFF,0xFF,
	0xDF,0xFF,0xBC,0xD6,0x17,0x9D,0x75,0x8C,0xB6,0x8C,0x55,0x84,0xB2,0x73,0x4E,0x42,0x0D,0x32,0x11,0x5B,
	0xD9,0xB5,0xFF,0xFF,0x7A,0xCE,0x54,0x84,0x4F,0x4A,0x8D,0x31,0xCE,0x39,0xCE,0x39,0xCE,0x39,0xAE,0x39,
	0x0F,0x42,0xF1,0x62,0xB9,0xB5,0xFF,0xFF,0x7B,0xCE,0x35,0x84,0x2F,0x4A,0x2D,0x29,0x8E,0x39,0x58,0xAD,
	0xFF,0xFF,0x7E,0xEF,0x38,0xAD,0x0F,0x4A,0x4D,0x39,0x8E,0x41,0x8E,0x41,0x8E,0x41,0x8D,0x41,0x2C,0x39,
	0x2C,0x39,0x37,0xAD,0xFF,0xFF,0x7D,0xEF,0xF6,0xA4,0x8C,0x49,0xCA,0x30,0x2B,0x39,0x2B,0x39,0x2B,0x39,
	0xCB,0x21,0xCB,0x21,0xAB,0x21,0x0C,0x2A,0x4D,0x3A,0x4E,0x3A,0x4E,0x3A,0x4E,0x3A,0x17,0x9D,0xFF,0xFF,
	0x9E,0xF7,0xD9,0xBD,0x31,0x5B,0x4E,0x3A,0x8F,0x4A,0x6F,0x42,0x4E,0x42,0xED,0x31,0x2E,0x3A,0x11,0x5B,
	0xB9,0xB5,0xFF,0xFF,0x7A,0xCE,0x34,0x84,0x4F,0x4A,0x8D,0x31,0xCE,0x39,0xCE,0x39,0xCE,0x39,0xAE,0x39,
	0x0F,0x42,0xF1,0x62,0xB9,0xB5,0xFF,0xFF,0x5B,0xCE,0x15,0x84,0x2F,0x4A,0x2D,0x29,0x8E,0x39,0x58,0xAD,
	0xFF,0xFF,0x7E,0xEF,0x37,0xA5,0x0F,0x4A,0x4D,0x31,0x8E,0x41,0x8E,0x41,0x8E,0x41,0x8E,0x41,0x4D,0x39,
	0x6D,0x39,0x38,0xAD,0xFF,0xFF,0x5D,0xEF,0xF6,0xA4,0x8C,0x49,0xCA,0x30,0x2B,0x39,0x2B,0x39,0x2B,0x39,
	0xCB,0x21,0xCB,0x21,0xAB,0x21,0x8B,0x21,0x8B,0x19,0x8C,0x21,0x8D,0x21,0x8D,0x21,0xB6,0x8C,0xFF,0xFF,
	0x9E,0xF7,0x98,0xAD,0x6F,0x42,0x4B,0x21,0xAC,0x29,0xAC,0x29,0xCD,0x29,0xCD,0x29,0x2E,0x3A,0x11,0x5B,
	0xB9,0xB5,0xFF,0xFF,0x5A,0xCE,0x34,0x84,0x2F,0x4A,0x8D,0x31,0xCE,0x39,0xCE,0x39,0xCE,0x39,0xAE,0x31,
	0xEE,0x41,0xF1,0x5A,0x99,0xB5,0xFF,0xFF,0x5B,0xCE,0x15,0x84,0x2F,0x4A,0x2D,0x29,0x8E,0x39,0x58,0xAD,
	0xFF,0xFF,0x5D,0xEF,0x17,0xA5,0xEF,0x41,0x2D,0x31,0x8E,0x41,0x8E,0x41,0x8E,0x41,0x8E,0x41,0x4D,0x39,
	0x6E,0x41,0x38,0xAD,0xFF,0xFF,0x5D,0xEF,0xF6,0xA4,0xAD,0x49,0xCA,0x30,0x2B,0x39,0x2B,0x39,0x2B,0x39,
	0xAB,0x21,0xAB,0x21,0xCB,0x21,0xCC,0x21,0xED,0x29,0x0E,0x2A,0xED,0x21,0xCD,0x29,0xD6,0x94,0xFF,0xFF,
	0x9E,0xF7,0x98,0xB5,0xAF,0x4A,0x8C,0x29,0xED,0x31,0xED,0x31,0xED,0x31,0xCD,0x29,0x2E,0x3A,0x11,0x5B,
	0xB9,0xB5,0xFF,0xFF,0x7A,0xCE,0x34,0x84,0x4F,0x4A,0x8D,0x31,0xCE,0x39,0xCE,0x39,0xCE,0x39,0xAE,0x31,
	0x0E,0x42,0xF1,0x62,0x99,0xB5,0xFF,0xFF,0x5B,0xCE,0x15,0x84,0x2F,0x4A,0x2D,0x29,0x8E,0x39,0x58,0xAD,
	0xFF,0xFF,0x5D,0xEF,0x17,0xA5,0xEF,0x49,0x2D,0x31,0x8E,0x41,0x8E,0x41,0x8E,0x41,0x8E,0x41,0x4D,0x39,
	0x6E,0x41,0x38,0xAD,0xFF,0xFF,0x5E,0xEF,0xF7,0xAC,0xAD,0x49,0xEA,0x30,0x2B,0x39,0x2B,0x39,0x2B,0x39,
	0xAB,0x21,0xCC,0x21,0xEC,0x21,0x0D,0x2A,0x0D,0x2A,0x0D,0x2A,0xCD,0x21,0xAD,0x21,0xD6,0x8C,0xFF,0xFF,
	0x9E,0xF7,0x98,0xB5,0xAF,0x4A,0x8C,0x29,0xED,0x31,0xED,0x31,0xED,0x31,0xCD,0x29,0x2E,0x3A,0x11,0x5B,
	0xB9,0xB5,0xFF,0xFF,0x9B,0xD6,0x96,0x94,0xB0,0x5A,0x0F,0x42,0x4F,0x4A,0x4F,0x4A,0x4F,0x4A,0x2F,0x4A,
	0x90,0x52,0x52,0x6B,0xD9,0xBD,0xFF,0xFF,0x5B,0xCE,0x15,0x84,0x2F,0x4A,0x2D,0x29,0x8E,0x39,0x58,0xAD,
	0xFF,0xFF,0x5D,0xEF,0x17,0xA5,0xEF,0x49,0x4D,0x31,0x8E,0x41,0x8E,0x41,0x8D,0x41,0x8E,0x41,0x4D,0x39,
	0x6E,0x41,0x38,0xAD,0xFF,0xFF,0x5E,0xEF,0xF7,0xAC,0xCE,0x49,0xEC,0x30,0x2C,0x39,0x2B,0x39,0x2B,0x39,
	0xCC,0x21,0xED,0x21,0x0D,0x2A,0x0D,0x2A,0x0D,0x2A,0xED,0x29,0xCD,0x21,0xAC,0x21,0xB5,0x8C,0xFF,0xFF,
	0x9E,0xF7,0x98,0xB5,0xAF,0x4A,0x8C,0x29,0xED,0x31,0xED,0x31,0xED,0x31,0xCD,0x29,0x2E,0x3A,0x11,0x5B,
	0xB8,0xAD,0xFF,0xFF,0xFD,0xDE,0x78,0xAD,0x14,0x84,0x93,0x73,0xB3,0x7B,0xB3,0x7B,0xB3,0x7B,0xB3,0x73,
	0xF4,0x7B,0x95,0x94,0x7B,0xCE,0xFF,0xFF,0x5B,0xCE,0x15,0x84,0x2F,0x4A,0x2D,0x29,0x8D,0x39,0x58,0xAD,
	0xFF,0xFF,0x5D,0xEF,0x17,0xA5,0xEF,0x49,0x4D,0x31,0x8E,0x41,0x6D,0x41,0x6D,0x41,0x8E,0x41,0x4D,0x39,
	0x6E,0x41,0x38,0xAD,0xFF,0xFF,0x5D,0xEF,0xF7,0xAC,0xCF,0x51,0x0D,0x31,0x4D,0x39,0x2C,0x39,0x2B,0x39,
	0x0D,0x2A,0x0E,0x2A,0x2E,0x2A,0x0E,0x2A,0x0E,0x2A,0x0E,0x2A,0xCD,0x21,0xAD,0x21,0xD6,0x94,0xFF,0xFF,
	0x9E,0xF7,0x98,0xB5,0x8F,0x4A,0x8C,0x21,0xED,0x31,0xED,0x31,0xCD,0x31,0xAD,0x29,0x0E,0x3A,0x11,0x53,
	0x98,0xAD,0xFF,0xFF,0xDF,0xF7,0x7E,0xEF,0x3D,0xE7,0x1D,0xE7,0x3D,0xE7,0x3D,0xE7,0x3D,0xE7,0x3D,0xE7,
	0x3D,0xE7,0x5D,0xEF,0xBE,0xF7,0xFF,0xFF,0x3B,0xC6,0x15,0x84,0x2F,0x4A,0x2C,0x29,0x8D,0x39,0x57,0xAD,
	0xFF,0xFF,0x5E,0xEF,0x37,0xA5,0xEE,0x41,0x2C,0x31,0x6D,0x41,0x6D,0x41,0x8E,0x41,0x8E,0x41,0x4D,0x39,
	0x6D,0x39,0x38,0xAD,0xFF,0xFF,0x5D,0xEF,0xF7,0xAC,0xCF,0x49,0x2D,0x39,0x8E,0x49,0x6D,0x41,0x4D,0x41,
	0x4E,0x2A,0x4E,0x2A,0x4E,0x2A,0x2E,0x2A,0x2E,0x2A,0x2E,0x2A,0xEE,0x29,0xCD,0x29,0xD6,0x94,0xFF,0xFF,
	0x9E,0xF7,0xB9,0xB5,0xB0,0x4A,0xAD,0x29,0x0D,0x32,0xED,0x31,0xCD,0x31,0xCD,0x31,0x2E,0x3A,0x11,0x5B,
	0x98,0xAD,0xFF,0xFF,0xDF,0xF7,0x7E,0xEF,0x5D,0xE7,0x3D,0xE7,0x3D,0xE7,0x3D,0xE7,0x3D,0xE7,0x3D,0xE7,
	0x3D,0xE7,0x5D,0xEF,0xBE,0xF7,0xFF,0xFF,0x3A,0xC6,0x15,0x84,0x2F,0x4A,0x2C,0x29,0x8D,0x39,0x57,0xAD,
	0xFF,0xFF,0x5E,0xEF,0x37,0xA5,0x0E,0x4A,0x4C,0x39,0x8D,0x41,0x8E,0x41,0xAE,0x41,0xAE,0x41,0x4E,0x39,
	0x8E,0x41,0x38,0xAD,0xFF,0xFF,0x5D,0xEF,0x18,0xAD,0xEF,0x51,0x2E,0x39,0xAF,0x49,0x8F,0x49,0x8F,0x49,
	0x6F,0x32,0x6F,0x32,0x6F,0x32,0x6F,0x32,0x6F,0x32,0x4F,0x32,0x0E,0x2A,0x0E,0x2A,0xF6,0x94,0xFF,0xFF,
	0x9E,0xF7,0xB9,0xB5,0xD1,0x52,0xCE,0x31,0x2F,0x3A,0x0F,0x3A,0x0F,0x3A,0xEE,0x31,0x4E,0x42,0x11,0x63,
	0xB8,0xB5,0xFF,0xFF,0xFC,0xDE,0x78,0xAD,0x34,0x7C,0xB3,0x6B,0xB3,0x7B,0xB3,0x7B,0xB3,0x7B,0xB3,0x73,
	0xF4,0x83,0x95,0x94,0x7B,0xCE,0xFF,0xFF,0x5A,0xC6,0x14,0x84,0x2E,0x4A,0x2C,0x29,0x8D,0x39,0x58,0xAD,
	0xFF,0xFF,0x5D,0xE7,0x38,0xA5,0x30,0x4A,0x6E,0x39,0xCF,0x49,0xCF,0x49,0xCF,0x49,0xCF,0x49,0x8F,0x41,
	0xB0,0x49,0x59,0xB5,0xFF,0xFF,0x5D,0xEF,0x38,0xAD,0x11,0x52,0x4F,0x41,0xB0,0x49,0xB0,0x49,0xB0,0x51,
	0x6F,0x32,0x6F,0x32,0x6F,0x32,0x6F,0x32,0x6F,0x32,0x6F,0x32,0x2F,0x2A,0x0E,0x2A,0xF6,0x94,0xFF,0xFF,
	0x9E,0xEF,0xD9,0xB5,0xF1,0x52,0xEE,0x31,0x2F,0x3A,0x2F,0x3A,0x2F,0x3A,0x0F,0x3A,0x50,0x42,0x32,0x63,
	0xB9,0xB5,0xFF,0xFF,0x9B,0xD6,0x96,0x8C,0xD0,0x52,0x2E,0x42,0x4F,0x4A,0x4F,0x4A,0x2F,0x42,0x2E,0x42,
	0x6F,0x4A,0x52,0x6B,0xD9,0xBD,0xFF,0xFF,0x5B,0xCE,0x34,0x8C,0x2F,0x4A,0x4D,0x29,0xAF,0x39,0x58,0xAD,
	0xFF,0xFF,0x5E,0xEF,0x38,0xAD,0x31,0x52,0x8F,0x41,0xD0,0x49,0xD0,0x49,0xD0,0x49,0xCF,0x49,0x8F,0x41,
	0xB0,0x49,0x59,0xAD,0xFF,0xFF,0x5D,0xEF,0x38,0xB5,0x31,0x52,0x6F,0x41,0xB0,0x49,0xB0,0x51,0xB0,0x51,
	0x6F,0x32,0x6F,0x32,0x6F,0x32,0x6F,0x32,0x6F,0x32,0x6F,0x32,0x4E,0x2A,0x0E,0x32,0xF6,0x94,0xFF,0xFF,
	0x9E,0xEF,0xD9,0xB5,0xF1,0x52,0xEE,0x31,0x2F,0x3A,0x2F,0x3A,0x2F,0x3A,0x10,0x3A,0x71,0x42,0x32,0x63,
	0xD9,0xB5,0xFF,0xFF,0x7B,0xCE,0x35,0x84,0x4F,0x4A,0x8D,0x31,0xCD,0x39,0xAD,0x31,0xAD,0x31,0x8D,0x29,
	0xEE,0x39,0xF1,0x5A,0x99,0xB5,0xFF,0xFF,0x5B,0xD6,0x35,0x8C,0x50,0x52,0x6E,0x31,0xD0,0x41,0x59,0xAD,
	0xFF,0xFF,0x5E,0xEF,0x39,0xB5,0x31,0x52,0x8F,0x41,0xD0,0x49,0xD0,0x49,0xD0,0x49,0xD0,0x49,0x8F,0x41,
	0xB0,0x49,0x59,0xB5,0xFF,0xFF,0x5D,0xEF,0x38,0xAD,0x11,0x52,0x6F,0x41,0xB0,0x51,0xB0,0x49,0xB0,0x49,
	0x6F,0x32,0x6F,0x32,0x6F,0x32,0x6F,0x32,0x6F,0x32,0x6F,0x32,0x2E,0x2A,0x0E,0x2A,0xF6,0x94,0xFF,0xFF,
	0x9E,0xF7,0xD9,0xB5,0xF1,0x52,0xEE,0x31,0x2F,0x3A,0x2F,0x3A,0x2F,0x3A,0x0F,0x3A,0x70,0x42,0x32,0x63,
	0xD9,0xB5,0xFF,0xFF,0x7B,0xCE,0x55,0x84,0x70,0x4A,0xAE,0x31,0xEE,0x39,0xCE,0x39,0xAE,0x39,0xAE,0x39,
	0x0F,0x42,0xF1,0x62,0xB9,0xB5,0xFF,0xFF,0x5B,0xD6,0x36,0x8C,0x71,0x52,0x6F,0x39,0xD0,0x41,0xF7,0xA4,
	0x9E,0xF7,0x9E,0xF7,0x99,0xBD,0xF0,0x51,0x4E,0x39,0xCF,0x49,0xD0,0x49,0xD0,0x49,0xD0,0x49,0x90,0x41,
	0xF0,0x49,0x79,0xB5,0xFF,0xFF,0x5D,0xE7,0x18,0xAD,0x11,0x52,0x6F,0x41,0xB0,0x49,0xB0,0x49,0xB0,0x49,
	0x6F,0x32,0x6F,0x32,0x6F,0x32,0x6F,0x32,0x6F,0x32,0x4F,0x32,0x2E,0x2A,0x0E,0x2A,0xF6,0x94,0xFF,0xFF,
	0x9E,0xF7,0xD9,0xB5,0xF1,0x52,0xEE,0x31,0x2F,0x3A,0x2F,0x3A,0x2F,0x3A,0x0F,0x3A,0x6F,0x42,0x32,0x63,
	0xD9,0xB5,0xFF,0xFF,0x7B,0xCE,0x75,0x84,0x90,0x4A,0xEF,0x31,0x2F,0x3A,0x10,0x42,0x10,0x42,0xEF,0x41,
	0x50,0x4A,0x32,0x6B,0xB9,0xBD,0xFF,0xFF,0x7B,0xD6,0x56,0x8C,0x71,0x52,0x6F,0x39,0xB0,0x49,0x36,0x8C,
	0x9C,0xD6,0xBE,0xF7,0x5B,0xD6,0x13,0x6B,0xF0,0x49,0xCF,0x49,0xAF,0x41,0xB0,0x49,0xB0,0x49,0x31,0x5A,
	0x54,0x7B,0x3B,0xCE,0xFF,0xFF,0x9B,0xD6,0x56,0x94,0xF1,0x51,0x6F,0x41,0xB0,0x49,0xB0,0x49,0xB0,0x49,
	0x6F,0x32,0x6F,0x32,0x6F,0x32,0x6F,0x32,0x6F,0x32,0x4F,0x32,0x2E,0x2A,0x0E,0x2A,0xF6,0x94,0xFF,0xFF,
	0x9E,0xF7,0xD9,0xB5,0xF1,0x52,0xEE,0x31,0x2F,0x3A,0x2F,0x3A,0x2F,0x3A,0x0F,0x3A,0x70,0x42,0x32,0x63,
	0xD9,0xB5,0xFF,0xFF,0x7B,0xCE,0x75,0x84,0x91,0x4A,0xF0,0x39,0x51,0x4A,0x51,0x4A,0x72,0x4A,0x51,0x42,
	0x92,0x52,0x54,0x73,0xDA,0xBD,0xFF,0xFF,0x7B,0xCE,0x56,0x8C,0x70,0x52,0x8E,0x39,0xCF,0x41,0x13,0x6B,
	0xF8,0xA4,0x7E,0xEF,0xBF,0xF7,0x9A,0xB5,0x74,0x7B,0xCF,0x41,0x6F,0x39,0x8F,0x41,0xD0,0x49,0x94,0x83,
	0x3A,0xCE,0xDF,0xFF,0xDF,0xFF,0x18,0xAD,0xD3,0x6A,0xD0,0x49,0x90,0x49,0xB0,0x49,0xB0,0x49,0xB0,0x49,
	0x6F,0x32,0x6F,0x32,0x6F,0x32,0x6F,0x32,0x6F,0x32,0x4F,0x32,0x2E,0x2A,0x0E,0x2A,0x17,0x95,0xFF,0xFF,
	0xDF,0xFF,0xF9,0xB5,0xF1,0x52,0xEE,0x31,0x2F,0x3A,0x2F,0x3A,0x2F,0x3A,0x0F,0x3A,0x50,0x42,0x52,0x63,
	0xF9,0xBD,0xFF,0xFF,0xBB,0xD6,0x96,0x8C,0xB2,0x52,0x11,0x42,0x52,0x4A,0x72,0x4A,0x72,0x4A,0x52,0x4A,
	0xB3,0x52,0x75,0x73,0xFB,0xC5,0xFF,0xFF,0xBC,0xD6,0x77,0x94,0x71,0x52,0xAF,0x39,0xCF,0x41,0x30,0x52,
	0x53,0x73,0x1A,0xC6,0x7E,0xEF,0x5E,0xEF,0x1A,0xC6,0xD7,0x9C,0x76,0x94,0x97,0x9C,0xD7,0xA4,0x1A,0xC6,
	0xDF,0xFF,0xBE,0xF7,0x5B,0xCE,0x95,0x83,0xF1,0x51,0xB0,0x49,0xB0,0x49,0xB0,0x49,0xB0,0x49,0xB0,0x49,
	0x6F,0x32,0x6F,0x32,0x6F,0x32,0x6F,0x32,0x6F,0x32,0x4F,0x32,0x2E,0x2A,0x0E,0x2A,0xF6,0x8C,0xFF,0xFF,
	0x9E,0xEF,0xB9,0xB5,0xF1,0x52,0xEE,0x31,0x2F,0x3A,0x2F,0x3A,0x2F,0x3A,0xEF,0x39,0x50,0x42,0x32,0x63,
	0xB9,0xB5,0xFF,0xFF,0x9B,0xCE,0x96,0x94,0xD3,0x5A,0x32,0x42,0x52,0x4A,0x51,0x4A,0x51,0x4A,0x32,0x4A,
	0x92,0x52,0x54,0x73,0xDA,0xBD,0xFF,0xFF,0x9C,0xCE,0x77,0x94,0x92,0x5A,0xD0,0x41,0xF0,0x49,0xAF,0x41,
	0x0F,0x4A,0x35,0x8C,0x3A,0xC6,0xBE,0xF7,0xFF,0xFF,0xFF,0xFF,0xFF,0xFF,0xFF,0xFF,0xFF,0xFF,0xFF,0xFF,
	0xFF,0xFF,0x3B,0xCE,0x16,0x8C,0x51,0x5A,0x70,0x41,0xB0,0x49,0xB0,0x49,0xB0,0x49,0xB0,0x49,0xB0,0x49,
	0x6F,0x32,0x6F,0x32,0x6F,0x32,0x6F,0x32,0x6F,0x32,0x4F,0x32,0x2F,0x32,0x2F,0x2A,0x93,0x63,0x37,0x9D,
	0xF6,0x94,0xF4,0x73,0x90,0x42,0x0E,0x32,0x2F,0x3A,0x2F,0x3A,0x30,0x3A,0x30,0x3A,0x50,0x42,0xD2,0x52,
	0x15,0x7C,0x38,0xA5,0x76,0x8C,0x74,0x73,0x92,0x52,0x51,0x4A,0x51,0x4A,0x51,0x4A,0x51,0x4A,0x52,0x4A,
	0x72,0x4A,0xD3,0x5A,0x16,0x84,0x18,0xA5,0x77,0x94,0x74,0x6B,0x72,0x52,0x12,0x4A,0x31,0x4A,0xF0,0x41,
	0xF0,0x49,0x92,0x5A,0x53,0x73,0x56,0x94,0x18,0xAD,0xFA,0xC5,0x3B,0xCE,0x3B,0xCE,0x1B,0xC6,0x79,0xB5,
	0x77,0x9C,0x74,0x7B,0x72,0x5A,0xD0,0x49,0x90,0x49,0xB0,0x49,0xB0,0x49,0xB0,0x49,0xB0,0x49,0xB0,0x49,
	0x6F,0x32,0x6F,0x32,0x6F,0x32,0x6F,0x32,0x6F,0x32,0x4F,0x32,0x4F,0x32,0x4F,0x32,0xD0,0x4A,0x52,0x63,
	0x52,0x5B,0xD1,0x4A,0x4F,0x42,0x0F,0x3A,0x2F,0x3A,0x30,0x3A,0x30,0x3A,0x50,0x3A,0x71,0x42,0x92,0x4A,
	0x13,0x5B,0x74,0x6B,0x33,0x63,0xD2,0x5A,0x71,0x4A,0x51,0x4A,0x51,0x4A,0x51,0x4A,0x51,0x4A,0x52,0x4A,
	0x72,0x4A,0x92,0x4A,0xF3,0x62,0x54,0x73,0x13,0x6B,0xB2,0x5A,0x52,0x4A,0x32,0x4A,0x32,0x4A,0x32,0x4A,
	0x11,0x4A,0xB0,0x41,0xB0,0x41,0x11,0x52,0x13,0x73,0x35,0x94,0xB7,0x9C,0xB7,0x9C,0x97,0x9C,0x95,0x83,
	0x31,0x5A,0xB0,0x49,0x8F,0x41,0xB0,0x49,0xB0,0x49,0xB0,0x49,0xB0,0x49,0xB0,0x49,0xB0,0x49,0xB0,0x49,
	0xFF,0xFF,0xFF,0xFF,0xFF,0xFF,0xFF,0xFF,0xFF,0xFF,0xFF,0xFF,0xFF,0xFF,0xFF,0xFF,0xFF,0xFF,0xFF,0xFF,
	0xFF,0xFF,0xFF,0xFF,0xFF,0xFF,0xFF,0xFF,0xFF,0xFF,0xFF,0xFF,0xFF,0xFF,0xFF,0xFF,0xFF,0xFF,0xFF,0xFF,
	0xFF,0xFF,0xFF,0xFF,0xFF,0xFF,0xFF,0xFF,0xFF,0xFF,0xFF,0xFF,0xFF,0xFF,0xFF,0xFF,0xFF,0xFF,0xFF,0xFF,
	0xFF,0xFF,0xFF,0xFF,0xFF,0xFF,0xFF,0xFF,0xFF,0xFF,0xFF,0xFF,0xFF,0xFF,0xFF,0xFF,0xFF,0xFF,0xFF,0xFF,
	0xFF,0xFF,0xFF,0xFF,0xFF,0xFF,0xFF,0xFF,0xFF,0xFF,0xFF,0xFF,0xFF,0xFF,0xFF,0xFF,0xFF,0xFF,0xFF,0xFF,
	0xFF,0xFF,0xFF,0xFF,0xFF,0xFF,0xFF,0xFF,0xFF,0xFF,0xFF,0xFF,0xFF,0xFF,0xFF,0xFF,0xFF,0xFF,0xFF,0xFF,
	0xFF,0xFF,0xFF,0xFF,0xFF,0xFF,0xFF,0xFF,0xFF,0xFF,0xFF,0xFF,0xFF,0xFF,0xFF,0xFF,0xFF,0xFF,0xFF,0xFF,
	0xFF,0xFF,0xFF,0xFF,0xFF,0xFF,0xFF,0xFF,0xFF,0xFF,0xFF,0xFF,0xFF,0xFF,0xFF,0xFF,0xFF,0xFF,0xFF,0xFF,
	0xFF,0xFF,0xFF,0xFF,0xFF,0xFF,0xFF,0xFF,0xFF,0xFF,0xFF,0xFF,0xFF,0xFF,0xFF,0xFF,0xFF,0xFF,0xFF,0xFF,
	0xFF,0xFF,0xFF,0xFF,0xFF,0xFF,0xFF,0xFF,0xFF,0xFF,0xFF,0xFF,0xFF,0xFF,0xFF,0xFF,0xFF,0xFF,0xFF,0xFF,
	0xFF,0xFF,0xFF,0xFF,0xFF,0xFF,0xFF,0xFF,0xFF,0xFF,0xFF,0xFF,0xFF,0xFF,0xFF,0xFF,0xFF,0xFF,0xFF,0xFF,
	0xFF,0xFF,0xFF,0xFF,0xFF,0xFF,0xFF,0xFF,0xFF,0xFF,0xFF,0xFF,0xFF,0xFF,0xFF,0xFF,0xFF,0xFF,0xFF,0xFF,
	0xFF,0xFF,0xFF,0xFF,0xFF,0xFF,0xFF,0xFF,0xFF,0xFF,0xFF,0xFF,0xFF,0xFF,0xFF,0xFF,0xFF,0xFF,0xFF,0xFF,
	0xFF,0xFF,0xFF,0xFF,0xFF,0xFF,0xFF,0xFF,0xFF,0xFF,0xFF,0xFF,0xFF,0xFF,0xFF,0xFF,0xFF,0xFF,0xFF,0xFF,
	0xFF,0xFF,0xFF,0xFF,0xFF,0xFF,0xFF,0xFF,0xFF,0xFF,0xFF,0xFF,0xFF,0xFF,0xFF,0xFF,0xFF,0xFF,0xFF,0xFF,
	0xFF,0xFF,0xFF,0xFF,0xFF,0xFF,0xFF,0xFF,0xFF,0xFF,0xFF,0xFF,0xFF,0xFF,0xFF,0xFF,0xFF,0xFF,0xFF,0xFF,
	0xFF,0xFF,0xFF,0xFF,0xFF,0xFF,0xFF,0xFF,0xFF,0xFF,0xFF,0xFF,0xFF,0xFF,0xFF,0xFF,0xFF,0xFF,0xFF,0xFF,
	0xFF,0xFF,0xFF,0xFF,0xFF,0xFF,0xFF,0xFF,0xFF,0xFF,0xFF,0xFF,0xFF,0xFF,0xFF,0xFF,0xFF,0xFF,0xFF,0xFF,
	0xFF,0xFF,0xFF,0xFF,0xFF,0xFF,0xFF,0xFF,0xFF,0xFF,0xFF,0xFF,0xFF,0xFF,0xFF,0xFF,0xFF,0xFF,0xFF,0xFF,
	0xFF,0xFF,0xFF,0xFF,0xFF,0xFF,0xFF,0xFF,0xFF,0xFF,0xFF,0xFF,0xFF,0xFF,0xFF,0xFF,0xFF,0xFF,0xFF,0xFF,
	0xFF,0xFF,0xFF,0xFF,0xFF,0xFF,0xFF,0xFF,0xFF,0xFF,0xFF,0xFF,0xFF,0xFF,0xFF,0xFF,0xFF,0xFF,0xFF,0xFF,
	0xFF,0xFF,0xFF,0xFF,0xFF,0xFF,0xFF,0xFF,0xFF,0xFF,0xFF,0xFF,0xFF,0xFF,0xFF,0xFF,0xFF,0xFF,0xFF,0xFF,
	0xFF,0xFF,0xFF,0xFF,0xFF,0xFF,0xFF,0xFF,0xFF,0xFF,0xFF,0xFF,0xFF,0xFF,0xFF,0xFF,0xFF,0xFF,0xFF,0xFF,
	0xFF,0xFF,0xFF,0xFF,0xFF,0xFF,0xFF,0xFF,0xFF,0xFF,0xFF,0xFF,0xFF,0xFF,0xFF,0xFF,0xFF,0xFF,0xFF,0xFF,
	0xFF,0xFF,0xFF,0xFF,0xFF,0xFF,0xFF,0xFF,0xFF,0xFF,0xFF,0xFF,0xFF,0xFF,0xFF,0xFF,0xFF,0xFF,0xFF,0xFF,
	0xFF,0xFF,0xFF,0xFF,0xFF,0xFF,0xFF,0xFF,0xFF,0xFF,0xFF,0xFF,0xFF,0xFF,0xFF,0xFF,0xFF,0xFF,0xFF,0xFF,
	0xFF,0xFF,0xFF,0xFF,0xFF,0xFF,0xFF,0xFF,0xFF,0xFF,0xFF,0xFF,0xFF,0xFF,0xFF,0xFF,0xFF,0xFF,0xFF,0xFF,
	0xFF,0xFF,0xFF,0xFF,0xFF,0xFF,0xFF,0xFF,0xFF,0xFF,0xFF,0xFF,0xFF,0xFF,0xFF,0xFF,0xFF,0xFF,0xFF,0xFF,
	0xFF,0xFF,0xFF,0xFF,0xFF,0xFF,0xFF,0xFF,0xFF,0xFF,0xFF,0xFF,0xFF,0xFF,0xFF,0xFF,0xFF,0xFF,0xFF,0xFF,
	0xFF,0xFF,0xFF,0xFF,0xFF,0xFF,0xFF,0xFF,0xFF,0xFF,0xFF,0xFF,0xFF,0xFF,0xFF,0xFF,0xFF,0xFF,0xFF,0xFF,
	0xFF,0xFF,0xFF,0xFF,0xFF,0xFF,0xFF,0xFF,0xFF,0xFF,0xFF,0xFF,0xFF,0xFF,0xFF,0xFF,0xFF,0xFF,0xFF,0xFF,
	0xFF,0xFF,0xFF,0xFF,0xFF,0xFF,0xFF,0xFF,0xFF,0xFF,0xFF,0xFF,0xFF,0xFF,0xFF,0xFF,0xFF,0xFF,0xFF,0xFF,
	0xFF,0xFF,0xFF,0xFF,0xFF,0xFF,0xFF,0xFF,0xFF,0xFF,0xFF,0xFF,0xFF,0xFF,0xFF,0xFF,0xFF,0xFF,0xFF,0xFF,
	0xFF,0xFF,0xFF,0xFF,0xFF,0xFF,0xFF,0xFF,0xFF,0xFF,0xFF,0xFF,0xFF,0xFF,0xFF,0xFF,0xFF,0xFF,0xFF,0xFF,
	0xFF,0xFF,0xFF,0xFF,0xFF,0xFF,0xFF,0xFF,0xFF,0xFF,0xFF,0xFF,0xFF,0xFF,0xFF,0xFF,0xFF,0xFF,0xFF,0xFF,
	0xFF,0xFF,0xFF,0xFF,0xFF,0xFF,0xFF,0xFF,0xFF,0xFF,0xFF,0xFF,0xFF,0xFF,0xFF,0xFF,0xFF,0xFF,0xFF,0xFF,
	0xFF,0xFF,0xFF,0xFF,0xFF,0xFF,0xFF,0xFF,0xFF,0xFF,0xFF,0xFF,0xFF,0xFF,0xFF,0xFF,0xFF,0xFF,0xFF,0xFF,
	0xFF,0xFF,0xFF,0xFF,0xFF,0xFF,0xFF,0xFF,0xFF,0xFF,0xFF,0xFF,0xFF,0xFF,0xFF,0xFF,0xFF,0xFF,0xFF,0xFF,
	0xFF,0xFF,0xFF,0xFF,0xFF,0xFF,0xFF,0xFF,0xFF,0xFF,0xFF,0xFF,0xFF,0xFF,0xFF,0xFF,0xFF,0xFF,0xFF,0xFF,
	0xFF,0xFF,0xFF,0xFF,0xFF,0xFF,0xFF,0xFF,0xFF,0xFF,0xFF,0xFF,0xFF,0xFF,0xFF,0xFF,0xFF,0xFF,0xFF,0xFF,
	0xFF,0xFF,0xFF,0xFF,0xFF,0xFF,0xFF,0xFF,0xFF,0xFF,0xFF,0xFF,0xFF,0xFF,0xFF,0xFF,0xFF,0xFF,0xFF,0xFF,
	0xFF,0xFF,0xFF,0xFF,0xFF,0xFF,0xFF,0xFF,0xFF,0xFF,0xFF,0xFF,0xFF,0xFF,0xFF,0xFF,0xFF,0xFF,0xFF,0xFF,
	0xFF,0xFF,0xFF,0xFF,0xFF,0xFF,0xFF,0xFF,0xFF,0xFF,0xFF,0xFF,0xFF,0xFF,0xFF,0xFF,0xFF,0xFF,0xFF,0xFF,
	0xFF,0xFF,0xFF,0xFF,0xFF,0xFF,0xFF,0xFF,0xFF,0xFF,0xFF,0xFF,0xFF,0xFF,0xFF,0xFF,0xFF,0xFF,0xFF,0xFF,
	0xFF,0xFF,0xFF,0xFF,0xFF,0xFF,0xFF,0xFF,0xFF,0xFF,0xFF,0xFF,0xFF,0xFF,0xFF,0xFF,0xFF,0xFF,0xFF,0xFF,
	0xFF,0xFF,0xFF,0xFF,0xFF,0xFF,0xFF,0xFF,0xFF,0xFF,0xFF,0xFF,0xFF,0xFF,0xFF,0xFF,0xFF,0xFF,0xFF,0xFF,
	0xFF,0xFF,0xFF,0xFF,0xFF,0xFF,0xFF,0xFF,0xFF,0xFF,0xFF,0xFF,0xFF,0xFF,0xFF,0xFF,0xFF,0xFF,0xFF,0xFF,
	0xFF,0xFF,0xFF,0xFF,0xFF,0xFF,0xFF,0xFF,0xFF,0xFF,0xFF,0xFF,0xFF,0xFF,0xFF,0xFF,0xFF,0xFF,0xFF,0xFF,
	0xFF,0xFF,0xFF,0xFF,0xFF,0xFF,0xFF,0xFF,0xFF,0xFF,0xFF,0xFF,0xFF,0xFF,0xFF,0xFF,0xFF,0xFF,0xFF,0xFF,
	0xFF,0xFF,0xFF,0xFF,0xFF,0xFF,0xFF,0xFF,0xFF,0xFF,0xFF,0xFF,0xFF,0xFF,0xFF,0xFF,0xFF,0xFF,0xFF,0xFF,
	0xFF,0xFF,0xFF,0xFF,0xFF,0xFF,0xFF,0xFF,0xFF,0xFF,0xFF,0xFF,0xFF,0xFF,0xFF,0xFF,0xFF,0xFF,0xFF,0xFF,
	0xFF,0xFF,0xFF,0xFF,0xFF,0xFF,0xFF,0xFF,0xFF,0xFF,0xFF,0xFF,0xFF,0xFF,0xFF,0xFF,0xFF,0xFF,0xFF,0xFF,
	0xFF,0xFF,0xFF,0xFF,0xFF,0xFF,0xFF,0xFF,0xFF,0xFF,0xFF,0xFF,0xFF,0xFF,0xFF,0xFF,0xFF,0xFF,0xFF,0xFF,
	0xFF,0xFF,0xFF,0xFF,0xFF,0xFF,0xFF,0xFF,0xFF,0xFF,0xFF,0xFF,0xFF,0xFF,0xFF,0xFF,0xFF,0xFF,0xFF,0xFF,
	0xFF,0xFF,0xFF,0xFF,0xFF,0xFF,0xFF,0xFF,0xFF,0xFF,0xFF,0xFF,0xFF,0xFF,0xFF,0xFF,0xFF,0xFF,0xFF,0xFF,
	0xFF,0xFF,0xFF,0xFF,0xFF,0xFF,0xFF,0xFF,0xFF,0xFF,0xFF,0xFF,0xFF,0xFF,0xFF,0xFF,0xFF,0xFF,0xFF,0xFF,
	0xFF,0xFF,0xFF,0xFF,0xFF,0xFF,0xFF,0xFF,0xFF,0xFF,0xFF,0xFF,0xFF,0xFF,0xFF,0xFF,0xFF,0xFF,0xFF,0xFF,
	0xFF,0xFF,0xFF,0xFF,0xFF,0xFF,0xFF,0xFF,0xFF,0xFF,0xFF,0xFF,0xFF,0xFF,0xFF,0xFF,0xFF,0xFF,0xFF,0xFF,
	0xFF,0xFF,0xFF,0xFF,0xFF,0xFF,0xFF,0xFF,0xFF,0xFF,0xFF,0xFF,0xFF,0xFF,0xFF,0xFF,0xFF,0xFF,0xFF,0xFF,
	0xFF,0xFF,0xFF,0xFF,0xFF,0xFF,0xFF,0xFF,0xFF,0xFF,0xFF,0xFF,0xFF,0xFF,0xFF,0xFF,0xFF,0xFF,0xFF,0xFF,
	0xFF,0xFF,0xFF,0xFF,0xFF,0xFF,0xFF,0xFF,0xFF,0xFF,0xFF,0xFF,0xFF,0xFF,0xFF,0xFF,0xFF,0xFF,0xFF,0xFF,
	0xFF,0xFF,0xFF,0xFF,0xFF,0xFF,0xFF,0xFF,0xFF,0xFF,0xFF,0xFF,0xFF,0xFF,0xFF,0xFF,0xFF,0xFF,0xFF,0xFF,
	0xFF,0xFF,0xFF,0xFF,0xFF,0xFF,0xFF,0xFF,0xFF,0xFF,0xFF,0xFF,0xFF,0xFF,0xFF,0xFF,0xFF,0xFF,0xFF,0xFF,
	0xFF,0xFF,0xFF,0xFF,0xFF,0xFF,0xFF,0xFF,0xFF,0xFF,0xFF,0xFF,0xFF,0xFF,0xFF,0xFF,0xFF,0xFF,0xFF,0xFF,
	0xFF,0xFF,0xFF,0xFF,0xFF,0xFF,0xFF,0xFF,0xFF,0xFF,0xFF,0xFF,0xFF,0xFF,0xFF,0xFF,0xFF,0xFF,0xFF,0xFF,
	0xFF,0xFF,0xFF,0xFF,0xFF,0xFF,0xFF,0xFF,0xFF,0xFF,0xFF,0xFF,0xFF,0xFF,0xFF,0xFF,0xFF,0xFF,0xFF,0xFF,
};

const lv_img_dsc_t face_75_2_410_dial_img_2_216824_3 = {
    .header.magic = LV_IMAGE_HEADER_MAGIC,
    .header.w = 60,
    .header.h = 22,
    .data_size = sizeof(face_75_2_410_dial_img_2_216824_data_3),
    .header.cf = LV_COLOR_FORMAT_NATIVE_WITH_ALPHA,
    .data = face_75_2_410_dial_img_2_216824_data_3};

const LV_ATTRIBUTE_MEM_ALIGN uint8_t face_75_2_410_dial_img_2_216824_data_4[] = {
	//RGB565 data with alpha
	0xCB,0x21,0xCB,0x21,0xCB,0x21,0xCB,0x21,0xAB,0x21,0xAB,0x29,0xAB,0x29,0xAB,0x29,0xAB,0x29,0xAB,0x29,
	0x8B,0x29,0x8B,0x29,0x8B,0x29,0x4A,0x21,0x2A,0x21,0x49,0x19,0x4A,0x19,0x4A,0x19,0x4B,0x21,0x4C,0x21,
	0x6C,0x29,0x6C,0x21,0x6C,0x21,0x8C,0x29,0xCE,0x39,0xCE,0x39,0xCE,0x39,0xAE,0x39,0x8D,0x31,0x6D,0x31,
	0x6D,0x31,0x6D,0x31,0x6D,0x31,0x6D,0x31,0x4D,0x31,0x4D,0x31,0x4C,0x31,0x6C,0x31,0x6D,0x39,0x8D,0x39,
	0x8D,0x39,0x6C,0x31,0x6C,0x31,0x4B,0x31,0x2A,0x29,0xEA,0x28,0xEA,0x20,0xEA,0x28,0x2B,0x31,0x4B,0x31,
	0x4B,0x39,0x4B,0x39,0x4B,0x39,0x2B,0x39,0x2B,0x39,0x2B,0x39,0x2B,0x39,0x2B,0x39,0x2B,0x39,0x2B,0x39,
	0xCB,0x21,0xCB,0x21,0xCB,0x21,0xCB,0x21,0xAB,0x21,0xAB,0x29,0xAB,0x29,0xAB,0x29,0xAB,0x29,0xAB,0x29,
	0x8B,0x29,0xAB,0x29,0xCC,0x31,0x6E,0x4A,0x10,0x5B,0x50,0x63,0x50,0x63,0x51,0x63,0x52,0x63,0x52,0x6B,
	0x72,0x6B,0x72,0x6B,0x92,0x6B,0x31,0x63,0x0F,0x42,0xAE,0x31,0xCE,0x39,0x70,0x4A,0x11,0x63,0x32,0x6B,
	0x52,0x6B,0x72,0x6B,0x72,0x6B,0x72,0x6B,0x53,0x6B,0x52,0x6B,0x32,0x6B,0xB0,0x5A,0xCE,0x41,0x8D,0x39,
	0x8D,0x39,0x8D,0x39,0x6C,0x31,0x4C,0x31,0xCD,0x41,0x8F,0x5A,0xF0,0x62,0xAF,0x5A,0x8C,0x39,0x0A,0x31,
	0x2B,0x39,0x4B,0x39,0x4B,0x39,0x2B,0x39,0x2B,0x39,0x2B,0x39,0x2B,0x39,0x2B,0x39,0x2B,0x39,0x2B,0x39,
	0xCB,0x21,0xCB,0x21,0xCB,0x21,0xCB,0x21,0xAB,0x21,0xAB,0x29,0xAB,0x29,0xAB,0x21,0xAB,0x21,0x8B,0x21,
	0x8A,0x21,0xCC,0x31,0x6F,0x4A,0x35,0x84,0x5B,0xC6,0x9B,0xD6,0x5B,0xCE,0x7B,0xCE,0x7B,0xCE,0x7B,0xCE,
	0x7B,0xCE,0x7B,0xCE,0xBC,0xD6,0xB9,0xB5,0x90,0x52,0x4D,0x29,0xCE,0x39,0xB3,0x73,0x79,0xAD,0x3A,0xC6,
	0x7B,0xCE,0x7B,0xCE,0x7B,0xCE,0x7B,0xCE,0x7B,0xCE,0x5B,0xCE,0x5B,0xCE,0xF7,0xA4,0xD1,0x62,0xEF,0x49,
	0xAE,0x41,0xAE,0x39,0x8D,0x39,0x6D,0x31,0x11,0x6B,0x17,0xAD,0x5A,0xCE,0x78,0xB5,0x0D,0x4A,0xCA,0x20,
	0x2B,0x31,0x2B,0x39,0x4B,0x39,0x2B,0x39,0x2B,0x39,0x2B,0x39,0x2B,0x39,0x2B,0x39,0x2B,0x39,0x2B,0x39,
	0xCB,0x21,0xCB,0x21,0xCB,0x21,0xCB,0x21,0xAB,0x21,0xAB,0x21,0xAB,0x21,0xAB,0x21,0xAB,0x21,0xAC,0x21,
	0xAC,0x29,0x0D,0x32,0xD0,0x52,0xF7,0x9C,0x7E,0xEF,0x7E,0xEF,0xBC,0xD6,0x3A,0xC6,0xF9,0xBD,0x19,0xBE,
	0x19,0xBE,0x19,0xBE,0x5A,0xCE,0x58,0xAD,0x90,0x52,0x4D,0x29,0xAE,0x39,0x15,0x84,0x7B,0xCE,0x7E,0xEF,
	0x5D,0xE7,0x3A,0xC6,0xDA,0xBD,0xFA,0xBD,0x1A,0xC6,0x7B,0xD6,0x7E,0xEF,0x1D,0xE7,0xB9,0xBD,0x93,0x7B,
	0xCE,0x41,0xAE,0x39,0x8E,0x39,0x6D,0x39,0x93,0x7B,0x1A,0xCE,0x9E,0xF7,0xBB,0xD6,0x4F,0x5A,0xCB,0x28,
	0x2B,0x31,0x2B,0x31,0x2B,0x31,0x2B,0x31,0x2B,0x31,0x2B,0x39,0x2B,0x39,0x2B,0x39,0x2B,0x39,0x2B,0x39,
	0xCB,0x21,0xCB,0x21,0xCB,0x21,0xCB,0x21,0xAB,0x21,0xAB,0x21,0xAB,0x21,0xAB,0x29,0xCC,0x29,0xCD,0x29,
	0xCD,0x29,0x0E,0x3A,0xF0,0x52,0x37,0xA5,0xFF,0xFF,0x7E,0xEF,0x1A,0xBE,0xF6,0x9C,0x74,0x8C,0x95,0x8C,
	0x95,0x8C,0x95,0x8C,0xB5,0x94,0x14,0x7C,0x4F,0x4A,0x6D,0x29,0xAE,0x39,0x55,0x8C,0xDC,0xDE,0xFF,0xFF,
	0x5D,0xE7,0xD7,0x94,0x35,0x84,0x76,0x8C,0x76,0x94,0x38,0xAD,0xDC,0xDE,0xDF,0xF7,0xFF,0xFF,0x38,0xAD,
	0x90,0x52,0xCE,0x39,0x6D,0x31,0x6D,0x39,0xB4,0x83,0x9C,0xDE,0xFF,0xFF,0x1D,0xE7,0x90,0x62,0xEC,0x30,
	0x4C,0x39,0x4C,0x39,0x2B,0x31,0x2B,0x31,0x2B,0x31,0x2B,0x39,0x2B,0x39,0x2B,0x39,0x2B,0x39,0x2B,0x39,
	0xCB,0x21,0xCB,0x21,0xAB,0x21,0xAB,0x21,0xAB,0x21,0xAC,0x21,0xCD,0x29,0xED,0x31,0x0E,0x32,0x0E,0x32,
	0xED,0x29,0x0D,0x3A,0xF0,0x52,0x37,0xA5,0xFF,0xFF,0xFC,0xDE,0xF6,0x9C,0x11,0x5B,0x4E,0x42,0x6F,0x42,
	0x6F,0x4A,0x6F,0x4A,0x6F,0x4A,0x4F,0x42,0xEE,0x39,0x8D,0x31,0xAE,0x39,0x55,0x8C,0xDC,0xDE,0xFF,0xFF,
	0xBC,0xD6,0xF1,0x5A,0xEF,0x41,0x50,0x4A,0x30,0x4A,0xB1,0x5A,0xD3,0x7B,0xD9,0xBD,0xFF,0xFF,0x9B,0xD6,
	0x35,0x8C,0x50,0x4A,0x4D,0x31,0x4D,0x31,0xB4,0x7B,0x9B,0xD6,0xFF,0xFF,0x1D,0xE7,0xB1,0x62,0x0D,0x31,
	0x8E,0x41,0x6D,0x41,0x4C,0x39,0x2C,0x39,0x2B,0x39,0x2B,0x39,0x2B,0x39,0x2B,0x39,0x2B,0x39,0x2B,0x39,
	0xCB,0x21,0xCB,0x21,0xAB,0x21,0xAB,0x21,0xCC,0x21,0xCD,0x29,0xEE,0x29,0x0E,0x32,0x0E,0x32,0x0E,0x32,
	0xED,0x29,0x0D,0x3A,0xF0,0x52,0x37,0xA5,0xFF,0xFF,0xBB,0xD6,0x74,0x8C,0x6E,0x42,0x6C,0x21,0x8C,0x29,
	0x8C,0x29,0x8C,0x29,0x8C,0x29,0xAD,0x29,0xCE,0x39,0xAD,0x31,0xAE,0x39,0x55,0x8C,0xDC,0xDE,0xFF,0xFF,
	0x7B,0xCE,0x2F,0x42,0x0C,0x21,0x6D,0x31,0x4D,0x31,0x8D,0x31,0xEE,0x41,0x96,0x94,0xFF,0xFF,0x7E,0xEF,
	0x58,0xAD,0xB1,0x5A,0x2D,0x29,0x4D,0x31,0xB4,0x7B,0x9B,0xCE,0xFF,0xFF,0x1D,0xE7,0xB1,0x62,0x0D,0x31,
	0x8E,0x41,0x8E,0x41,0x6D,0x41,0x4D,0x41,0x2C,0x39,0x2B,0x39,0x2B,0x39,0x2B,0x39,0x2B,0x39,0x2B,0x39,
	0xAB,0x21,0xAB,0x21,0xCB,0x21,0xEC,0x21,0xED,0x29,0x0E,0x2A,0x0E,0x2A,0x0E,0x32,0x0D,0x32,0xED,0x31,
	0xCD,0x29,0x0E,0x3A,0xF0,0x52,0x37,0xA5,0xFF,0xFF,0xBB,0xD6,0x95,0x8C,0x8F,0x4A,0xAC,0x29,0xCD,0x31,
	0xCD,0x31,0xCD,0x31,0xCD,0x31,0xCD,0x31,0xCE,0x39,0x8D,0x31,0xAE,0x39,0x55,0x8C,0xDC,0xDE,0xFF,0xFF,
	0x9B,0xD6,0x4F,0x4A,0x4D,0x29,0xAE,0x39,0xAE,0x39,0x8E,0x39,0x4D,0x29,0xF4,0x83,0xDF,0xFF,0xDF,0xF7,
	0xFA,0xBD,0xD1,0x5A,0x2D,0x29,0x4D,0x31,0xB4,0x7B,0x9B,0xD6,0xFF,0xFF,0x1D,0xE7,0xB1,0x62,0x0D,0x31,
	0x8E,0x41,0x8E,0x41,0x8E,0x41,0x6E,0x41,0x6D,0x41,0x4C,0x39,0x2B,0x39,0x2B,0x39,0x2B,0x39,0x2B,0x39,
	0xAB,0x21,0xCC,0x21,0xEC,0x21,0x0D,0x2A,0x0D,0x2A,0x0D,0x2A,0x0D,0x2A,0x0D,0x2A,0xED,0x29,0xED,0x29,
	0xCD,0x29,0x0E,0x32,0xF0,0x52,0x37,0xA5,0xFF,0xFF,0xBB,0xD6,0x54,0x84,0x4E,0x3A,0x4B,0x19,0x6C,0x21,
	0x6C,0x21,0x6C,0x21,0x6C,0x21,0x8C,0x29,0xCE,0x39,0xAE,0x31,0xAE,0x39,0x55,0x8C,0xDC,0xDE,0xFF,0xFF,
	0x7B,0xCE,0x2F,0x42,0x2C,0x29,0x6D,0x31,0x6D,0x31,0x6D,0x31,0xAE,0x39,0x55,0x8C,0xDF,0xFF,0x9E,0xF7,
	0x99,0xB5,0xB1,0x5A,0x2D,0x29,0x4D,0x31,0xB4,0x7B,0x9B,0xD6,0xFF,0xFF,0x1D,0xE7,0xB1,0x62,0x0D,0x31,
	0x8E,0x41,0x8E,0x41,0x8D,0x41,0x6E,0x41,0x6E,0x41,0x6D,0x41,0x4D,0x39,0x2C,0x39,0x2B,0x39,0x2B,0x39,
	0xCC,0x21,0xED,0x21,0x0D,0x2A,0x0D,0x2A,0x0D,0x2A,0xED,0x29,0xED,0x29,0xED,0x29,0xED,0x29,0xED,0x29,
	0xCD,0x21,0x0E,0x32,0xF0,0x52,0x37,0xA5,0xFF,0xFF,0xDC,0xDE,0xD6,0x94,0x10,0x5B,0x2E,0x3A,0x4E,0x42,
	0x4E,0x42,0x4E,0x42,0x4E,0x42,0x2E,0x3A,0xEE,0x39,0x8D,0x31,0xAE,0x39,0x55,0x8C,0xDC,0xDE,0xFF,0xFF,
	0x9B,0xD6,0x90,0x52,0x8E,0x31,0xEF,0x41,0xCE,0x41,0x2F,0x4A,0x32,0x63,0x78,0xAD,0xFF,0xFF,0xBC,0xDE,
	0x96,0x94,0x70,0x52,0x4D,0x31,0x4D,0x31,0xB4,0x7B,0x9B,0xD6,0xFF,0xFF,0x1D,0xE7,0xB1,0x62,0x0D,0x31,
	0x8E,0x41,0x8D,0x41,0x6D,0x41,0x6E,0x41,0x6E,0x41,0x6E,0x41,0x6E,0x41,0x4D,0x39,0x2C,0x39,0x2B,0x39,
	0x0D,0x2A,0x0E,0x2A,0x2E,0x2A,0x0E,0x2A,0x0E,0x2A,0x0E,0x2A,0x0E,0x2A,0x0E,0x32,0xED,0x31,0xED,0x31,
	0xCD,0x29,0x0D,0x32,0xF0,0x52,0x37,0x9D,0xDF,0xFF,0xBE,0xF7,0x5D,0xE7,0xFC,0xDE,0xBB,0xD6,0xBB,0xD6,
	0xBB,0xD6,0xBB,0xD6,0x3A,0xC6,0xD6,0x9C,0x70,0x4A,0x4D,0x29,0xAE,0x39,0x55,0x8C,0xDC,0xDE,0xFF,0xFF,
	0x1D,0xE7,0x75,0x8C,0xB4,0x73,0xD4,0x7B,0x15,0x84,0xF7,0x9C,0x3A,0xCE,0x7E,0xEF,0xFF,0xFF,0x99,0xB5,
	0xF1,0x5A,0xCE,0x41,0x4C,0x31,0x4C,0x31,0xB3,0x7B,0x9B,0xCE,0xFF,0xFF,0x1D,0xE7,0x91,0x62,0x0D,0x31,
	0x8E,0x41,0x8E,0x41,0x8D,0x41,0x6E,0x41,0x6E,0x41,0x6E,0x41,0x6E,0x41,0x8E,0x49,0x6D,0x41,0x4D,0x41,
	0x4E,0x2A,0x4E,0x2A,0x4E,0x2A,0x2E,0x2A,0x2E,0x2A,0x2E,0x2A,0x2E,0x2A,0x2E,0x32,0x0E,0x32,0x0D,0x32,
	0xED,0x31,0x2E,0x3A,0xF1,0x52,0x37,0x9D,0xDF,0xFF,0xDF,0xFF,0x9E,0xF7,0x5D,0xEF,0x5D,0xE7,0x5D,0xE7,
	0x5D,0xE7,0x5D,0xE7,0xBC,0xD6,0x37,0xA5,0x70,0x4A,0x4C,0x29,0xAD,0x39,0x55,0x8C,0xDC,0xDE,0xFF,0xFF,
	0x9E,0xEF,0xFA,0xBD,0x99,0xB5,0xFA,0xBD,0x3B,0xC6,0xDC,0xD6,0x9E,0xF7,0x7E,0xEF,0x7B,0xD6,0x14,0x84,
	0xEE,0x41,0xAD,0x39,0x6D,0x39,0x6D,0x31,0xB3,0x7B,0x9B,0xD6,0xFF,0xFF,0x1D,0xE7,0xB1,0x62,0x2D,0x39,
	0xAE,0x41,0xAF,0x41,0xAF,0x41,0x8E,0x41,0x8E,0x41,0x8E,0x41,0x8F,0x49,0xAF,0x49,0x8F,0x49,0x8F,0x49,
	0x6F,0x32,0x6F,0x32,0x6F,0x32,0x6F,0x32,0x6F,0x32,0x4F,0x32,0x4F,0x32,0x4F,0x32,0x4F,0x32,0x4F,0x3A,
	0x2F,0x3A,0x6F,0x42,0x11,0x5B,0x38,0xA5,0xFF,0xFF,0x3D,0xE7,0x99,0xB5,0x55,0x8C,0xB3,0x73,0xD3,0x7B,
	0xF3,0x73,0xD3,0x73,0x93,0x6B,0xF1,0x5A,0xEE,0x39,0x6C,0x29,0xAD,0x39,0x54,0x8C,0xDC,0xDE,0xDF,0xFF,
	0xBE,0xF7,0xBC,0xD6,0xFC,0xDE,0x9E,0xF7,0xDF,0xFF,0xBE,0xF7,0x1C,0xDF,0x78,0xAD,0x52,0x73,0x2F,0x52,
	0xAE,0x41,0xAE,0x41,0xAE,0x39,0x8E,0x39,0xD4,0x83,0x9B,0xD6,0xFF,0xFF,0x1D,0xE7,0xD1,0x6A,0x4E,0x39,
	0xD0,0x49,0xD0,0x49,0xD0,0x49,0xB0,0x49,0xB0,0x49,0xB0,0x49,0xB0,0x49,0xB0,0x49,0xB0,0x49,0xB0,0x51,
	0x6F,0x32,0x6F,0x32,0x6F,0x32,0x6F,0x32,0x6F,0x32,0x6F,0x32,0x6F,0x32,0x4F,0x32,0x4F,0x3A,0x4F,0x3A,
	0x4F,0x3A,0x70,0x42,0x12,0x5B,0x58,0xA5,0xFF,0xFF,0xFC,0xDE,0xF7,0x94,0x32,0x5B,0x50,0x42,0x90,0x4A,
	0x90,0x4A,0x90,0x4A,0x50,0x42,0x2F,0x42,0xCE,0x39,0x8D,0x31,0xAD,0x39,0x55,0x8C,0xDC,0xDE,0xFF,0xFF,
	0x1C,0xE7,0x95,0x94,0xB6,0x9C,0x1A,0xC6,0xBE,0xF7,0xFF,0xFF,0x9C,0xD6,0x56,0x94,0x10,0x4A,0xAE,0x41,
	0xCF,0x41,0xCF,0x49,0xCF,0x41,0xAF,0x41,0xD5,0x83,0x9C,0xDE,0xFF,0xFF,0x1D,0xE7,0xD2,0x6A,0x6F,0x41,
	0xD0,0x49,0xD0,0x49,0xD0,0x49,0xD0,0x49,0xD0,0x49,0xB0,0x49,0xB0,0x49,0xB0,0x49,0xB0,0x51,0xB0,0x51,
	0x6F,0x32,0x6F,0x32,0x6F,0x32,0x6F,0x32,0x6F,0x32,0x6F,0x32,0x6F,0x32,0x4F,0x3A,0x4F,0x3A,0x4F,0x3A,
	0x2F,0x3A,0x6F,0x42,0x32,0x5B,0x58,0xA5,0xFF,0xFF,0xDC,0xD6,0xB6,0x8C,0xD1,0x4A,0xEF,0x31,0x30,0x3A,
	0x10,0x3A,0x0F,0x3A,0xEF,0x39,0xEF,0x39,0xCE,0x39,0xAD,0x31,0xAE,0x39,0x55,0x8C,0xDC,0xDE,0xFF,0xFF,
	0x7B,0xCE,0x0E,0x42,0xAD,0x39,0xB3,0x7B,0x9B,0xD6,0xFF,0xFF,0x7C,0xD6,0x56,0x8C,0x10,0x4A,0xD0,0x41,
	0xF0,0x49,0xF0,0x49,0xD0,0x49,0x8F,0x41,0xD5,0x83,0x9C,0xDE,0xFF,0xFF,0x1D,0xE7,0xD2,0x6A,0x4F,0x39,
	0xD0,0x49,0xD0,0x49,0xD0,0x49,0xD0,0x49,0xD0,0x49,0xB0,0x49,0xB0,0x49,0xB0,0x51,0xB0,0x49,0xB0,0x49,
	0x6F,0x32,0x6F,0x32,0x6F,0x32,0x6F,0x32,0x6F,0x32,0x6F,0x32,0x4F,0x32,0x4F,0x32,0x4F,0x3A,0x4F,0x3A,
	0x2F,0x3A,0x6F,0x42,0x32,0x5B,0x58,0xA5,0xFF,0xFF,0xDC,0xD6,0xB6,0x8C,0xD1,0x4A,0xEF,0x31,0x30,0x3A,
	0x30,0x3A,0x10,0x3A,0x10,0x3A,0x10,0x42,0x0F,0x3A,0xCE,0x31,0xEE,0x39,0x55,0x8C,0xDC,0xDE,0xFF,0xFF,
	0x7B,0xCE,0x2F,0x4A,0x4D,0x29,0x70,0x52,0x58,0xAD,0x5D,0xEF,0x9E,0xF7,0xFA,0xBD,0x13,0x6B,0x11,0x4A,
	0xD0,0x49,0xD0,0x49,0xB0,0x49,0x90,0x41,0xD5,0x83,0x9C,0xDE,0xFF,0xFF,0x1D,0xE7,0xD2,0x6A,0x4F,0x39,
	0xD0,0x49,0xD0,0x49,0xD0,0x49,0xD0,0x49,0xB0,0x49,0xB0,0x49,0xB0,0x49,0xB0,0x49,0xB0,0x49,0xB0,0x49,
	0x6F,0x32,0x6F,0x32,0x6F,0x32,0x6F,0x32,0x6F,0x32,0x4F,0x32,0x4F,0x32,0x4F,0x32,0x4F,0x32,0x4F,0x3A,
	0x2F,0x3A,0x6F,0x42,0x32,0x5B,0x58,0xA5,0xFF,0xFF,0xDC,0xD6,0xB6,0x8C,0xD1,0x52,0xEE,0x31,0x30,0x3A,
	0x30,0x3A,0x30,0x3A,0x30,0x42,0x30,0x42,0x2F,0x3A,0xEF,0x31,0x0F,0x3A,0x76,0x8C,0xDC,0xDE,0xFF,0xFF,
	0x9B,0xD6,0x91,0x52,0x4E,0x31,0xEF,0x41,0xD4,0x7B,0xFA,0xBD,0xFF,0xFF,0x5D,0xE7,0xF8,0xA4,0xF3,0x6A,
	0xB0,0x49,0xB0,0x49,0xB0,0x49,0x90,0x41,0xD5,0x83,0x9B,0xDE,0xFF,0xFF,0x1D,0xE7,0xD2,0x6A,0x4F,0x39,
	0xD0,0x49,0xD0,0x49,0xD0,0x49,0xB0,0x49,0xB0,0x49,0xB0,0x49,0xB0,0x49,0xB0,0x49,0xB0,0x49,0xB0,0x49,
	0x6F,0x32,0x6F,0x32,0x6F,0x32,0x6F,0x32,0x6F,0x32,0x4F,0x32,0x4F,0x32,0x4F,0x32,0x4F,0x32,0x4F,0x3A,
	0x2F,0x3A,0x6F,0x42,0x32,0x5B,0x58,0xA5,0xFF,0xFF,0xDC,0xD6,0xB6,0x8C,0xD1,0x52,0xEE,0x31,0x2F,0x3A,
	0x2F,0x3A,0x0F,0x3A,0x0F,0x3A,0x0F,0x3A,0x30,0x42,0x10,0x3A,0x31,0x42,0x97,0x94,0xFD,0xDE,0xFF,0xFF,
	0xBC,0xD6,0xD3,0x5A,0xD0,0x39,0x11,0x4A,0x10,0x4A,0x73,0x7B,0x1D,0xE7,0xFF,0xFF,0x5D,0xEF,0x76,0x9C,
	0xF1,0x51,0xD0,0x49,0xB0,0x41,0x90,0x41,0xD5,0x83,0x9B,0xDE,0xFF,0xFF,0x1D,0xE7,0xD2,0x6A,0x4F,0x39,
	0xD0,0x49,0xD0,0x49,0xD0,0x49,0xB0,0x49,0xB0,0x49,0xB0,0x49,0xB0,0x49,0xB0,0x49,0xB0,0x49,0xB0,0x49,
	0x6F,0x32,0x6F,0x32,0x6F,0x32,0x6F,0x32,0x6F,0x32,0x4F,0x32,0x4F,0x32,0x4F,0x32,0x4F,0x32,0x4F,0x3A,
	0x2F,0x3A,0x6F,0x42,0x32,0x5B,0x78,0xAD,0xFF,0xFF,0xFC,0xDE,0xD6,0x94,0xD1,0x52,0xEE,0x31,0x2F,0x3A,
	0x2F,0x3A,0x0F,0x3A,0x2F,0x3A,0x50,0x3A,0x51,0x42,0x31,0x42,0x31,0x4A,0xB7,0x9C,0x1D,0xE7,0xFF,0xFF,
	0xDC,0xDE,0xD3,0x5A,0xF1,0x41,0x32,0x4A,0xD0,0x41,0x92,0x5A,0x58,0xB5,0x3D,0xE7,0xFF,0xFF,0x7B,0xD6,
	0x36,0x94,0x51,0x5A,0x6F,0x39,0x8F,0x41,0xF5,0x8B,0xBC,0xDE,0xFF,0xFF,0x5D,0xEF,0xD3,0x6A,0x4F,0x39,
	0xD0,0x49,0xD0,0x49,0xD0,0x49,0xB0,0x49,0xB0,0x49,0xB0,0x49,0xB0,0x49,0xB0,0x49,0xB0,0x49,0xB0,0x49,
	0x6F,0x32,0x6F,0x32,0x6F,0x32,0x6F,0x32,0x6F,0x32,0x4F,0x32,0x4F,0x32,0x4F,0x32,0x4F,0x32,0x4F,0x3A,
	0x2F,0x3A,0x6F,0x42,0x32,0x5B,0x58,0xA5,0xDF,0xFF,0xDC,0xD6,0xB6,0x8C,0xB1,0x52,0xEE,0x31,0x2F,0x3A,
	0x2F,0x42,0x30,0x42,0x51,0x42,0x71,0x42,0x72,0x4A,0x32,0x42,0x32,0x4A,0x97,0x94,0xFD,0xDE,0xFF,0xFF,
	0x9C,0xD6,0xD3,0x5A,0xF1,0x41,0x52,0x4A,0x32,0x4A,0x92,0x52,0x54,0x73,0x79,0xB5,0xDF,0xFF,0xDF,0xFF,
	0x5B,0xCE,0x12,0x6B,0x4E,0x31,0x8E,0x41,0xD4,0x83,0x9B,0xD6,0xFF,0xFF,0xFD,0xE6,0xD2,0x6A,0x4F,0x39,
	0xD0,0x49,0xD0,0x49,0xD0,0x49,0xB0,0x49,0xB0,0x49,0xB0,0x49,0xB0,0x49,0xB0,0x49,0xB0,0x49,0xB0,0x49,
	0x6F,0x32,0x6F,0x32,0x6F,0x32,0x6F,0x32,0x6F,0x32,0x4F,0x32,0x4F,0x32,0x4F,0x32,0x4F,0x32,0x4F,0x3A,
	0x4F,0x3A,0x6F,0x3A,0xB0,0x4A,0xB3,0x6B,0x17,0x9D,0x95,0x8C,0x93,0x63,0x90,0x42,0x30,0x3A,0x50,0x42,
	0x51,0x42,0x51,0x42,0x72,0x4A,0x72,0x4A,0x72,0x4A,0x51,0x4A,0x51,0x4A,0x74,0x6B,0xB7,0x94,0x38,0xA5,
	0x77,0x94,0x92,0x52,0x32,0x42,0x52,0x4A,0x32,0x4A,0x52,0x4A,0x72,0x52,0x75,0x73,0xD8,0xA4,0x18,0xAD,
	0xB7,0x9C,0xF3,0x6A,0xF0,0x49,0xAF,0x49,0xD1,0x62,0x35,0x8C,0xF8,0xA4,0x77,0x94,0x51,0x5A,0x90,0x41,
	0xD0,0x49,0xD0,0x49,0xD0,0x49,0xB0,0x49,0xB0,0x49,0xB0,0x49,0xB0,0x49,0xB0,0x49,0xB0,0x49,0xB0,0x49,
	0x6F,0x32,0x6F,0x32,0x6F,0x32,0x6F,0x32,0x6F,0x32,0x4F,0x32,0x4F,0x32,0x4F,0x32,0x4F,0x32,0x4F,0x3A,
	0x4F,0x3A,0x4F,0x3A,0x70,0x3A,0xB1,0x4A,0x32,0x63,0x31,0x5B,0xD1,0x4A,0x70,0x42,0x50,0x3A,0x71,0x42,
	0x72,0x42,0x72,0x42,0x72,0x4A,0x72,0x4A,0x51,0x4A,0x51,0x4A,0x51,0x4A,0xD2,0x5A,0x54,0x63,0x74,0x73,
	0x14,0x6B,0x72,0x4A,0x52,0x4A,0x52,0x4A,0x32,0x4A,0x32,0x4A,0x12,0x42,0x52,0x52,0xD3,0x6A,0x33,0x73,
	0x53,0x73,0xD3,0x6A,0x51,0x5A,0xCF,0x49,0x30,0x52,0xB1,0x5A,0xF3,0x6A,0xD3,0x62,0x11,0x52,0xB0,0x49,
	0xD0,0x49,0xD0,0x49,0xD0,0x49,0xB0,0x49,0xB0,0x49,0xB0,0x49,0xB0,0x49,0xB0,0x49,0xB0,0x49,0xB0,0x49,
	0xFF,0xFF,0xFF,0xFF,0xFF,0xFF,0xFF,0xFF,0xFF,0xFF,0xFF,0xFF,0xFF,0xFF,0xFF,0xFF,0xFF,0xFF,0xFF,0xFF,
	0xFF,0xFF,0xFF,0xFF,0xFF,0xFF,0xFF,0xFF,0xFF,0xFF,0xFF,0xFF,0xFF,0xFF,0xFF,0xFF,0xFF,0xFF,0xFF,0xFF,
	0xFF,0xFF,0xFF,0xFF,0xFF,0xFF,0xFF,0xFF,0xFF,0xFF,0xFF,0xFF,0xFF,0xFF,0xFF,0xFF,0xFF,0xFF,0xFF,0xFF,
	0xFF,0xFF,0xFF,0xFF,0xFF,0xFF,0xFF,0xFF,0xFF,0xFF,0xFF,0xFF,0xFF,0xFF,0xFF,0xFF,0xFF,0xFF,0xFF,0xFF,
	0xFF,0xFF,0xFF,0xFF,0xFF,0xFF,0xFF,0xFF,0xFF,0xFF,0xFF,0xFF,0xFF,0xFF,0xFF,0xFF,0xFF,0xFF,0xFF,0xFF,
	0xFF,0xFF,0xFF,0xFF,0xFF,0xFF,0xFF,0xFF,0xFF,0xFF,0xFF,0xFF,0xFF,0xFF,0xFF,0xFF,0xFF,0xFF,0xFF,0xFF,
	0xFF,0xFF,0xFF,0xFF,0xFF,0xFF,0xFF,0xFF,0xFF,0xFF,0xFF,0xFF,0xFF,0xFF,0xFF,0xFF,0xFF,0xFF,0xFF,0xFF,
	0xFF,0xFF,0xFF,0xFF,0xFF,0xFF,0xFF,0xFF,0xFF,0xFF,0xFF,0xFF,0xFF,0xFF,0xFF,0xFF,0xFF,0xFF,0xFF,0xFF,
	0xFF,0xFF,0xFF,0xFF,0xFF,0xFF,0xFF,0xFF,0xFF,0xFF,0xFF,0xFF,0xFF,0xFF,0xFF,0xFF,0xFF,0xFF,0xFF,0xFF,
	0xFF,0xFF,0xFF,0xFF,0xFF,0xFF,0xFF,0xFF,0xFF,0xFF,0xFF,0xFF,0xFF,0xFF,0xFF,0xFF,0xFF,0xFF,0xFF,0xFF,
	0xFF,0xFF,0xFF,0xFF,0xFF,0xFF,0xFF,0xFF,0xFF,0xFF,0xFF,0xFF,0xFF,0xFF,0xFF,0xFF,0xFF,0xFF,0xFF,0xFF,
	0xFF,0xFF,0xFF,0xFF,0xFF,0xFF,0xFF,0xFF,0xFF,0xFF,0xFF,0xFF,0xFF,0xFF,0xFF,0xFF,0xFF,0xFF,0xFF,0xFF,
	0xFF,0xFF,0xFF,0xFF,0xFF,0xFF,0xFF,0xFF,0xFF,0xFF,0xFF,0xFF,0xFF,0xFF,0xFF,0xFF,0xFF,0xFF,0xFF,0xFF,
	0xFF,0xFF,0xFF,0xFF,0xFF,0xFF,0xFF,0xFF,0xFF,0xFF,0xFF,0xFF,0xFF,0xFF,0xFF,0xFF,0xFF,0xFF,0xFF,0xFF,
	0xFF,0xFF,0xFF,0xFF,0xFF,0xFF,0xFF,0xFF,0xFF,0xFF,0xFF,0xFF,0xFF,0xFF,0xFF,0xFF,0xFF,0xFF,0xFF,0xFF,
	0xFF,0xFF,0xFF,0xFF,0xFF,0xFF,0xFF,0xFF,0xFF,0xFF,0xFF,0xFF,0xFF,0xFF,0xFF,0xFF,0xFF,0xFF,0xFF,0xFF,
	0xFF,0xFF,0xFF,0xFF,0xFF,0xFF,0xFF,0xFF,0xFF,0xFF,0xFF,0xFF,0xFF,0xFF,0xFF,0xFF,0xFF,0xFF,0xFF,0xFF,
	0xFF,0xFF,0xFF,0xFF,0xFF,0xFF,0xFF,0xFF,0xFF,0xFF,0xFF,0xFF,0xFF,0xFF,0xFF,0xFF,0xFF,0xFF,0xFF,0xFF,
	0xFF,0xFF,0xFF,0xFF,0xFF,0xFF,0xFF,0xFF,0xFF,0xFF,0xFF,0xFF,0xFF,0xFF,0xFF,0xFF,0xFF,0xFF,0xFF,0xFF,
	0xFF,0xFF,0xFF,0xFF,0xFF,0xFF,0xFF,0xFF,0xFF,0xFF,0xFF,0xFF,0xFF,0xFF,0xFF,0xFF,0xFF,0xFF,0xFF,0xFF,
	0xFF,0xFF,0xFF,0xFF,0xFF,0xFF,0xFF,0xFF,0xFF,0xFF,0xFF,0xFF,0xFF,0xFF,0xFF,0xFF,0xFF,0xFF,0xFF,0xFF,
	0xFF,0xFF,0xFF,0xFF,0xFF,0xFF,0xFF,0xFF,0xFF,0xFF,0xFF,0xFF,0xFF,0xFF,0xFF,0xFF,0xFF,0xFF,0xFF,0xFF,
	0xFF,0xFF,0xFF,0xFF,0xFF,0xFF,0xFF,0xFF,0xFF,0xFF,0xFF,0xFF,0xFF,0xFF,0xFF,0xFF,0xFF,0xFF,0xFF,0xFF,
	0xFF,0xFF,0xFF,0xFF,0xFF,0xFF,0xFF,0xFF,0xFF,0xFF,0xFF,0xFF,0xFF,0xFF,0xFF,0xFF,0xFF,0xFF,0xFF,0xFF,
	0xFF,0xFF,0xFF,0xFF,0xFF,0xFF,0xFF,0xFF,0xFF,0xFF,0xFF,0xFF,0xFF,0xFF,0xFF,0xFF,0xFF,0xFF,0xFF,0xFF,
	0xFF,0xFF,0xFF,0xFF,0xFF,0xFF,0xFF,0xFF,0xFF,0xFF,0xFF,0xFF,0xFF,0xFF,0xFF,0xFF,0xFF,0xFF,0xFF,0xFF,
	0xFF,0xFF,0xFF,0xFF,0xFF,0xFF,0xFF,0xFF,0xFF,0xFF,0xFF,0xFF,0xFF,0xFF,0xFF,0xFF,0xFF,0xFF,0xFF,0xFF,
	0xFF,0xFF,0xFF,0xFF,0xFF,0xFF,0xFF,0xFF,0xFF,0xFF,0xFF,0xFF,0xFF,0xFF,0xFF,0xFF,0xFF,0xFF,0xFF,0xFF,
	0xFF,0xFF,0xFF,0xFF,0xFF,0xFF,0xFF,0xFF,0xFF,0xFF,0xFF,0xFF,0xFF,0xFF,0xFF,0xFF,0xFF,0xFF,0xFF,0xFF,
	0xFF,0xFF,0xFF,0xFF,0xFF,0xFF,0xFF,0xFF,0xFF,0xFF,0xFF,0xFF,0xFF,0xFF,0xFF,0xFF,0xFF,0xFF,0xFF,0xFF,
	0xFF,0xFF,0xFF,0xFF,0xFF,0xFF,0xFF,0xFF,0xFF,0xFF,0xFF,0xFF,0xFF,0xFF,0xFF,0xFF,0xFF,0xFF,0xFF,0xFF,
	0xFF,0xFF,0xFF,0xFF,0xFF,0xFF,0xFF,0xFF,0xFF,0xFF,0xFF,0xFF,0xFF,0xFF,0xFF,0xFF,0xFF,0xFF,0xFF,0xFF,
	0xFF,0xFF,0xFF,0xFF,0xFF,0xFF,0xFF,0xFF,0xFF,0xFF,0xFF,0xFF,0xFF,0xFF,0xFF,0xFF,0xFF,0xFF,0xFF,0xFF,
	0xFF,0xFF,0xFF,0xFF,0xFF,0xFF,0xFF,0xFF,0xFF,0xFF,0xFF,0xFF,0xFF,0xFF,0xFF,0xFF,0xFF,0xFF,0xFF,0xFF,
	0xFF,0xFF,0xFF,0xFF,0xFF,0xFF,0xFF,0xFF,0xFF,0xFF,0xFF,0xFF,0xFF,0xFF,0xFF,0xFF,0xFF,0xFF,0xFF,0xFF,
	0xFF,0xFF,0xFF,0xFF,0xFF,0xFF,0xFF,0xFF,0xFF,0xFF,0xFF,0xFF,0xFF,0xFF,0xFF,0xFF,0xFF,0xFF,0xFF,0xFF,
	0xFF,0xFF,0xFF,0xFF,0xFF,0xFF,0xFF,0xFF,0xFF,0xFF,0xFF,0xFF,0xFF,0xFF,0xFF,0xFF,0xFF,0xFF,0xFF,0xFF,
	0xFF,0xFF,0xFF,0xFF,0xFF,0xFF,0xFF,0xFF,0xFF,0xFF,0xFF,0xFF,0xFF,0xFF,0xFF,0xFF,0xFF,0xFF,0xFF,0xFF,
	0xFF,0xFF,0xFF,0xFF,0xFF,0xFF,0xFF,0xFF,0xFF,0xFF,0xFF,0xFF,0xFF,0xFF,0xFF,0xFF,0xFF,0xFF,0xFF,0xFF,
	0xFF,0xFF,0xFF,0xFF,0xFF,0xFF,0xFF,0xFF,0xFF,0xFF,0xFF,0xFF,0xFF,0xFF,0xFF,0xFF,0xFF,0xFF,0xFF,0xFF,
	0xFF,0xFF,0xFF,0xFF,0xFF,0xFF,0xFF,0xFF,0xFF,0xFF,0xFF,0xFF,0xFF,0xFF,0xFF,0xFF,0xFF,0xFF,0xFF,0xFF,
	0xFF,0xFF,0xFF,0xFF,0xFF,0xFF,0xFF,0xFF,0xFF,0xFF,0xFF,0xFF,0xFF,0xFF,0xFF,0xFF,0xFF,0xFF,0xFF,0xFF,
	0xFF,0xFF,0xFF,0xFF,0xFF,0xFF,0xFF,0xFF,0xFF,0xFF,0xFF,0xFF,0xFF,0xFF,0xFF,0xFF,0xFF,0xFF,0xFF,0xFF,
	0xFF,0xFF,0xFF,0xFF,0xFF,0xFF,0xFF,0xFF,0xFF,0xFF,0xFF,0xFF,0xFF,0xFF,0xFF,0xFF,0xFF,0xFF,0xFF,0xFF,
	0xFF,0xFF,0xFF,0xFF,0xFF,0xFF,0xFF,0xFF,0xFF,0xFF,0xFF,0xFF,0xFF,0xFF,0xFF,0xFF,0xFF,0xFF,0xFF,0xFF,
	0xFF,0xFF,0xFF,0xFF,0xFF,0xFF,0xFF,0xFF,0xFF,0xFF,0xFF,0xFF,0xFF,0xFF,0xFF,0xFF,0xFF,0xFF,0xFF,0xFF,
	0xFF,0xFF,0xFF,0xFF,0xFF,0xFF,0xFF,0xFF,0xFF,0xFF,0xFF,0xFF,0xFF,0xFF,0xFF,0xFF,0xFF,0xFF,0xFF,0xFF,
	0xFF,0xFF,0xFF,0xFF,0xFF,0xFF,0xFF,0xFF,0xFF,0xFF,0xFF,0xFF,0xFF,0xFF,0xFF,0xFF,0xFF,0xFF,0xFF,0xFF,
	0xFF,0xFF,0xFF,0xFF,0xFF,0xFF,0xFF,0xFF,0xFF,0xFF,0xFF,0xFF,0xFF,0xFF,0xFF,0xFF,0xFF,0xFF,0xFF,0xFF,
	0xFF,0xFF,0xFF,0xFF,0xFF,0xFF,0xFF,0xFF,0xFF,0xFF,0xFF,0xFF,0xFF,0xFF,0xFF,0xFF,0xFF,0xFF,0xFF,0xFF,
	0xFF,0xFF,0xFF,0xFF,0xFF,0xFF,0xFF,0xFF,0xFF,0xFF,0xFF,0xFF,0xFF,0xFF,0xFF,0xFF,0xFF,0xFF,0xFF,0xFF,
	0xFF,0xFF,0xFF,0xFF,0xFF,0xFF,0xFF,0xFF,0xFF,0xFF,0xFF,0xFF,0xFF,0xFF,0xFF,0xFF,0xFF,0xFF,0xFF,0xFF,
	0xFF,0xFF,0xFF,0xFF,0xFF,0xFF,0xFF,0xFF,0xFF,0xFF,0xFF,0xFF,0xFF,0xFF,0xFF,0xFF,0xFF,0xFF,0xFF,0xFF,
	0xFF,0xFF,0xFF,0xFF,0xFF,0xFF,0xFF,0xFF,0xFF,0xFF,0xFF,0xFF,0xFF,0xFF,0xFF,0xFF,0xFF,0xFF,0xFF,0xFF,
	0xFF,0xFF,0xFF,0xFF,0xFF,0xFF,0xFF,0xFF,0xFF,0xFF,0xFF,0xFF,0xFF,0xFF,0xFF,0xFF,0xFF,0xFF,0xFF,0xFF,
	0xFF,0xFF,0xFF,0xFF,0xFF,0xFF,0xFF,0xFF,0xFF,0xFF,0xFF,0xFF,0xFF,0xFF,0xFF,0xFF,0xFF,0xFF,0xFF,0xFF,
	0xFF,0xFF,0xFF,0xFF,0xFF,0xFF,0xFF,0xFF,0xFF,0xFF,0xFF,0xFF,0xFF,0xFF,0xFF,0xFF,0xFF,0xFF,0xFF,0xFF,
	0xFF,0xFF,0xFF,0xFF,0xFF,0xFF,0xFF,0xFF,0xFF,0xFF,0xFF,0xFF,0xFF,0xFF,0xFF,0xFF,0xFF,0xFF,0xFF,0xFF,
	0xFF,0xFF,0xFF,0xFF,0xFF,0xFF,0xFF,0xFF,0xFF,0xFF,0xFF,0xFF,0xFF,0xFF,0xFF,0xFF,0xFF,0xFF,0xFF,0xFF,
	0xFF,0xFF,0xFF,0xFF,0xFF,0xFF,0xFF,0xFF,0xFF,0xFF,0xFF,0xFF,0xFF,0xFF,0xFF,0xFF,0xFF,0xFF,0xFF,0xFF,
	0xFF,0xFF,0xFF,0xFF,0xFF,0xFF,0xFF,0xFF,0xFF,0xFF,0xFF,0xFF,0xFF,0xFF,0xFF,0xFF,0xFF,0xFF,0xFF,0xFF,
	0xFF,0xFF,0xFF,0xFF,0xFF,0xFF,0xFF,0xFF,0xFF,0xFF,0xFF,0xFF,0xFF,0xFF,0xFF,0xFF,0xFF,0xFF,0xFF,0xFF,
	0xFF,0xFF,0xFF,0xFF,0xFF,0xFF,0xFF,0xFF,0xFF,0xFF,0xFF,0xFF,0xFF,0xFF,0xFF,0xFF,0xFF,0xFF,0xFF,0xFF,
	0xFF,0xFF,0xFF,0xFF,0xFF,0xFF,0xFF,0xFF,0xFF,0xFF,0xFF,0xFF,0xFF,0xFF,0xFF,0xFF,0xFF,0xFF,0xFF,0xFF,
	0xFF,0xFF,0xFF,0xFF,0xFF,0xFF,0xFF,0xFF,0xFF,0xFF,0xFF,0xFF,0xFF,0xFF,0xFF,0xFF,0xFF,0xFF,0xFF,0xFF,
	0xFF,0xFF,0xFF,0xFF,0xFF,0xFF,0xFF,0xFF,0xFF,0xFF,0xFF,0xFF,0xFF,0xFF,0xFF,0xFF,0xFF,0xFF,0xFF,0xFF,
};

const lv_img_dsc_t face_75_2_410_dial_img_2_216824_4 = {
    .header.magic = LV_IMAGE_HEADER_MAGIC,
    .header.w = 60,
    .header.h = 22,
    .data_size = sizeof(face_75_2_410_dial_img_2_216824_data_4),
    .header.cf = LV_COLOR_FORMAT_NATIVE_WITH_ALPHA,
    .data = face_75_2_410_dial_img_2_216824_data_4};

const LV_ATTRIBUTE_MEM_ALIGN uint8_t face_75_2_410_dial_img_2_216824_data_5[] = {
	//RGB565 data with alpha
	0xCB,0x21,0xCB,0x21,0xCB,0x21,0xCB,0x21,0xAB,0x21,0xAB,0x29,0xAB,0x29,0x8B,0x29,0x6A,0x21,0x4A,0x19,
	0x29,0x19,0x09,0x19,0x09,0x19,0x09,0x19,0x29,0x19,0x4A,0x21,0x8A,0x21,0xAB,0x29,0xAC,0x29,0xAD,0x31,
	0xCD,0x31,0xCD,0x31,0xCD,0x31,0xCD,0x31,0xCE,0x39,0xCE,0x39,0xAE,0x39,0x8D,0x31,0x6D,0x31,0x6D,0x31,
	0x8D,0x31,0xCE,0x39,0xCE,0x39,0xCE,0x39,0xAE,0x39,0xAE,0x39,0xAD,0x39,0xAD,0x39,0x8D,0x39,0x4D,0x31,
	0x2C,0x29,0x0B,0x29,0xEA,0x20,0xEA,0x20,0xEA,0x20,0xEA,0x20,0xEA,0x20,0xEA,0x20,0xEA,0x20,0xEA,0x28,
	0xEA,0x30,0xEA,0x30,0x0A,0x31,0x2B,0x39,0x2B,0x39,0x2B,0x39,0x2B,0x39,0x2B,0x39,0x2B,0x39,0x2B,0x39,
	0xCB,0x21,0xCB,0x21,0xCB,0x21,0xCB,0x21,0xAB,0x21,0xAB,0x21,0xAB,0x29,0xEC,0x31,0xAE,0x4A,0x71,0x63,
	0xB2,0x73,0xD2,0x73,0xD2,0x73,0xD2,0x73,0x91,0x6B,0xEF,0x5A,0x6E,0x42,0xCD,0x29,0xAD,0x29,0xCD,0x31,
	0xCD,0x31,0xED,0x31,0xCD,0x31,0xCD,0x31,0xCE,0x39,0xEE,0x41,0x2F,0x4A,0xD1,0x5A,0x52,0x6B,0x73,0x6B,
	0xF1,0x5A,0xEE,0x41,0xAE,0x39,0xCE,0x39,0xAE,0x39,0xAE,0x39,0xAD,0x39,0x8D,0x39,0x8D,0x39,0x90,0x5A,
	0x52,0x6B,0x52,0x6B,0x31,0x6B,0x11,0x6B,0xF0,0x62,0xF0,0x62,0xF0,0x62,0xF0,0x62,0x10,0x6B,0x10,0x6B,
	0x10,0x6B,0xF0,0x6A,0x6F,0x5A,0x8C,0x41,0x0B,0x39,0x2B,0x39,0x2B,0x39,0x2B,0x39,0x2B,0x39,0x2B,0x39,
	0xCB,0x21,0xCB,0x21,0xCB,0x21,0xCB,0x21,0xAB,0x21,0x8A,0x21,0xEC,0x31,0xD0,0x4A,0xD6,0x94,0xDC,0xD6,
	0xBE,0xF7,0xFF,0xFF,0xFF,0xFF,0xBF,0xF7,0x3D,0xE7,0xD9,0xB5,0x34,0x7C,0x8F,0x42,0xAD,0x29,0xEE,0x31,
	0xEE,0x31,0xEE,0x31,0xCE,0x39,0xCE,0x39,0xAE,0x39,0x2F,0x4A,0x32,0x6B,0x17,0xA5,0x9B,0xD6,0xDC,0xD6,
	0x58,0xAD,0x90,0x4A,0xAE,0x31,0xAE,0x39,0xAE,0x39,0xAE,0x39,0xAE,0x39,0x6D,0x31,0x8E,0x39,0x55,0x8C,
	0x9B,0xD6,0x9B,0xCE,0x7B,0xCE,0x7B,0xCE,0x5B,0xCE,0x3B,0xCE,0x3A,0xCE,0x3A,0xCE,0x3A,0xCE,0x5A,0xCE,
	0x5A,0xCE,0xD9,0xC5,0xB6,0xA4,0x0E,0x52,0xEA,0x30,0x2B,0x39,0x2B,0x39,0x2B,0x39,0x2B,0x39,0x2B,0x39,
	0xCB,0x21,0xCB,0x21,0xCB,0x21,0xAB,0x21,0xAB,0x21,0x8B,0x21,0xCF,0x52,0x57,0xAD,0xFC,0xDE,0xDF,0xFF,
	0x3D,0xE7,0x9B,0xD6,0xBC,0xD6,0x1D,0xDF,0x5E,0xEF,0x5E,0xEF,0x9B,0xCE,0x95,0x8C,0xF1,0x52,0x0E,0x32,
	0xCD,0x29,0xED,0x31,0xCD,0x31,0xCD,0x31,0xAD,0x31,0xB0,0x52,0x96,0x94,0x5B,0xCE,0xBE,0xF7,0xDF,0xFF,
	0x9B,0xCE,0xB3,0x73,0x4F,0x4A,0xAE,0x39,0x8E,0x39,0xAE,0x39,0xAE,0x39,0x8D,0x31,0x8E,0x39,0x14,0x84,
	0x3A,0xC6,0x1A,0xC6,0xFA,0xBD,0xFA,0xC5,0xBC,0xDE,0x9E,0xF7,0x7E,0xEF,0xFC,0xDE,0x1A,0xC6,0xD9,0xBD,
	0xD9,0xBD,0x78,0xB5,0x55,0x94,0x0D,0x4A,0xEA,0x30,0x2B,0x39,0x2B,0x39,0x2B,0x39,0x2B,0x39,0x2B,0x39,
	0xCB,0x21,0xCB,0x21,0xCB,0x21,0xAB,0x21,0xCB,0x21,0x2D,0x32,0x33,0x7C,0x7E,0xF7,0xFF,0xFF,0x1D,0xE7,
	0x57,0xAD,0x34,0x84,0x75,0x84,0xF7,0x94,0xD9,0xB5,0x5D,0xE7,0xBE,0xF7,0xB8,0xB5,0xB2,0x6B,0x0E,0x3A,
	0xAC,0x29,0xCD,0x31,0xCD,0x31,0xCD,0x31,0x8D,0x31,0x32,0x63,0xFA,0xBD,0xFD,0xDE,0x9E,0xF7,0xFF,0xFF,
	0x5D,0xE7,0x16,0x9D,0x11,0x63,0x8E,0x39,0x8E,0x39,0xAE,0x39,0xAE,0x39,0x8E,0x39,0xAE,0x39,0x32,0x6B,
	0x95,0x94,0x75,0x94,0x55,0x8C,0x35,0x94,0x1A,0xC6,0xFF,0xFF,0xDF,0xF7,0xBC,0xD6,0xD6,0x9C,0x34,0x8C,
	0x55,0x8C,0xF4,0x8B,0x31,0x73,0xAD,0x41,0x0A,0x31,0x2B,0x39,0x2B,0x39,0x2B,0x39,0x2B,0x39,0x2B,0x39,
	0xCB,0x21,0xCB,0x21,0xAB,0x21,0x8A,0x19,0xEC,0x29,0x71,0x63,0x98,0xAD,0xDF,0xFF,0xDC,0xD6,0x95,0x8C,
	0x11,0x5B,0x4E,0x42,0x6F,0x42,0x6F,0x42,0xD0,0x4A,0xD6,0x94,0x1A,0xBE,0xB6,0x8C,0x31,0x5B,0xED,0x39,
	0xAD,0x29,0xCD,0x31,0xCD,0x31,0xAD,0x31,0x4D,0x29,0xB3,0x73,0x1D,0xE7,0xBC,0xD6,0xFA,0xBD,0x3D,0xDF,
	0x7E,0xEF,0x9B,0xD6,0x14,0x84,0x8E,0x39,0x6D,0x31,0xAE,0x39,0xAE,0x39,0xAE,0x39,0xAE,0x39,0x0F,0x42,
	0x50,0x4A,0x50,0x4A,0x0F,0x4A,0xEF,0x49,0xF7,0xA4,0xFF,0xFF,0xBE,0xF7,0xD9,0xBD,0xD1,0x6A,0xEF,0x49,
	0x30,0x52,0x0F,0x52,0xCE,0x49,0x4C,0x39,0x0B,0x39,0x2B,0x39,0x2B,0x39,0x2B,0x39,0x2B,0x39,0x2B,0x39,
	0xCB,0x21,0xCB,0x21,0xAB,0x21,0x8A,0x19,0x0D,0x2A,0x34,0x7C,0x5A,0xC6,0xFF,0xFF,0x5A,0xC6,0x71,0x63,
	0x0D,0x32,0x8C,0x21,0xAC,0x29,0x8C,0x21,0x8C,0x21,0x11,0x5B,0x14,0x7C,0x52,0x63,0x8F,0x4A,0xED,0x31,
	0xCD,0x31,0xCD,0x31,0xCD,0x31,0xCD,0x31,0xEE,0x39,0x75,0x94,0xDF,0xFF,0x5B,0xCE,0xB6,0x94,0x1A,0xBE,
	0x3D,0xE7,0x9E,0xF7,0xF7,0xA4,0xCE,0x39,0x8D,0x31,0xAE,0x39,0xAE,0x39,0xAE,0x39,0xAE,0x39,0x8E,0x39,
	0x6D,0x31,0x6D,0x31,0x2D,0x29,0x0C,0x29,0x76,0x94,0xFF,0xFF,0x9E,0xEF,0x78,0xB5,0x10,0x52,0xEC,0x30,
	0x4D,0x39,0x4D,0x39,0x4D,0x39,0x4D,0x41,0x2C,0x39,0x2B,0x39,0x2B,0x39,0x2B,0x39,0x2B,0x39,0x2B,0x39,
	0xAB,0x21,0xAB,0x21,0xCB,0x21,0xAB,0x21,0x2E,0x32,0x14,0x7C,0x3A,0xC6,0xFF,0xFF,0x7A,0xC6,0xB2,0x6B,
	0x4E,0x42,0xAC,0x29,0xCD,0x31,0xED,0x31,0xED,0x31,0x0D,0x32,0x0D,0x3A,0x0D,0x32,0xED,0x31,0xCD,0x31,
	0xCD,0x31,0xCD,0x31,0xAD,0x29,0x0E,0x3A,0xF1,0x62,0x58,0xB5,0xFF,0xFF,0xD9,0xBD,0xB3,0x7B,0xB6,0x94,
	0x5B,0xC6,0xFF,0xFF,0xB9,0xB5,0x4F,0x4A,0xAE,0x39,0xAE,0x39,0xAE,0x39,0xAE,0x39,0xAE,0x39,0xAE,0x39,
	0xAE,0x39,0xAE,0x39,0x6D,0x31,0x4D,0x31,0x96,0x94,0xFF,0xFF,0x9E,0xEF,0x99,0xB5,0x50,0x5A,0x2D,0x39,
	0x8E,0x41,0x8E,0x41,0x8E,0x41,0x6E,0x41,0x6D,0x41,0x4C,0x39,0x2B,0x39,0x2B,0x39,0x2B,0x39,0x2B,0x39,
	0xAB,0x21,0xCC,0x21,0xEC,0x21,0xCC,0x21,0x2E,0x32,0x72,0x63,0x78,0xAD,0xFF,0xFF,0x7D,0xEF,0xD9,0xB5,
	0x13,0x7C,0xD0,0x52,0x8F,0x4A,0x0E,0x3A,0x8C,0x21,0x6C,0x21,0x8C,0x21,0xCC,0x29,0xED,0x31,0xCD,0x31,
	0xCD,0x31,0xCD,0x31,0x8C,0x29,0x2E,0x42,0x14,0x84,0x3B,0xCE,0xFF,0xFF,0x17,0xA5,0x70,0x52,0x32,0x63,
	0x58,0xA5,0xFF,0xFF,0x5B,0xCE,0x52,0x6B,0x0F,0x4A,0x8E,0x39,0xAE,0x39,0xAE,0x39,0xAE,0x39,0xAE,0x39,
	0xAE,0x39,0xAE,0x39,0x6E,0x31,0x4D,0x31,0x96,0x94,0xFF,0xFF,0x9E,0xEF,0x99,0xB5,0x50,0x5A,0x2D,0x39,
	0x8E,0x41,0x8E,0x41,0x8D,0x41,0x6E,0x41,0x6E,0x41,0x6D,0x41,0x4D,0x39,0x2C,0x39,0x2B,0x39,0x2B,0x39,
	0xCC,0x21,0xED,0x21,0x0D,0x2A,0x0D,0x2A,0x2D,0x2A,0xAF,0x42,0x75,0x84,0x5D,0xE7,0xDF,0xFF,0xBE,0xF7,
	0x19,0xBE,0xB5,0x8C,0x14,0x7C,0x51,0x5B,0x6E,0x42,0x2E,0x3A,0x2D,0x3A,0xED,0x31,0xED,0x31,0xCD,0x31,
	0xCD,0x31,0xCD,0x31,0x8C,0x29,0x6F,0x4A,0x37,0xA5,0xFD,0xDE,0x7E,0xF7,0x55,0x8C,0x8D,0x31,0xEE,0x39,
	0x35,0x84,0xBE,0xF7,0xFC,0xE6,0x95,0x94,0x90,0x5A,0x6D,0x31,0xAE,0x39,0xAE,0x39,0xAE,0x39,0xAE,0x39,
	0xAE,0x39,0xAE,0x39,0x6D,0x31,0x4D,0x31,0x96,0x94,0xFF,0xFF,0x9E,0xEF,0x99,0xB5,0x50,0x5A,0x2D,0x39,
	0x8E,0x41,0x8D,0x41,0x6D,0x41,0x6E,0x41,0x6E,0x41,0x6E,0x41,0x6E,0x41,0x4D,0x39,0x2C,0x39,0x2B,0x39,
	0x0D,0x2A,0x0E,0x2A,0x2E,0x2A,0x0E,0x2A,0x0E,0x2A,0x0E,0x2A,0xF1,0x4A,0xB5,0x8C,0x5A,0xCE,0xDF,0xFF,
	0xDF,0xF7,0x7D,0xEF,0x3D,0xE7,0xDC,0xD6,0x3A,0xC6,0x16,0x9D,0xB2,0x6B,0x2E,0x3A,0x8C,0x21,0xCD,0x31,
	0xCD,0x31,0xCD,0x31,0x4C,0x21,0x8F,0x4A,0x5A,0xCE,0x7E,0xEF,0x5B,0xCE,0xB3,0x73,0x6D,0x29,0x4D,0x29,
	0x52,0x6B,0x1D,0xDF,0x9E,0xEF,0x1A,0xC6,0x32,0x6B,0x4D,0x31,0x8E,0x39,0xAE,0x39,0xAD,0x39,0xAD,0x39,
	0x8D,0x39,0x8D,0x39,0x6D,0x31,0x2C,0x31,0x95,0x94,0xFF,0xFF,0x9E,0xEF,0x99,0xB5,0x50,0x5A,0x2D,0x39,
	0x8E,0x41,0x8E,0x41,0x8D,0x41,0x6E,0x41,0x6E,0x41,0x6E,0x41,0x6E,0x41,0x8E,0x49,0x6D,0x41,0x4D,0x41,
	0x4E,0x2A,0x4E,0x2A,0x4E,0x2A,0x2E,0x2A,0x2E,0x2A,0xEE,0x21,0x4E,0x32,0xF0,0x52,0x75,0x84,0x1A,0xBE,
	0xBC,0xD6,0x3D,0xDF,0x7E,0xEF,0xFF,0xFF,0xFF,0xFF,0x3D,0xE7,0x98,0xB5,0x52,0x63,0x0E,0x3A,0xED,0x31,
	0xCD,0x31,0xCD,0x31,0xAD,0x31,0x31,0x63,0x1C,0xE7,0x7E,0xEF,0x58,0xAD,0x52,0x6B,0xCE,0x39,0x8D,0x31,
	0x32,0x63,0x7B,0xCE,0xBF,0xF7,0x3D,0xE7,0xD4,0x7B,0x6D,0x31,0x8E,0x39,0xAD,0x39,0xAD,0x39,0xAD,0x39,
	0x8D,0x39,0x8D,0x39,0x6D,0x39,0x4D,0x31,0x96,0x94,0xFF,0xFF,0x9E,0xF7,0x99,0xB5,0x70,0x5A,0x4D,0x39,
	0xAE,0x41,0xAF,0x41,0xAF,0x41,0x8E,0x41,0x8E,0x41,0x8E,0x41,0x8F,0x49,0xAF,0x49,0x8F,0x49,0x8F,0x49,
	0x6F,0x32,0x6F,0x32,0x6F,0x32,0x6F,0x32,0x6F,0x32,0x4F,0x32,0x4F,0x32,0x6F,0x32,0x6F,0x3A,0xB0,0x4A,
	0x32,0x5B,0xF4,0x73,0xD6,0x8C,0x1A,0xBE,0x9E,0xEF,0xFF,0xFF,0x9E,0xEF,0x99,0xB5,0xB3,0x73,0x2E,0x3A,
	0x8D,0x29,0xCD,0x31,0x8F,0x52,0x55,0x94,0x7E,0xEF,0x5D,0xE7,0xF6,0x9C,0xB3,0x73,0xD1,0x5A,0xB0,0x5A,
	0xD3,0x7B,0x1A,0xC6,0xBE,0xF7,0xDF,0xF7,0x75,0x8C,0xEE,0x41,0xAD,0x39,0xAD,0x39,0xAE,0x39,0xAE,0x39,
	0xAE,0x41,0xCE,0x41,0x8E,0x39,0x8E,0x39,0xB6,0x9C,0xFF,0xFF,0x9E,0xF7,0x99,0xBD,0x91,0x62,0x6E,0x41,
	0xD0,0x49,0xD0,0x49,0xD0,0x49,0xB0,0x49,0xB0,0x49,0xB0,0x49,0xB0,0x49,0xB0,0x49,0xB0,0x49,0xB0,0x51,
	0x6F,0x32,0x6F,0x32,0x6F,0x32,0x6F,0x32,0x6F,0x32,0x6F,0x32,0x4F,0x32,0x0E,0x2A,0x0E,0x2A,0x0E,0x32,
	0x4F,0x3A,0xB0,0x42,0x31,0x53,0xF4,0x73,0x17,0x95,0xDC,0xD6,0xFF,0xFF,0x1D,0xE7,0x38,0xA5,0x70,0x42,
	0x8D,0x21,0xEE,0x39,0x72,0x6B,0x58,0xAD,0xBE,0xF7,0xBE,0xF7,0x9B,0xD6,0x1A,0xC6,0xD9,0xBD,0xB9,0xB5,
	0x3A,0xC6,0x3D,0xE7,0xFF,0xFF,0xFF,0xFF,0x37,0xA5,0xD1,0x5A,0xEE,0x41,0xAE,0x39,0xCF,0x39,0xCF,0x41,
	0xCF,0x49,0xEF,0x49,0xAF,0x41,0x8F,0x39,0xB7,0x9C,0xFF,0xFF,0x9E,0xF7,0x99,0xBD,0x91,0x62,0x8F,0x41,
	0xD0,0x49,0xD0,0x49,0xD0,0x49,0xD0,0x49,0xD0,0x49,0xB0,0x49,0xB0,0x49,0xB0,0x49,0xB0,0x51,0xB0,0x51,
	0x6F,0x32,0x6F,0x32,0x6F,0x32,0x6F,0x32,0x6F,0x32,0x6F,0x32,0x6F,0x32,0x6F,0x3A,0x6F,0x3A,0x4F,0x3A,
	0x4F,0x3A,0x4F,0x3A,0x2F,0x3A,0x0E,0x32,0x4F,0x3A,0x17,0x95,0x9E,0xEF,0xFF,0xFF,0x5B,0xCE,0xB1,0x4A,
	0x8E,0x29,0x2F,0x42,0x75,0x8C,0x7B,0xCE,0xBE,0xF7,0xDF,0xFF,0xDF,0xFF,0xFF,0xFF,0xFF,0xFF,0xFF,0xFF,
	0xFF,0xFF,0xDF,0xFF,0xDF,0xFF,0xDF,0xFF,0xFA,0xC5,0xF5,0x83,0x50,0x4A,0xCF,0x39,0xF0,0x41,0xF0,0x49,
	0xF0,0x49,0xF0,0x49,0xB0,0x41,0x8F,0x41,0xB7,0x9C,0xFF,0xFF,0x9E,0xF7,0x99,0xBD,0x92,0x62,0x6F,0x41,
	0xD0,0x49,0xD0,0x49,0xD0,0x49,0xD0,0x49,0xD0,0x49,0xB0,0x49,0xB0,0x49,0xB0,0x51,0xB0,0x49,0xB0,0x49,
	0x6F,0x32,0x6F,0x32,0x6F,0x32,0x6F,0x32,0x6F,0x32,0xB0,0x42,0x11,0x53,0x92,0x63,0xF1,0x52,0x2E,0x32,
	0x2F,0x32,0x4F,0x3A,0x2F,0x3A,0xEE,0x31,0xEE,0x31,0x75,0x84,0x1C,0xDF,0xFF,0xFF,0xBC,0xD6,0xB2,0x4A,
	0x8E,0x29,0x71,0x4A,0x99,0xB5,0x9E,0xEF,0x7D,0xE7,0x5B,0xC6,0x37,0x9D,0xF7,0x9C,0x17,0xA5,0x17,0xA5,
	0xF7,0xA4,0xD7,0x9C,0x3A,0xCE,0xDF,0xFF,0x3D,0xE7,0x58,0xAD,0x91,0x52,0x8F,0x39,0xD0,0x49,0xF0,0x49,
	0xF0,0x49,0xD0,0x49,0xB0,0x41,0x8F,0x41,0xB7,0x9C,0xFF,0xFF,0x9E,0xF7,0x99,0xBD,0x92,0x62,0x6F,0x41,
	0xD0,0x49,0xD0,0x49,0xD0,0x49,0xD0,0x49,0xB0,0x49,0xB0,0x49,0xB0,0x49,0xB0,0x49,0xB0,0x49,0xB0,0x49,
	0x6F,0x32,0x6F,0x32,0x6F,0x32,0x4F,0x2A,0x8F,0x3A,0x93,0x63,0x96,0x8C,0x57,0xA5,0x34,0x7C,0xB0,0x42,
	0x2F,0x3A,0x2E,0x32,0x2E,0x32,0x0E,0x32,0x2F,0x3A,0xD6,0x94,0x1D,0xDF,0xDF,0xFF,0x7B,0xC6,0xB1,0x4A,
	0xEF,0x31,0x12,0x5B,0x9B,0xCE,0xFF,0xFF,0x9B,0xD6,0xD7,0x94,0x12,0x5B,0xD1,0x5A,0xF2,0x62,0xF2,0x62,
	0xD2,0x5A,0xB1,0x5A,0xD7,0x9C,0x5D,0xEF,0xDF,0xFF,0x7B,0xCE,0xF2,0x62,0xAF,0x39,0xD0,0x49,0xD0,0x49,
	0xD0,0x49,0xD0,0x49,0xB0,0x41,0x8F,0x41,0xB7,0x9C,0xFF,0xFF,0x9E,0xF7,0x99,0xBD,0x92,0x62,0x6F,0x41,
	0xD0,0x49,0xD0,0x49,0xD0,0x49,0xB0,0x49,0xB0,0x49,0xB0,0x49,0xB0,0x49,0xB0,0x49,0xB0,0x49,0xB0,0x49,
	0x6F,0x32,0x6F,0x32,0x6F,0x32,0x2E,0x2A,0xD0,0x42,0x58,0x9D,0x1C,0xDF,0x9D,0xEF,0x19,0xBE,0xF3,0x73,
	0x90,0x42,0xCE,0x29,0xEE,0x29,0x2F,0x3A,0x12,0x5B,0xD9,0xB5,0xFF,0xFF,0x5D,0xEF,0x58,0xA5,0x70,0x42,
	0x90,0x42,0x55,0x7C,0xFC,0xDE,0xBF,0xF7,0x39,0xAD,0x74,0x73,0x71,0x4A,0x51,0x4A,0x92,0x4A,0x92,0x4A,
	0x72,0x4A,0x32,0x4A,0xF6,0x83,0x1B,0xCE,0xBF,0xFF,0x3D,0xE7,0xB4,0x73,0x10,0x4A,0xCF,0x41,0xD0,0x49,
	0xD0,0x49,0xD0,0x49,0xB0,0x41,0x8F,0x41,0xB7,0x9C,0xFF,0xFF,0x9E,0xF7,0x99,0xBD,0x92,0x62,0x6F,0x41,
	0xD0,0x49,0xD0,0x49,0xD0,0x49,0xB0,0x49,0xB0,0x49,0xB0,0x49,0xB0,0x49,0xB0,0x49,0xB0,0x49,0xB0,0x49,
	0x6F,0x32,0x6F,0x32,0x6F,0x32,0x4E,0x2A,0xB0,0x3A,0x75,0x84,0x3A,0xC6,0xDE,0xF7,0x7D,0xEF,0x3A,0xBE,
	0x37,0x9D,0xB6,0x8C,0xB6,0x8C,0x17,0x9D,0x99,0xB5,0x3D,0xE7,0xBE,0xF7,0xB9,0xAD,0xB3,0x6B,0x2F,0x3A,
	0x52,0x63,0x98,0xAD,0xBE,0xF7,0x9E,0xF7,0x36,0x8C,0x92,0x5A,0x51,0x4A,0x31,0x42,0x52,0x4A,0x52,0x4A,
	0x32,0x42,0x12,0x42,0x34,0x6B,0x19,0xAD,0x9E,0xF7,0xDF,0xFF,0x17,0xA5,0x12,0x6B,0xEF,0x49,0xAF,0x41,
	0xCF,0x49,0xD0,0x49,0xAF,0x41,0x8F,0x41,0xD7,0xA4,0xFF,0xFF,0xDE,0xFF,0xB9,0xC5,0x92,0x62,0x6F,0x41,
	0xD0,0x49,0xD0,0x49,0xD0,0x49,0xB0,0x49,0xB0,0x49,0xB0,0x49,0xB0,0x49,0xB0,0x49,0xB0,0x49,0xB0,0x49,
	0x6F,0x32,0x6F,0x32,0x6F,0x32,0x6F,0x32,0x6F,0x32,0x90,0x42,0xF4,0x73,0x9B,0xCE,0xBE,0xF7,0xFF,0xFF,
	0xFF,0xFF,0xFF,0xFF,0xFF,0xFF,0xFF,0xFF,0xFF,0xFF,0xBE,0xF7,0x7B,0xCE,0x93,0x63,0xEE,0x31,0xEE,0x31,
	0xD4,0x73,0x5A,0xC6,0xFF,0xFF,0x3D,0xE7,0x94,0x6B,0x31,0x42,0x52,0x4A,0x51,0x4A,0x51,0x4A,0x52,0x4A,
	0x52,0x4A,0x32,0x4A,0xD3,0x62,0x36,0x8C,0xDC,0xDE,0xDF,0xFF,0x3B,0xCE,0x16,0x8C,0x10,0x4A,0xAF,0x41,
	0xCF,0x41,0xCF,0x41,0xAE,0x41,0x8E,0x41,0x96,0x9C,0xFF,0xFF,0x9E,0xF7,0x99,0xBD,0x92,0x62,0x6F,0x41,
	0xD0,0x49,0xD0,0x49,0xD0,0x49,0xB0,0x49,0xB0,0x49,0xB0,0x49,0xB0,0x49,0xB0,0x49,0xB0,0x49,0xB0,0x49,
	0x6F,0x32,0x6F,0x32,0x6F,0x32,0x6F,0x32,0x6F,0x32,0x4F,0x32,0xB0,0x42,0xB3,0x63,0xB6,0x84,0x98,0xAD,
	0x1A,0xBE,0x5B,0xC6,0x5B,0xC6,0x1A,0xBE,0x98,0xAD,0x96,0x8C,0x93,0x6B,0x90,0x42,0x0F,0x32,0x30,0x3A,
	0x53,0x63,0xB7,0x94,0x38,0xA5,0x97,0x94,0xD2,0x5A,0x31,0x42,0x51,0x4A,0x51,0x4A,0x51,0x4A,0x52,0x4A,
	0x52,0x4A,0x52,0x4A,0x92,0x52,0x33,0x63,0x97,0x94,0x18,0xA5,0x77,0x94,0x54,0x73,0x32,0x4A,0xF1,0x41,
	0xF0,0x49,0xF0,0x49,0xCF,0x41,0xAF,0x49,0x33,0x73,0xF8,0xA4,0xB7,0x9C,0xB5,0x83,0x31,0x52,0xB0,0x41,
	0xD0,0x49,0xD0,0x49,0xD0,0x49,0xB0,0x49,0xB0,0x49,0xB0,0x49,0xB0,0x49,0xB0,0x49,0xB0,0x49,0xB0,0x49,
	0x6F,0x32,0x6F,0x32,0x6F,0x32,0x6F,0x32,0x6F,0x32,0x4F,0x32,0x2E,0x2A,0xEE,0x21,0xB0,0x42,0xD3,0x6B,
	0x96,0x8C,0xF7,0x94,0xF7,0x94,0x95,0x84,0xD3,0x6B,0x91,0x42,0xCF,0x29,0x10,0x32,0x50,0x3A,0x71,0x42,
	0x13,0x5B,0xB5,0x6B,0x74,0x6B,0xF3,0x5A,0x71,0x4A,0x31,0x4A,0x51,0x4A,0x51,0x4A,0x51,0x4A,0x52,0x4A,
	0x52,0x4A,0x52,0x4A,0x72,0x4A,0x92,0x4A,0x13,0x63,0x54,0x73,0x14,0x73,0xB3,0x62,0x32,0x4A,0x12,0x4A,
	0x11,0x4A,0xF0,0x49,0xF0,0x49,0xCF,0x49,0x51,0x5A,0xF3,0x6A,0xD3,0x6A,0x92,0x5A,0xF0,0x49,0xD0,0x49,
	0xD0,0x49,0xD0,0x49,0xD0,0x49,0xB0,0x49,0xB0,0x49,0xB0,0x49,0xB0,0x49,0xB0,0x49,0xB0,0x49,0xB0,0x49,
	0xFF,0xFF,0xFF,0xFF,0xFF,0xFF,0xFF,0xFF,0xFF,0xFF,0xFF,0xFF,0xFF,0xFF,0xFF,0xFF,0xFF,0xFF,0xFF,0xFF,
	0xFF,0xFF,0xFF,0xFF,0xFF,0xFF,0xFF,0xFF,0xFF,0xFF,0xFF,0xFF,0xFF,0xFF,0xFF,0xFF,0xFF,0xFF,0xFF,0xFF,
	0xFF,0xFF,0xFF,0xFF,0xFF,0xFF,0xFF,0xFF,0xFF,0xFF,0xFF,0xFF,0xFF,0xFF,0xFF,0xFF,0xFF,0xFF,0xFF,0xFF,
	0xFF,0xFF,0xFF,0xFF,0xFF,0xFF,0xFF,0xFF,0xFF,0xFF,0xFF,0xFF,0xFF,0xFF,0xFF,0xFF,0xFF,0xFF,0xFF,0xFF,
	0xFF,0xFF,0xFF,0xFF,0xFF,0xFF,0xFF,0xFF,0xFF,0xFF,0xFF,0xFF,0xFF,0xFF,0xFF,0xFF,0xFF,0xFF,0xFF,0xFF,
	0xFF,0xFF,0xFF,0xFF,0xFF,0xFF,0xFF,0xFF,0xFF,0xFF,0xFF,0xFF,0xFF,0xFF,0xFF,0xFF,0xFF,0xFF,0xFF,0xFF,
	0xFF,0xFF,0xFF,0xFF,0xFF,0xFF,0xFF,0xFF,0xFF,0xFF,0xFF,0xFF,0xFF,0xFF,0xFF,0xFF,0xFF,0xFF,0xFF,0xFF,
	0xFF,0xFF,0xFF,0xFF,0xFF,0xFF,0xFF,0xFF,0xFF,0xFF,0xFF,0xFF,0xFF,0xFF,0xFF,0xFF,0xFF,0xFF,0xFF,0xFF,
	0xFF,0xFF,0xFF,0xFF,0xFF,0xFF,0xFF,0xFF,0xFF,0xFF,0xFF,0xFF,0xFF,0xFF,0xFF,0xFF,0xFF,0xFF,0xFF,0xFF,
	0xFF,0xFF,0xFF,0xFF,0xFF,0xFF,0xFF,0xFF,0xFF,0xFF,0xFF,0xFF,0xFF,0xFF,0xFF,0xFF,0xFF,0xFF,0xFF,0xFF,
	0xFF,0xFF,0xFF,0xFF,0xFF,0xFF,0xFF,0xFF,0xFF,0xFF,0xFF,0xFF,0xFF,0xFF,0xFF,0xFF,0xFF,0xFF,0xFF,0xFF,
	0xFF,0xFF,0xFF,0xFF,0xFF,0xFF,0xFF,0xFF,0xFF,0xFF,0xFF,0xFF,0xFF,0xFF,0xFF,0xFF,0xFF,0xFF,0xFF,0xFF,
	0xFF,0xFF,0xFF,0xFF,0xFF,0xFF,0xFF,0xFF,0xFF,0xFF,0xFF,0xFF,0xFF,0xFF,0xFF,0xFF,0xFF,0xFF,0xFF,0xFF,
	0xFF,0xFF,0xFF,0xFF,0xFF,0xFF,0xFF,0xFF,0xFF,0xFF,0xFF,0xFF,0xFF,0xFF,0xFF,0xFF,0xFF,0xFF,0xFF,0xFF,
	0xFF,0xFF,0xFF,0xFF,0xFF,0xFF,0xFF,0xFF,0xFF,0xFF,0xFF,0xFF,0xFF,0xFF,0xFF,0xFF,0xFF,0xFF,0xFF,0xFF,
	0xFF,0xFF,0xFF,0xFF,0xFF,0xFF,0xFF,0xFF,0xFF,0xFF,0xFF,0xFF,0xFF,0xFF,0xFF,0xFF,0xFF,0xFF,0xFF,0xFF,
	0xFF,0xFF,0xFF,0xFF,0xFF,0xFF,0xFF,0xFF,0xFF,0xFF,0xFF,0xFF,0xFF,0xFF,0xFF,0xFF,0xFF,0xFF,0xFF,0xFF,
	0xFF,0xFF,0xFF,0xFF,0xFF,0xFF,0xFF,0xFF,0xFF,0xFF,0xFF,0xFF,0xFF,0xFF,0xFF,0xFF,0xFF,0xFF,0xFF,0xFF,
	0xFF,0xFF,0xFF,0xFF,0xFF,0xFF,0xFF,0xFF,0xFF,0xFF,0xFF,0xFF,0xFF,0xFF,0xFF,0xFF,0xFF,0xFF,0xFF,0xFF,
	0xFF,0xFF,0xFF,0xFF,0xFF,0xFF,0xFF,0xFF,0xFF,0xFF,0xFF,0xFF,0xFF,0xFF,0xFF,0xFF,0xFF,0xFF,0xFF,0xFF,
	0xFF,0xFF,0xFF,0xFF,0xFF,0xFF,0xFF,0xFF,0xFF,0xFF,0xFF,0xFF,0xFF,0xFF,0xFF,0xFF,0xFF,0xFF,0xFF,0xFF,
	0xFF,0xFF,0xFF,0xFF,0xFF,0xFF,0xFF,0xFF,0xFF,0xFF,0xFF,0xFF,0xFF,0xFF,0xFF,0xFF,0xFF,0xFF,0xFF,0xFF,
	0xFF,0xFF,0xFF,0xFF,0xFF,0xFF,0xFF,0xFF,0xFF,0xFF,0xFF,0xFF,0xFF,0xFF,0xFF,0xFF,0xFF,0xFF,0xFF,0xFF,
	0xFF,0xFF,0xFF,0xFF,0xFF,0xFF,0xFF,0xFF,0xFF,0xFF,0xFF,0xFF,0xFF,0xFF,0xFF,0xFF,0xFF,0xFF,0xFF,0xFF,
	0xFF,0xFF,0xFF,0xFF,0xFF,0xFF,0xFF,0xFF,0xFF,0xFF,0xFF,0xFF,0xFF,0xFF,0xFF,0xFF,0xFF,0xFF,0xFF,0xFF,
	0xFF,0xFF,0xFF,0xFF,0xFF,0xFF,0xFF,0xFF,0xFF,0xFF,0xFF,0xFF,0xFF,0xFF,0xFF,0xFF,0xFF,0xFF,0xFF,0xFF,
	0xFF,0xFF,0xFF,0xFF,0xFF,0xFF,0xFF,0xFF,0xFF,0xFF,0xFF,0xFF,0xFF,0xFF,0xFF,0xFF,0xFF,0xFF,0xFF,0xFF,
	0xFF,0xFF,0xFF,0xFF,0xFF,0xFF,0xFF,0xFF,0xFF,0xFF,0xFF,0xFF,0xFF,0xFF,0xFF,0xFF,0xFF,0xFF,0xFF,0xFF,
	0xFF,0xFF,0xFF,0xFF,0xFF,0xFF,0xFF,0xFF,0xFF,0xFF,0xFF,0xFF,0xFF,0xFF,0xFF,0xFF,0xFF,0xFF,0xFF,0xFF,
	0xFF,0xFF,0xFF,0xFF,0xFF,0xFF,0xFF,0xFF,0xFF,0xFF,0xFF,0xFF,0xFF,0xFF,0xFF,0xFF,0xFF,0xFF,0xFF,0xFF,
	0xFF,0xFF,0xFF,0xFF,0xFF,0xFF,0xFF,0xFF,0xFF,0xFF,0xFF,0xFF,0xFF,0xFF,0xFF,0xFF,0xFF,0xFF,0xFF,0xFF,
	0xFF,0xFF,0xFF,0xFF,0xFF,0xFF,0xFF,0xFF,0xFF,0xFF,0xFF,0xFF,0xFF,0xFF,0xFF,0xFF,0xFF,0xFF,0xFF,0xFF,
	0xFF,0xFF,0xFF,0xFF,0xFF,0xFF,0xFF,0xFF,0xFF,0xFF,0xFF,0xFF,0xFF,0xFF,0xFF,0xFF,0xFF,0xFF,0xFF,0xFF,
	0xFF,0xFF,0xFF,0xFF,0xFF,0xFF,0xFF,0xFF,0xFF,0xFF,0xFF,0xFF,0xFF,0xFF,0xFF,0xFF,0xFF,0xFF,0xFF,0xFF,
	0xFF,0xFF,0xFF,0xFF,0xFF,0xFF,0xFF,0xFF,0xFF,0xFF,0xFF,0xFF,0xFF,0xFF,0xFF,0xFF,0xFF,0xFF,0xFF,0xFF,
	0xFF,0xFF,0xFF,0xFF,0xFF,0xFF,0xFF,0xFF,0xFF,0xFF,0xFF,0xFF,0xFF,0xFF,0xFF,0xFF,0xFF,0xFF,0xFF,0xFF,
	0xFF,0xFF,0xFF,0xFF,0xFF,0xFF,0xFF,0xFF,0xFF,0xFF,0xFF,0xFF,0xFF,0xFF,0xFF,0xFF,0xFF,0xFF,0xFF,0xFF,
	0xFF,0xFF,0xFF,0xFF,0xFF,0xFF,0xFF,0xFF,0xFF,0xFF,0xFF,0xFF,0xFF,0xFF,0xFF,0xFF,0xFF,0xFF,0xFF,0xFF,
	0xFF,0xFF,0xFF,0xFF,0xFF,0xFF,0xFF,0xFF,0xFF,0xFF,0xFF,0xFF,0xFF,0xFF,0xFF,0xFF,0xFF,0xFF,0xFF,0xFF,
	0xFF,0xFF,0xFF,0xFF,0xFF,0xFF,0xFF,0xFF,0xFF,0xFF,0xFF,0xFF,0xFF,0xFF,0xFF,0xFF,0xFF,0xFF,0xFF,0xFF,
	0xFF,0xFF,0xFF,0xFF,0xFF,0xFF,0xFF,0xFF,0xFF,0xFF,0xFF,0xFF,0xFF,0xFF,0xFF,0xFF,0xFF,0xFF,0xFF,0xFF,
	0xFF,0xFF,0xFF,0xFF,0xFF,0xFF,0xFF,0xFF,0xFF,0xFF,0xFF,0xFF,0xFF,0xFF,0xFF,0xFF,0xFF,0xFF,0xFF,0xFF,
	0xFF,0xFF,0xFF,0xFF,0xFF,0xFF,0xFF,0xFF,0xFF,0xFF,0xFF,0xFF,0xFF,0xFF,0xFF,0xFF,0xFF,0xFF,0xFF,0xFF,
	0xFF,0xFF,0xFF,0xFF,0xFF,0xFF,0xFF,0xFF,0xFF,0xFF,0xFF,0xFF,0xFF,0xFF,0xFF,0xFF,0xFF,0xFF,0xFF,0xFF,
	0xFF,0xFF,0xFF,0xFF,0xFF,0xFF,0xFF,0xFF,0xFF,0xFF,0xFF,0xFF,0xFF,0xFF,0xFF,0xFF,0xFF,0xFF,0xFF,0xFF,
	0xFF,0xFF,0xFF,0xFF,0xFF,0xFF,0xFF,0xFF,0xFF,0xFF,0xFF,0xFF,0xFF,0xFF,0xFF,0xFF,0xFF,0xFF,0xFF,0xFF,
	0xFF,0xFF,0xFF,0xFF,0xFF,0xFF,0xFF,0xFF,0xFF,0xFF,0xFF,0xFF,0xFF,0xFF,0xFF,0xFF,0xFF,0xFF,0xFF,0xFF,
	0xFF,0xFF,0xFF,0xFF,0xFF,0xFF,0xFF,0xFF,0xFF,0xFF,0xFF,0xFF,0xFF,0xFF,0xFF,0xFF,0xFF,0xFF,0xFF,0xFF,
	0xFF,0xFF,0xFF,0xFF,0xFF,0xFF,0xFF,0xFF,0xFF,0xFF,0xFF,0xFF,0xFF,0xFF,0xFF,0xFF,0xFF,0xFF,0xFF,0xFF,
	0xFF,0xFF,0xFF,0xFF,0xFF,0xFF,0xFF,0xFF,0xFF,0xFF,0xFF,0xFF,0xFF,0xFF,0xFF,0xFF,0xFF,0xFF,0xFF,0xFF,
	0xFF,0xFF,0xFF,0xFF,0xFF,0xFF,0xFF,0xFF,0xFF,0xFF,0xFF,0xFF,0xFF,0xFF,0xFF,0xFF,0xFF,0xFF,0xFF,0xFF,
	0xFF,0xFF,0xFF,0xFF,0xFF,0xFF,0xFF,0xFF,0xFF,0xFF,0xFF,0xFF,0xFF,0xFF,0xFF,0xFF,0xFF,0xFF,0xFF,0xFF,
	0xFF,0xFF,0xFF,0xFF,0xFF,0xFF,0xFF,0xFF,0xFF,0xFF,0xFF,0xFF,0xFF,0xFF,0xFF,0xFF,0xFF,0xFF,0xFF,0xFF,
	0xFF,0xFF,0xFF,0xFF,0xFF,0xFF,0xFF,0xFF,0xFF,0xFF,0xFF,0xFF,0xFF,0xFF,0xFF,0xFF,0xFF,0xFF,0xFF,0xFF,
	0xFF,0xFF,0xFF,0xFF,0xFF,0xFF,0xFF,0xFF,0xFF,0xFF,0xFF,0xFF,0xFF,0xFF,0xFF,0xFF,0xFF,0xFF,0xFF,0xFF,
	0xFF,0xFF,0xFF,0xFF,0xFF,0xFF,0xFF,0xFF,0xFF,0xFF,0xFF,0xFF,0xFF,0xFF,0xFF,0xFF,0xFF,0xFF,0xFF,0xFF,
	0xFF,0xFF,0xFF,0xFF,0xFF,0xFF,0xFF,0xFF,0xFF,0xFF,0xFF,0xFF,0xFF,0xFF,0xFF,0xFF,0xFF,0xFF,0xFF,0xFF,
	0xFF,0xFF,0xFF,0xFF,0xFF,0xFF,0xFF,0xFF,0xFF,0xFF,0xFF,0xFF,0xFF,0xFF,0xFF,0xFF,0xFF,0xFF,0xFF,0xFF,
	0xFF,0xFF,0xFF,0xFF,0xFF,0xFF,0xFF,0xFF,0xFF,0xFF,0xFF,0xFF,0xFF,0xFF,0xFF,0xFF,0xFF,0xFF,0xFF,0xFF,
	0xFF,0xFF,0xFF,0xFF,0xFF,0xFF,0xFF,0xFF,0xFF,0xFF,0xFF,0xFF,0xFF,0xFF,0xFF,0xFF,0xFF,0xFF,0xFF,0xFF,
	0xFF,0xFF,0xFF,0xFF,0xFF,0xFF,0xFF,0xFF,0xFF,0xFF,0xFF,0xFF,0xFF,0xFF,0xFF,0xFF,0xFF,0xFF,0xFF,0xFF,
	0xFF,0xFF,0xFF,0xFF,0xFF,0xFF,0xFF,0xFF,0xFF,0xFF,0xFF,0xFF,0xFF,0xFF,0xFF,0xFF,0xFF,0xFF,0xFF,0xFF,
	0xFF,0xFF,0xFF,0xFF,0xFF,0xFF,0xFF,0xFF,0xFF,0xFF,0xFF,0xFF,0xFF,0xFF,0xFF,0xFF,0xFF,0xFF,0xFF,0xFF,
	0xFF,0xFF,0xFF,0xFF,0xFF,0xFF,0xFF,0xFF,0xFF,0xFF,0xFF,0xFF,0xFF,0xFF,0xFF,0xFF,0xFF,0xFF,0xFF,0xFF,
	0xFF,0xFF,0xFF,0xFF,0xFF,0xFF,0xFF,0xFF,0xFF,0xFF,0xFF,0xFF,0xFF,0xFF,0xFF,0xFF,0xFF,0xFF,0xFF,0xFF,
	0xFF,0xFF,0xFF,0xFF,0xFF,0xFF,0xFF,0xFF,0xFF,0xFF,0xFF,0xFF,0xFF,0xFF,0xFF,0xFF,0xFF,0xFF,0xFF,0xFF,
};

const lv_img_dsc_t face_75_2_410_dial_img_2_216824_5 = {
    .header.magic = LV_IMAGE_HEADER_MAGIC,
    .header.w = 60,
    .header.h = 22,
    .data_size = sizeof(face_75_2_410_dial_img_2_216824_data_5),
    .header.cf = LV_COLOR_FORMAT_NATIVE_WITH_ALPHA,
    .data = face_75_2_410_dial_img_2_216824_data_5};

const LV_ATTRIBUTE_MEM_ALIGN uint8_t face_75_2_410_dial_img_2_216824_data_6[] = {
	//RGB565 data with alpha
	0xCB,0x21,0xCB,0x21,0xCB,0x21,0xCB,0x21,0xAB,0x21,0xAB,0x21,0x8A,0x21,0x4A,0x21,0x29,0x19,0x29,0x19,
	0x09,0x19,0x09,0x19,0x09,0x19,0x2A,0x21,0x4A,0x21,0x8A,0x29,0xAB,0x29,0xAC,0x29,0xAC,0x29,0x8D,0x29,
	0x8C,0x29,0x6C,0x21,0x8C,0x29,0xAD,0x29,0xCE,0x39,0xCE,0x39,0xCE,0x39,0xCE,0x39,0xCE,0x39,0xCE,0x39,
	0xCE,0x39,0xCE,0x39,0x8D,0x31,0x6D,0x31,0x6D,0x31,0x8D,0x39,0xAD,0x39,0xAD,0x39,0x8D,0x39,0x6D,0x39,
	0x4C,0x31,0x0B,0x29,0x0B,0x21,0x0A,0x29,0x2A,0x31,0x4B,0x31,0x4B,0x31,0x4B,0x31,0x4B,0x31,0x4B,0x31,
	0x4B,0x39,0x2A,0x39,0xEA,0x30,0xCA,0x30,0xEA,0x30,0x2B,0x39,0x2B,0x39,0x2B,0x39,0x2B,0x39,0x2B,0x39,
	0xCB,0x21,0xCB,0x21,0xCB,0x21,0xAB,0x21,0xAB,0x21,0xCC,0x29,0x6D,0x42,0x30,0x5B,0xB2,0x6B,0xF2,0x73,
	0xD2,0x73,0xD2,0x73,0x92,0x6B,0x30,0x5B,0x6E,0x4A,0xEC,0x31,0xAB,0x29,0xAC,0x29,0xCD,0x31,0x0E,0x3A,
	0xB0,0x52,0x52,0x63,0xF0,0x5A,0x6F,0x4A,0xEE,0x39,0xCE,0x39,0xCE,0x39,0xCE,0x39,0xCE,0x39,0xCE,0x39,
	0xCE,0x39,0x0F,0x42,0xB1,0x5A,0x52,0x6B,0xD1,0x5A,0x4F,0x4A,0xCE,0x41,0x8D,0x39,0x8D,0x39,0x2F,0x4A,
	0xD1,0x62,0x11,0x63,0xD0,0x5A,0xED,0x41,0x6C,0x39,0x4C,0x31,0x4B,0x31,0x4B,0x31,0x4B,0x31,0x2B,0x31,
	0x2B,0x39,0xED,0x49,0x8F,0x62,0x8F,0x62,0x2E,0x52,0x4B,0x39,0x0B,0x39,0x2B,0x39,0x2B,0x39,0x2B,0x39,
	0xCB,0x21,0xCB,0x21,0xCB,0x21,0xAB,0x21,0xCB,0x21,0x6F,0x42,0x14,0x7C,0x7B,0xC6,0x9E,0xEF,0xFF,0xFF,
	0xFF,0xFF,0xDF,0xFF,0x7E,0xEF,0x5A,0xC6,0xB5,0x8C,0xF0,0x52,0xCD,0x29,0xCD,0x29,0x2E,0x3A,0xF0,0x52,
	0xD6,0x94,0x5B,0xCE,0x37,0xA5,0xB2,0x73,0x2F,0x42,0xAD,0x31,0xCE,0x39,0xCE,0x39,0xCE,0x39,0xCE,0x39,
	0xEE,0x41,0x90,0x5A,0x96,0x9C,0x7B,0xCE,0x57,0xA5,0x92,0x73,0x0F,0x42,0x4D,0x31,0xAE,0x39,0x93,0x73,
	0x79,0xB5,0x7B,0xCE,0xB9,0xB5,0x73,0x73,0x0F,0x4A,0x4D,0x39,0x2C,0x39,0x4C,0x39,0x2B,0x31,0xEA,0x28,
	0x0B,0x31,0x52,0x73,0x37,0xB5,0x78,0xB5,0x14,0x8C,0x8C,0x41,0xEA,0x30,0x2B,0x39,0x2B,0x39,0x2B,0x39,
	0xCB,0x21,0xCB,0x21,0xCB,0x21,0xAB,0x21,0x4D,0x3A,0xB5,0x94,0x9B,0xCE,0xBF,0xF7,0x7E,0xEF,0xBB,0xCE,
	0x9B,0xCE,0xDC,0xDE,0x5E,0xEF,0x7E,0xEF,0xFC,0xDE,0x37,0x9D,0x51,0x63,0x2E,0x3A,0x0E,0x32,0x11,0x53,
	0x98,0xAD,0x9E,0xF7,0x1A,0xC6,0x14,0x84,0x4F,0x4A,0x8D,0x31,0xCE,0x39,0xCE,0x39,0xCE,0x39,0xAE,0x39,
	0x0F,0x42,0xD1,0x62,0x58,0xAD,0x9E,0xF7,0x1A,0xC6,0x14,0x84,0x2F,0x4A,0x4D,0x29,0xAE,0x39,0x15,0x84,
	0x7B,0xCE,0x7E,0xEF,0x5D,0xE7,0xFA,0xBD,0x93,0x7B,0x4D,0x41,0x4D,0x39,0x6D,0x41,0x4C,0x39,0x0B,0x31,
	0x2B,0x29,0xF3,0x83,0x3A,0xCE,0x7B,0xD6,0xD6,0xA4,0x8C,0x49,0xCA,0x30,0x2B,0x39,0x2B,0x39,0x2B,0x39,
	0xCB,0x21,0xCB,0x21,0xCB,0x21,0xEC,0x29,0x30,0x63,0xBB,0xD6,0xFF,0xFF,0x7E,0xEF,0xF9,0xBD,0x74,0x84,
	0x34,0x84,0xB5,0x94,0x78,0xAD,0xDC,0xDE,0xDF,0xFF,0x5A,0xC6,0x34,0x84,0x6E,0x42,0xED,0x31,0x11,0x5B,
	0xD9,0xB5,0xFF,0xFF,0x7A,0xCE,0x54,0x84,0x4F,0x4A,0x8D,0x31,0xCE,0x39,0xCE,0x39,0xCE,0x39,0xAE,0x39,
	0x0F,0x42,0xF1,0x62,0xB9,0xB5,0xFF,0xFF,0x7B,0xCE,0x35,0x84,0x2F,0x4A,0x4D,0x29,0x8E,0x39,0x35,0x8C,
	0xDC,0xDE,0xDF,0xFF,0xFF,0xFF,0xDF,0xF7,0x38,0xAD,0x30,0x5A,0x8E,0x41,0x8E,0x41,0x6D,0x41,0x4C,0x39,
	0x6C,0x31,0x34,0x8C,0xBB,0xD6,0xFC,0xDE,0x16,0xAD,0x8C,0x49,0xCA,0x30,0x2B,0x39,0x2B,0x39,0x2B,0x39,
	0xCB,0x21,0xAB,0x21,0xAB,0x21,0xEF,0x52,0xD5,0x94,0x7D,0xEF,0x7E,0xEF,0x16,0x9D,0x92,0x63,0x8F,0x42,
	0x6F,0x42,0x6F,0x42,0x8F,0x4A,0x14,0x7C,0x3A,0xBE,0x37,0x9D,0x92,0x6B,0x4E,0x3A,0x0D,0x32,0x11,0x5B,
	0xB9,0xB5,0xFF,0xFF,0x7A,0xCE,0x34,0x84,0x4F,0x4A,0x8D,0x31,0xCE,0x39,0xCE,0x39,0xCE,0x39,0xAE,0x39,
	0x0F,0x42,0xF1,0x62,0xB9,0xB5,0xFF,0xFF,0x5B,0xCE,0x15,0x84,0x2F,0x4A,0x4D,0x29,0x8E,0x39,0x35,0x8C,
	0xDC,0xDE,0xDF,0xFF,0xFF,0xFF,0xFF,0xFF,0x9B,0xD6,0x35,0x94,0x50,0x5A,0x4D,0x39,0x6E,0x41,0x4D,0x39,
	0x6D,0x39,0x55,0x8C,0xBB,0xD6,0xFC,0xDE,0x16,0xAD,0x8C,0x49,0xCA,0x30,0x2B,0x39,0x2B,0x39,0x2B,0x39,
	0xCB,0x21,0xAA,0x19,0xAB,0x21,0x50,0x5B,0x97,0xAD,0xBE,0xF7,0x3D,0xE7,0xF3,0x73,0x6F,0x42,0xAD,0x21,
	0x8C,0x21,0x8C,0x21,0x6B,0x21,0x8F,0x42,0x14,0x7C,0xB3,0x6B,0xB0,0x4A,0x0D,0x32,0x0E,0x3A,0x11,0x5B,
	0xB9,0xB5,0xFF,0xFF,0x7A,0xCE,0x34,0x84,0x4F,0x4A,0x8D,0x31,0xCE,0x39,0xCE,0x39,0xCE,0x39,0xAE,0x39,
	0x0F,0x42,0xF1,0x62,0xB9,0xB5,0xFF,0xFF,0x5B,0xCE,0x15,0x84,0x2F,0x4A,0x4D,0x29,0x8E,0x39,0x35,0x8C,
	0xBC,0xD6,0x5D,0xEF,0x9E,0xEF,0xDF,0xF7,0x7E,0xEF,0x3A,0xC6,0x73,0x73,0x8E,0x41,0x8E,0x41,0x4D,0x39,
	0x6E,0x41,0x35,0x94,0xBC,0xD6,0xDC,0xDE,0x17,0xAD,0xAD,0x49,0xCA,0x30,0x2B,0x39,0x2B,0x39,0x2B,0x39,
	0xAB,0x21,0x8A,0x19,0xCB,0x21,0x50,0x5B,0x77,0xA5,0x9E,0xF7,0x3D,0xE7,0x54,0x7C,0xAF,0x4A,0xCD,0x29,
	0xCD,0x29,0xED,0x31,0xED,0x31,0xED,0x31,0x0D,0x32,0x0D,0x32,0x0D,0x32,0xCD,0x29,0x2E,0x3A,0x11,0x5B,
	0xB9,0xB5,0xFF,0xFF,0x7A,0xCE,0x34,0x84,0x4F,0x4A,0x8D,0x31,0xCE,0x39,0xCE,0x39,0xCE,0x39,0xAE,0x39,
	0x0F,0x42,0xF1,0x62,0xB9,0xB5,0xFF,0xFF,0x5B,0xCE,0x15,0x84,0x2F,0x4A,0x4D,0x29,0x8E,0x39,0x55,0x8C,
	0xBC,0xD6,0x9B,0xD6,0x9B,0xD6,0xFC,0xDE,0xBE,0xF7,0xBF,0xF7,0xD6,0xA4,0x70,0x5A,0xAE,0x49,0x2D,0x39,
	0x6E,0x41,0x35,0x94,0x9C,0xDE,0xDC,0xE6,0x17,0xAD,0xAD,0x49,0xEA,0x30,0x2B,0x39,0x2B,0x39,0x2B,0x39,
	0xAB,0x21,0xAB,0x21,0xEC,0x21,0xF0,0x4A,0xD6,0x8C,0x7E,0xEF,0xDF,0xF7,0x3A,0xC6,0x95,0x8C,0x10,0x5B,
	0x8F,0x4A,0x4E,0x3A,0xAC,0x29,0x6C,0x21,0x8C,0x21,0xAC,0x29,0xED,0x31,0xCD,0x29,0x2E,0x3A,0x11,0x5B,
	0xB9,0xB5,0xFF,0xFF,0x7A,0xCE,0x34,0x84,0x4F,0x4A,0x8D,0x31,0xCE,0x39,0xCE,0x39,0xCE,0x39,0xAE,0x39,
	0x0F,0x42,0xF1,0x62,0xB9,0xB5,0xFF,0xFF,0x5B,0xCE,0x15,0x84,0x2F,0x4A,0x4D,0x29,0x8E,0x39,0x55,0x8C,
	0xBC,0xD6,0x9B,0xD6,0xD9,0xBD,0xB6,0x9C,0x7B,0xCE,0xFF,0xFF,0xBC,0xDE,0x96,0x94,0xEF,0x49,0xEC,0x30,
	0x6E,0x41,0x35,0x94,0x9C,0xDE,0xDC,0xE6,0x18,0xB5,0xCE,0x49,0xEC,0x30,0x2C,0x39,0x2B,0x39,0x2B,0x39,
	0xCC,0x21,0xEC,0x21,0x0D,0x2A,0x8F,0x3A,0xD3,0x6B,0x9B,0xCE,0xDE,0xF7,0xFF,0xFF,0x9B,0xD6,0xF6,0x94,
	0x34,0x7C,0x92,0x6B,0x8F,0x4A,0x2E,0x3A,0x2E,0x3A,0x0D,0x32,0xED,0x31,0xCD,0x29,0x2E,0x3A,0x11,0x5B,
	0xB9,0xB5,0xFF,0xFF,0x7A,0xCE,0x34,0x84,0x4F,0x4A,0x8D,0x31,0xCE,0x39,0xCE,0x39,0xCE,0x39,0xAE,0x39,
	0x0F,0x42,0xF1,0x62,0xB9,0xB5,0xFF,0xFF,0x5B,0xCE,0x15,0x84,0x2F,0x4A,0x4D,0x29,0x8E,0x39,0x55,0x8C,
	0xBC,0xD6,0xDC,0xDE,0x58,0xAD,0xB0,0x5A,0xB6,0x9C,0xBE,0xF7,0xFF,0xFF,0x9B,0xD6,0xB1,0x62,0x0D,0x31,
	0x6E,0x41,0x35,0x8C,0xBC,0xD6,0xDC,0xE6,0x18,0xB5,0xCF,0x51,0x0D,0x31,0x4D,0x39,0x2C,0x39,0x2B,0x39,
	0x0D,0x2A,0x0D,0x2A,0x2E,0x2A,0x0E,0x2A,0x8F,0x42,0x34,0x7C,0xD9,0xB5,0x9E,0xF7,0xDF,0xFF,0x7E,0xEF,
	0x3D,0xE7,0xFC,0xDE,0x7B,0xCE,0x78,0xAD,0x13,0x7C,0x8F,0x4A,0x8C,0x29,0x8C,0x29,0x2E,0x3A,0x11,0x53,
	0xB9,0xB5,0xFF,0xFF,0x7A,0xCE,0x34,0x84,0x4F,0x4A,0x8D,0x31,0xCE,0x39,0xCE,0x39,0xCE,0x39,0xAE,0x39,
	0x0F,0x42,0xF1,0x62,0xB9,0xB5,0xFF,0xFF,0x5B,0xCE,0x15,0x84,0x2F,0x4A,0x4D,0x29,0x8D,0x39,0x55,0x8C,
	0xBC,0xD6,0xFC,0xDE,0x37,0xA5,0xEE,0x49,0x31,0x6B,0xF9,0xBD,0xBE,0xF7,0x7E,0xEF,0xB6,0x9C,0x71,0x5A,
	0x6D,0x39,0x15,0x8C,0x9C,0xDE,0xDC,0xE6,0x18,0xB5,0xCF,0x49,0x2D,0x39,0x8E,0x49,0x6D,0x41,0x4D,0x41,
	0x4E,0x2A,0x4E,0x2A,0x4E,0x2A,0x0E,0x22,0x2E,0x2A,0xB0,0x42,0xF3,0x73,0xB9,0xAD,0x9B,0xCE,0x1D,0xDF,
	0x5D,0xE7,0xBE,0xF7,0xFF,0xFF,0x9E,0xF7,0x19,0xBE,0xF3,0x7B,0x4F,0x42,0xCD,0x31,0x0E,0x3A,0x11,0x5B,
	0xB9,0xB5,0xFF,0xFF,0x7A,0xCE,0x34,0x84,0x4F,0x4A,0x8D,0x31,0xCE,0x39,0xCE,0x39,0xCE,0x39,0xAE,0x39,
	0x0F,0x42,0xF1,0x62,0xB9,0xB5,0xFF,0xFF,0x5B,0xCE,0x15,0x84,0x2F,0x4A,0x4C,0x29,0x8D,0x39,0x55,0x8C,
	0xBC,0xD6,0xFC,0xDE,0x37,0xA5,0xCE,0x41,0x0E,0x4A,0xF4,0x83,0xBB,0xD6,0xDF,0xFF,0x7B,0xD6,0x15,0x8C,
	0xCF,0x49,0x15,0x94,0x9C,0xDE,0xDC,0xE6,0x38,0xB5,0xF0,0x51,0x2E,0x39,0xAF,0x49,0x8F,0x49,0x8F,0x49,
	0x6F,0x32,0x6F,0x32,0x6F,0x32,0x6F,0x32,0x6F,0x32,0x6F,0x32,0x6F,0x3A,0x90,0x3A,0x11,0x53,0xD3,0x6B,
	0x95,0x84,0xB8,0xAD,0x3D,0xDF,0xFF,0xFF,0xDF,0xF7,0x3A,0xC6,0x35,0x84,0x6F,0x4A,0x0E,0x3A,0x11,0x5B,
	0xB9,0xB5,0xFF,0xFF,0x7A,0xCE,0x34,0x84,0x2E,0x42,0x8C,0x29,0xCD,0x39,0xCD,0x39,0xCE,0x39,0xAE,0x39,
	0x0F,0x42,0xF1,0x62,0xB9,0xB5,0xFF,0xFF,0x5A,0xCE,0x14,0x84,0x2E,0x4A,0x4C,0x29,0x8E,0x39,0x55,0x8C,
	0xBC,0xD6,0xFC,0xDE,0x58,0xAD,0x30,0x4A,0x4D,0x39,0x30,0x52,0x58,0xB5,0x9E,0xF7,0xDF,0xFF,0xDA,0xC5,
	0xB2,0x62,0x76,0x9C,0x9B,0xDE,0xFC,0xE6,0x58,0xB5,0x11,0x52,0x4F,0x41,0xB0,0x49,0xB0,0x49,0xB0,0x51,
	0x6F,0x32,0x6F,0x32,0x6F,0x32,0x6F,0x32,0x6F,0x32,0x2E,0x2A,0x0E,0x2A,0xEE,0x29,0x2F,0x32,0x90,0x42,
	0x11,0x53,0xB3,0x6B,0xB6,0x8C,0x3A,0xBE,0xDF,0xF7,0x7E,0xEF,0xFA,0xBD,0x12,0x5B,0x0F,0x3A,0x32,0x63,
	0xD9,0xB5,0xFF,0xFF,0x7B,0xCE,0x34,0x84,0x2F,0x42,0x8D,0x31,0xCD,0x39,0xCD,0x39,0xAD,0x31,0xAD,0x31,
	0xEE,0x39,0xF1,0x5A,0x98,0xB5,0xFF,0xFF,0x5B,0xCE,0x34,0x8C,0x2F,0x4A,0x6D,0x31,0xAF,0x39,0x56,0x94,
	0xBC,0xDE,0xFD,0xDE,0x59,0xAD,0x51,0x52,0x2E,0x39,0xAF,0x49,0x94,0x7B,0xDA,0xBD,0xFF,0xFF,0x5D,0xEF,
	0xD7,0xA4,0x79,0xB5,0x7B,0xD6,0xDC,0xDE,0x58,0xB5,0x31,0x52,0x6F,0x41,0xB0,0x49,0xB0,0x51,0xB0,0x51,
	0x6F,0x32,0x6F,0x32,0x6F,0x32,0x6F,0x32,0x6F,0x32,0x8F,0x32,0x6F,0x32,0x4F,0x3A,0x4F,0x3A,0x4F,0x3A,
	0x2F,0x3A,0x2F,0x32,0x0F,0x32,0x14,0x74,0x3D,0xDF,0xFF,0xFF,0x5D,0xEF,0x73,0x6B,0x0F,0x32,0x32,0x5B,
	0xB9,0xB5,0xFF,0xFF,0x7B,0xCE,0x55,0x84,0x4F,0x4A,0x8D,0x31,0xCE,0x39,0xCD,0x31,0xAD,0x31,0x8D,0x29,
	0xEE,0x39,0xF1,0x62,0xB9,0xB5,0xFF,0xFF,0x5B,0xD6,0x35,0x8C,0x50,0x52,0x8E,0x31,0xD0,0x41,0x77,0x94,
	0xBD,0xDE,0xFD,0xE6,0x59,0xB5,0x31,0x52,0x6F,0x41,0xD0,0x49,0x11,0x52,0xB5,0x83,0x1D,0xE7,0xFF,0xFF,
	0x1C,0xE7,0xBB,0xDE,0x7B,0xD6,0xDC,0xDE,0x58,0xB5,0x11,0x52,0x6F,0x41,0xB0,0x51,0xB0,0x49,0xB0,0x49,
	0x6F,0x32,0x6F,0x32,0x6F,0x32,0x90,0x3A,0xF1,0x4A,0x92,0x63,0x52,0x5B,0x4F,0x32,0x0E,0x32,0x4F,0x3A,
	0x4F,0x3A,0x2E,0x32,0xCE,0x29,0x93,0x6B,0x9B,0xCE,0xFF,0xFF,0xBE,0xF7,0xB3,0x6B,0xCE,0x29,0x91,0x4A,
	0x78,0xAD,0xFF,0xFF,0xBC,0xDE,0x97,0x94,0x50,0x4A,0xAD,0x29,0xEF,0x39,0xEE,0x39,0xCE,0x39,0xAD,0x31,
	0x0F,0x42,0x33,0x6B,0xDA,0xBD,0xFF,0xFF,0x5B,0xCE,0x36,0x8C,0x71,0x52,0x8F,0x39,0xD0,0x41,0x76,0x94,
	0xBC,0xDE,0xFC,0xE6,0x59,0xB5,0x31,0x52,0x8F,0x41,0xCF,0x49,0xAF,0x41,0xB2,0x62,0x59,0xB5,0x1D,0xE7,
	0xDF,0xFF,0x9E,0xF7,0x7E,0xEF,0x1C,0xE7,0x38,0xB5,0x11,0x52,0x6F,0x41,0xB0,0x49,0xB0,0x49,0xB0,0x49,
	0x6F,0x32,0x6F,0x32,0x6F,0x32,0x52,0x53,0x55,0x7C,0x37,0xA5,0xB6,0x8C,0xF1,0x4A,0x4F,0x32,0x2F,0x32,
	0x2E,0x32,0x2E,0x32,0x2E,0x32,0xF4,0x73,0xBB,0xD6,0xFF,0xFF,0x5D,0xE7,0x93,0x6B,0xAE,0x29,0x10,0x3A,
	0xD7,0x94,0x9E,0xF7,0x3E,0xEF,0x99,0xB5,0x12,0x63,0x0F,0x3A,0x0F,0x3A,0xEF,0x39,0xEF,0x41,0xEF,0x41,
	0xD2,0x62,0x97,0x94,0x9C,0xD6,0xFF,0xFF,0xBA,0xBD,0x74,0x7B,0x31,0x4A,0x8F,0x39,0xB0,0x49,0x56,0x94,
	0xBB,0xDE,0xFC,0xE6,0x58,0xB5,0x31,0x52,0x8F,0x41,0xCF,0x49,0x8F,0x41,0x11,0x52,0x74,0x7B,0x99,0xB5,
	0xDF,0xFF,0xFF,0xFF,0xFF,0xFF,0x3D,0xEF,0x38,0xAD,0x11,0x52,0x6F,0x41,0xB0,0x49,0xB0,0x49,0xB0,0x49,
	0x6F,0x32,0x4E,0x2A,0x4F,0x32,0x95,0x84,0xBB,0xD6,0x7E,0xEF,0xBB,0xD6,0x75,0x84,0xD1,0x4A,0xEE,0x31,
	0xCD,0x29,0x2E,0x32,0xD0,0x4A,0xF7,0x9C,0xDE,0xF7,0xBE,0xF7,0x3A,0xC6,0x32,0x63,0xCE,0x29,0x0E,0x32,
	0xD4,0x73,0x3B,0xC6,0x9E,0xF7,0x5E,0xEF,0xF8,0x9C,0x33,0x63,0x10,0x42,0xD0,0x39,0x31,0x42,0xB2,0x5A,
	0x56,0x8C,0xFD,0xDE,0xDF,0xFF,0xBE,0xFF,0x76,0x94,0x10,0x4A,0xEF,0x41,0xAE,0x39,0xAF,0x41,0x56,0x94,
	0xBC,0xDE,0xFC,0xE6,0x58,0xB5,0x31,0x52,0x8F,0x41,0xCF,0x49,0xCF,0x49,0xD0,0x49,0xD0,0x49,0xD5,0x83,
	0x1C,0xE7,0xFF,0xFF,0xFF,0xFF,0x3D,0xEF,0x38,0xAD,0x11,0x52,0x6F,0x41,0xB0,0x49,0xB0,0x49,0xB0,0x49,
	0x6F,0x32,0x4F,0x2A,0x6F,0x32,0xF3,0x6B,0xB9,0xB5,0x7D,0xEF,0xBE,0xF7,0x7B,0xCE,0x78,0xA5,0xD6,0x94,
	0xB6,0x8C,0xF6,0x94,0x78,0xA5,0xBB,0xD6,0xFF,0xFF,0x5A,0xC6,0x35,0x7C,0xB0,0x4A,0xEE,0x31,0x0E,0x32,
	0xD1,0x52,0x56,0x8C,0xBC,0xD6,0xDF,0xFF,0xDC,0xDE,0xBA,0xB5,0xD7,0x9C,0xB7,0x94,0xF8,0x9C,0x59,0xAD,
	0x7C,0xD6,0xFF,0xFF,0x7E,0xEF,0xDA,0xBD,0x54,0x73,0xD0,0x41,0xF0,0x41,0xAF,0x41,0xCF,0x41,0x76,0x94,
	0xDC,0xE6,0x1D,0xEF,0x78,0xB5,0x51,0x52,0x8E,0x41,0xCF,0x49,0xD0,0x49,0xB0,0x49,0x6F,0x41,0xB2,0x62,
	0x18,0xAD,0x3D,0xE7,0xFF,0xFF,0x7E,0xF7,0x58,0xB5,0x31,0x52,0x6F,0x41,0xB0,0x49,0xB0,0x49,0xB0,0x49,
	0x6F,0x32,0x6F,0x32,0x6F,0x32,0x8F,0x3A,0x52,0x5B,0xD9,0xB5,0x7D,0xEF,0xDF,0xFF,0xFF,0xFF,0xFF,0xFF,
	0xFF,0xFF,0xFF,0xFF,0xFF,0xFF,0xDE,0xF7,0xFC,0xDE,0x75,0x84,0x4F,0x3A,0x0F,0x3A,0x0F,0x3A,0x2F,0x3A,
	0x2F,0x3A,0xB1,0x4A,0x18,0xA5,0xFD,0xE6,0xDF,0xF7,0xFF,0xFF,0xFF,0xFF,0xFF,0xFF,0xFF,0xFF,0xFF,0xFF,
	0xFF,0xFF,0xDF,0xFF,0xFB,0xBD,0x75,0x73,0x93,0x52,0x32,0x4A,0x11,0x4A,0xD0,0x41,0xD0,0x49,0x76,0x94,
	0xBB,0xDE,0xDC,0xE6,0x58,0xB5,0x30,0x52,0x8E,0x41,0xCF,0x49,0xD0,0x49,0xD0,0x49,0xD0,0x49,0xF1,0x49,
	0xB3,0x62,0xDA,0xBD,0xFF,0xFF,0x3D,0xEF,0x18,0xAD,0x11,0x52,0x6F,0x41,0xB0,0x49,0xB0,0x49,0xB0,0x49,
	0x6F,0x32,0x6F,0x32,0x6F,0x32,0x6F,0x32,0x90,0x3A,0x72,0x5B,0x55,0x7C,0x58,0xA5,0xF9,0xB5,0x5A,0xC6,
	0x5B,0xC6,0x3A,0xBE,0xB9,0xAD,0xF6,0x94,0xD3,0x73,0xB1,0x4A,0x0F,0x32,0x30,0x3A,0x50,0x3A,0x50,0x42,
	0x51,0x3A,0x71,0x42,0x34,0x63,0x16,0x84,0xD7,0x9C,0x99,0xB5,0x5C,0xCE,0x7C,0xCE,0x5B,0xCE,0x1A,0xC6,
	0x79,0xB5,0x97,0x94,0x95,0x73,0x93,0x52,0x52,0x4A,0x32,0x4A,0x32,0x4A,0x11,0x4A,0x11,0x4A,0x54,0x73,
	0x77,0x94,0x76,0x94,0x94,0x7B,0x0F,0x52,0xAE,0x49,0xCF,0x49,0xD0,0x49,0xD0,0x49,0xD0,0x49,0xD0,0x49,
	0xF1,0x49,0x94,0x7B,0xB7,0x9C,0x77,0x9C,0x74,0x7B,0xF1,0x51,0x90,0x49,0xB0,0x49,0xB0,0x49,0xB0,0x49,
	0x6F,0x32,0x6F,0x32,0x6F,0x32,0x6F,0x32,0x4F,0x2A,0xEE,0x21,0x4F,0x32,0x93,0x63,0x75,0x84,0xF6,0x94,
	0xF7,0x9C,0xB6,0x8C,0x14,0x74,0x11,0x53,0xCE,0x31,0xEF,0x31,0x30,0x3A,0x50,0x3A,0x70,0x3A,0x71,0x42,
	0x72,0x42,0x72,0x42,0x31,0x42,0x31,0x42,0xD3,0x52,0xD5,0x73,0xF8,0x9C,0x39,0xA5,0xF8,0x9C,0x96,0x94,
	0xB4,0x7B,0x71,0x4A,0x31,0x42,0x32,0x4A,0x32,0x4A,0x32,0x4A,0x32,0x4A,0x32,0x4A,0x32,0x4A,0xB3,0x5A,
	0xF3,0x6A,0xF3,0x6A,0x91,0x5A,0xEF,0x49,0xCF,0x49,0xCF,0x49,0xD0,0x49,0xD0,0x49,0xD0,0x49,0xB0,0x49,
	0xB0,0x49,0x31,0x52,0xB2,0x62,0xB2,0x62,0x72,0x5A,0xD0,0x49,0xB0,0x49,0xB0,0x49,0xB0,0x49,0xB0,0x49,
	0xFF,0xFF,0xFF,0xFF,0xFF,0xFF,0xFF,0xFF,0xFF,0xFF,0xFF,0xFF,0xFF,0xFF,0xFF,0xFF,0xFF,0xFF,0xFF,0xFF,
	0xFF,0xFF,0xFF,0xFF,0xFF,0xFF,0xFF,0xFF,0xFF,0xFF,0xFF,0xFF,0xFF,0xFF,0xFF,0xFF,0xFF,0xFF,0xFF,0xFF,
	0xFF,0xFF,0xFF,0xFF,0xFF,0xFF,0xFF,0xFF,0xFF,0xFF,0xFF,0xFF,0xFF,0xFF,0xFF,0xFF,0xFF,0xFF,0xFF,0xFF,
	0xFF,0xFF,0xFF,0xFF,0xFF,0xFF,0xFF,0xFF,0xFF,0xFF,0xFF,0xFF,0xFF,0xFF,0xFF,0xFF,0xFF,0xFF,0xFF,0xFF,
	0xFF,0xFF,0xFF,0xFF,0xFF,0xFF,0xFF,0xFF,0xFF,0xFF,0xFF,0xFF,0xFF,0xFF,0xFF,0xFF,0xFF,0xFF,0xFF,0xFF,
	0xFF,0xFF,0xFF,0xFF,0xFF,0xFF,0xFF,0xFF,0xFF,0xFF,0xFF,0xFF,0xFF,0xFF,0xFF,0xFF,0xFF,0xFF,0xFF,0xFF,
	0xFF,0xFF,0xFF,0xFF,0xFF,0xFF,0xFF,0xFF,0xFF,0xFF,0xFF,0xFF,0xFF,0xFF,0xFF,0xFF,0xFF,0xFF,0xFF,0xFF,
	0xFF,0xFF,0xFF,0xFF,0xFF,0xFF,0xFF,0xFF,0xFF,0xFF,0xFF,0xFF,0xFF,0xFF,0xFF,0xFF,0xFF,0xFF,0xFF,0xFF,
	0xFF,0xFF,0xFF,0xFF,0xFF,0xFF,0xFF,0xFF,0xFF,0xFF,0xFF,0xFF,0xFF,0xFF,0xFF,0xFF,0xFF,0xFF,0xFF,0xFF,
	0xFF,0xFF,0xFF,0xFF,0xFF,0xFF,0xFF,0xFF,0xFF,0xFF,0xFF,0xFF,0xFF,0xFF,0xFF,0xFF,0xFF,0xFF,0xFF,0xFF,
	0xFF,0xFF,0xFF,0xFF,0xFF,0xFF,0xFF,0xFF,0xFF,0xFF,0xFF,0xFF,0xFF,0xFF,0xFF,0xFF,0xFF,0xFF,0xFF,0xFF,
	0xFF,0xFF,0xFF,0xFF,0xFF,0xFF,0xFF,0xFF,0xFF,0xFF,0xFF,0xFF,0xFF,0xFF,0xFF,0xFF,0xFF,0xFF,0xFF,0xFF,
	0xFF,0xFF,0xFF,0xFF,0xFF,0xFF,0xFF,0xFF,0xFF,0xFF,0xFF,0xFF,0xFF,0xFF,0xFF,0xFF,0xFF,0xFF,0xFF,0xFF,
	0xFF,0xFF,0xFF,0xFF,0xFF,0xFF,0xFF,0xFF,0xFF,0xFF,0xFF,0xFF,0xFF,0xFF,0xFF,0xFF,0xFF,0xFF,0xFF,0xFF,
	0xFF,0xFF,0xFF,0xFF,0xFF,0xFF,0xFF,0xFF,0xFF,0xFF,0xFF,0xFF,0xFF,0xFF,0xFF,0xFF,0xFF,0xFF,0xFF,0xFF,
	0xFF,0xFF,0xFF,0xFF,0xFF,0xFF,0xFF,0xFF,0xFF,0xFF,0xFF,0xFF,0xFF,0xFF,0xFF,0xFF,0xFF,0xFF,0xFF,0xFF,
	0xFF,0xFF,0xFF,0xFF,0xFF,0xFF,0xFF,0xFF,0xFF,0xFF,0xFF,0xFF,0xFF,0xFF,0xFF,0xFF,0xFF,0xFF,0xFF,0xFF,
	0xFF,0xFF,0xFF,0xFF,0xFF,0xFF,0xFF,0xFF,0xFF,0xFF,0xFF,0xFF,0xFF,0xFF,0xFF,0xFF,0xFF,0xFF,0xFF,0xFF,
	0xFF,0xFF,0xFF,0xFF,0xFF,0xFF,0xFF,0xFF,0xFF,0xFF,0xFF,0xFF,0xFF,0xFF,0xFF,0xFF,0xFF,0xFF,0xFF,0xFF,
	0xFF,0xFF,0xFF,0xFF,0xFF,0xFF,0xFF,0xFF,0xFF,0xFF,0xFF,0xFF,0xFF,0xFF,0xFF,0xFF,0xFF,0xFF,0xFF,0xFF,
	0xFF,0xFF,0xFF,0xFF,0xFF,0xFF,0xFF,0xFF,0xFF,0xFF,0xFF,0xFF,0xFF,0xFF,0xFF,0xFF,0xFF,0xFF,0xFF,0xFF,
	0xFF,0xFF,0xFF,0xFF,0xFF,0xFF,0xFF,0xFF,0xFF,0xFF,0xFF,0xFF,0xFF,0xFF,0xFF,0xFF,0xFF,0xFF,0xFF,0xFF,
	0xFF,0xFF,0xFF,0xFF,0xFF,0xFF,0xFF,0xFF,0xFF,0xFF,0xFF,0xFF,0xFF,0xFF,0xFF,0xFF,0xFF,0xFF,0xFF,0xFF,
	0xFF,0xFF,0xFF,0xFF,0xFF,0xFF,0xFF,0xFF,0xFF,0xFF,0xFF,0xFF,0xFF,0xFF,0xFF,0xFF,0xFF,0xFF,0xFF,0xFF,
	0xFF,0xFF,0xFF,0xFF,0xFF,0xFF,0xFF,0xFF,0xFF,0xFF,0xFF,0xFF,0xFF,0xFF,0xFF,0xFF,0xFF,0xFF,0xFF,0xFF,
	0xFF,0xFF,0xFF,0xFF,0xFF,0xFF,0xFF,0xFF,0xFF,0xFF,0xFF,0xFF,0xFF,0xFF,0xFF,0xFF,0xFF,0xFF,0xFF,0xFF,
	0xFF,0xFF,0xFF,0xFF,0xFF,0xFF,0xFF,0xFF,0xFF,0xFF,0xFF,0xFF,0xFF,0xFF,0xFF,0xFF,0xFF,0xFF,0xFF,0xFF,
	0xFF,0xFF,0xFF,0xFF,0xFF,0xFF,0xFF,0xFF,0xFF,0xFF,0xFF,0xFF,0xFF,0xFF,0xFF,0xFF,0xFF,0xFF,0xFF,0xFF,
	0xFF,0xFF,0xFF,0xFF,0xFF,0xFF,0xFF,0xFF,0xFF,0xFF,0xFF,0xFF,0xFF,0xFF,0xFF,0xFF,0xFF,0xFF,0xFF,0xFF,
	0xFF,0xFF,0xFF,0xFF,0xFF,0xFF,0xFF,0xFF,0xFF,0xFF,0xFF,0xFF,0xFF,0xFF,0xFF,0xFF,0xFF,0xFF,0xFF,0xFF,
	0xFF,0xFF,0xFF,0xFF,0xFF,0xFF,0xFF,0xFF,0xFF,0xFF,0xFF,0xFF,0xFF,0xFF,0xFF,0xFF,0xFF,0xFF,0xFF,0xFF,
	0xFF,0xFF,0xFF,0xFF,0xFF,0xFF,0xFF,0xFF,0xFF,0xFF,0xFF,0xFF,0xFF,0xFF,0xFF,0xFF,0xFF,0xFF,0xFF,0xFF,
	0xFF,0xFF,0xFF,0xFF,0xFF,0xFF,0xFF,0xFF,0xFF,0xFF,0xFF,0xFF,0xFF,0xFF,0xFF,0xFF,0xFF,0xFF,0xFF,0xFF,
	0xFF,0xFF,0xFF,0xFF,0xFF,0xFF,0xFF,0xFF,0xFF,0xFF,0xFF,0xFF,0xFF,0xFF,0xFF,0xFF,0xFF,0xFF,0xFF,0xFF,
	0xFF,0xFF,0xFF,0xFF,0xFF,0xFF,0xFF,0xFF,0xFF,0xFF,0xFF,0xFF,0xFF,0xFF,0xFF,0xFF,0xFF,0xFF,0xFF,0xFF,
	0xFF,0xFF,0xFF,0xFF,0xFF,0xFF,0xFF,0xFF,0xFF,0xFF,0xFF,0xFF,0xFF,0xFF,0xFF,0xFF,0xFF,0xFF,0xFF,0xFF,
	0xFF,0xFF,0xFF,0xFF,0xFF,0xFF,0xFF,0xFF,0xFF,0xFF,0xFF,0xFF,0xFF,0xFF,0xFF,0xFF,0xFF,0xFF,0xFF,0xFF,
	0xFF,0xFF,0xFF,0xFF,0xFF,0xFF,0xFF,0xFF,0xFF,0xFF,0xFF,0xFF,0xFF,0xFF,0xFF,0xFF,0xFF,0xFF,0xFF,0xFF,
	0xFF,0xFF,0xFF,0xFF,0xFF,0xFF,0xFF,0xFF,0xFF,0xFF,0xFF,0xFF,0xFF,0xFF,0xFF,0xFF,0xFF,0xFF,0xFF,0xFF,
	0xFF,0xFF,0xFF,0xFF,0xFF,0xFF,0xFF,0xFF,0xFF,0xFF,0xFF,0xFF,0xFF,0xFF,0xFF,0xFF,0xFF,0xFF,0xFF,0xFF,
	0xFF,0xFF,0xFF,0xFF,0xFF,0xFF,0xFF,0xFF,0xFF,0xFF,0xFF,0xFF,0xFF,0xFF,0xFF,0xFF,0xFF,0xFF,0xFF,0xFF,
	0xFF,0xFF,0xFF,0xFF,0xFF,0xFF,0xFF,0xFF,0xFF,0xFF,0xFF,0xFF,0xFF,0xFF,0xFF,0xFF,0xFF,0xFF,0xFF,0xFF,
	0xFF,0xFF,0xFF,0xFF,0xFF,0xFF,0xFF,0xFF,0xFF,0xFF,0xFF,0xFF,0xFF,0xFF,0xFF,0xFF,0xFF,0xFF,0xFF,0xFF,
	0xFF,0xFF,0xFF,0xFF,0xFF,0xFF,0xFF,0xFF,0xFF,0xFF,0xFF,0xFF,0xFF,0xFF,0xFF,0xFF,0xFF,0xFF,0xFF,0xFF,
	0xFF,0xFF,0xFF,0xFF,0xFF,0xFF,0xFF,0xFF,0xFF,0xFF,0xFF,0xFF,0xFF,0xFF,0xFF,0xFF,0xFF,0xFF,0xFF,0xFF,
	0xFF,0xFF,0xFF,0xFF,0xFF,0xFF,0xFF,0xFF,0xFF,0xFF,0xFF,0xFF,0xFF,0xFF,0xFF,0xFF,0xFF,0xFF,0xFF,0xFF,
	0xFF,0xFF,0xFF,0xFF,0xFF,0xFF,0xFF,0xFF,0xFF,0xFF,0xFF,0xFF,0xFF,0xFF,0xFF,0xFF,0xFF,0xFF,0xFF,0xFF,
	0xFF,0xFF,0xFF,0xFF,0xFF,0xFF,0xFF,0xFF,0xFF,0xFF,0xFF,0xFF,0xFF,0xFF,0xFF,0xFF,0xFF,0xFF,0xFF,0xFF,
	0xFF,0xFF,0xFF,0xFF,0xFF,0xFF,0xFF,0xFF,0xFF,0xFF,0xFF,0xFF,0xFF,0xFF,0xFF,0xFF,0xFF,0xFF,0xFF,0xFF,
	0xFF,0xFF,0xFF,0xFF,0xFF,0xFF,0xFF,0xFF,0xFF,0xFF,0xFF,0xFF,0xFF,0xFF,0xFF,0xFF,0xFF,0xFF,0xFF,0xFF,
	0xFF,0xFF,0xFF,0xFF,0xFF,0xFF,0xFF,0xFF,0xFF,0xFF,0xFF,0xFF,0xFF,0xFF,0xFF,0xFF,0xFF,0xFF,0xFF,0xFF,
	0xFF,0xFF,0xFF,0xFF,0xFF,0xFF,0xFF,0xFF,0xFF,0xFF,0xFF,0xFF,0xFF,0xFF,0xFF,0xFF,0xFF,0xFF,0xFF,0xFF,
	0xFF,0xFF,0xFF,0xFF,0xFF,0xFF,0xFF,0xFF,0xFF,0xFF,0xFF,0xFF,0xFF,0xFF,0xFF,0xFF,0xFF,0xFF,0xFF,0xFF,
	0xFF,0xFF,0xFF,0xFF,0xFF,0xFF,0xFF,0xFF,0xFF,0xFF,0xFF,0xFF,0xFF,0xFF,0xFF,0xFF,0xFF,0xFF,0xFF,0xFF,
	0xFF,0xFF,0xFF,0xFF,0xFF,0xFF,0xFF,0xFF,0xFF,0xFF,0xFF,0xFF,0xFF,0xFF,0xFF,0xFF,0xFF,0xFF,0xFF,0xFF,
	0xFF,0xFF,0xFF,0xFF,0xFF,0xFF,0xFF,0xFF,0xFF,0xFF,0xFF,0xFF,0xFF,0xFF,0xFF,0xFF,0xFF,0xFF,0xFF,0xFF,
	0xFF,0xFF,0xFF,0xFF,0xFF,0xFF,0xFF,0xFF,0xFF,0xFF,0xFF,0xFF,0xFF,0xFF,0xFF,0xFF,0xFF,0xFF,0xFF,0xFF,
	0xFF,0xFF,0xFF,0xFF,0xFF,0xFF,0xFF,0xFF,0xFF,0xFF,0xFF,0xFF,0xFF,0xFF,0xFF,0xFF,0xFF,0xFF,0xFF,0xFF,
	0xFF,0xFF,0xFF,0xFF,0xFF,0xFF,0xFF,0xFF,0xFF,0xFF,0xFF,0xFF,0xFF,0xFF,0xFF,0xFF,0xFF,0xFF,0xFF,0xFF,
	0xFF,0xFF,0xFF,0xFF,0xFF,0xFF,0xFF,0xFF,0xFF,0xFF,0xFF,0xFF,0xFF,0xFF,0xFF,0xFF,0xFF,0xFF,0xFF,0xFF,
	0xFF,0xFF,0xFF,0xFF,0xFF,0xFF,0xFF,0xFF,0xFF,0xFF,0xFF,0xFF,0xFF,0xFF,0xFF,0xFF,0xFF,0xFF,0xFF,0xFF,
	0xFF,0xFF,0xFF,0xFF,0xFF,0xFF,0xFF,0xFF,0xFF,0xFF,0xFF,0xFF,0xFF,0xFF,0xFF,0xFF,0xFF,0xFF,0xFF,0xFF,
	0xFF,0xFF,0xFF,0xFF,0xFF,0xFF,0xFF,0xFF,0xFF,0xFF,0xFF,0xFF,0xFF,0xFF,0xFF,0xFF,0xFF,0xFF,0xFF,0xFF,
	0xFF,0xFF,0xFF,0xFF,0xFF,0xFF,0xFF,0xFF,0xFF,0xFF,0xFF,0xFF,0xFF,0xFF,0xFF,0xFF,0xFF,0xFF,0xFF,0xFF,
	0xFF,0xFF,0xFF,0xFF,0xFF,0xFF,0xFF,0xFF,0xFF,0xFF,0xFF,0xFF,0xFF,0xFF,0xFF,0xFF,0xFF,0xFF,0xFF,0xFF,
	0xFF,0xFF,0xFF,0xFF,0xFF,0xFF,0xFF,0xFF,0xFF,0xFF,0xFF,0xFF,0xFF,0xFF,0xFF,0xFF,0xFF,0xFF,0xFF,0xFF,
};

const lv_img_dsc_t face_75_2_410_dial_img_2_216824_6 = {
    .header.magic = LV_IMAGE_HEADER_MAGIC,
    .header.w = 60,
    .header.h = 22,
    .data_size = sizeof(face_75_2_410_dial_img_2_216824_data_6),
    .header.cf = LV_COLOR_FORMAT_NATIVE_WITH_ALPHA,
    .data = face_75_2_410_dial_img_2_216824_data_6};
