#include "../batman_410.h"

#ifndef LV_ATTRIBUTE_MEM_ALIGN
#define LV_ATTRIBUTE_MEM_ALIGN
#endif

const LV_ATTRIBUTE_MEM_ALIGN uint8_t face_batman_410_dial_img_preview_data[] = {
	//RGB565 data
	0x00,0x00,0x00,0x00,0x00,0x00,0x00,0x00,0x00,0x00,0x00,0x00,0x00,0x00,0x00,0x00,0x00,0x00,0x00,0x00,
	0x00,0x00,0x00,0x00,0x00,0x00,0x00,0x00,0x00,0x00,0x21,0x00,0x45,0x29,0x29,0x42,0x04,0x21,0x00,0x00,
	0x00,0x00,0x00,0x00,0x00,0x00,0x00,0x00,0x00,0x00,0x00,0x00,0x20,0x00,0x00,0x00,0x00,0x00,0x00,0x00,
	0x00,0x00,0x41,0x08,0x82,0x10,0xC3,0x18,0xE4,0x20,0x25,0x29,0x25,0x21,0xF7,0xBD,0xFF,0xFF,0xF0,0x7B,
	0x25,0x21,0xA7,0x31,0xA7,0x31,0xA7,0x39,0xA7,0x31,0x66,0x31,0xE4,0x20,0x41,0x08,0x00,0x00,0x00,0x00,
	0x61,0x08,0x45,0x29,0x87,0x31,0x66,0x31,0x87,0x31,0xA7,0x31,0xA7,0x31,0x86,0x31,0xA7,0x31,0xA7,0x31,
	0x87,0x31,0xA7,0x31,0xC7,0x39,0xA7,0x31,0xA7,0x31,0xA7,0x31,0xA7,0x31,0xA7,0x31,0xA7,0x31,0xA7,0x31,
	0x66,0x29,0x66,0x29,0xA7,0x39,0x29,0x42,0xE8,0x41,0xA7,0x31,0xA7,0x31,0xA7,0x31,0x86,0x31,0x86,0x31,
	0xC7,0x39,0x69,0x4A,0xCB,0x5A,0x0C,0x63,0x0C,0x63,0xCB,0x5A,0x6A,0x52,0xC8,0x39,0x86,0x31,0xA6,0x31,
	0xC7,0x39,0xA7,0x39,0xA7,0x39,0xA7,0x39,0xC7,0x39,0xA7,0x31,0xA7,0x39,0xC7,0x39,0xC7,0x39,0xC7,0x39,
	0xC7,0x39,0xC8,0x39,0xA7,0x39,0xA7,0x39,0xA7,0x39,0xA7,0x39,0xA7,0x39,0xA7,0x31,0xA7,0x39,0x66,0x31,
	0x41,0x08,0x00,0x00,0x20,0x00,0x00,0x00,0x62,0x08,0x04,0x21,0x86,0x31,0xA7,0x31,0x87,0x31,0x86,0x31,
	0x66,0x29,0xEC,0x62,0xFF,0xFF,0x3C,0xE7,0xC7,0x39,0x25,0x21,0x05,0x21,0xC3,0x18,0x82,0x10,0x41,0x08,
	0x00,0x00,0x00,0x00,0x00,0x00,0x00,0x00,0x20,0x00,0x00,0x00,0x00,0x00,0x00,0x00,0x00,0x00,0x00,0x00,
	0x00,0x00,0x00,0x00,0xE4,0x20,0xE8,0x39,0xA2,0x10,0x00,0x00,0x00,0x00,0x00,0x00,0x00,0x00,0x00,0x00,
	0x00,0x00,0x00,0x00,0x00,0x00,0x00,0x00,0x00,0x00,0x00,0x00,0x00,0x00,0x00,0x00,0x00,0x00,0x00,0x00,
	0x00,0x00,0x00,0x00,0x00,0x00,0x00,0x00,0x00,0x00,0x00,0x00,0x00,0x00,0x00,0x00,0x00,0x00,0x00,0x00,
	0x00,0x00,0x00,0x00,0x00,0x00,0x00,0x00,0x00,0x00,0x04,0x21,0x09,0x42,0x86,0x31,0x20,0x00,0x00,0x00,
	0x00,0x00,0x00,0x00,0x00,0x00,0x00,0x00,0x00,0x00,0x00,0x00,0x00,0x00,0x00,0x00,0x00,0x00,0x00,0x00,
	0x41,0x08,0xA3,0x10,0xC4,0x18,0x05,0x21,0x45,0x29,0x66,0x29,0x25,0x21,0x4D,0x6B,0xFF,0xFF,0xDA,0xDE,
	0xC7,0x39,0xA7,0x31,0xA7,0x31,0x25,0x29,0x82,0x10,0x21,0x00,0x00,0x00,0x00,0x00,0x00,0x00,0x00,0x00,
	0x00,0x00,0x61,0x08,0x66,0x31,0x86,0x31,0x86,0x31,0xA6,0x31,0xA7,0x31,0x86,0x31,0xA6,0x31,0xA7,0x31,
	0x87,0x31,0xA7,0x31,0xA7,0x31,0x87,0x31,0x87,0x31,0xA7,0x31,0xA7,0x31,0xA7,0x31,0xA7,0x31,0xC7,0x39,
	0x29,0x4A,0xAD,0x7B,0x71,0xB5,0x74,0xCE,0xAC,0x7B,0x66,0x31,0xA7,0x31,0x08,0x42,0x0C,0x63,0xCF,0x9C,
	0x92,0xB5,0xD1,0xBD,0xF4,0xDE,0xF4,0xE6,0xF4,0xE6,0xF4,0xE6,0x94,0xD6,0xD2,0xBD,0x0E,0x84,0x29,0x42,
	0x86,0x31,0xA7,0x31,0xA7,0x31,0xA7,0x31,0xA7,0x31,0xA7,0x31,0xA7,0x39,0xC7,0x39,0xA7,0x39,0xC7,0x39,
	0xC7,0x39,0xA7,0x39,0xA7,0x39,0xA7,0x39,0xA7,0x39,0xA7,0x39,0xA7,0x31,0xA7,0x31,0xA7,0x39,0x62,0x10,
	0x00,0x00,0x00,0x00,0x00,0x00,0x00,0x00,0x00,0x00,0x00,0x00,0x21,0x08,0xA2,0x10,0x25,0x21,0x86,0x31,
	0x86,0x31,0xAA,0x52,0x55,0xAD,0x31,0x84,0x87,0x31,0x66,0x29,0x46,0x29,0x25,0x21,0xE4,0x20,0xA3,0x18,
	0x42,0x08,0x00,0x00,0x00,0x00,0x00,0x00,0x00,0x00,0x00,0x00,0x00,0x00,0x00,0x00,0x00,0x00,0x00,0x00,
	0x00,0x00,0x00,0x00,0x20,0x00,0x86,0x31,0x87,0x31,0x21,0x08,0x00,0x00,0x00,0x00,0x00,0x00,0x00,0x00,
	0x00,0x00,0x00,0x00,0x00,0x00,0x00,0x00,0x00,0x00,0x00,0x00,0x00,0x00,0x00,0x00,0x00,0x00,0x00,0x00,
	0x00,0x00,0x00,0x00,0x00,0x00,0x00,0x00,0x00,0x00,0x00,0x00,0x00,0x00,0x00,0x00,0x00,0x00,0x00,0x00,
	0x00,0x00,0x00,0x00,0x00,0x00,0x00,0x00,0x41,0x08,0xC8,0x39,0x09,0x42,0x62,0x08,0x00,0x00,0x00,0x00,
	0x00,0x00,0x00,0x00,0x00,0x00,0x00,0x00,0x00,0x00,0x00,0x00,0x00,0x00,0x00,0x00,0x82,0x10,0x62,0x10,
	0xA3,0x18,0xE4,0x20,0x25,0x21,0x25,0x29,0x46,0x29,0x66,0x29,0x86,0x31,0x66,0x29,0x9A,0xD6,0x5D,0xEF,
	0xE8,0x39,0xC3,0x18,0x41,0x08,0x00,0x00,0x00,0x00,0x00,0x00,0x00,0x00,0x00,0x00,0x00,0x00,0x00,0x00,
	0x00,0x00,0x00,0x00,0x04,0x21,0x86,0x31,0x86,0x31,0x87,0x31,0x87,0x31,0x87,0x31,0xA6,0x31,0x86,0x31,
	0x86,0x31,0x86,0x31,0x86,0x31,0x87,0x31,0x87,0x31,0x87,0x31,0xA6,0x31,0xA7,0x39,0x66,0x29,0x88,0x5A,
	0x92,0xDE,0x93,0xF7,0xB2,0xFF,0xF2,0xFF,0xE9,0x83,0x05,0x21,0x66,0x29,0xCB,0x7B,0x93,0xF7,0xD4,0xFF,
	0x89,0x7B,0x4C,0xDE,0xF1,0xFF,0xF0,0xFF,0xF1,0xFF,0xF1,0xFF,0xF1,0xFF,0xD2,0xFF,0x93,0xFF,0xB1,0xBD,
	0x89,0x52,0xA7,0x31,0xA7,0x31,0x87,0x31,0xA7,0x39,0xA7,0x31,0xA7,0x31,0x87,0x31,0xA7,0x31,0xA7,0x31,
	0xA7,0x39,0xA7,0x31,0xA7,0x39,0xA7,0x31,0xA7,0x31,0xA7,0x31,0xA7,0x31,0xC7,0x39,0x45,0x29,0x00,0x00,
	0x82,0x10,0x75,0xAD,0x2D,0x6B,0x61,0x08,0x21,0x08,0x20,0x00,0x00,0x00,0x00,0x00,0x00,0x00,0x61,0x08,
	0xC3,0x18,0xE4,0x20,0xA6,0x31,0xC8,0x39,0x86,0x31,0x66,0x31,0x66,0x31,0x46,0x29,0x25,0x29,0x04,0x21,
	0xC4,0x18,0x42,0x08,0x41,0x08,0x00,0x00,0x00,0x00,0x00,0x00,0x00,0x00,0x00,0x00,0x00,0x00,0x00,0x00,
	0x00,0x00,0x00,0x00,0x00,0x00,0x62,0x08,0xE8,0x39,0x25,0x21,0x00,0x00,0x00,0x00,0x00,0x00,0x00,0x00,
	0x00,0x00,0x00,0x00,0x00,0x00,0x00,0x00,0x00,0x00,0x00,0x00,0x00,0x00,0x00,0x00,0x00,0x00,0x00,0x00,
	0x00,0x00,0x00,0x00,0x00,0x00,0x00,0x00,0x00,0x00,0x00,0x00,0x00,0x00,0x00,0x00,0x00,0x00,0x00,0x00,
	0x00,0x00,0x00,0x00,0x00,0x00,0x21,0x08,0x66,0x29,0x49,0x4A,0x25,0x21,0x00,0x00,0x00,0x00,0x00,0x00,
	0x00,0x00,0x00,0x00,0x00,0x00,0x00,0x00,0x00,0x00,0x00,0x00,0x00,0x00,0x00,0x00,0xCB,0x5A,0x6D,0x6B,
	0xA3,0x10,0x45,0x29,0x46,0x29,0x66,0x29,0x66,0x29,0x66,0x31,0x87,0x31,0x87,0x31,0x29,0x42,0x45,0x29,
	0x00,0x00,0x00,0x00,0x00,0x00,0x00,0x00,0x00,0x00,0xC3,0x18,0x82,0x10,0x00,0x00,0x00,0x00,0x00,0x00,
	0x00,0x00,0x00,0x00,0x82,0x10,0x86,0x31,0x86,0x31,0x86,0x31,0x87,0x31,0x86,0x31,0xA6,0x31,0x86,0x31,
	0x86,0x31,0xA6,0x31,0x86,0x31,0x86,0x31,0x86,0x31,0xA7,0x31,0x86,0x31,0xA7,0x39,0x05,0x21,0x04,0x4A,
	0xEF,0xFF,0x8E,0xFF,0x2D,0xF7,0xCE,0xFF,0xA8,0x7B,0x05,0x21,0x25,0x21,0x82,0x31,0xB0,0xFF,0xA9,0x7B,
	0x20,0x08,0x0A,0xAD,0x0A,0xAD,0x28,0x94,0x28,0x94,0xA9,0x9C,0xCB,0xC5,0x6D,0xFF,0x8E,0xFF,0xD1,0xFF,
	0xEE,0xA4,0xA7,0x39,0xA7,0x31,0x87,0x31,0xA7,0x31,0xA6,0x31,0xA6,0x31,0xA7,0x31,0x87,0x31,0xA7,0x31,
	0xA7,0x31,0xA7,0x31,0x86,0x31,0xA7,0x31,0x87,0x31,0xA7,0x31,0x87,0x31,0xC7,0x39,0xC4,0x20,0x00,0x00,
	0x00,0x00,0x6D,0x6B,0xFF,0xFF,0x24,0x21,0x00,0x00,0x00,0x00,0x00,0x00,0x00,0x00,0x00,0x00,0x00,0x00,
	0x00,0x00,0x00,0x00,0x62,0x10,0x66,0x31,0x87,0x31,0x87,0x31,0x87,0x31,0x66,0x31,0x46,0x29,0x66,0x29,
	0x83,0x10,0xCF,0x7B,0xCB,0x5A,0x00,0x00,0x00,0x00,0x00,0x00,0x00,0x00,0x00,0x00,0x00,0x00,0x00,0x00,
	0x00,0x00,0x00,0x00,0x00,0x00,0x00,0x00,0x24,0x21,0x09,0x42,0xA3,0x18,0x00,0x00,0x00,0x00,0x00,0x00,
	0x00,0x00,0x00,0x00,0x00,0x00,0x00,0x00,0x00,0x00,0x00,0x00,0x00,0x00,0x00,0x00,0x00,0x00,0x00,0x00,
	0x00,0x00,0x00,0x00,0x00,0x00,0x00,0x00,0x00,0x00,0x00,0x00,0x00,0x00,0x00,0x00,0x00,0x00,0x00,0x00,
	0x00,0x00,0x00,0x00,0x00,0x00,0xE4,0x18,0x29,0x42,0x08,0x42,0x21,0x08,0x00,0x00,0x00,0x00,0x00,0x00,
	0x00,0x00,0x00,0x00,0x00,0x00,0x00,0x00,0x00,0x00,0x00,0x00,0x21,0x08,0x62,0x10,0xE4,0x20,0x49,0x42,
	0x45,0x29,0x45,0x29,0x46,0x29,0x66,0x31,0x86,0x31,0x86,0x31,0x45,0x29,0xC3,0x18,0x00,0x00,0x00,0x00,
	0x00,0x00,0x00,0x00,0x00,0x00,0x21,0x08,0x20,0x00,0xB2,0x94,0x34,0xA5,0x00,0x00,0x20,0x00,0x00,0x00,
	0x00,0x00,0x00,0x00,0x21,0x08,0x66,0x29,0x86,0x31,0x86,0x31,0x86,0x31,0x86,0x31,0x87,0x31,0x87,0x31,
	0x87,0x31,0x87,0x31,0x86,0x31,0x86,0x31,0x86,0x31,0x86,0x31,0xA7,0x31,0xA6,0x31,0x25,0x29,0xC2,0x18,
	0x04,0x4A,0x46,0x73,0x4C,0xFF,0xCE,0xFF,0xC8,0x7B,0xE4,0x18,0x66,0x31,0xA2,0x18,0xA8,0x5A,0x00,0x00,
	0x82,0x10,0x82,0x18,0x00,0x00,0x00,0x00,0x00,0x00,0x00,0x00,0x00,0x00,0x24,0x4A,0x8B,0xE6,0x8E,0xFF,
	0xCF,0xE6,0x06,0x42,0x86,0x31,0x86,0x31,0x87,0x31,0x86,0x31,0xA6,0x31,0x87,0x31,0xA7,0x31,0xA7,0x31,
	0xA7,0x39,0xA7,0x31,0xA7,0x31,0xA7,0x31,0xA7,0x31,0x86,0x31,0x87,0x31,0xA7,0x31,0x61,0x08,0x00,0x00,
	0x00,0x00,0x13,0x9D,0xD3,0x9C,0x00,0x00,0xCB,0x5A,0x34,0xA5,0xCB,0x5A,0x00,0x00,0x00,0x00,0x00,0x00,
	0x00,0x00,0x00,0x00,0x00,0x00,0x21,0x08,0xC3,0x18,0x66,0x31,0xA7,0x31,0x87,0x31,0x86,0x31,0xE4,0x20,
	0x8A,0x52,0xB6,0xB5,0xE4,0x20,0x82,0x10,0x21,0x08,0x00,0x00,0x00,0x00,0x00,0x00,0x00,0x00,0x00,0x00,
	0x00,0x00,0x00,0x00,0x00,0x00,0x00,0x00,0x41,0x08,0xE8,0x41,0xA7,0x39,0x41,0x08,0x00,0x00,0x00,0x00,
	0x00,0x00,0x00,0x00,0x00,0x00,0x00,0x00,0x00,0x00,0x00,0x00,0x00,0x00,0x00,0x00,0x00,0x00,0x00,0x00,
	0x00,0x00,0x00,0x00,0x00,0x00,0x00,0x00,0x00,0x00,0x00,0x00,0x00,0x00,0x00,0x00,0x00,0x00,0x00,0x00,
	0x00,0x00,0x00,0x00,0x62,0x08,0xC7,0x39,0x8B,0x52,0x04,0x21,0x00,0x00,0x00,0x00,0x00,0x00,0x00,0x00,
	0x00,0x00,0x00,0x00,0x00,0x00,0x00,0x00,0x00,0x00,0x00,0x00,0x82,0x10,0xA3,0x18,0xE4,0x20,0x05,0x21,
	0x46,0x29,0x46,0x29,0x66,0x31,0x86,0x31,0x46,0x29,0xA3,0x18,0x00,0x00,0x00,0x00,0x00,0x00,0x00,0x00,
	0x00,0x00,0x41,0x08,0x04,0x21,0x00,0x00,0x00,0x00,0x45,0x29,0x9D,0xEF,0x86,0x31,0x00,0x00,0x00,0x00,
	0x00,0x00,0x00,0x00,0x00,0x00,0x04,0x21,0x86,0x31,0x86,0x31,0x66,0x31,0x87,0x31,0x87,0x31,0x86,0x31,
	0x86,0x31,0x86,0x31,0x86,0x31,0x86,0x31,0x86,0x31,0xA6,0x31,0xA6,0x31,0xA7,0x31,0x86,0x31,0x82,0x10,
	0x00,0x00,0xC3,0x39,0x6D,0xFF,0xCD,0xFF,0xC8,0x83,0xC4,0x18,0xC6,0x39,0x67,0x52,0x41,0x08,0x00,0x00,
	0xC2,0x18,0x44,0x29,0xE4,0x20,0x24,0x29,0x24,0x21,0x04,0x21,0xA2,0x18,0x00,0x00,0x47,0x94,0xCE,0xFF,
	0x4E,0xF7,0x25,0x4A,0x46,0x29,0xC7,0x39,0xE7,0x41,0x86,0x31,0xA7,0x31,0x87,0x31,0xA7,0x31,0xA7,0x39,
	0xA7,0x31,0xA7,0x31,0xA7,0x31,0x87,0x31,0x86,0x31,0x86,0x31,0x87,0x31,0x25,0x21,0x00,0x00,0x00,0x00,
	0x86,0x31,0x7D,0xEF,0xC3,0x18,0x10,0x84,0xFB,0xDE,0xCF,0x7B,0x99,0xCE,0x2C,0x63,0x00,0x00,0x41,0x08,
	0x00,0x00,0x00,0x00,0x00,0x00,0x00,0x00,0x00,0x00,0x41,0x08,0x04,0x21,0x87,0x31,0x66,0x31,0xA7,0x39,
	0xF8,0xBD,0x69,0x4A,0xA3,0x18,0xE4,0x20,0x82,0x10,0x20,0x00,0x00,0x00,0x00,0x00,0x00,0x00,0x00,0x00,
	0x00,0x00,0x00,0x00,0x00,0x00,0x00,0x00,0x00,0x00,0x25,0x21,0x4A,0x4A,0x25,0x21,0x00,0x00,0x00,0x00,
	0x00,0x00,0x00,0x00,0x00,0x00,0x00,0x00,0x00,0x00,0x00,0x00,0x00,0x00,0x00,0x00,0x00,0x00,0x00,0x00,
	0x00,0x00,0x00,0x00,0x00,0x00,0x00,0x00,0x00,0x00,0x00,0x00,0x00,0x00,0x00,0x00,0x00,0x00,0x00,0x00,
	0x00,0x00,0x00,0x00,0x25,0x29,0x4A,0x4A,0x49,0x4A,0x21,0x00,0xA3,0x18,0x61,0x08,0x00,0x00,0x00,0x00,
	0x00,0x00,0x00,0x00,0x00,0x00,0x00,0x00,0x00,0x00,0x62,0x08,0xA3,0x18,0xE4,0x20,0x05,0x21,0x45,0x29,
	0x46,0x29,0x46,0x29,0x66,0x31,0xE4,0x20,0x21,0x00,0x00,0x00,0x00,0x00,0x00,0x00,0x00,0x00,0x41,0x08,
	0x00,0x00,0xA7,0x39,0xBE,0xF7,0x75,0xAD,0x69,0x4A,0x00,0x00,0x50,0x84,0x75,0xAD,0x00,0x00,0x20,0x00,
	0x00,0x00,0x00,0x00,0x00,0x00,0x82,0x10,0x86,0x31,0x66,0x31,0x86,0x31,0x86,0x31,0x86,0x31,0x86,0x31,
	0x86,0x31,0x66,0x31,0x66,0x31,0x86,0x31,0x87,0x31,0x86,0x31,0xA6,0x31,0x86,0x31,0x86,0x31,0x86,0x31,
	0xE4,0x18,0x24,0x4A,0x6C,0xFF,0xCD,0xFF,0xA8,0x83,0xC4,0x18,0xA8,0x5A,0xA2,0x18,0x00,0x00,0x00,0x00,
	0x03,0x21,0xA6,0x39,0x86,0x31,0x86,0x31,0x66,0x29,0x46,0x29,0xA7,0x31,0xC9,0x62,0x6D,0xDE,0xAD,0xFF,
	0xEE,0xEE,0x03,0x21,0x66,0x29,0x47,0x4A,0xA6,0x39,0x86,0x31,0x87,0x31,0x87,0x31,0x86,0x31,0x87,0x31,
	0xA7,0x31,0xA7,0x31,0xA7,0x31,0x66,0x31,0x86,0x31,0x87,0x31,0xA7,0x31,0xC3,0x18,0x00,0x00,0x00,0x00,
	0x75,0xAD,0x92,0x94,0x04,0x21,0x5C,0xE7,0xC3,0x18,0x00,0x00,0x29,0x4A,0x59,0xCE,0x00,0x00,0x00,0x00,
	0x41,0x08,0x00,0x00,0x00,0x00,0x00,0x00,0x00,0x00,0x00,0x00,0x00,0x00,0x82,0x10,0x04,0x21,0x4D,0x6B,
	0xF0,0x7B,0xE4,0x20,0x46,0x29,0x05,0x21,0xC3,0x18,0x62,0x08,0x00,0x00,0x00,0x00,0x00,0x00,0x00,0x00,
	0x00,0x00,0x00,0x00,0x00,0x00,0x20,0x00,0x41,0x08,0x41,0x08,0x29,0x42,0x08,0x42,0x82,0x10,0x00,0x00,
	0x00,0x00,0x00,0x00,0x00,0x00,0x00,0x00,0x00,0x00,0x00,0x00,0x00,0x00,0x00,0x00,0x00,0x00,0x00,0x00,
	0x00,0x00,0x00,0x00,0x00,0x00,0x00,0x00,0x00,0x00,0x00,0x00,0x00,0x00,0x00,0x00,0x00,0x00,0x00,0x00,
	0x00,0x00,0x62,0x10,0xE8,0x41,0xCC,0x5A,0x45,0x29,0x62,0x08,0xA7,0x31,0x41,0x08,0x00,0x00,0x00,0x00,
	0x00,0x00,0x00,0x00,0x00,0x00,0x00,0x00,0x41,0x08,0xA3,0x10,0xE4,0x20,0x05,0x21,0x25,0x29,0x46,0x29,
	0x86,0x31,0x65,0x29,0x82,0x10,0x00,0x00,0x00,0x00,0x00,0x00,0x00,0x00,0x20,0x00,0x00,0x00,0x10,0x84,
	0x71,0x8C,0x00,0x00,0x79,0xCE,0xBE,0xF7,0x1B,0xDF,0xBA,0xD6,0x71,0x8C,0x7D,0xEF,0xA6,0x31,0x00,0x00,
	0x20,0x00,0x00,0x00,0x00,0x00,0x41,0x08,0x86,0x31,0x86,0x31,0x86,0x31,0x86,0x31,0x86,0x31,0x66,0x31,
	0x66,0x31,0x66,0x31,0x86,0x31,0x86,0x31,0x87,0x31,0x86,0x31,0x86,0x31,0x86,0x31,0x66,0x31,0xA6,0x31,
	0xE4,0x20,0x24,0x4A,0x6C,0xFF,0xCD,0xFF,0x67,0x7B,0xC6,0x39,0x23,0x29,0x00,0x00,0x20,0x00,0x00,0x00,
	0xE3,0x20,0x86,0x31,0x45,0x29,0xC7,0x39,0xAA,0x5A,0xED,0x83,0x70,0xB5,0x11,0xEF,0x8E,0xFF,0xEE,0xFF,
	0xE8,0x8B,0x00,0x00,0x47,0x52,0xA2,0x18,0x03,0x21,0xA6,0x31,0x86,0x31,0x86,0x31,0x86,0x31,0x87,0x31,
	0x86,0x31,0x86,0x31,0x87,0x31,0x66,0x31,0x86,0x31,0xA6,0x31,0xA7,0x31,0x82,0x10,0x00,0x00,0xE7,0x39,
	0x9D,0xEF,0x82,0x10,0x50,0x84,0xB2,0x94,0x00,0x00,0x00,0x00,0x8E,0x73,0x17,0xBE,0x20,0x00,0xD3,0x9C,
	0x79,0xCE,0x55,0xAD,0x25,0x29,0x00,0x00,0x20,0x00,0x20,0x00,0x00,0x00,0x00,0x00,0x21,0x08,0xE4,0x20,
	0x45,0x29,0x86,0x31,0x66,0x29,0x45,0x29,0x04,0x21,0xA3,0x18,0x41,0x08,0x00,0x00,0x00,0x00,0x00,0x00,
	0x00,0x00,0x00,0x00,0x00,0x00,0x41,0x08,0x65,0x29,0x21,0x00,0x86,0x31,0x8B,0x52,0x66,0x29,0x00,0x00,
	0x00,0x00,0x00,0x00,0x00,0x00,0x00,0x00,0x00,0x00,0x00,0x00,0x00,0x00,0x00,0x00,0x00,0x00,0x00,0x00,
	0x00,0x00,0x00,0x00,0x00,0x00,0x00,0x00,0x00,0x00,0x00,0x00,0x00,0x00,0x00,0x00,0x00,0x00,0x00,0x00,
	0x00,0x00,0x25,0x29,0x8A,0x52,0xEC,0x5A,0x42,0x08,0xA6,0x31,0x86,0x31,0x20,0x08,0x00,0x00,0x00,0x00,
	0x00,0x00,0x00,0x00,0x00,0x00,0x21,0x08,0x82,0x10,0xC4,0x18,0x04,0x21,0x25,0x29,0x45,0x29,0x66,0x31,
	0x04,0x21,0x21,0x08,0x00,0x00,0x20,0x00,0x00,0x00,0x20,0x00,0x20,0x00,0x20,0x00,0x00,0x00,0xE7,0x39,
	0x5C,0xE7,0xC3,0x18,0x28,0x42,0x3C,0xE7,0x04,0x21,0x6D,0x6B,0x9A,0xD6,0xFF,0xFF,0x79,0xCE,0x41,0x08,
	0x00,0x00,0x00,0x00,0x00,0x00,0x41,0x08,0x66,0x29,0x86,0x31,0x66,0x29,0x66,0x29,0x66,0x31,0x86,0x31,
	0x66,0x31,0x86,0x31,0x86,0x31,0x86,0x31,0x87,0x31,0x86,0x31,0x87,0x31,0x86,0x31,0x86,0x31,0xA7,0x31,
	0xE4,0x18,0x44,0x52,0x8D,0xFF,0x8D,0xFF,0xEB,0xA4,0x24,0x29,0x00,0x00,0x00,0x00,0x00,0x00,0x41,0x08,
	0x28,0x6B,0x48,0x4A,0x2D,0x8C,0xD1,0xBD,0xF2,0xE6,0x71,0xF7,0xD0,0xFF,0xEF,0xFF,0x8E,0xFF,0x89,0x9C,
	0x00,0x00,0xA5,0x39,0x44,0x29,0x00,0x00,0x44,0x29,0x86,0x31,0x86,0x31,0x86,0x31,0x86,0x31,0x86,0x31,
	0x87,0x31,0x86,0x31,0x86,0x31,0x86,0x31,0x86,0x31,0x86,0x31,0xA7,0x31,0xA3,0x10,0x00,0x00,0x04,0x21,
	0xAA,0x52,0x00,0x00,0xF2,0x9C,0x14,0xA5,0x00,0x00,0x41,0x08,0x5C,0xE7,0xCB,0x5A,0x92,0x94,0xDB,0xDE,
	0x65,0x29,0x0F,0x7C,0x38,0xC6,0x20,0x00,0x00,0x00,0x00,0x00,0x00,0x00,0x00,0x00,0x00,0x00,0x00,0x00,
	0xA2,0x10,0x66,0x29,0x66,0x29,0x46,0x29,0x25,0x29,0xE4,0x20,0x83,0x10,0x41,0x08,0x00,0x00,0x00,0x00,
	0x00,0x00,0x00,0x00,0x00,0x00,0x21,0x08,0x86,0x31,0x45,0x29,0xA2,0x10,0xAB,0x5A,0x09,0x42,0x82,0x10,
	0x00,0x00,0x00,0x00,0x00,0x00,0x00,0x00,0x00,0x00,0x00,0x00,0x00,0x00,0x00,0x00,0x00,0x00,0x00,0x00,
	0x00,0x00,0x00,0x00,0x00,0x00,0x00,0x00,0x00,0x00,0x00,0x00,0x00,0x00,0x00,0x00,0x00,0x00,0x00,0x00,
	0x41,0x08,0xC8,0x39,0x0D,0x63,0x08,0x42,0xA3,0x18,0x6A,0x4A,0x45,0x29,0x20,0x00,0x00,0x00,0x00,0x00,
	0x00,0x00,0x00,0x00,0x00,0x00,0x20,0x00,0xC3,0x18,0xE4,0x20,0x05,0x21,0x25,0x21,0x46,0x29,0xE4,0x18,
	0x00,0x00,0x00,0x00,0x00,0x00,0x00,0x00,0x00,0x00,0xC6,0x31,0x17,0xBE,0x20,0x00,0x00,0x00,0x00,0x00,
	0x34,0xA5,0x13,0x9D,0x00,0x00,0x79,0xCE,0xEF,0x7B,0x00,0x00,0x41,0x08,0xAB,0x5A,0x8E,0x73,0x61,0x08,
	0x20,0x00,0x00,0x00,0x00,0x00,0xC3,0x18,0x87,0x31,0x66,0x31,0x86,0x31,0x66,0x31,0x86,0x31,0x86,0x31,
	0x66,0x31,0x66,0x31,0x86,0x31,0x86,0x31,0x86,0x31,0x86,0x31,0x86,0x31,0x86,0x31,0x66,0x31,0xA6,0x31,
	0xE5,0x20,0x44,0x52,0x6C,0xFF,0xCD,0xFF,0x89,0x7B,0x00,0x00,0x20,0x00,0x00,0x00,0x00,0x00,0x61,0x08,
	0xEC,0xCD,0x8F,0xDE,0x91,0xFF,0xCF,0xFF,0xEE,0xFF,0x8D,0xFF,0xAC,0xE6,0x89,0x9C,0xA4,0x39,0x00,0x00,
	0x44,0x29,0xA5,0x31,0x00,0x00,0x00,0x00,0x44,0x29,0x86,0x31,0x66,0x31,0x86,0x31,0x86,0x31,0x86,0x31,
	0x87,0x31,0x66,0x31,0x66,0x31,0x86,0x31,0x66,0x31,0x86,0x31,0x86,0x31,0x86,0x31,0x00,0x00,0x00,0x00,
	0x00,0x00,0x21,0x08,0xC7,0x39,0xFB,0xDE,0xD2,0x94,0x59,0xCE,0x14,0xA5,0x65,0x29,0x7D,0xEF,0x25,0x29,
	0x00,0x00,0xE3,0x18,0xBA,0xD6,0xA2,0x10,0x69,0x4A,0xEF,0x7B,0x04,0x21,0x00,0x00,0x20,0x00,0x00,0x00,
	0x00,0x00,0x62,0x10,0x66,0x31,0x66,0x29,0x45,0x29,0x05,0x21,0xC4,0x18,0x21,0x08,0x20,0x00,0x00,0x00,
	0x00,0x00,0x00,0x00,0x00,0x00,0x20,0x00,0x45,0x21,0x29,0x42,0xA2,0x10,0x49,0x4A,0xAB,0x52,0x45,0x29,
	0x00,0x00,0x00,0x00,0x00,0x00,0x00,0x00,0x00,0x00,0x00,0x00,0x00,0x00,0x00,0x00,0x00,0x00,0x00,0x00,
	0x00,0x00,0x00,0x00,0x00,0x00,0x00,0x00,0x00,0x00,0x00,0x00,0x00,0x00,0x00,0x00,0x00,0x00,0x00,0x00,
	0xC3,0x18,0x6A,0x4A,0x6E,0x6B,0x04,0x21,0xE8,0x39,0x6A,0x4A,0x24,0x21,0x00,0x00,0x00,0x00,0x00,0x00,
	0x00,0x00,0x00,0x00,0x2D,0x63,0x8A,0x4A,0x41,0x08,0x25,0x21,0x25,0x29,0x46,0x29,0xE4,0x20,0x00,0x00,
	0x00,0x00,0x00,0x00,0xA3,0x18,0x10,0x84,0x0C,0x63,0x41,0x08,0xBA,0xD6,0xCE,0x73,0x00,0x00,0x20,0x00,
	0x85,0x29,0xFB,0xDE,0xA3,0x18,0x08,0x42,0xFF,0xFF,0x04,0x21,0x00,0x00,0x00,0x00,0x00,0x00,0x20,0x08,
	0x00,0x00,0x00,0x00,0x04,0x21,0xE8,0x41,0x66,0x31,0x66,0x31,0x66,0x31,0x66,0x31,0x87,0x31,0x86,0x31,
	0x86,0x31,0x86,0x31,0x87,0x31,0x86,0x31,0x86,0x31,0x86,0x31,0x86,0x31,0x66,0x31,0x66,0x29,0x86,0x31,
	0xE4,0x20,0x24,0x4A,0xED,0xFF,0x2B,0xAD,0x00,0x00,0x00,0x00,0x00,0x00,0x00,0x00,0x00,0x00,0x20,0x08,
	0x2B,0xD6,0xAD,0xFF,0xAD,0xFF,0xAB,0xEE,0xA8,0xA4,0x85,0x52,0x81,0x18,0x00,0x00,0x00,0x00,0xE3,0x20,
	0xE5,0x41,0x00,0x00,0x00,0x00,0x00,0x00,0x44,0x29,0x86,0x31,0x86,0x31,0x66,0x31,0x86,0x31,0x86,0x31,
	0x86,0x31,0x86,0x31,0x86,0x31,0x86,0x31,0x86,0x31,0x66,0x31,0x66,0x31,0xC8,0x39,0xE8,0x41,0x82,0x10,
	0x20,0x00,0x20,0x00,0x00,0x00,0x24,0x29,0x30,0x84,0x4D,0x6B,0x00,0x00,0x6D,0x6B,0xF7,0xBD,0x00,0x00,
	0x00,0x00,0xEB,0x5A,0x38,0xC6,0x08,0x42,0xEF,0x7B,0xA6,0x31,0xD2,0x94,0x00,0x00,0x00,0x00,0x20,0x00,
	0x00,0x00,0x00,0x00,0xA3,0x18,0x66,0x31,0x46,0x29,0x66,0x29,0x82,0x10,0x08,0x42,0x6D,0x6B,0x00,0x00,
	0x00,0x00,0x00,0x00,0x00,0x00,0x00,0x00,0x24,0x21,0x49,0x4A,0x66,0x31,0x66,0x31,0x2D,0x63,0xE8,0x41,
	0x61,0x08,0x00,0x00,0x00,0x00,0x00,0x00,0x00,0x00,0x00,0x00,0x00,0x00,0x00,0x00,0x00,0x00,0x00,0x00,
	0x00,0x00,0x00,0x00,0x00,0x00,0x00,0x00,0x00,0x00,0x00,0x00,0x00,0x00,0x00,0x00,0x00,0x00,0x00,0x00,
	0x66,0x29,0xEC,0x62,0x0D,0x63,0xC4,0x18,0xEC,0x62,0x29,0x42,0x04,0x21,0x00,0x00,0x00,0x00,0x00,0x00,
	0x00,0x00,0x00,0x00,0x04,0x21,0x96,0xAD,0x8A,0x52,0xA3,0x18,0x45,0x29,0x46,0x29,0x62,0x08,0x00,0x00,
	0x00,0x00,0x08,0x42,0x58,0xC6,0xF3,0x9C,0x69,0x4A,0x00,0x00,0x89,0x4A,0x7D,0xEF,0x82,0x10,0x00,0x00,
	0x00,0x00,0xF7,0xBD,0xAA,0x52,0x00,0x00,0x10,0x84,0x24,0x21,0x21,0x08,0x62,0x08,0x41,0x08,0x61,0x08,
	0x45,0x29,0x6A,0x52,0x6A,0x4A,0x66,0x29,0x65,0x29,0x66,0x29,0x66,0x29,0x86,0x31,0x86,0x31,0x66,0x31,
	0x86,0x31,0x86,0x31,0x86,0x31,0x86,0x31,0x86,0x31,0x86,0x31,0x66,0x31,0x66,0x31,0x66,0x31,0x86,0x31,
	0xE4,0x18,0x64,0x5A,0xCD,0xE6,0xA2,0x18,0x00,0x00,0x00,0x00,0x00,0x00,0x00,0x00,0x00,0x00,0x21,0x08,
	0x0A,0xCE,0xAB,0xFF,0x68,0x9C,0xC2,0x20,0x00,0x00,0x00,0x00,0x41,0x08,0xC3,0x18,0x45,0x29,0x26,0x4A,
	0x20,0x08,0x00,0x00,0x00,0x00,0x00,0x00,0x44,0x29,0x86,0x31,0x86,0x31,0x66,0x31,0x86,0x31,0x86,0x31,
	0x86,0x31,0x86,0x31,0x66,0x31,0x86,0x31,0x86,0x31,0x86,0x31,0x66,0x31,0x66,0x29,0x09,0x42,0xCB,0x5A,
	0x49,0x4A,0x25,0x21,0x62,0x08,0x00,0x00,0x00,0x00,0x00,0x00,0x00,0x00,0x28,0x42,0xFB,0xDE,0xA3,0x18,
	0x44,0x21,0x5D,0xEF,0xAA,0x52,0x49,0x4A,0xCB,0x5A,0xEB,0x5A,0x2C,0x63,0xC3,0x18,0xB2,0x94,0x69,0x4A,
	0x00,0x00,0x00,0x00,0x21,0x08,0x46,0x29,0x66,0x31,0xC4,0x18,0x29,0x42,0xB6,0xB5,0x24,0x21,0x00,0x00,
	0x00,0x00,0x00,0x00,0x00,0x00,0x00,0x00,0x04,0x21,0x09,0x42,0x6A,0x52,0xE4,0x20,0x2D,0x6B,0x8A,0x52,
	0xE4,0x20,0x00,0x00,0x00,0x00,0x00,0x00,0x00,0x00,0x00,0x00,0x00,0x00,0x00,0x00,0x00,0x00,0x00,0x00,
	0x00,0x00,0x00,0x00,0x00,0x00,0x00,0x00,0x00,0x00,0x00,0x00,0x00,0x00,0x00,0x00,0x00,0x00,0x21,0x08,
	0xE8,0x41,0x6E,0x6B,0x6A,0x4A,0x66,0x29,0x4D,0x6B,0xE8,0x41,0xC3,0x18,0x00,0x00,0x00,0x00,0x00,0x00,
	0x00,0x00,0x21,0x08,0x41,0x08,0x45,0x29,0xD7,0xBD,0xAA,0x52,0xE4,0x20,0x46,0x29,0x41,0x08,0x00,0x00,
	0x20,0x00,0x99,0xCE,0xAA,0x52,0x00,0x00,0x00,0x00,0xC3,0x18,0x00,0x00,0xB6,0xB5,0xD6,0xBD,0xE4,0x18,
	0x4D,0x6B,0xDB,0xD6,0x24,0x21,0x21,0x08,0x00,0x00,0x00,0x00,0x20,0x00,0x82,0x10,0xC8,0x39,0xCB,0x5A,
	0xAB,0x5A,0xC8,0x39,0x45,0x29,0x66,0x31,0x66,0x29,0x45,0x29,0x66,0x29,0x66,0x31,0x86,0x31,0x66,0x31,
	0x86,0x31,0x86,0x31,0x66,0x31,0x66,0x31,0x86,0x31,0x86,0x31,0x86,0x31,0x86,0x31,0x86,0x31,0x86,0x31,
	0xC4,0x18,0x25,0x4A,0xA6,0x5A,0x00,0x00,0x20,0x00,0x00,0x00,0x00,0x00,0x00,0x00,0x00,0x00,0x00,0x00,
	0x8B,0xE6,0xE8,0xAC,0x00,0x00,0x01,0x00,0xA3,0x18,0xE4,0x18,0x05,0x21,0x45,0x29,0x88,0x52,0xA2,0x18,
	0x00,0x00,0x00,0x00,0x00,0x00,0x00,0x00,0x45,0x29,0x86,0x31,0x66,0x29,0x66,0x31,0x66,0x31,0x66,0x31,
	0x86,0x31,0x86,0x31,0x86,0x31,0x86,0x31,0x86,0x31,0x86,0x31,0x86,0x31,0x86,0x31,0x66,0x29,0x86,0x31,
	0x29,0x42,0xAB,0x5A,0xAB,0x5A,0xC7,0x39,0xC3,0x18,0x41,0x08,0x41,0x08,0x41,0x08,0x50,0x84,0x58,0xC6,
	0xDA,0xD6,0x50,0x84,0x00,0x00,0xC3,0x18,0xCF,0x7B,0x71,0x8C,0x4D,0x6B,0x71,0x8C,0xAA,0x52,0x20,0x00,
	0x00,0x00,0x00,0x00,0x21,0x08,0x45,0x29,0x25,0x21,0x49,0x4A,0xF7,0xBD,0xC8,0x39,0x21,0x08,0x41,0x08,
	0x00,0x00,0x00,0x00,0x00,0x00,0x00,0x00,0xE4,0x18,0xE8,0x39,0xEC,0x62,0x25,0x29,0xCC,0x5A,0x0C,0x63,
	0x66,0x29,0x00,0x00,0x00,0x00,0x00,0x00,0x00,0x00,0x00,0x00,0x00,0x00,0x00,0x00,0x00,0x00,0x00,0x00,
	0x00,0x00,0x00,0x00,0x00,0x00,0x00,0x00,0x00,0x00,0x00,0x00,0x00,0x00,0x00,0x00,0x00,0x00,0x82,0x10,
	0x6A,0x4A,0xD0,0x7B,0xA7,0x31,0x6A,0x4A,0x2D,0x63,0xE7,0x39,0xA3,0x18,0x00,0x00,0x00,0x00,0x00,0x00,
	0x00,0x00,0x61,0x08,0xC4,0x18,0xA3,0x18,0xC7,0x39,0x4A,0x4A,0x04,0x21,0x66,0x29,0x62,0x08,0x00,0x00,
	0x00,0x00,0xB6,0xB5,0x38,0xC6,0x75,0xAD,0x99,0xCE,0x1C,0xE7,0xCB,0x5A,0xA3,0x18,0x96,0xAD,0xBA,0xD6,
	0xF7,0xBD,0x86,0x31,0x20,0x00,0x41,0x08,0x41,0x08,0xC3,0x18,0x08,0x42,0xCB,0x5A,0x6A,0x4A,0x87,0x31,
	0x45,0x29,0x45,0x29,0x66,0x29,0x66,0x31,0x66,0x29,0x66,0x29,0x46,0x29,0x66,0x29,0x66,0x31,0x65,0x29,
	0x66,0x29,0x86,0x31,0x66,0x31,0x66,0x29,0x66,0x29,0x86,0x31,0x86,0x31,0x66,0x29,0x86,0x31,0x66,0x29,
	0x65,0x29,0xE6,0x41,0x20,0x00,0x00,0x00,0x00,0x00,0x00,0x00,0x00,0x00,0x00,0x00,0x00,0x00,0x20,0x08,
	0x8C,0xDE,0xAB,0xBD,0x6A,0x94,0x2D,0xAD,0xCC,0x9C,0x4B,0x8C,0xCA,0x7B,0x8A,0x73,0xC2,0x18,0x00,0x00,
	0x00,0x00,0x00,0x00,0x20,0x00,0x00,0x00,0x44,0x29,0x66,0x29,0x66,0x31,0x66,0x31,0x86,0x31,0x86,0x31,
	0x66,0x31,0x86,0x31,0x66,0x31,0x66,0x31,0x86,0x31,0x86,0x31,0x86,0x31,0x86,0x31,0x86,0x31,0x86,0x31,
	0x65,0x29,0x45,0x29,0xA7,0x39,0x8B,0x52,0x0C,0x63,0x49,0x4A,0xE4,0x18,0x00,0x00,0x00,0x00,0x45,0x29,
	0x65,0x29,0x00,0x00,0x21,0x08,0x00,0x00,0x49,0x4A,0x51,0x8C,0xCF,0x7B,0xEB,0x5A,0x00,0x00,0x00,0x00,
	0x00,0x00,0x00,0x00,0xA2,0x10,0x86,0x31,0x25,0x21,0xAA,0x52,0x49,0x4A,0xA3,0x10,0xC4,0x18,0x62,0x08,
	0x00,0x00,0x00,0x00,0x00,0x00,0x00,0x00,0xC3,0x18,0xE8,0x39,0x0D,0x63,0xE8,0x39,0x29,0x42,0x8E,0x73,
	0xE8,0x39,0x00,0x00,0x00,0x00,0x00,0x00,0x00,0x00,0x00,0x00,0x00,0x00,0x00,0x00,0x00,0x00,0x00,0x00,
	0x00,0x00,0x00,0x00,0x00,0x00,0x00,0x00,0x00,0x00,0x00,0x00,0x00,0x00,0x00,0x00,0x00,0x00,0x25,0x29,
	0xCC,0x5A,0xF0,0x7B,0x45,0x29,0x4E,0x6B,0xEC,0x5A,0xC7,0x39,0x82,0x10,0x00,0x00,0x00,0x00,0x00,0x00,
	0x20,0x00,0x82,0x10,0xC3,0x18,0x24,0x21,0x04,0x21,0xE4,0x18,0x25,0x21,0x66,0x31,0x45,0x29,0x00,0x00,
	0x00,0x00,0xA3,0x18,0xAE,0x73,0x8E,0x73,0x24,0x21,0x4D,0x6B,0xDA,0xD6,0x20,0x00,0x00,0x00,0x04,0x21,
	0x21,0x00,0x00,0x00,0x41,0x08,0xE4,0x18,0x29,0x42,0xAB,0x5A,0x49,0x4A,0x66,0x31,0x25,0x29,0x46,0x29,
	0x86,0x31,0x86,0x31,0x66,0x29,0x66,0x29,0x66,0x31,0x45,0x29,0x45,0x29,0x66,0x29,0x66,0x29,0x65,0x29,
	0x45,0x29,0x45,0x29,0x66,0x29,0x66,0x29,0x66,0x29,0x66,0x29,0x66,0x31,0x66,0x29,0x66,0x29,0x25,0x21,
	0x47,0x52,0x03,0x21,0x00,0x00,0x00,0x00,0x00,0x00,0x00,0x00,0x00,0x00,0x00,0x00,0x00,0x00,0x81,0x10,
	0x10,0xE7,0xF4,0xFF,0xF4,0xFF,0xF5,0xFF,0xF4,0xFF,0xF3,0xFF,0xB1,0xFF,0x0E,0xEF,0x2A,0xAD,0x67,0x73,
	0x83,0x31,0x20,0x08,0x00,0x00,0x00,0x00,0x65,0x31,0x86,0x29,0x66,0x31,0x86,0x31,0x86,0x31,0x66,0x29,
	0x86,0x31,0x86,0x31,0x86,0x31,0x86,0x31,0x86,0x31,0x86,0x31,0x66,0x31,0x86,0x31,0x86,0x31,0x66,0x31,
	0x66,0x31,0x86,0x31,0x66,0x29,0x46,0x29,0x86,0x31,0x6A,0x4A,0x0D,0x63,0x6A,0x4A,0x04,0x21,0x00,0x00,
	0x00,0x00,0x41,0x08,0xE3,0x18,0x71,0x8C,0x10,0x84,0x45,0x29,0x10,0x84,0xCE,0x73,0xAE,0x73,0x41,0x08,
	0x00,0x00,0x21,0x08,0xC8,0x39,0x86,0x31,0x66,0x31,0x25,0x21,0x05,0x21,0x25,0x29,0xC4,0x18,0x83,0x10,
	0x21,0x00,0x00,0x00,0x00,0x00,0x00,0x00,0xA3,0x18,0xE8,0x39,0xEC,0x5A,0xEC,0x5A,0x87,0x31,0xAF,0x7B,
	0x6A,0x4A,0x82,0x10,0x00,0x00,0x00,0x00,0x00,0x00,0x00,0x00,0x00,0x00,0x00,0x00,0x00,0x00,0x00,0x00,
	0x00,0x00,0x00,0x00,0x00,0x00,0x00,0x00,0x00,0x00,0x00,0x00,0x00,0x00,0x00,0x00,0x00,0x00,0xC7,0x39,
	0x4E,0x6B,0xAF,0x73,0x66,0x31,0xF0,0x7B,0xAB,0x52,0xC7,0x39,0x62,0x10,0x00,0x00,0x00,0x00,0x00,0x00,
	0x41,0x08,0xA3,0x18,0xE4,0x18,0x25,0x21,0x25,0x21,0x25,0x29,0x25,0x21,0x25,0x21,0x29,0x42,0x04,0x21,
	0x00,0x00,0x00,0x00,0x00,0x00,0x00,0x00,0x45,0x29,0xD6,0xB5,0x10,0x84,0x00,0x00,0x62,0x10,0x21,0x08,
	0x41,0x08,0xA3,0x10,0xE7,0x39,0xAB,0x5A,0x29,0x42,0x45,0x29,0x25,0x21,0x45,0x29,0x66,0x29,0x45,0x29,
	0x25,0x29,0x66,0x29,0x66,0x31,0x45,0x29,0x66,0x29,0x66,0x29,0x45,0x29,0x65,0x29,0x65,0x29,0x66,0x29,
	0x45,0x29,0x45,0x29,0x45,0x29,0x66,0x29,0x66,0x29,0x66,0x29,0x66,0x29,0x65,0x29,0x25,0x21,0xE6,0x41,
	0x26,0x4A,0x00,0x00,0x00,0x00,0x00,0x00,0x00,0x00,0x00,0x00,0x00,0x00,0x00,0x00,0x00,0x00,0x43,0x29,
	0xD1,0xDE,0xB6,0xF7,0xF8,0xFF,0xF8,0xFF,0xB6,0xFF,0x96,0xFF,0xB5,0xFF,0xD4,0xFF,0xF3,0xFF,0xF3,0xFF,
	0x91,0xFF,0x4D,0xCE,0xA7,0x7B,0xE2,0x20,0xE3,0x20,0x46,0x29,0x86,0x31,0x66,0x29,0x66,0x31,0x66,0x31,
	0x66,0x31,0x86,0x31,0x86,0x31,0x86,0x31,0x86,0x31,0x66,0x31,0x86,0x31,0x66,0x31,0x66,0x31,0x66,0x29,
	0x66,0x31,0x66,0x31,0x66,0x31,0x66,0x31,0x45,0x29,0x25,0x29,0x66,0x29,0x49,0x4A,0xEC,0x62,0x49,0x4A,
	0xC3,0x18,0x00,0x00,0x82,0x10,0x45,0x29,0x00,0x00,0xE7,0x39,0x71,0x8C,0x41,0x08,0x55,0xA5,0x41,0x08,
	0x00,0x00,0xA7,0x31,0xC8,0x39,0x46,0x29,0x66,0x29,0x46,0x29,0x66,0x29,0x25,0x29,0x04,0x21,0xA3,0x18,
	0x61,0x08,0x00,0x00,0x00,0x00,0x00,0x00,0x82,0x10,0xE7,0x39,0xCB,0x5A,0x8E,0x73,0x86,0x31,0xAF,0x73,
	0xAB,0x5A,0x05,0x21,0x00,0x00,0x00,0x00,0x00,0x00,0x00,0x00,0x00,0x00,0x00,0x00,0x00,0x00,0x00,0x00,
	0x00,0x00,0x00,0x00,0x00,0x00,0x00,0x00,0x00,0x00,0x00,0x00,0x00,0x00,0x00,0x00,0x21,0x08,0x09,0x42,
	0xAF,0x7B,0xEC,0x62,0xE7,0x39,0x10,0x84,0x8A,0x52,0xA6,0x31,0x41,0x08,0x00,0x00,0x00,0x00,0x00,0x00,
	0x62,0x10,0xC3,0x18,0xE4,0x20,0x05,0x21,0x25,0x29,0x25,0x29,0x25,0x29,0x25,0x29,0x45,0x29,0x8A,0x52,
	0xA3,0x10,0x00,0x00,0x04,0x21,0xD6,0xB5,0x18,0xC6,0x4D,0x6B,0x21,0x00,0x61,0x08,0x41,0x08,0x62,0x10,
	0x87,0x31,0xEC,0x5A,0x2C,0x63,0xCA,0x62,0x49,0x4A,0xA6,0x39,0x45,0x29,0x45,0x29,0x25,0x21,0x66,0x29,
	0x29,0x4A,0xAA,0x5A,0xAA,0x52,0xE7,0x39,0x46,0x29,0x65,0x29,0x45,0x29,0x45,0x29,0x45,0x29,0x65,0x29,
	0x65,0x29,0x45,0x29,0x45,0x29,0x66,0x31,0x66,0x29,0x66,0x31,0x66,0x29,0x45,0x29,0x44,0x29,0x28,0x73,
	0x61,0x10,0x00,0x00,0x00,0x00,0x00,0x00,0x00,0x00,0x00,0x00,0x00,0x00,0x00,0x00,0x00,0x00,0xE5,0x41,
	0x06,0x42,0x06,0x42,0xCB,0x7B,0x32,0xC6,0xF8,0xFF,0xF9,0xFF,0xD7,0xFF,0xB7,0xFF,0xB7,0xFF,0xB7,0xFF,
	0xD6,0xFF,0xF6,0xFF,0xF5,0xFF,0x11,0xE7,0x6A,0x94,0xE5,0x41,0x25,0x21,0x66,0x31,0x86,0x31,0x66,0x31,
	0x66,0x31,0x86,0x31,0x86,0x31,0x86,0x31,0x66,0x31,0x86,0x31,0x66,0x29,0x66,0x29,0x66,0x29,0x66,0x29,
	0x66,0x29,0x66,0x31,0x66,0x29,0x09,0x42,0x0B,0x63,0x4A,0x6B,0xA9,0x5A,0x86,0x31,0x66,0x29,0x29,0x4A,
	0xCC,0x5A,0xE8,0x41,0x41,0x08,0x00,0x00,0x61,0x08,0xA3,0x18,0xCF,0x7B,0xF3,0x9C,0x49,0x4A,0x00,0x00,
	0x45,0x29,0x49,0x4A,0x25,0x21,0x45,0x29,0x46,0x29,0x46,0x29,0x45,0x29,0x25,0x21,0x05,0x21,0xE4,0x20,
	0x82,0x10,0x20,0x00,0x00,0x00,0x00,0x00,0x62,0x08,0xC7,0x39,0xAB,0x52,0xF0,0x7B,0xA7,0x39,0x6E,0x6B,
	0x0D,0x63,0x66,0x29,0x00,0x00,0x00,0x00,0x00,0x00,0x00,0x00,0x00,0x00,0x00,0x00,0x00,0x00,0x00,0x00,
	0x00,0x00,0x00,0x00,0x00,0x00,0x00,0x00,0x00,0x00,0x00,0x00,0x00,0x00,0x00,0x00,0x82,0x10,0x6A,0x52,
	0x31,0x84,0x6A,0x52,0x8A,0x52,0xF0,0x83,0x6A,0x52,0x86,0x31,0x21,0x08,0x00,0x00,0x00,0x00,0x21,0x00,
	0x82,0x10,0xC3,0x18,0xE4,0x20,0x05,0x21,0x25,0x21,0x25,0x29,0x25,0x29,0x25,0x29,0x05,0x21,0x87,0x31,
	0x6A,0x52,0x41,0x08,0x21,0x08,0x24,0x21,0x62,0x08,0x00,0x00,0x62,0x08,0x21,0x08,0x25,0x21,0x69,0x4A,
	0xEE,0x7B,0x50,0xAD,0x31,0xCE,0x0F,0xCE,0x4D,0xB5,0xC6,0x39,0x45,0x29,0x86,0x31,0x4C,0x6B,0x50,0xAD,
	0x72,0xD6,0x0F,0xC6,0x4D,0xAD,0xA5,0x39,0x45,0x29,0x45,0x29,0x45,0x29,0x45,0x29,0x45,0x29,0x45,0x29,
	0x65,0x29,0x45,0x29,0x45,0x29,0x66,0x29,0x66,0x29,0x66,0x29,0x66,0x31,0xE4,0x18,0x27,0x73,0x25,0x4A,
	0x00,0x00,0x00,0x00,0x00,0x00,0x00,0x00,0x00,0x00,0x00,0x00,0x00,0x00,0x00,0x00,0x00,0x00,0xE6,0x39,
	0x29,0x42,0xA7,0x31,0xA3,0x10,0x21,0x08,0xE5,0x41,0x91,0xB5,0xF9,0xFF,0xF9,0xFF,0xB8,0xFF,0xD8,0xFF,
	0xD8,0xFF,0xD8,0xFF,0xB8,0xFF,0xF7,0xFF,0xF6,0xFF,0x33,0xEF,0x0A,0x84,0x44,0x29,0x46,0x29,0x86,0x31,
	0x66,0x29,0x66,0x29,0x66,0x31,0x66,0x31,0x66,0x31,0x66,0x29,0x66,0x29,0x65,0x29,0x66,0x29,0x66,0x29,
	0x66,0x29,0xE7,0x39,0x4E,0x8C,0x12,0xC6,0x13,0xEF,0x72,0xF7,0x4D,0xB5,0x24,0x29,0x86,0x31,0x45,0x29,
	0x66,0x31,0x6A,0x4A,0xAB,0x5A,0x45,0x29,0x21,0x00,0x21,0x00,0x82,0x08,0xE3,0x18,0x00,0x00,0xC3,0x18,
	0x8A,0x52,0x45,0x29,0x45,0x29,0x45,0x29,0x45,0x29,0x45,0x29,0x45,0x29,0x25,0x29,0x05,0x21,0xE4,0x20,
	0xA3,0x10,0x41,0x08,0x00,0x00,0x00,0x00,0x41,0x08,0xC7,0x39,0x8A,0x52,0x11,0x84,0x29,0x4A,0x0D,0x63,
	0x6E,0x73,0xC7,0x39,0x21,0x08,0x00,0x00,0x00,0x00,0x00,0x00,0x00,0x00,0x00,0x00,0x00,0x00,0x00,0x00,
	0x00,0x00,0x00,0x00,0x00,0x00,0x00,0x00,0x00,0x00,0x00,0x00,0x00,0x00,0x00,0x00,0xC3,0x18,0xAB,0x5A,
	0x52,0x8C,0x29,0x42,0x4D,0x63,0xCF,0x7B,0x6A,0x4A,0x65,0x29,0x20,0x00,0x00,0x00,0x00,0x00,0x21,0x00,
	0xA3,0x10,0xC3,0x18,0x04,0x21,0x05,0x21,0x05,0x21,0x25,0x29,0x45,0x29,0x45,0x29,0x45,0x29,0x04,0x21,
	0xE8,0x41,0x29,0x4A,0x00,0x00,0x00,0x00,0x42,0x08,0x42,0x08,0x62,0x10,0xE8,0x39,0xAB,0x52,0xA3,0x18,
	0x2A,0xAD,0xF0,0xFF,0xAF,0xFF,0xAF,0xFF,0x4F,0xF7,0x64,0x31,0x45,0x29,0xA3,0x18,0xAC,0xBD,0xF1,0xFF,
	0xAF,0xFF,0xAF,0xFF,0x2F,0xF7,0x63,0x31,0x25,0x21,0x45,0x29,0x45,0x29,0x45,0x29,0x45,0x29,0x45,0x29,
	0x65,0x29,0x46,0x29,0x65,0x29,0x45,0x29,0x65,0x29,0x45,0x29,0x25,0x21,0xE5,0x41,0x49,0x94,0x20,0x00,
	0x00,0x00,0x00,0x00,0x00,0x00,0x00,0x00,0x00,0x00,0x00,0x00,0x00,0x00,0x00,0x00,0x20,0x08,0x66,0x31,
	0x08,0x42,0xAA,0x52,0xAA,0x52,0xC7,0x39,0x83,0x10,0x00,0x00,0x67,0x52,0xB5,0xD6,0xFA,0xFF,0xB8,0xFF,
	0xD8,0xFF,0xD8,0xFF,0xD8,0xFF,0xD8,0xFF,0xB8,0xFF,0xF8,0xFF,0xF7,0xFF,0xCF,0xBD,0xC5,0x39,0x45,0x29,
	0x86,0x31,0x65,0x29,0x66,0x29,0x66,0x29,0x66,0x29,0x65,0x29,0x66,0x29,0x65,0x29,0x65,0x29,0x66,0x29,
	0x66,0x29,0x03,0x21,0xEE,0xEE,0xF0,0xFF,0x6E,0xFF,0xD0,0xFF,0x8B,0xBD,0xC3,0x18,0x86,0x31,0x66,0x31,
	0x66,0x31,0x25,0x29,0x87,0x31,0xAB,0x52,0x29,0x4A,0xA3,0x10,0x21,0x00,0x00,0x00,0xC4,0x18,0x8A,0x52,
	0x86,0x31,0x25,0x29,0x45,0x29,0x46,0x29,0x25,0x29,0x25,0x29,0x45,0x29,0x25,0x29,0x05,0x21,0xE4,0x20,
	0xC4,0x18,0x20,0x00,0x00,0x00,0x00,0x00,0x21,0x08,0xA6,0x31,0x8A,0x52,0x10,0x84,0xAB,0x52,0xAB,0x52,
	0xD0,0x7B,0x29,0x42,0x41,0x08,0x00,0x00,0x00,0x00,0x00,0x00,0x00,0x00,0x00,0x00,0x00,0x00,0x00,0x00,
	0x00,0x00,0x00,0x00,0x00,0x00,0x00,0x00,0x00,0x00,0x00,0x00,0x00,0x00,0x00,0x00,0x46,0x29,0xEC,0x62,
	0x72,0x8C,0xC7,0x39,0xCF,0x7B,0x8F,0x73,0x6A,0x4A,0x45,0x29,0x20,0x00,0x00,0x00,0xA2,0x10,0xE4,0x20,
	0x21,0x08,0xE4,0x20,0x04,0x21,0x04,0x21,0x25,0x29,0x25,0x21,0x25,0x21,0x25,0x21,0x25,0x29,0x45,0x29,
	0x04,0x21,0x49,0x4A,0x4A,0x4A,0xC4,0x18,0xA3,0x18,0x46,0x29,0x8A,0x52,0x08,0x42,0x45,0x29,0x41,0x08,
	0x08,0x8C,0x6A,0xB5,0x4B,0xDE,0x8D,0xFF,0xED,0xEE,0x64,0x31,0x45,0x29,0x41,0x08,0x28,0x94,0x8A,0xB5,
	0x4B,0xDE,0x8D,0xFF,0xCD,0xEE,0x64,0x31,0x45,0x21,0x65,0x29,0x45,0x29,0x45,0x29,0x45,0x29,0x45,0x29,
	0x45,0x29,0x45,0x29,0x66,0x29,0x46,0x29,0x66,0x29,0x65,0x29,0xE3,0x18,0x69,0x9C,0xE4,0x41,0x00,0x00,
	0x20,0x00,0x00,0x00,0x00,0x00,0x00,0x00,0x00,0x00,0x00,0x00,0x00,0x00,0x00,0x00,0x21,0x08,0xE3,0x18,
	0x45,0x29,0x28,0x42,0xAA,0x52,0xCB,0x5A,0x69,0x4A,0x66,0x29,0x00,0x00,0x81,0x10,0x51,0xAD,0xF9,0xFF,
	0xB8,0xFF,0xD8,0xFF,0xD8,0xFF,0xD8,0xFF,0xD8,0xFF,0xD8,0xFF,0xB8,0xFF,0xF8,0xFF,0xB2,0xD6,0x05,0x42,
	0x45,0x29,0x86,0x31,0x66,0x29,0x66,0x29,0x65,0x29,0x45,0x29,0x45,0x29,0x65,0x29,0x66,0x29,0x66,0x29,
	0x45,0x29,0x61,0x08,0xEA,0xA4,0x4A,0xB5,0xCC,0xEE,0xCE,0xFF,0x6A,0xBD,0xC3,0x18,0x66,0x29,0x66,0x29,
	0x66,0x29,0x66,0x29,0x45,0x29,0x25,0x29,0x29,0x4A,0xAC,0x5A,0x4A,0x4A,0x8A,0x52,0xCC,0x5A,0xA7,0x39,
	0x25,0x29,0x45,0x29,0x45,0x29,0x45,0x29,0x25,0x29,0x45,0x29,0x25,0x29,0x25,0x21,0x05,0x21,0x05,0x21,
	0x62,0x08,0x04,0x21,0xA3,0x18,0x00,0x00,0x21,0x08,0x86,0x31,0x6A,0x52,0xF0,0x7B,0x2D,0x63,0x29,0x4A,
	0x11,0x84,0x49,0x4A,0x61,0x08,0x00,0x00,0x00,0x00,0x00,0x00,0x00,0x00,0x00,0x00,0x00,0x00,0x00,0x00,
	0x00,0x00,0x00,0x00,0x00,0x00,0x00,0x00,0x00,0x00,0x00,0x00,0x00,0x00,0x00,0x00,0x66,0x29,0x2D,0x6B,
	0x72,0x8C,0xA7,0x39,0x31,0x84,0x6E,0x6B,0x4A,0x4A,0x45,0x29,0x00,0x00,0x00,0x00,0xC3,0x18,0x92,0x94,
	0x6A,0x4A,0x62,0x10,0x24,0x21,0x25,0x21,0x25,0x29,0x25,0x21,0x25,0x21,0x25,0x21,0x25,0x29,0x25,0x29,
	0x45,0x29,0x25,0x21,0x08,0x42,0xAB,0x52,0xAB,0x52,0x6A,0x4A,0x86,0x31,0x04,0x21,0x66,0x29,0xA3,0x18,
	0x00,0x00,0x00,0x00,0x68,0x9C,0xCD,0xFF,0xCD,0xE6,0x64,0x31,0x25,0x29,0xA2,0x10,0x00,0x00,0x00,0x00,
	0x68,0x9C,0xEE,0xFF,0xCD,0xE6,0x84,0x31,0x25,0x29,0x65,0x29,0x45,0x29,0x45,0x29,0x45,0x29,0x45,0x29,
	0x45,0x29,0x65,0x29,0x65,0x29,0x45,0x29,0x65,0x29,0x04,0x21,0x85,0x5A,0x6A,0x9C,0x00,0x00,0x00,0x00,
	0x00,0x00,0x00,0x00,0x00,0x00,0x00,0x00,0x00,0x00,0x00,0x00,0x00,0x00,0x00,0x00,0x00,0x00,0x41,0x08,
	0x82,0x10,0x25,0x21,0xC7,0x39,0x49,0x4A,0x69,0x4A,0x49,0x4A,0x66,0x29,0x21,0x00,0x20,0x08,0xB1,0xBD,
	0xF7,0xFF,0xB5,0xFF,0xD4,0xFF,0xB4,0xFF,0xD5,0xFF,0xD7,0xFF,0xD8,0xFF,0xB7,0xFF,0xF6,0xFF,0x8F,0xD6,
	0xA5,0x31,0x66,0x29,0x66,0x29,0x66,0x29,0x65,0x29,0x45,0x29,0x45,0x29,0x45,0x29,0x45,0x29,0x45,0x29,
	0x45,0x29,0x62,0x10,0x00,0x00,0x00,0x00,0x0B,0xCE,0xEE,0xFF,0x6B,0xBD,0xC3,0x18,0x66,0x31,0x66,0x29,
	0x66,0x29,0x66,0x29,0x66,0x29,0x66,0x29,0x25,0x21,0x45,0x29,0xC8,0x39,0xE8,0x39,0x45,0x29,0x25,0x29,
	0x45,0x29,0x45,0x29,0x25,0x29,0x25,0x29,0x25,0x29,0x25,0x29,0x25,0x29,0x25,0x21,0x05,0x21,0x62,0x10,
	0x8A,0x52,0xD3,0x94,0xE3,0x18,0x00,0x00,0x20,0x00,0x66,0x29,0x8A,0x52,0xD0,0x7B,0xD0,0x7B,0x08,0x42,
	0x31,0x84,0x8B,0x52,0xE4,0x18,0x00,0x00,0x00,0x00,0x00,0x00,0x00,0x00,0x00,0x00,0x00,0x00,0x00,0x00,
	0x00,0x00,0x00,0x00,0x00,0x00,0x00,0x00,0x00,0x00,0x00,0x00,0x00,0x00,0x00,0x00,0xA7,0x31,0x8F,0x73,
	0x52,0x8C,0xC7,0x39,0x72,0x94,0x4D,0x6B,0x49,0x4A,0x25,0x21,0x00,0x00,0x00,0x00,0x00,0x00,0xE4,0x20,
	0x34,0xA5,0xAE,0x73,0xC3,0x18,0x25,0x21,0x25,0x21,0x25,0x21,0x25,0x21,0x25,0x29,0x25,0x21,0x25,0x21,
	0x25,0x21,0x25,0x29,0x04,0x21,0x05,0x21,0x25,0x29,0x04,0x21,0x25,0x29,0x45,0x29,0x45,0x29,0x04,0x21,
	0xA2,0x10,0x21,0x00,0xA8,0x9C,0xCD,0xFF,0xED,0xE6,0x64,0x31,0x25,0x21,0x04,0x21,0xA2,0x10,0x21,0x00,
	0xA8,0xA4,0xCD,0xFF,0xCD,0xEE,0x64,0x31,0x25,0x21,0x65,0x29,0x45,0x29,0x45,0x29,0x45,0x29,0x45,0x29,
	0x45,0x29,0x45,0x29,0x45,0x29,0x45,0x29,0x65,0x29,0xE3,0x20,0xA9,0xAC,0xA4,0x39,0x00,0x00,0x00,0x00,
	0x00,0x00,0x00,0x00,0x00,0x00,0x00,0x00,0x00,0x00,0x00,0x00,0x00,0x00,0x00,0x00,0x00,0x00,0x00,0x00,
	0x00,0x00,0x62,0x08,0xC3,0x18,0x45,0x29,0xC8,0x39,0x09,0x42,0xE8,0x41,0xE4,0x18,0x00,0x00,0xE3,0x20,
	0x52,0xEF,0x6F,0xF7,0x0D,0xF7,0x4D,0xF7,0x6F,0xFF,0x90,0xFF,0xB2,0xFF,0xD4,0xFF,0xB6,0xFF,0xF4,0xFF,
	0x8B,0xB5,0x24,0x21,0x66,0x31,0x45,0x29,0x45,0x29,0x45,0x29,0x45,0x29,0x45,0x29,0x45,0x29,0x45,0x29,
	0x45,0x29,0x04,0x21,0x62,0x10,0x81,0x10,0x2B,0xCE,0xEE,0xFF,0x6A,0xBD,0xC3,0x18,0x86,0x31,0x45,0x29,
	0x65,0x29,0x65,0x29,0x65,0x29,0x46,0x29,0x45,0x29,0x45,0x29,0x25,0x29,0x25,0x21,0x25,0x21,0x25,0x29,
	0x45,0x29,0x45,0x29,0x25,0x29,0x25,0x29,0x25,0x29,0x25,0x29,0x25,0x21,0x25,0x21,0xC4,0x18,0xCF,0x7B,
	0x75,0xAD,0xE4,0x18,0x00,0x00,0x00,0x00,0x00,0x00,0x66,0x29,0x8A,0x52,0xAF,0x7B,0x51,0x8C,0xE8,0x39,
	0x31,0x84,0xCC,0x5A,0xE4,0x20,0x00,0x00,0x00,0x00,0x00,0x00,0x00,0x00,0x00,0x00,0x00,0x00,0x00,0x00,
	0x00,0x00,0x00,0x00,0x00,0x00,0x00,0x00,0x00,0x00,0x00,0x00,0x00,0x00,0x21,0x08,0x09,0x42,0xD0,0x7B,
	0x11,0x84,0xC7,0x39,0xB3,0x9C,0x2D,0x6B,0x49,0x4A,0x04,0x21,0x00,0x00,0x00,0x00,0x21,0x08,0x41,0x08,
	0xC3,0x18,0xEC,0x5A,0x04,0x21,0x04,0x21,0x05,0x21,0x25,0x21,0x25,0x21,0x25,0x21,0x25,0x21,0x05,0x21,
	0x25,0x21,0x25,0x29,0x25,0x29,0x25,0x29,0x25,0x29,0x45,0x29,0x45,0x29,0x45,0x29,0x45,0x29,0x45,0x29,
	0x65,0x31,0x62,0x08,0xA8,0x9C,0xED,0xFF,0xED,0xE6,0x64,0x31,0x05,0x21,0x45,0x29,0x45,0x29,0x42,0x08,
	0xA8,0xA4,0xCD,0xFF,0xCC,0xEE,0x64,0x31,0x25,0x21,0x45,0x29,0x45,0x29,0x45,0x29,0x45,0x29,0x45,0x29,
	0x45,0x29,0x45,0x29,0x45,0x29,0x45,0x29,0x04,0x21,0x85,0x5A,0xE8,0x93,0x00,0x00,0x00,0x00,0x00,0x00,
	0x00,0x00,0x00,0x00,0x00,0x00,0x00,0x00,0x00,0x00,0x00,0x00,0x00,0x00,0x00,0x00,0x00,0x00,0x00,0x00,
	0x00,0x00,0x00,0x00,0x21,0x08,0x62,0x08,0xC3,0x18,0x24,0x21,0x66,0x31,0x04,0x21,0x20,0x00,0x00,0x00,
	0xE9,0x83,0xAD,0xEE,0x4A,0xC5,0x8A,0xCD,0xEA,0xD5,0x4B,0xDE,0x8B,0xEE,0x0C,0xF7,0x91,0xFF,0xB3,0xFF,
	0xEF,0xFF,0x66,0x73,0x05,0x21,0x65,0x29,0x45,0x29,0x65,0x29,0x45,0x29,0x45,0x29,0x45,0x29,0x45,0x29,
	0x45,0x29,0x45,0x29,0x25,0x21,0xA2,0x18,0x0A,0xD6,0xEE,0xFF,0x6A,0xBD,0xA3,0x18,0x66,0x29,0x45,0x29,
	0x65,0x29,0x45,0x29,0x45,0x29,0x45,0x29,0x45,0x29,0x45,0x29,0x45,0x29,0x45,0x29,0x25,0x29,0x25,0x21,
	0x45,0x29,0x45,0x29,0x25,0x21,0x25,0x21,0x25,0x29,0x25,0x29,0x25,0x21,0x25,0x21,0x05,0x21,0xCC,0x5A,
	0x04,0x21,0x41,0x08,0x41,0x08,0x00,0x00,0x00,0x00,0x45,0x29,0x8A,0x52,0x8E,0x73,0x92,0x94,0xC7,0x39,
	0x11,0x84,0xEC,0x62,0x04,0x21,0x00,0x00,0x00,0x00,0x00,0x00,0x00,0x00,0x00,0x00,0x00,0x00,0x00,0x00,
	0x00,0x00,0x00,0x00,0x00,0x00,0x00,0x00,0x00,0x00,0x00,0x00,0x00,0x00,0x41,0x08,0x29,0x42,0xF0,0x7B,
	0xD0,0x7B,0x08,0x42,0xF4,0xA4,0x0D,0x63,0x29,0x42,0x04,0x21,0x00,0x00,0x00,0x00,0x21,0x08,0xA3,0x10,
	0xC3,0x18,0x82,0x10,0x04,0x21,0x05,0x21,0x04,0x21,0x05,0x21,0x25,0x21,0x05,0x21,0x25,0x21,0x25,0x21,
	0x25,0x29,0x25,0x29,0x25,0x29,0x25,0x29,0x25,0x29,0x25,0x29,0x25,0x21,0x45,0x29,0x45,0x29,0x45,0x29,
	0x65,0x31,0x62,0x08,0xA8,0x9C,0xED,0xFF,0x0D,0xEF,0x64,0x31,0x05,0x21,0x45,0x29,0x65,0x29,0x62,0x08,
	0xA7,0xA4,0xCD,0xFF,0xED,0xEE,0x64,0x31,0x25,0x21,0x45,0x29,0x45,0x29,0x45,0x29,0x45,0x29,0x45,0x29,
	0x45,0x29,0x45,0x29,0x45,0x29,0x45,0x29,0xE3,0x20,0x28,0x9C,0x43,0x31,0x00,0x00,0x00,0x00,0x00,0x00,
	0x00,0x00,0x00,0x00,0x00,0x00,0x00,0x00,0x00,0x00,0x00,0x00,0x00,0x00,0x00,0x00,0x00,0x00,0x00,0x00,
	0x00,0x00,0x00,0x00,0x00,0x00,0x00,0x00,0x20,0x00,0x41,0x08,0x62,0x08,0x82,0x10,0x20,0x00,0x00,0x00,
	0x44,0x29,0xAD,0xAC,0x6A,0x7B,0x4A,0x7B,0x49,0x7B,0x68,0x7B,0x07,0x9C,0xE7,0xB4,0x89,0xE6,0x6D,0xFF,
	0xAE,0xFF,0x49,0xDE,0x64,0x31,0x45,0x29,0x45,0x29,0x65,0x29,0x45,0x29,0x45,0x29,0x45,0x29,0x45,0x29,
	0x45,0x29,0x45,0x29,0x45,0x29,0xA2,0x10,0x0A,0xD6,0xEE,0xFF,0x6A,0xBD,0xA3,0x18,0x66,0x29,0x25,0x29,
	0x45,0x29,0x45,0x29,0x45,0x29,0x65,0x29,0x45,0x29,0x45,0x29,0x45,0x29,0x25,0x29,0x25,0x29,0x25,0x29,
	0x25,0x29,0x45,0x29,0x25,0x21,0x25,0x29,0x25,0x29,0x25,0x29,0x25,0x29,0x25,0x21,0x25,0x21,0x83,0x18,
	0xC3,0x18,0xA3,0x18,0x41,0x08,0x00,0x00,0x00,0x00,0x45,0x29,0x8A,0x52,0x8E,0x73,0xD3,0x9C,0xC7,0x39,
	0xF0,0x7B,0x2D,0x63,0x04,0x21,0x00,0x00,0x00,0x00,0x00,0x00,0x00,0x00,0x00,0x00,0x00,0x00,0x00,0x00,
	0x00,0x00,0x00,0x00,0x00,0x00,0x00,0x00,0x00,0x00,0x00,0x00,0x00,0x00,0x41,0x08,0x49,0x4A,0x11,0x84,
	0x8F,0x73,0x69,0x4A,0x14,0xA5,0x2D,0x63,0x29,0x42,0xE4,0x20,0x00,0x00,0x00,0x00,0x21,0x08,0x82,0x10,
	0xC3,0x18,0x04,0x21,0xE4,0x20,0x05,0x21,0x05,0x21,0x05,0x21,0x25,0x21,0x05,0x21,0x05,0x21,0x25,0x21,
	0x25,0x21,0x25,0x21,0x25,0x21,0x25,0x29,0x25,0x29,0x25,0x29,0x25,0x21,0x25,0x29,0x25,0x29,0x25,0x29,
	0x45,0x29,0x62,0x08,0xA8,0xA4,0xED,0xFF,0x0D,0xEF,0x64,0x31,0xE4,0x18,0x25,0x29,0x65,0x29,0x62,0x08,
	0xA8,0xA4,0xCD,0xFF,0xCC,0xEE,0x64,0x31,0x05,0x21,0x45,0x29,0x45,0x29,0x45,0x29,0x45,0x29,0x45,0x29,
	0x45,0x29,0x45,0x29,0x45,0x29,0x05,0x21,0x05,0x4A,0x87,0x83,0x00,0x00,0x00,0x00,0x00,0x00,0x00,0x00,
	0x00,0x00,0x00,0x00,0x00,0x00,0x00,0x00,0x00,0x00,0x00,0x00,0x00,0x00,0x00,0x00,0x00,0x00,0x00,0x00,
	0x00,0x00,0x00,0x00,0x00,0x00,0x00,0x00,0x00,0x00,0x00,0x00,0x00,0x00,0x00,0x00,0x00,0x00,0x00,0x00,
	0x41,0x08,0xA9,0x5A,0x08,0x42,0x25,0x29,0x25,0x21,0x24,0x21,0x65,0x31,0xE4,0x41,0x85,0x8B,0x27,0xE6,
	0x2A,0xF7,0x48,0xFF,0x05,0x73,0xE5,0x18,0x65,0x29,0x45,0x29,0x45,0x29,0x25,0x29,0x45,0x29,0x45,0x29,
	0x45,0x29,0x45,0x29,0x25,0x29,0xA2,0x18,0x0A,0xCE,0xEE,0xFF,0x6A,0xBD,0xA3,0x18,0x66,0x29,0x45,0x29,
	0x45,0x29,0x45,0x29,0x45,0x29,0x45,0x29,0x45,0x29,0x45,0x29,0x45,0x29,0x45,0x29,0x25,0x29,0x25,0x29,
	0x25,0x21,0x25,0x21,0x25,0x29,0x45,0x29,0x25,0x21,0x25,0x21,0x25,0x21,0x25,0x21,0x05,0x21,0x04,0x21,
	0xE4,0x18,0xA3,0x10,0x41,0x08,0x00,0x00,0x00,0x00,0x45,0x29,0x8A,0x52,0x6E,0x73,0x14,0xA5,0x08,0x42,
	0xCF,0x7B,0x4E,0x6B,0x87,0x31,0x00,0x00,0x00,0x00,0x00,0x00,0x00,0x00,0x00,0x00,0x00,0x00,0x00,0x00,
	0x00,0x00,0x00,0x00,0x00,0x00,0x00,0x00,0x00,0x00,0x00,0x00,0x00,0x00,0x41,0x08,0x6A,0x4A,0x52,0x8C,
	0x6E,0x6B,0xAB,0x52,0x14,0xA5,0x0C,0x63,0x49,0x42,0xE3,0x18,0x00,0x00,0x00,0x00,0x41,0x08,0x82,0x10,
	0xC3,0x18,0xE4,0x20,0x04,0x21,0x04,0x21,0x05,0x21,0x04,0x21,0x04,0x21,0x05,0x21,0x05,0x21,0x25,0x21,
	0x05,0x21,0x25,0x21,0x25,0x21,0x25,0x21,0x45,0x29,0x25,0x29,0x25,0x29,0x45,0x29,0x25,0x29,0x25,0x21,
	0x45,0x29,0x62,0x10,0xA8,0x9C,0xCD,0xFF,0xED,0xEE,0x64,0x31,0x04,0x21,0x25,0x29,0x45,0x29,0x62,0x08,
	0xA8,0xA4,0xCD,0xFF,0xCC,0xEE,0x63,0x31,0x25,0x21,0x45,0x29,0x45,0x29,0x45,0x29,0x25,0x29,0x45,0x29,
	0x45,0x29,0x45,0x29,0x45,0x29,0xE4,0x18,0xE6,0x6A,0x43,0x31,0x00,0x00,0x00,0x00,0x00,0x00,0x00,0x00,
	0x00,0x00,0x00,0x00,0x00,0x00,0x00,0x00,0x00,0x00,0x00,0x00,0x00,0x00,0x00,0x00,0x00,0x00,0x00,0x00,
	0x00,0x00,0x00,0x00,0x00,0x00,0x00,0x00,0x00,0x00,0x00,0x00,0x00,0x00,0x00,0x00,0x00,0x00,0x00,0x00,
	0x00,0x00,0x66,0x31,0xE4,0x18,0x21,0x08,0x41,0x08,0x41,0x08,0x41,0x08,0x62,0x08,0xE2,0x20,0x64,0x83,
	0xE5,0xE5,0x65,0xF6,0x24,0xA4,0xE5,0x20,0x65,0x29,0x45,0x29,0x45,0x29,0x45,0x29,0x45,0x29,0x45,0x29,
	0x45,0x29,0x45,0x29,0x25,0x21,0xA2,0x18,0x0A,0xD6,0xED,0xFF,0x6A,0xBD,0xA3,0x18,0x65,0x29,0x45,0x29,
	0x45,0x29,0x45,0x29,0x45,0x29,0x25,0x29,0x45,0x29,0x45,0x29,0x45,0x29,0x25,0x29,0x25,0x29,0x25,0x21,
	0x25,0x21,0x25,0x29,0x25,0x29,0x25,0x29,0x25,0x21,0x05,0x21,0x25,0x29,0x25,0x29,0x05,0x21,0x05,0x21,
	0xE4,0x18,0xA3,0x10,0x41,0x08,0x00,0x00,0x00,0x00,0x24,0x21,0x8A,0x52,0x6E,0x73,0x14,0xA5,0x28,0x42,
	0xAF,0x7B,0x8F,0x73,0xC7,0x39,0x00,0x00,0x00,0x00,0x00,0x00,0x00,0x00,0x00,0x00,0x00,0x00,0x00,0x00,
	0x00,0x00,0x00,0x00,0x00,0x00,0x00,0x00,0x00,0x00,0x00,0x00,0x00,0x00,0x41,0x08,0x6A,0x4A,0x72,0x8C,
	0x4D,0x6B,0xEC,0x5A,0x14,0xA5,0x0C,0x63,0x28,0x42,0xC3,0x18,0x00,0x00,0x00,0x00,0x41,0x08,0x82,0x10,
	0xC3,0x18,0xE4,0x18,0x04,0x21,0x04,0x21,0x04,0x21,0x04,0x21,0x05,0x21,0x05,0x21,0x05,0x21,0x05,0x21,
	0x05,0x21,0x05,0x21,0x05,0x21,0x25,0x21,0x45,0x29,0x25,0x29,0x25,0x21,0x25,0x29,0x25,0x29,0x25,0x29,
	0x45,0x29,0x62,0x10,0x88,0x9C,0xCD,0xFF,0xED,0xEE,0x64,0x31,0x04,0x21,0x25,0x29,0x45,0x29,0x62,0x08,
	0xA7,0xA4,0xED,0xFF,0xCC,0xEE,0x63,0x31,0x05,0x21,0x45,0x29,0x45,0x29,0x45,0x29,0x45,0x29,0x45,0x29,
	0x45,0x29,0x45,0x29,0x25,0x29,0x44,0x29,0x86,0x5A,0x20,0x08,0x00,0x00,0x00,0x00,0x00,0x00,0x00,0x00,
	0x00,0x00,0x00,0x00,0x00,0x00,0x00,0x00,0x00,0x00,0x00,0x00,0x00,0x00,0x00,0x00,0x00,0x00,0x00,0x00,
	0x00,0x00,0x00,0x00,0x00,0x00,0x00,0x00,0x00,0x00,0x00,0x00,0x00,0x00,0x00,0x00,0x00,0x00,0x00,0x00,
	0x00,0x00,0xA3,0x18,0x41,0x08,0x00,0x00,0x00,0x00,0x00,0x00,0x00,0x00,0x00,0x00,0x00,0x00,0x42,0x31,
	0xE4,0xA3,0xC4,0xC4,0x04,0xA4,0x44,0x29,0x45,0x29,0x45,0x29,0x25,0x29,0x25,0x29,0x45,0x29,0x45,0x29,
	0x25,0x29,0x25,0x29,0x25,0x21,0xA2,0x10,0x0A,0xD6,0xED,0xFF,0x6A,0xBD,0xA3,0x18,0x45,0x29,0x45,0x29,
	0x45,0x29,0x45,0x29,0x45,0x29,0x45,0x29,0x25,0x29,0x25,0x29,0x25,0x29,0x25,0x29,0x25,0x21,0x25,0x21,
	0x25,0x21,0x25,0x21,0x25,0x29,0x25,0x21,0x05,0x21,0x05,0x21,0x25,0x21,0x25,0x29,0x25,0x21,0x04,0x21,
	0xE4,0x18,0xA3,0x18,0x61,0x08,0x00,0x00,0x00,0x00,0x24,0x21,0x8A,0x52,0x6E,0x6B,0x35,0xAD,0x49,0x4A,
	0x8F,0x73,0xB0,0x7B,0xC8,0x39,0x00,0x00,0x00,0x00,0x00,0x00,0x00,0x00,0x00,0x00,0x00,0x00,0x00,0x00,
	0x00,0x00,0x00,0x00,0x00,0x00,0x00,0x00,0x00,0x00,0x00,0x00,0x00,0x00,0xA3,0x10,0x8B,0x52,0x93,0x94,
	0x0D,0x63,0x0C,0x63,0x14,0xA5,0x0C,0x63,0x28,0x42,0xC3,0x18,0x00,0x00,0x00,0x00,0x41,0x08,0x82,0x10,
	0xC3,0x18,0xE4,0x18,0x04,0x21,0x05,0x21,0x04,0x21,0x04,0x21,0x05,0x21,0x05,0x21,0x04,0x21,0x05,0x21,
	0x05,0x21,0x05,0x21,0x05,0x21,0x05,0x21,0x25,0x29,0x25,0x21,0x25,0x21,0x25,0x29,0x25,0x21,0x25,0x21,
	0x45,0x29,0x42,0x08,0x88,0x9C,0xCD,0xFF,0xED,0xEE,0x64,0x31,0x04,0x21,0x25,0x21,0x45,0x29,0x62,0x08,
	0xA7,0xA4,0xCD,0xFF,0xCC,0xEE,0x63,0x31,0x05,0x21,0x45,0x29,0x45,0x29,0x45,0x29,0x45,0x29,0x45,0x29,
	0x45,0x29,0x45,0x29,0x25,0x21,0xA5,0x39,0x43,0x31,0x00,0x00,0x00,0x00,0x00,0x00,0x00,0x00,0x00,0x00,
	0x00,0x00,0x00,0x00,0x00,0x00,0x00,0x00,0x00,0x00,0x00,0x00,0x00,0x00,0x00,0x00,0x00,0x00,0x00,0x00,
	0x00,0x00,0x00,0x00,0x00,0x00,0x00,0x00,0x00,0x00,0x00,0x00,0x00,0x00,0x00,0x00,0x00,0x00,0x00,0x00,
	0x00,0x00,0x62,0x08,0x00,0x00,0x00,0x00,0x00,0x00,0x00,0x00,0x00,0x00,0x20,0x00,0x00,0x00,0x40,0x08,
	0x43,0x5A,0x64,0x93,0x24,0x83,0x44,0x31,0x45,0x29,0x45,0x29,0x25,0x29,0x25,0x29,0x25,0x29,0x25,0x29,
	0x45,0x29,0x25,0x29,0x25,0x21,0xA2,0x18,0x0A,0xD6,0xED,0xFF,0x6A,0xBD,0xA3,0x18,0x45,0x29,0x25,0x29,
	0x45,0x29,0x45,0x29,0x45,0x29,0x45,0x29,0x25,0x29,0x25,0x29,0x25,0x29,0x25,0x21,0x25,0x29,0x25,0x29,
	0x25,0x29,0x25,0x29,0x45,0x29,0x25,0x21,0x25,0x21,0x05,0x21,0x05,0x21,0x05,0x21,0x04,0x21,0xE4,0x20,
	0xE4,0x18,0xA3,0x10,0x61,0x08,0x00,0x00,0x00,0x00,0x24,0x21,0x8A,0x52,0x4E,0x6B,0x35,0xA5,0x69,0x4A,
	0x6E,0x6B,0xD0,0x7B,0x08,0x42,0x00,0x00,0x00,0x00,0x00,0x00,0x00,0x00,0x00,0x00,0x00,0x00,0x00,0x00,
	0x00,0x00,0x00,0x00,0x00,0x00,0x00,0x00,0x00,0x00,0x00,0x00,0x00,0x00,0xE4,0x20,0xAB,0x5A,0x92,0x94,
	0xCC,0x5A,0x2C,0x63,0xF4,0x9C,0x0C,0x63,0x28,0x42,0xC3,0x18,0x00,0x00,0x00,0x00,0x21,0x08,0xA3,0x18,
	0xC3,0x18,0xE4,0x20,0x04,0x21,0xE4,0x20,0x04,0x21,0x04,0x21,0x05,0x21,0x04,0x21,0x04,0x21,0x04,0x21,
	0x04,0x21,0x05,0x21,0x05,0x21,0x25,0x21,0x25,0x29,0x25,0x21,0x05,0x21,0x25,0x21,0x25,0x21,0x25,0x21,
	0x25,0x29,0x42,0x08,0x88,0x9C,0xCC,0xFF,0xED,0xEE,0x64,0x31,0x04,0x21,0x04,0x21,0x45,0x29,0x62,0x08,
	0xA7,0xA4,0xCC,0xFF,0xCC,0xEE,0x63,0x31,0x05,0x21,0x45,0x29,0x25,0x29,0x25,0x29,0x25,0x29,0x45,0x29,
	0x45,0x29,0x45,0x29,0x25,0x21,0x84,0x39,0x61,0x10,0x00,0x00,0x00,0x00,0x00,0x00,0x00,0x00,0x00,0x00,
	0x00,0x00,0x00,0x00,0x00,0x00,0x00,0x00,0x00,0x00,0x00,0x00,0x00,0x00,0x00,0x00,0x00,0x00,0x00,0x00,
	0x00,0x00,0x00,0x00,0x00,0x00,0x00,0x00,0x00,0x00,0x00,0x00,0x00,0x00,0x00,0x00,0x00,0x00,0x00,0x00,
	0x00,0x00,0x04,0x42,0xC6,0x62,0x81,0x10,0x20,0x00,0xA1,0x10,0x20,0x08,0x00,0x00,0x00,0x00,0x00,0x00,
	0x82,0x39,0xA4,0x6A,0x64,0x62,0x64,0x31,0x25,0x29,0x45,0x29,0x45,0x29,0x45,0x29,0x25,0x29,0x25,0x29,
	0x45,0x29,0x25,0x21,0x25,0x21,0xA2,0x18,0x0A,0xD6,0xED,0xFF,0x49,0xBD,0xA3,0x18,0x45,0x29,0x45,0x29,
	0x45,0x29,0x45,0x29,0x45,0x29,0x25,0x29,0x25,0x29,0x45,0x29,0x25,0x21,0x25,0x29,0x25,0x29,0x25,0x29,
	0x25,0x29,0x25,0x29,0x25,0x29,0x25,0x21,0x05,0x21,0x25,0x21,0x25,0x21,0x05,0x21,0x04,0x21,0x04,0x21,
	0xC4,0x18,0xC3,0x18,0x41,0x08,0x00,0x00,0x00,0x00,0x04,0x21,0x8A,0x52,0x4E,0x6B,0x55,0xA5,0x8A,0x52,
	0x4D,0x6B,0x11,0x84,0x08,0x42,0x00,0x00,0x00,0x00,0x00,0x00,0x00,0x00,0x00,0x00,0x00,0x00,0x00,0x00,
	0x00,0x00,0x00,0x00,0x00,0x00,0x00,0x00,0x00,0x00,0x00,0x00,0x00,0x00,0xE4,0x20,0xCB,0x5A,0xB3,0x94,
	0xCC,0x5A,0x4D,0x6B,0xF4,0x9C,0x0C,0x63,0x08,0x42,0xC3,0x18,0x00,0x00,0xA2,0x10,0xA3,0x18,0x00,0x00,
	0xA3,0x18,0xE4,0x18,0x04,0x21,0x04,0x21,0x04,0x21,0x05,0x21,0x04,0x21,0x04,0x21,0x04,0x21,0x04,0x21,
	0x04,0x21,0x04,0x21,0x05,0x21,0x04,0x21,0x24,0x21,0x25,0x21,0x05,0x21,0x25,0x21,0x25,0x21,0x25,0x21,
	0x25,0x21,0x42,0x08,0x67,0x9C,0xAB,0xFF,0xCC,0xE6,0x64,0x29,0xE5,0x20,0x24,0x21,0x45,0x29,0x62,0x08,
	0x87,0x9C,0xAB,0xFF,0xCB,0xEE,0x63,0x31,0x04,0x21,0x45,0x29,0x25,0x21,0x25,0x29,0x25,0x29,0x45,0x29,
	0x45,0x29,0x45,0x29,0x45,0x29,0x24,0x29,0x00,0x00,0x00,0x00,0x00,0x00,0x00,0x00,0x00,0x00,0x00,0x00,
	0x00,0x00,0x00,0x00,0x00,0x00,0x00,0x00,0x00,0x00,0x00,0x00,0x00,0x00,0x00,0x00,0x00,0x00,0x00,0x00,
	0x00,0x00,0x00,0x00,0x00,0x00,0x00,0x00,0x00,0x00,0x00,0x00,0x00,0x00,0x00,0x00,0x00,0x00,0x41,0x08,
	0x02,0x21,0x4C,0xB5,0xF3,0xFF,0x8D,0xBD,0x44,0x29,0x44,0x29,0xAC,0xA4,0xC6,0x62,0x00,0x00,0x20,0x00,
	0xE3,0x51,0xA4,0x6A,0xE3,0x49,0x64,0x29,0x45,0x29,0x45,0x29,0x45,0x29,0x45,0x29,0x45,0x29,0x25,0x29,
	0x45,0x29,0x45,0x29,0x25,0x21,0xA2,0x10,0x09,0xCE,0xCC,0xFF,0x49,0xBD,0xA3,0x18,0x45,0x29,0x45,0x29,
	0x45,0x29,0x45,0x29,0x25,0x29,0x25,0x21,0x25,0x29,0x25,0x21,0x25,0x21,0x25,0x21,0x25,0x21,0x25,0x29,
	0x25,0x29,0x25,0x29,0x25,0x29,0x25,0x29,0x25,0x21,0x05,0x21,0x25,0x21,0x05,0x21,0x04,0x21,0x04,0x21,
	0xC3,0x18,0x21,0x08,0xC3,0x18,0xA2,0x10,0x00,0x00,0x04,0x21,0x8A,0x52,0x4E,0x6B,0x35,0xA5,0xAA,0x52,
	0x4D,0x6B,0x11,0x84,0x09,0x42,0x00,0x00,0x00,0x00,0x00,0x00,0x00,0x00,0x00,0x00,0x00,0x00,0x00,0x00,
	0x00,0x00,0x00,0x00,0x00,0x00,0x00,0x00,0x00,0x00,0x00,0x00,0x00,0x00,0xE4,0x20,0xCC,0x5A,0xB3,0x94,
	0xAB,0x5A,0x6E,0x6B,0xF4,0x9C,0x0C,0x63,0x08,0x42,0xC3,0x18,0x00,0x00,0x24,0x21,0xB2,0x94,0x0C,0x63,
	0xC3,0x18,0xE4,0x18,0xE4,0x20,0x04,0x21,0x04,0x21,0x05,0x21,0x04,0x21,0x04,0x21,0x04,0x21,0x04,0x21,
	0x04,0x21,0x04,0x21,0x04,0x21,0x05,0x21,0x04,0x21,0x25,0x21,0x25,0x21,0x25,0x21,0x25,0x21,0x05,0x21,
	0x45,0x29,0x42,0x08,0xA8,0xA4,0xEB,0xFF,0x2B,0xF7,0x64,0x31,0xE4,0x18,0x25,0x21,0x45,0x29,0x42,0x08,
	0xC8,0xAC,0xEB,0xFF,0x2C,0xF7,0x64,0x31,0x04,0x21,0x25,0x21,0x25,0x29,0x45,0x29,0x45,0x29,0x45,0x29,
	0x45,0x29,0x25,0x29,0x45,0x29,0xC3,0x18,0x00,0x00,0x00,0x00,0x00,0x00,0x00,0x00,0x00,0x00,0x00,0x00,
	0x00,0x00,0x00,0x00,0x00,0x00,0x00,0x00,0x00,0x00,0x00,0x00,0x00,0x00,0x00,0x00,0x00,0x00,0x00,0x00,
	0x00,0x00,0x00,0x00,0x00,0x00,0x00,0x00,0x00,0x00,0x00,0x00,0x00,0x00,0x21,0x08,0xE6,0x41,0x6D,0x9C,
	0xF0,0xC5,0x52,0xCE,0x51,0xCE,0xF4,0xFF,0x8E,0xBD,0x82,0x18,0xE8,0x6A,0xD5,0xFF,0xCC,0xA4,0xA1,0x18,
	0x04,0x83,0xA4,0x9B,0x23,0x5A,0x84,0x31,0x45,0x29,0x45,0x29,0x45,0x29,0x45,0x29,0x25,0x29,0x25,0x29,
	0x45,0x29,0x45,0x29,0x25,0x21,0xA2,0x18,0x8A,0xDE,0xEC,0xFF,0x8A,0xC5,0xA3,0x10,0x45,0x29,0x45,0x29,
	0x45,0x29,0x25,0x29,0x25,0x29,0x25,0x21,0x25,0x21,0x25,0x29,0x25,0x21,0x25,0x21,0x25,0x29,0x25,0x29,
	0x25,0x29,0x25,0x21,0x25,0x29,0x25,0x29,0x25,0x21,0x05,0x21,0x04,0x21,0x05,0x21,0x05,0x21,0xE4,0x20,
	0xE4,0x20,0x4D,0x6B,0x51,0x8C,0x04,0x21,0x00,0x00,0x04,0x21,0x8A,0x52,0x4E,0x6B,0x35,0xA5,0xAB,0x5A,
	0x2D,0x63,0x31,0x84,0x49,0x4A,0x41,0x08,0x00,0x00,0x00,0x00,0x00,0x00,0x00,0x00,0x00,0x00,0x00,0x00,
	0x00,0x00,0x00,0x00,0x00,0x00,0x00,0x00,0x00,0x00,0x00,0x00,0x00,0x00,0x04,0x21,0xCC,0x5A,0xB3,0x94,
	0xAB,0x52,0x8E,0x73,0xF4,0x9C,0x0C,0x63,0x08,0x42,0xA3,0x18,0x00,0x00,0x00,0x00,0xC3,0x18,0x92,0x94,
	0x10,0x84,0x83,0x10,0x04,0x21,0x04,0x21,0x04,0x21,0x04,0x21,0x04,0x21,0x04,0x21,0x04,0x21,0x04,0x21,
	0x05,0x21,0x04,0x21,0x04,0x21,0x05,0x21,0x04,0x21,0x04,0x21,0x04,0x21,0x05,0x21,0x25,0x21,0x04,0x21,
	0x25,0x21,0x62,0x08,0x04,0x42,0xC6,0x83,0x05,0x6B,0xA2,0x10,0x04,0x21,0x04,0x21,0x45,0x29,0x82,0x10,
	0xE4,0x41,0xC6,0x83,0x06,0x6B,0xA2,0x18,0x25,0x21,0x25,0x29,0x25,0x21,0x45,0x29,0x45,0x29,0x25,0x29,
	0x25,0x21,0x25,0x21,0x45,0x29,0x82,0x10,0x00,0x00,0x00,0x00,0x00,0x00,0x00,0x00,0x00,0x00,0x00,0x00,
	0x00,0x00,0x00,0x00,0x00,0x00,0x00,0x00,0x00,0x00,0x00,0x00,0x00,0x00,0x00,0x00,0x00,0x00,0x00,0x00,
	0x00,0x00,0x00,0x00,0x00,0x00,0x00,0x00,0x00,0x00,0x00,0x00,0x00,0x00,0xE3,0x18,0x68,0x52,0x67,0x52,
	0x44,0x29,0x41,0x08,0x00,0x00,0x67,0x52,0xD5,0xFF,0x6B,0x94,0x00,0x00,0x67,0x52,0xD6,0xFF,0x6D,0xB5,
	0xC5,0xB4,0x86,0xD5,0x28,0xBD,0x05,0x42,0x25,0x21,0x45,0x29,0x45,0x29,0x45,0x29,0x45,0x29,0x25,0x29,
	0x25,0x29,0x25,0x29,0x25,0x21,0x62,0x10,0xC5,0x62,0xA7,0x7B,0x04,0x4A,0xA2,0x10,0x45,0x29,0x25,0x29,
	0x25,0x21,0x25,0x21,0x25,0x29,0x25,0x29,0x25,0x21,0x25,0x29,0x05,0x21,0x25,0x21,0x25,0x21,0x25,0x21,
	0x25,0x29,0x25,0x29,0x25,0x21,0x05,0x21,0x25,0x21,0x25,0x21,0x04,0x21,0x05,0x21,0x25,0x21,0xA3,0x18,
	0x8E,0x73,0x51,0x8C,0xA3,0x10,0x00,0x00,0x00,0x00,0x04,0x21,0x6A,0x4A,0x4D,0x6B,0x35,0xA5,0xCC,0x5A,
	0x0C,0x63,0x51,0x8C,0x29,0x4A,0x21,0x00,0x00,0x00,0x00,0x00,0x00,0x00,0x00,0x00,0x00,0x00,0x00,0x00,
	0x00,0x00,0x00,0x00,0x00,0x00,0x00,0x00,0x00,0x00,0x00,0x00,0x00,0x00,0xE4,0x20,0xEC,0x5A,0xD3,0x9C,
	0xAB,0x52,0xAE,0x73,0xF4,0x9C,0x0C,0x5B,0x08,0x42,0xA3,0x18,0x00,0x00,0x20,0x00,0x41,0x08,0x41,0x08,
	0x25,0x21,0xE4,0x20,0xE4,0x20,0x04,0x21,0x04,0x21,0x04,0x21,0x04,0x21,0x04,0x21,0x04,0x21,0xE4,0x20,
	0x04,0x21,0x04,0x21,0x04,0x21,0x04,0x21,0x04,0x21,0x04,0x21,0x05,0x21,0x04,0x21,0x05,0x21,0x04,0x21,
	0x24,0x21,0xC3,0x18,0x00,0x00,0x00,0x00,0x00,0x00,0x82,0x10,0x24,0x21,0x04,0x21,0x25,0x21,0xE4,0x20,
	0x00,0x00,0x00,0x00,0x00,0x00,0x83,0x10,0x25,0x29,0x25,0x21,0x25,0x29,0x25,0x29,0x25,0x29,0x25,0x29,
	0x25,0x21,0x25,0x21,0x45,0x29,0x61,0x10,0x00,0x00,0x00,0x00,0x00,0x00,0x00,0x00,0x00,0x00,0x00,0x00,
	0x00,0x00,0x00,0x00,0x00,0x00,0x00,0x00,0x00,0x00,0x00,0x00,0x00,0x00,0x00,0x00,0x00,0x00,0x00,0x00,
	0x00,0x00,0x00,0x00,0x00,0x00,0x00,0x00,0x00,0x00,0x00,0x00,0x00,0x00,0x00,0x00,0x00,0x00,0x00,0x00,
	0x00,0x00,0x00,0x00,0x00,0x00,0x00,0x00,0x67,0x4A,0xD3,0xFF,0x25,0x4A,0x00,0x00,0xA4,0x39,0xD3,0xDE,
	0x6C,0xDE,0xEA,0xF6,0x8E,0xFF,0x86,0x52,0xE4,0x20,0x45,0x29,0x45,0x29,0x45,0x29,0x25,0x29,0x25,0x29,
	0x25,0x29,0x25,0x21,0x25,0x29,0xA3,0x10,0x00,0x00,0x00,0x00,0x00,0x00,0x04,0x21,0x45,0x29,0x25,0x29,
	0x25,0x21,0x25,0x29,0x25,0x21,0x25,0x29,0x25,0x29,0x25,0x29,0x05,0x21,0x25,0x21,0x25,0x21,0x05,0x21,
	0x25,0x21,0x25,0x29,0x05,0x21,0x04,0x21,0x05,0x21,0x05,0x21,0x05,0x21,0x05,0x21,0x04,0x21,0x04,0x21,
	0x04,0x21,0x41,0x08,0x62,0x10,0x20,0x00,0x00,0x00,0xE4,0x20,0x6A,0x4A,0x4D,0x6B,0x35,0xA5,0xEC,0x5A,
	0x0C,0x63,0x52,0x8C,0x29,0x4A,0x21,0x00,0x00,0x00,0x00,0x00,0x00,0x00,0x00,0x00,0x00,0x00,0x00,0x00,
	0x00,0x00,0x00,0x00,0x00,0x00,0x00,0x00,0x00,0x00,0x00,0x00,0x00,0x00,0x04,0x21,0xEC,0x62,0xD3,0x9C,
	0x8A,0x52,0xCF,0x7B,0xF4,0x9C,0x0C,0x5B,0x08,0x42,0xA3,0x18,0x00,0x00,0x00,0x00,0x62,0x10,0xA3,0x18,
	0xA3,0x18,0xE4,0x20,0xE4,0x20,0x04,0x21,0x04,0x21,0x04,0x21,0xE4,0x20,0x04,0x21,0x04,0x21,0x04,0x21,
	0x04,0x21,0x04,0x21,0x04,0x21,0x04,0x21,0x24,0x21,0x04,0x21,0x04,0x21,0x04,0x21,0x04,0x21,0x04,0x21,
	0x24,0x21,0x04,0x21,0xE4,0x20,0xE3,0x18,0xE4,0x20,0x04,0x21,0x25,0x21,0x24,0x21,0x25,0x21,0x04,0x21,
	0x04,0x21,0xE4,0x20,0x04,0x21,0x24,0x21,0x25,0x21,0x25,0x21,0x25,0x29,0x45,0x29,0x45,0x29,0x25,0x21,
	0x25,0x21,0x25,0x21,0x45,0x29,0x61,0x08,0x00,0x00,0x00,0x00,0x00,0x00,0x00,0x00,0x00,0x00,0x00,0x00,
	0x00,0x00,0x00,0x00,0x00,0x00,0x00,0x00,0x00,0x00,0x00,0x00,0x00,0x00,0x00,0x00,0x00,0x00,0x21,0x08,
	0x82,0x10,0x62,0x08,0x00,0x00,0x00,0x00,0x00,0x00,0x00,0x00,0x00,0x00,0x00,0x00,0x00,0x00,0x00,0x00,
	0x00,0x00,0x00,0x00,0x00,0x00,0x20,0x08,0x00,0x00,0xC8,0x62,0xF1,0xEE,0xE2,0x20,0x00,0x00,0x4A,0x6B,
	0x8E,0xBD,0xEA,0xCD,0xB0,0xFF,0xA5,0x5A,0xE4,0x20,0x45,0x29,0x45,0x29,0x45,0x29,0x25,0x21,0x25,0x29,
	0x25,0x29,0x25,0x21,0x25,0x21,0x04,0x21,0xE3,0x20,0xE3,0x20,0x04,0x21,0x24,0x21,0x45,0x29,0x45,0x29,
	0x25,0x29,0x25,0x29,0x25,0x29,0x25,0x29,0x25,0x21,0x24,0x21,0x25,0x21,0x05,0x21,0x05,0x21,0x05,0x21,
	0x25,0x21,0x25,0x21,0x04,0x21,0x05,0x21,0x05,0x21,0x05,0x21,0x04,0x21,0x04,0x21,0x04,0x21,0xE4,0x20,
	0xC3,0x18,0xC3,0x18,0x82,0x10,0x20,0x00,0x00,0x00,0xE4,0x20,0x6A,0x4A,0x4D,0x6B,0x55,0xA5,0xEC,0x62,
	0xEC,0x62,0x51,0x8C,0x6A,0x4A,0x62,0x08,0x00,0x00,0x00,0x00,0x00,0x00,0x00,0x00,0x00,0x00,0x00,0x00,
	0x00,0x00,0x00,0x00,0x00,0x00,0x00,0x00,0x00,0x00,0x00,0x00,0x00,0x00,0x04,0x21,0x0C,0x63,0xD4,0x9C,
	0x8A,0x52,0xF0,0x7B,0xF4,0x9C,0x0C,0x5B,0x08,0x42,0xA3,0x10,0x00,0x00,0x20,0x00,0x62,0x10,0xA2,0x10,
	0xC3,0x18,0xE4,0x20,0x04,0x21,0x04,0x21,0x04,0x21,0x04,0x21,0x04,0x21,0xE4,0x20,0xE4,0x20,0xE4,0x20,
	0x04,0x21,0x04,0x21,0x04,0x21,0x04,0x21,0x04,0x21,0x04,0x21,0x04,0x21,0x04,0x21,0xE4,0x20,0x04,0x21,
	0x04,0x21,0x04,0x21,0x04,0x21,0x04,0x21,0xE4,0x20,0x04,0x21,0x25,0x21,0x04,0x21,0x04,0x21,0x04,0x21,
	0x04,0x21,0x24,0x21,0x04,0x21,0x24,0x21,0x25,0x21,0x25,0x21,0x25,0x21,0x24,0x21,0x24,0x21,0x25,0x21,
	0x25,0x21,0x25,0x21,0x25,0x29,0x41,0x08,0x00,0x00,0x00,0x00,0x00,0x00,0x00,0x00,0x00,0x00,0x00,0x00,
	0x00,0x00,0x00,0x00,0x00,0x00,0x00,0x00,0x00,0x00,0x00,0x00,0x00,0x00,0x00,0x00,0x00,0x00,0x00,0x00,
	0x41,0x08,0x66,0x31,0x66,0x31,0xA3,0x18,0x41,0x08,0x00,0x00,0x00,0x00,0x00,0x00,0x00,0x00,0x00,0x00,
	0x00,0x00,0x00,0x00,0x00,0x00,0x00,0x00,0x20,0x00,0x00,0x00,0x28,0x6B,0x51,0xD6,0xE5,0x41,0xC3,0x18,
	0x29,0x6B,0xA8,0x7B,0x8D,0xDE,0x68,0x9C,0x45,0x29,0x25,0x29,0x25,0x21,0x25,0x21,0x25,0x21,0x25,0x29,
	0x45,0x29,0x25,0x29,0x24,0x21,0x24,0x21,0x04,0x21,0x24,0x21,0x04,0x21,0x24,0x21,0x25,0x21,0x25,0x21,
	0x25,0x29,0x25,0x21,0x25,0x21,0x25,0x29,0x25,0x29,0x25,0x21,0x25,0x21,0x05,0x21,0x05,0x21,0x25,0x21,
	0x25,0x21,0x04,0x21,0x04,0x21,0x05,0x21,0x05,0x21,0x05,0x21,0x04,0x21,0x04,0x21,0x04,0x21,0xE4,0x20,
	0xC3,0x18,0xA3,0x18,0x82,0x10,0x20,0x00,0x00,0x00,0x04,0x21,0x6A,0x4A,0x4D,0x6B,0x55,0xA5,0x0C,0x63,
	0xCB,0x5A,0x51,0x8C,0x6A,0x52,0x82,0x10,0x00,0x00,0x00,0x00,0x00,0x00,0x00,0x00,0x00,0x00,0x00,0x00,
	0x00,0x00,0x00,0x00,0x00,0x00,0x00,0x00,0x00,0x00,0x00,0x00,0x00,0x00,0x24,0x21,0x0D,0x63,0xF4,0x9C,
	0x8A,0x52,0xF0,0x7B,0xD4,0x9C,0x0C,0x5B,0x08,0x42,0xA3,0x10,0x00,0x00,0x20,0x00,0x62,0x10,0xA3,0x10,
	0xC3,0x18,0x04,0x21,0x04,0x21,0xE4,0x20,0x04,0x21,0x04,0x21,0x04,0x21,0x04,0x21,0x04,0x21,0x04,0x21,
	0x04,0x21,0x04,0x21,0x04,0x21,0x04,0x21,0x04,0x21,0x04,0x21,0x04,0x21,0x04,0x21,0x05,0x21,0x05,0x21,
	0x04,0x21,0x04,0x21,0x04,0x21,0x04,0x21,0x04,0x21,0x04,0x21,0x04,0x21,0x25,0x21,0x04,0x21,0x25,0x21,
	0x05,0x21,0x04,0x21,0x25,0x21,0x25,0x21,0x25,0x21,0x25,0x21,0x25,0x21,0x25,0x21,0x25,0x21,0x25,0x21,
	0x25,0x21,0x25,0x21,0x25,0x29,0x41,0x08,0x00,0x00,0x00,0x00,0x00,0x00,0x00,0x00,0x00,0x00,0x00,0x00,
	0x00,0x00,0x00,0x00,0x00,0x00,0x00,0x00,0x00,0x00,0x00,0x00,0x00,0x00,0x00,0x00,0x00,0x00,0x00,0x00,
	0x00,0x00,0x41,0x08,0xE8,0x39,0x29,0x4A,0xA7,0x39,0x25,0x21,0x07,0x42,0x00,0x00,0x00,0x00,0x00,0x00,
	0x00,0x00,0x00,0x00,0x00,0x00,0x00,0x00,0x00,0x00,0x20,0x00,0x00,0x00,0x87,0x52,0x71,0xB5,0xA2,0x18,
	0x41,0x08,0x64,0x31,0xE7,0x6A,0xCE,0xDE,0x46,0x4A,0xE4,0x20,0x25,0x29,0x25,0x29,0x25,0x29,0x25,0x21,
	0x25,0x29,0x25,0x29,0x25,0x21,0x25,0x21,0x05,0x21,0x05,0x21,0x04,0x21,0x25,0x21,0x25,0x21,0x25,0x21,
	0x25,0x29,0x25,0x29,0x25,0x21,0x25,0x29,0x25,0x21,0x25,0x21,0x25,0x29,0x25,0x21,0x05,0x21,0x25,0x29,
	0x25,0x21,0x25,0x21,0x25,0x21,0x25,0x21,0x25,0x21,0x04,0x21,0x04,0x21,0x04,0x21,0x04,0x21,0xE4,0x20,
	0xC4,0x18,0xC3,0x18,0x82,0x10,0x20,0x00,0x00,0x00,0x03,0x19,0x6A,0x4A,0x4D,0x6B,0x35,0xA5,0x0C,0x63,
	0xEC,0x5A,0x51,0x8C,0x6A,0x4A,0x82,0x10,0x00,0x00,0x00,0x00,0x00,0x00,0x00,0x00,0x00,0x00,0x00,0x00,
	0x00,0x00,0x00,0x00,0x00,0x00,0x00,0x00,0x00,0x00,0x00,0x00,0x00,0x00,0x05,0x21,0x2D,0x63,0xF4,0x9C,
	0x8A,0x52,0xF0,0x7B,0xD4,0x9C,0x0C,0x5B,0x08,0x42,0xA3,0x10,0x00,0x00,0x20,0x00,0x82,0x10,0xA3,0x18,
	0xC3,0x18,0xE4,0x18,0xE4,0x20,0xE4,0x20,0x04,0x21,0xE4,0x20,0x04,0x21,0xE4,0x20,0x04,0x21,0x04,0x21,
	0x04,0x21,0x04,0x21,0x04,0x21,0x04,0x21,0x04,0x21,0x04,0x21,0x04,0x21,0x04,0x21,0x05,0x21,0x05,0x21,
	0x04,0x21,0x04,0x21,0x04,0x21,0x04,0x21,0x04,0x21,0x04,0x21,0x04,0x21,0x04,0x21,0x25,0x21,0x25,0x21,
	0x25,0x21,0x24,0x21,0x04,0x21,0x25,0x21,0x25,0x21,0x04,0x21,0x24,0x21,0x25,0x21,0x25,0x21,0x25,0x21,
	0x25,0x21,0x25,0x21,0x24,0x21,0x21,0x08,0x00,0x00,0x00,0x00,0x00,0x00,0x00,0x00,0x00,0x00,0x00,0x00,
	0x00,0x00,0x00,0x00,0x00,0x00,0x00,0x00,0x00,0x00,0x00,0x00,0x00,0x00,0x00,0x00,0x00,0x00,0x00,0x00,
	0x00,0x00,0x00,0x00,0x20,0x00,0x04,0x21,0x66,0x31,0xA3,0x18,0x47,0x4A,0xA5,0x31,0x00,0x00,0x00,0x00,
	0x00,0x00,0x00,0x00,0x00,0x00,0x00,0x00,0x00,0x00,0x00,0x00,0x00,0x00,0x00,0x00,0x00,0x00,0x00,0x00,
	0x00,0x00,0x00,0x00,0xE2,0x20,0xD0,0xE6,0x25,0x4A,0x04,0x21,0x25,0x21,0x25,0x29,0x25,0x21,0x25,0x21,
	0x25,0x21,0x25,0x29,0x25,0x21,0x05,0x21,0x25,0x21,0x25,0x21,0x25,0x29,0x25,0x29,0x25,0x21,0x25,0x21,
	0x25,0x21,0x05,0x21,0x25,0x21,0x25,0x21,0x25,0x21,0x25,0x21,0x25,0x29,0x05,0x21,0x05,0x21,0x05,0x21,
	0x25,0x29,0x25,0x21,0x25,0x21,0x05,0x21,0x04,0x21,0x04,0x21,0x04,0x21,0x04,0x21,0x04,0x21,0xE4,0x20,
	0xC4,0x18,0xC3,0x18,0x82,0x10,0x20,0x00,0x00,0x00,0xE3,0x18,0x6A,0x4A,0x4D,0x6B,0x35,0xA5,0x2D,0x63,
	0xCB,0x5A,0x52,0x8C,0x8A,0x4A,0x82,0x10,0x00,0x00,0x00,0x00,0x00,0x00,0x00,0x00,0x00,0x00,0x00,0x00,
	0x00,0x00,0x00,0x00,0x00,0x00,0x00,0x00,0x00,0x00,0x00,0x00,0x00,0x00,0x24,0x21,0x2D,0x63,0xF4,0x9C,
	0x6A,0x4A,0x10,0x84,0xD4,0x9C,0x0C,0x5B,0x08,0x42,0xA2,0x10,0x00,0x00,0x21,0x08,0x82,0x10,0xA3,0x18,
	0xC3,0x18,0xE4,0x20,0xE4,0x20,0x04,0x21,0x04,0x21,0xE4,0x20,0x04,0x21,0x04,0x21,0x04,0x21,0x04,0x21,
	0x04,0x21,0x04,0x21,0x04,0x21,0x04,0x21,0x05,0x21,0x05,0x21,0x04,0x21,0x04,0x21,0x04,0x21,0x04,0x21,
	0x04,0x21,0xE4,0x20,0x04,0x21,0x04,0x21,0x24,0x21,0x04,0x21,0x04,0x21,0x04,0x21,0x04,0x21,0x25,0x21,
	0x25,0x21,0x25,0x21,0x24,0x21,0x05,0x21,0x05,0x21,0x05,0x21,0x25,0x21,0x25,0x21,0x24,0x21,0x25,0x21,
	0x24,0x21,0x25,0x21,0x04,0x21,0x20,0x00,0x00,0x00,0x00,0x00,0x00,0x00,0x00,0x00,0x00,0x00,0x00,0x00,
	0x00,0x00,0x00,0x00,0x00,0x00,0x00,0x00,0x00,0x00,0x00,0x00,0x00,0x00,0x00,0x00,0x00,0x00,0x00,0x00,
	0x00,0x00,0x00,0x00,0x00,0x00,0x00,0x00,0x00,0x00,0x00,0x00,0x00,0x00,0xA2,0x18,0x41,0x08,0x00,0x00,
	0x00,0x00,0x00,0x00,0x00,0x00,0x00,0x00,0x00,0x00,0x00,0x00,0x00,0x00,0x20,0x00,0x00,0x00,0x00,0x00,
	0x00,0x00,0x00,0x00,0x20,0x00,0x05,0x42,0x24,0x29,0x25,0x21,0x25,0x21,0x25,0x21,0x05,0x21,0x05,0x21,
	0x25,0x21,0x25,0x21,0x25,0x21,0x25,0x29,0x25,0x29,0x25,0x29,0x25,0x29,0x45,0x29,0x25,0x21,0x25,0x21,
	0x25,0x21,0x25,0x21,0x05,0x21,0x25,0x21,0x24,0x21,0x24,0x21,0x25,0x21,0x25,0x21,0x05,0x21,0x05,0x21,
	0x25,0x21,0x04,0x21,0x04,0x21,0x05,0x21,0x04,0x21,0x04,0x21,0x04,0x21,0x04,0x21,0x04,0x21,0xE4,0x20,
	0xE4,0x20,0xC3,0x18,0x82,0x10,0x20,0x00,0x00,0x00,0xE3,0x18,0x6A,0x4A,0x4D,0x6B,0x35,0xA5,0x2D,0x6B,
	0xCB,0x5A,0x52,0x8C,0x8A,0x52,0x82,0x10,0x00,0x00,0x00,0x00,0x00,0x00,0x00,0x00,0x00,0x00,0x00,0x00,
	0x00,0x00,0x00,0x00,0x00,0x00,0x00,0x00,0x00,0x00,0x00,0x00,0x00,0x00,0x05,0x21,0x2D,0x6B,0xF4,0x9C,
	0x6A,0x4A,0x11,0x84,0xD4,0x9C,0x0C,0x5B,0xE8,0x41,0x82,0x10,0x00,0x00,0x00,0x00,0x20,0x00,0xA3,0x18,
	0xC3,0x18,0xC3,0x18,0xE4,0x20,0x04,0x21,0xE4,0x20,0x04,0x21,0x04,0x21,0xE4,0x20,0xE4,0x20,0x04,0x21,
	0x04,0x21,0x04,0x21,0x04,0x21,0x04,0x21,0x05,0x21,0x04,0x21,0x04,0x21,0x04,0x21,0x04,0x21,0x04,0x21,
	0x04,0x21,0x04,0x21,0x04,0x21,0x04,0x21,0x04,0x21,0x04,0x21,0x04,0x21,0x04,0x21,0x04,0x21,0x05,0x21,
	0x05,0x21,0x05,0x21,0x25,0x21,0x04,0x21,0x04,0x21,0x25,0x21,0x05,0x21,0x25,0x21,0x25,0x21,0x04,0x21,
	0x04,0x21,0x25,0x21,0xE3,0x20,0x00,0x00,0x00,0x00,0x00,0x00,0x00,0x00,0x00,0x00,0x00,0x00,0x00,0x00,
	0x00,0x00,0x00,0x00,0x00,0x00,0x00,0x00,0x00,0x00,0x00,0x00,0x00,0x00,0x00,0x00,0x00,0x00,0x00,0x00,
	0x00,0x00,0x00,0x00,0x00,0x00,0x00,0x00,0x00,0x00,0x00,0x00,0x00,0x00,0x00,0x00,0x00,0x00,0x00,0x00,
	0x00,0x00,0x00,0x00,0x00,0x00,0x00,0x00,0x00,0x00,0x00,0x00,0x00,0x00,0x00,0x00,0x00,0x00,0x82,0x10,
	0x4A,0x6B,0xE2,0x18,0x62,0x10,0xE4,0x18,0x25,0x29,0x25,0x29,0x25,0x21,0x04,0x21,0x05,0x21,0x05,0x21,
	0x25,0x21,0x25,0x21,0x24,0x21,0x25,0x21,0x25,0x29,0x25,0x29,0x25,0x29,0x25,0x21,0x25,0x29,0x25,0x21,
	0x05,0x21,0x25,0x21,0x25,0x21,0x25,0x21,0x04,0x21,0x24,0x21,0x24,0x21,0x05,0x21,0x04,0x21,0x04,0x21,
	0x04,0x21,0x04,0x21,0x04,0x21,0x05,0x21,0x05,0x21,0x04,0x21,0x04,0x21,0x04,0x21,0xE4,0x20,0xE4,0x20,
	0xE4,0x18,0xC3,0x18,0x21,0x08,0x00,0x00,0x00,0x00,0xE3,0x18,0x6A,0x4A,0x4D,0x6B,0x35,0xA5,0x4D,0x6B,
	0xCC,0x5A,0x52,0x8C,0x8A,0x52,0x82,0x10,0x00,0x00,0x00,0x00,0x00,0x00,0x00,0x00,0x00,0x00,0x00,0x00,
	0x00,0x00,0x00,0x00,0x00,0x00,0x00,0x00,0x00,0x00,0x00,0x00,0x00,0x00,0x24,0x21,0x0D,0x63,0xF4,0x9C,
	0x6A,0x4A,0x11,0x84,0xD4,0x9C,0x0C,0x5B,0x08,0x42,0xA2,0x18,0x00,0x00,0xC7,0x39,0x49,0x4A,0x41,0x08,
	0x82,0x10,0xE4,0x20,0xE4,0x18,0xE4,0x20,0xE4,0x20,0xE4,0x20,0xE4,0x20,0xE4,0x20,0xE4,0x20,0xE4,0x20,
	0x04,0x21,0x04,0x21,0x04,0x21,0x04,0x21,0x04,0x21,0x04,0x21,0x04,0x21,0x04,0x21,0x04,0x21,0x04,0x21,
	0x04,0x21,0x04,0x21,0x04,0x21,0x04,0x21,0x04,0x21,0x04,0x21,0x04,0x21,0x04,0x21,0x05,0x21,0x05,0x21,
	0x04,0x21,0x05,0x21,0x05,0x21,0x05,0x21,0x25,0x21,0x25,0x21,0x25,0x21,0x04,0x21,0x25,0x21,0x25,0x21,
	0x04,0x21,0x25,0x29,0xC3,0x18,0x00,0x00,0x00,0x00,0x00,0x00,0x00,0x00,0x00,0x00,0x00,0x00,0x00,0x00,
	0x00,0x00,0x00,0x00,0x00,0x00,0x00,0x00,0x00,0x00,0x00,0x00,0x00,0x00,0x00,0x00,0x00,0x00,0x00,0x00,
	0x00,0x00,0x00,0x00,0x00,0x00,0x00,0x00,0x00,0x00,0x00,0x00,0x00,0x00,0x00,0x00,0x00,0x00,0x00,0x00,
	0x00,0x00,0x00,0x00,0x00,0x00,0x00,0x00,0x00,0x00,0x00,0x00,0x00,0x00,0x00,0x00,0x21,0x08,0xC3,0x18,
	0xA5,0x39,0x86,0x5A,0xE4,0x18,0x45,0x29,0x25,0x29,0x25,0x29,0x25,0x21,0x04,0x21,0x04,0x21,0x04,0x21,
	0x04,0x21,0x25,0x21,0x24,0x21,0x25,0x21,0x25,0x29,0x25,0x29,0x25,0x21,0x25,0x21,0x25,0x21,0x05,0x21,
	0x05,0x21,0x25,0x21,0x25,0x21,0x05,0x21,0x04,0x21,0x04,0x21,0x05,0x21,0x04,0x21,0x04,0x21,0x04,0x21,
	0x04,0x21,0x04,0x21,0x04,0x21,0x05,0x21,0x04,0x21,0xE4,0x20,0x04,0x21,0xE4,0x20,0xE4,0x20,0x04,0x21,
	0x83,0x10,0x41,0x08,0x29,0x42,0xA7,0x39,0x00,0x00,0xE4,0x20,0x69,0x4A,0x4D,0x6B,0x35,0xA5,0x4D,0x6B,
	0xCB,0x5A,0x52,0x8C,0x8A,0x52,0x82,0x10,0x00,0x00,0x00,0x00,0x00,0x00,0x00,0x00,0x00,0x00,0x00,0x00,
	0x00,0x00,0x00,0x00,0x00,0x00,0x00,0x00,0x00,0x00,0x00,0x00,0x00,0x00,0x24,0x21,0x0D,0x63,0xD4,0x9C,
	0x69,0x4A,0x11,0x84,0xD4,0x9C,0xEC,0x5A,0x08,0x42,0xA2,0x10,0x00,0x00,0x24,0x21,0xB2,0x94,0x54,0xA5,
	0x6A,0x4A,0xC3,0x18,0x04,0x21,0xE4,0x20,0xE4,0x20,0xE4,0x20,0xE4,0x20,0xE4,0x20,0xE4,0x20,0xE4,0x20,
	0x04,0x21,0x04,0x21,0x04,0x21,0x24,0x21,0x04,0x21,0x04,0x21,0x04,0x21,0x04,0x21,0x04,0x21,0x04,0x21,
	0x04,0x21,0x04,0x21,0x04,0x21,0x25,0x21,0x04,0x21,0x04,0x21,0x04,0x21,0x05,0x21,0x05,0x21,0x04,0x21,
	0x24,0x21,0x05,0x21,0x05,0x21,0x25,0x21,0x25,0x21,0x25,0x21,0x24,0x21,0x04,0x21,0x04,0x21,0x24,0x21,
	0x04,0x21,0x45,0x29,0xA2,0x18,0x00,0x00,0x00,0x00,0x00,0x00,0x00,0x00,0x00,0x00,0x00,0x00,0x00,0x00,
	0x00,0x00,0x00,0x00,0x00,0x00,0x00,0x00,0x00,0x00,0x00,0x00,0x00,0x00,0x00,0x00,0x00,0x00,0x00,0x00,
	0x00,0x00,0x00,0x00,0x00,0x00,0x00,0x00,0x00,0x00,0x00,0x00,0x00,0x00,0x00,0x00,0x00,0x00,0x00,0x00,
	0x00,0x00,0x00,0x00,0x00,0x00,0x00,0x00,0x00,0x00,0x00,0x00,0x00,0x00,0x00,0x00,0x20,0x00,0x00,0x00,
	0x20,0x08,0x25,0x4A,0x04,0x21,0x25,0x21,0x25,0x21,0x25,0x29,0x24,0x21,0x04,0x21,0x04,0x21,0x04,0x21,
	0x04,0x21,0x04,0x21,0x24,0x21,0x25,0x21,0x25,0x21,0x25,0x21,0x25,0x29,0x25,0x21,0x25,0x21,0x25,0x21,
	0x05,0x21,0x25,0x21,0x05,0x21,0x04,0x21,0x04,0x21,0x24,0x21,0x04,0x21,0x04,0x21,0x04,0x21,0x24,0x21,
	0x25,0x21,0x25,0x21,0x25,0x21,0x25,0x21,0x25,0x21,0x04,0x21,0x04,0x21,0xE4,0x20,0x04,0x21,0xC3,0x18,
	0x08,0x42,0xF3,0x9C,0x51,0x8C,0x04,0x21,0x00,0x00,0xE4,0x20,0x69,0x4A,0x4D,0x6B,0x35,0xA5,0x6E,0x6B,
	0xCB,0x5A,0x52,0x8C,0x8B,0x52,0x82,0x10,0x00,0x00,0x00,0x00,0x00,0x00,0x00,0x00,0x00,0x00,0x00,0x00,
	0x00,0x00,0x00,0x00,0x00,0x00,0x00,0x00,0x00,0x00,0x00,0x00,0x00,0x00,0x05,0x21,0x0D,0x63,0xD4,0x9C,
	0x49,0x4A,0x11,0x84,0xD4,0x9C,0xEC,0x62,0x08,0x42,0x82,0x10,0x00,0x00,0x00,0x00,0x00,0x00,0x8A,0x52,
	0x0C,0x63,0xA3,0x10,0xE4,0x18,0xE3,0x18,0x04,0x21,0xE4,0x20,0xE4,0x20,0x04,0x21,0x04,0x21,0x04,0x21,
	0x04,0x21,0xE4,0x20,0xE3,0x18,0xE4,0x20,0xC3,0x18,0xC3,0x18,0xE4,0x20,0x04,0x21,0x04,0x21,0x04,0x21,
	0x04,0x21,0x04,0x21,0x04,0x21,0x04,0x21,0x04,0x21,0x04,0x21,0x04,0x21,0x04,0x21,0x05,0x21,0x04,0x21,
	0x24,0x21,0x04,0x21,0x05,0x21,0x05,0x21,0x24,0x21,0x25,0x21,0x04,0x21,0x04,0x21,0x25,0x21,0x04,0x21,
	0x04,0x21,0x44,0x29,0x61,0x10,0x00,0x00,0x00,0x00,0x00,0x00,0x00,0x00,0x00,0x00,0x00,0x00,0x00,0x00,
	0x00,0x00,0x00,0x00,0x00,0x00,0x00,0x00,0x00,0x00,0x00,0x00,0x00,0x00,0x00,0x00,0x00,0x00,0x00,0x00,
	0x00,0x00,0x00,0x00,0x00,0x00,0x00,0x00,0x00,0x00,0x00,0x00,0x00,0x00,0x00,0x00,0x00,0x00,0x00,0x00,
	0x00,0x00,0x00,0x00,0x00,0x00,0x00,0x00,0x00,0x00,0x00,0x00,0x00,0x00,0x00,0x00,0x00,0x00,0x00,0x00,
	0x00,0x00,0xC5,0x41,0x24,0x29,0x04,0x21,0x25,0x21,0x25,0x21,0x24,0x21,0x24,0x21,0x24,0x21,0x04,0x21,
	0x04,0x21,0x04,0x21,0x04,0x21,0x04,0x21,0x24,0x21,0x05,0x21,0x05,0x21,0x25,0x21,0x25,0x21,0x25,0x21,
	0x25,0x21,0x05,0x21,0x05,0x21,0x24,0x21,0x04,0x21,0x04,0x21,0x04,0x21,0x04,0x21,0x04,0x21,0x04,0x21,
	0x04,0x21,0xE4,0x18,0xE4,0x18,0xE4,0x18,0xE4,0x18,0xE4,0x20,0x04,0x21,0x04,0x21,0x04,0x21,0xA3,0x18,
	0x8A,0x4A,0x8A,0x52,0x00,0x00,0x00,0x00,0x00,0x00,0xE3,0x18,0x69,0x4A,0x4D,0x6B,0x35,0xA5,0x6E,0x6B,
	0xCB,0x5A,0x52,0x8C,0x8B,0x52,0x82,0x10,0x00,0x00,0x00,0x00,0x00,0x00,0x00,0x00,0x00,0x00,0x00,0x00,
	0x00,0x00,0x00,0x00,0x00,0x00,0x00,0x00,0x00,0x00,0x00,0x00,0x00,0x00,0x05,0x21,0x0D,0x63,0xF4,0x9C,
	0x4A,0x4A,0x31,0x84,0xD4,0x9C,0x0C,0x63,0xE8,0x41,0x82,0x10,0x00,0x00,0x21,0x08,0x82,0x10,0x41,0x08,
	0x62,0x08,0x04,0x21,0xC7,0x39,0xC7,0x39,0x04,0x21,0x04,0x21,0x04,0x21,0x04,0x21,0x04,0x21,0xE4,0x20,
	0xC4,0x18,0x46,0x29,0x28,0x42,0xAA,0x5A,0xCA,0x5A,0xAA,0x52,0xE7,0x39,0x05,0x21,0xC3,0x18,0x04,0x21,
	0x04,0x21,0x04,0x21,0x05,0x21,0x04,0x21,0x04,0x21,0x04,0x21,0x04,0x21,0x04,0x21,0x04,0x21,0x04,0x21,
	0x04,0x21,0x04,0x21,0x04,0x21,0x04,0x21,0x04,0x21,0x04,0x21,0x04,0x21,0x04,0x21,0x04,0x21,0x04,0x21,
	0x04,0x21,0x44,0x29,0x20,0x08,0x00,0x00,0x00,0x00,0x00,0x00,0x00,0x00,0x00,0x00,0x00,0x00,0x00,0x00,
	0x00,0x00,0x00,0x00,0x00,0x00,0x00,0x00,0x00,0x00,0x00,0x00,0x00,0x00,0x00,0x00,0x00,0x00,0x00,0x00,
	0x00,0x00,0x00,0x00,0x00,0x00,0x00,0x00,0x00,0x00,0x00,0x00,0x00,0x00,0x00,0x00,0x00,0x00,0x00,0x00,
	0x00,0x00,0x00,0x00,0x00,0x00,0x00,0x00,0x00,0x00,0x00,0x00,0x00,0x00,0x00,0x00,0x00,0x00,0x00,0x00,
	0x00,0x00,0x64,0x31,0x44,0x29,0x04,0x21,0x24,0x21,0x25,0x21,0x04,0x21,0x04,0x21,0x04,0x21,0x04,0x21,
	0x04,0x21,0x04,0x21,0x04,0x21,0x04,0x21,0x04,0x21,0x05,0x21,0x05,0x21,0x25,0x21,0x05,0x21,0x05,0x21,
	0x04,0x21,0x04,0x21,0x25,0x21,0x24,0x21,0x24,0x21,0x04,0x21,0xE3,0x18,0xC4,0x18,0x04,0x21,0x66,0x31,
	0x29,0x42,0x89,0x52,0xAA,0x52,0x89,0x52,0x49,0x4A,0xC7,0x39,0x25,0x21,0xC3,0x18,0xE4,0x18,0xE4,0x20,
	0x83,0x10,0x62,0x10,0xA2,0x10,0x20,0x00,0x00,0x00,0xE3,0x18,0x69,0x4A,0x4D,0x6B,0x35,0xA5,0x6E,0x6B,
	0xAB,0x5A,0x52,0x8C,0x8B,0x52,0x82,0x10,0x00,0x00,0x00,0x00,0x00,0x00,0x00,0x00,0x00,0x00,0x00,0x00,
	0x00,0x00,0x00,0x00,0x00,0x00,0x00,0x00,0x00,0x00,0x00,0x00,0x00,0x00,0x05,0x21,0x0D,0x63,0xF4,0x9C,
	0x49,0x4A,0x31,0x84,0xD3,0x9C,0xEC,0x5A,0xE8,0x41,0x82,0x10,0x00,0x00,0x20,0x00,0x82,0x10,0x05,0x21,
	0x88,0x52,0x8D,0x9C,0x92,0xD6,0x6D,0x94,0xE4,0x20,0x04,0x21,0x04,0x21,0x04,0x21,0xE4,0x20,0x46,0x29,
	0x2B,0x6B,0x90,0xB5,0xB2,0xDE,0x32,0xEF,0x53,0xEF,0x13,0xE7,0x72,0xD6,0xF0,0x9C,0x89,0x52,0x04,0x21,
	0x04,0x21,0x04,0x21,0x04,0x21,0x04,0x21,0x04,0x21,0x04,0x21,0x04,0x21,0x04,0x21,0x04,0x21,0x04,0x21,
	0x04,0x21,0x04,0x21,0x04,0x21,0x04,0x21,0x04,0x21,0x04,0x21,0x04,0x21,0x04,0x21,0x04,0x21,0x04,0x21,
	0x25,0x29,0x23,0x29,0x00,0x00,0x00,0x00,0x00,0x00,0x00,0x00,0x00,0x00,0x00,0x00,0x00,0x00,0x00,0x00,
	0x00,0x00,0x00,0x00,0x00,0x00,0x00,0x00,0x00,0x00,0x00,0x00,0x00,0x00,0x00,0x00,0x00,0x00,0x00,0x00,
	0x00,0x00,0x00,0x00,0x00,0x00,0x00,0x00,0x00,0x00,0x00,0x00,0x00,0x00,0x00,0x00,0x00,0x00,0x00,0x00,
	0x00,0x00,0x00,0x00,0x00,0x00,0x00,0x00,0x00,0x00,0x00,0x00,0x00,0x00,0x00,0x00,0x00,0x00,0x00,0x00,
	0x00,0x00,0x44,0x31,0x65,0x31,0x04,0x21,0x25,0x21,0x04,0x21,0x04,0x21,0x04,0x21,0x04,0x21,0x04,0x21,
	0x04,0x21,0x04,0x21,0x04,0x21,0x04,0x21,0x04,0x21,0x04,0x21,0x25,0x21,0x25,0x21,0x25,0x21,0x05,0x21,
	0x04,0x21,0x04,0x21,0x05,0x21,0x25,0x21,0x04,0x21,0x45,0x29,0x08,0x42,0x6C,0x73,0xD0,0x9C,0xF1,0xC5,
	0x92,0xDE,0xF3,0xE6,0x12,0xEF,0x13,0xE7,0xD2,0xE6,0x32,0xCE,0x0F,0xA5,0xEA,0x62,0x25,0x21,0xE4,0x18,
	0xE4,0x20,0xC3,0x18,0x82,0x10,0x20,0x00,0x00,0x00,0xC3,0x18,0x69,0x4A,0x4D,0x6B,0x35,0xA5,0x6E,0x6B,
	0xAB,0x5A,0x52,0x8C,0x8A,0x52,0x82,0x10,0x00,0x00,0x00,0x00,0x00,0x00,0x00,0x00,0x00,0x00,0x00,0x00,
	0x00,0x00,0x00,0x00,0x00,0x00,0x00,0x00,0x00,0x00,0x00,0x00,0x00,0x00,0x25,0x21,0x0D,0x63,0xF4,0x9C,
	0x49,0x4A,0x31,0x84,0xD3,0x9C,0xEB,0x5A,0xE8,0x41,0x82,0x10,0x00,0x00,0x00,0x00,0x02,0x29,0x4A,0xB5,
	0xED,0xEE,0x6D,0xFF,0xED,0xFF,0xA9,0x9C,0x42,0x08,0x04,0x21,0xE4,0x20,0xE4,0x20,0x86,0x31,0xCC,0xA4,
	0x4F,0xF7,0xAE,0xFF,0xCD,0xFF,0xCD,0xFF,0xCD,0xFF,0xEE,0xFF,0xD0,0xFF,0xB2,0xFF,0xF3,0xE6,0xCD,0x7B,
	0x25,0x29,0x04,0x21,0x04,0x21,0x04,0x21,0x04,0x21,0x04,0x21,0x04,0x21,0x04,0x21,0x04,0x21,0x04,0x21,
	0x04,0x21,0x04,0x21,0x04,0x21,0x04,0x21,0x24,0x21,0x04,0x21,0x04,0x21,0x04,0x21,0x04,0x21,0x04,0x21,
	0x64,0x29,0xC2,0x18,0x00,0x00,0x00,0x00,0x00,0x00,0x00,0x00,0x00,0x00,0x00,0x00,0x00,0x00,0x00,0x00,
	0x00,0x00,0x00,0x00,0x00,0x00,0x00,0x00,0x00,0x00,0x00,0x00,0x00,0x00,0x00,0x00,0x00,0x00,0x00,0x00,
	0x00,0x00,0x00,0x00,0x00,0x00,0x00,0x00,0x00,0x00,0x00,0x00,0x00,0x00,0x00,0x00,0x00,0x00,0x00,0x00,
	0x00,0x00,0x00,0x00,0x01,0x00,0x00,0x00,0x00,0x00,0x00,0x00,0x41,0x08,0x21,0x08,0x00,0x00,0x00,0x00,
	0x00,0x00,0x03,0x29,0x64,0x31,0x04,0x21,0x24,0x21,0x04,0x21,0x04,0x21,0x04,0x21,0x04,0x21,0x04,0x21,
	0x04,0x21,0x04,0x21,0x04,0x21,0x04,0x21,0x04,0x21,0x04,0x21,0x04,0x21,0x04,0x21,0x24,0x21,0x04,0x21,
	0x04,0x21,0x04,0x21,0x04,0x21,0x04,0x21,0x04,0x21,0x04,0x21,0xEF,0xC5,0x92,0xFF,0xD0,0xFF,0xEF,0xFF,
	0xEE,0xFF,0xED,0xFF,0xCE,0xFF,0xCD,0xFF,0xEE,0xFF,0xCE,0xFF,0x8F,0xFF,0x31,0xEF,0x0C,0x8C,0x25,0x29,
	0xE4,0x20,0xC3,0x18,0x82,0x10,0x20,0x00,0x00,0x00,0xC3,0x18,0x69,0x4A,0x4D,0x6B,0x34,0xA5,0x8E,0x73,
	0xAB,0x5A,0x52,0x8C,0x8B,0x52,0x82,0x10,0x00,0x00,0x00,0x00,0x00,0x00,0x00,0x00,0x00,0x00,0x00,0x00,
	0x00,0x00,0x00,0x00,0x00,0x00,0x00,0x00,0x00,0x00,0x00,0x00,0x00,0x00,0x04,0x21,0x2D,0x6B,0xF4,0x9C,
	0x49,0x4A,0x31,0x84,0xD3,0x94,0xEB,0x5A,0xE8,0x39,0x82,0x10,0x00,0x00,0x00,0x00,0x62,0x31,0x6A,0xFF,
	0x2A,0xFF,0xE9,0xF6,0x8B,0xFF,0x88,0x9C,0x42,0x08,0x04,0x21,0xE4,0x20,0x24,0x29,0x0A,0xAD,0x8D,0xFF,
	0x6B,0xFF,0xEA,0xF6,0xA7,0xA4,0x05,0x6B,0xC5,0x62,0xA6,0x83,0xEA,0xD5,0x8C,0xFF,0x8F,0xFF,0x52,0xF7,
	0x8C,0x73,0x05,0x21,0x04,0x21,0x04,0x21,0x04,0x21,0x04,0x21,0x04,0x21,0x04,0x21,0x04,0x21,0x04,0x21,
	0x04,0x21,0x04,0x21,0xE4,0x20,0xE4,0x20,0x04,0x21,0x04,0x21,0x04,0x21,0x04,0x21,0x04,0x21,0x04,0x21,
	0x44,0x29,0x41,0x08,0x00,0x00,0x00,0x00,0x00,0x00,0x00,0x00,0x00,0x00,0x00,0x00,0x00,0x00,0x00,0x00,
	0x00,0x00,0x00,0x00,0x00,0x00,0x00,0x00,0x00,0x00,0x00,0x00,0x00,0x00,0x00,0x00,0x00,0x00,0x00,0x00,
	0x00,0x00,0x00,0x00,0x00,0x00,0x00,0x00,0x00,0x00,0x00,0x00,0x00,0x00,0x00,0x00,0x00,0x00,0x21,0x00,
	0x83,0x08,0xC4,0x10,0x01,0x00,0x00,0x00,0x00,0x00,0x00,0x00,0x00,0x00,0x20,0x00,0x20,0x08,0x00,0x00,
	0x00,0x00,0xC2,0x18,0x85,0x31,0xE4,0x20,0x25,0x21,0x24,0x21,0x04,0x21,0x04,0x21,0x04,0x21,0x04,0x21,
	0x04,0x21,0x04,0x21,0x04,0x21,0x04,0x21,0xE4,0x20,0x04,0x21,0x04,0x21,0x04,0x21,0x04,0x21,0x04,0x21,
	0x04,0x21,0x04,0x21,0x04,0x21,0x04,0x21,0x45,0x29,0x00,0x00,0xC7,0x83,0xED,0xFF,0xAA,0xEE,0x89,0xC5,
	0x47,0x94,0x85,0x7B,0x25,0x6B,0x25,0x73,0xC6,0x83,0x68,0xBD,0x2A,0xFF,0x6C,0xFF,0x6E,0xF7,0xC7,0x5A,
	0xA3,0x10,0xC3,0x18,0x82,0x10,0x20,0x00,0x00,0x00,0xC3,0x18,0x69,0x4A,0x4D,0x6B,0x35,0xA5,0x8E,0x73,
	0xAB,0x5A,0x52,0x8C,0x8B,0x52,0x82,0x10,0x00,0x00,0x00,0x00,0x00,0x00,0x00,0x00,0x00,0x00,0x00,0x00,
	0x00,0x00,0x00,0x00,0x00,0x00,0x00,0x00,0x00,0x00,0x00,0x00,0x00,0x00,0x66,0x29,0x0D,0x63,0xF4,0x9C,
	0x49,0x4A,0x31,0x84,0xD3,0x94,0xEB,0x62,0xE8,0x41,0x82,0x10,0x00,0x00,0x00,0x00,0x61,0x10,0xE4,0x41,
	0x44,0x52,0xC9,0xEE,0xAB,0xFF,0x88,0x9C,0x42,0x08,0x04,0x21,0xA3,0x10,0xA6,0x7B,0x8C,0xFF,0x4A,0xFF,
	0x0A,0xD6,0x83,0x31,0x00,0x00,0x00,0x00,0x00,0x00,0x00,0x00,0x41,0x08,0xC6,0x83,0x4B,0xFF,0x8E,0xFF,
	0xB0,0xE6,0x48,0x4A,0x04,0x21,0x04,0x21,0x04,0x21,0x04,0x21,0x04,0x21,0x04,0x21,0x04,0x21,0x04,0x21,
	0x04,0x21,0x04,0x21,0x04,0x21,0x04,0x21,0x04,0x21,0x04,0x21,0x04,0x21,0x04,0x21,0xE4,0x20,0x24,0x29,
	0x03,0x21,0x00,0x00,0x00,0x00,0x00,0x00,0x00,0x00,0x00,0x00,0x00,0x00,0x00,0x00,0x20,0x00,0x00,0x00,
	0x00,0x00,0x00,0x00,0x00,0x00,0x00,0x00,0x00,0x00,0x00,0x00,0x00,0x00,0x00,0x00,0x00,0x00,0x00,0x00,
	0x00,0x00,0x00,0x00,0x00,0x00,0x00,0x00,0x00,0x00,0x00,0x00,0x00,0x00,0x00,0x00,0x42,0x08,0xC5,0x10,
	0xE5,0x10,0x01,0x00,0x20,0x08,0x61,0x10,0x00,0x00,0x00,0x00,0x00,0x00,0x00,0x00,0x00,0x00,0x41,0x08,
	0x00,0x00,0x41,0x08,0x44,0x29,0xE4,0x20,0x04,0x21,0x04,0x21,0x04,0x21,0x04,0x21,0x04,0x21,0x04,0x21,
	0x04,0x21,0x04,0x21,0xE4,0x20,0xE4,0x20,0xE4,0x20,0x04,0x21,0x04,0x21,0x04,0x21,0x04,0x21,0xE4,0x20,
	0x04,0x21,0x04,0x21,0x04,0x21,0x04,0x21,0x24,0x21,0x82,0x10,0x60,0x10,0x85,0x5A,0xE2,0x20,0x00,0x00,
	0x00,0x00,0x00,0x00,0x00,0x00,0x00,0x00,0x00,0x00,0x00,0x00,0xC5,0x62,0x0A,0xF7,0xAC,0xFF,0x0A,0xAD,
	0x62,0x08,0xC3,0x18,0x82,0x10,0x20,0x00,0x00,0x00,0xC3,0x18,0x69,0x4A,0x4D,0x6B,0x34,0xA5,0x6E,0x6B,
	0xAB,0x52,0x52,0x8C,0x8A,0x52,0x82,0x10,0x00,0x00,0x00,0x00,0x00,0x00,0x00,0x00,0x00,0x00,0x00,0x00,
	0x00,0x00,0x00,0x00,0x00,0x00,0x00,0x00,0x00,0x00,0x00,0x00,0x00,0x00,0x86,0x31,0x0D,0x63,0xF4,0x9C,
	0x49,0x4A,0x31,0x84,0xB3,0x94,0xEB,0x62,0x08,0x42,0xA2,0x10,0x00,0x00,0x21,0x00,0x00,0x00,0x00,0x00,
	0xC1,0x18,0xA9,0xEE,0xAB,0xFF,0x88,0x9C,0x62,0x08,0xE4,0x20,0x43,0x29,0x8A,0xE6,0x6A,0xFF,0xAB,0xE6,
	0x23,0x29,0x00,0x00,0x61,0x10,0xA2,0x18,0xA2,0x18,0x82,0x10,0x21,0x08,0x00,0x00,0x27,0x94,0x8C,0xFF,
	0xAF,0xFF,0x8B,0x94,0xC4,0x18,0x04,0x21,0x04,0x21,0x04,0x21,0x04,0x21,0x04,0x21,0x04,0x21,0x04,0x21,
	0x04,0x21,0x04,0x21,0x04,0x21,0x04,0x21,0x04,0x21,0x04,0x21,0x04,0x21,0x04,0x21,0x04,0x21,0x44,0x29,
	0x81,0x18,0x00,0x00,0x00,0x00,0x00,0x00,0x00,0x00,0x00,0x00,0x00,0x00,0x00,0x00,0x00,0x00,0x21,0x08,
	0x00,0x00,0x00,0x00,0x00,0x00,0x00,0x00,0x00,0x00,0x00,0x00,0x00,0x00,0x00,0x00,0x00,0x00,0x00,0x00,
	0x00,0x00,0x00,0x00,0x00,0x00,0x00,0x00,0x00,0x00,0x00,0x00,0x01,0x00,0x43,0x00,0xE5,0x10,0x05,0x19,
	0x01,0x00,0xE2,0x28,0xC9,0x93,0x88,0x5A,0x00,0x00,0x00,0x00,0x00,0x00,0x00,0x00,0x82,0x10,0xE4,0x20,
	0xE4,0x20,0xA3,0x18,0xE4,0x18,0x04,0x21,0x04,0x21,0x04,0x21,0x04,0x21,0x04,0x21,0x04,0x21,0xE4,0x20,
	0x04,0x21,0x04,0x21,0xE4,0x20,0x04,0x21,0x04,0x21,0x04,0x21,0x04,0x21,0x04,0x21,0x04,0x21,0x05,0x21,
	0x04,0x21,0x04,0x21,0x04,0x21,0x04,0x21,0x04,0x21,0xE4,0x20,0x21,0x00,0x00,0x00,0x00,0x00,0x41,0x08,
	0x82,0x10,0xA2,0x10,0xA2,0x18,0xA2,0x18,0x81,0x10,0x00,0x00,0x00,0x00,0xC8,0xCD,0xCB,0xFF,0xCA,0xCD,
	0x62,0x10,0xA3,0x18,0x62,0x10,0x20,0x00,0x00,0x00,0xC3,0x18,0x69,0x4A,0x4D,0x6B,0x35,0xA5,0x8E,0x73,
	0xAB,0x52,0x52,0x8C,0x8A,0x52,0x82,0x10,0x00,0x00,0x00,0x00,0x00,0x00,0x00,0x00,0x00,0x00,0x00,0x00,
	0x00,0x00,0x00,0x00,0x00,0x00,0x00,0x00,0x00,0x00,0x00,0x00,0x00,0x00,0x86,0x29,0x2D,0x6B,0xF4,0x9C,
	0x49,0x4A,0x31,0x84,0xB3,0x94,0xEB,0x62,0x08,0x42,0xA2,0x10,0x00,0x00,0x20,0x00,0x62,0x10,0x41,0x08,
	0x22,0x29,0xA9,0xEE,0xAB,0xFF,0x88,0x9C,0x62,0x10,0x63,0x08,0x05,0x6B,0x6A,0xFF,0x8B,0xFF,0xA7,0x83,
	0x00,0x00,0xC3,0x18,0xC3,0x18,0xE3,0x18,0xE4,0x18,0xE4,0x20,0xE4,0x20,0x41,0x08,0x81,0x10,0x89,0xE6,
	0xAD,0xFF,0x6D,0xDE,0x24,0x29,0xE4,0x20,0x04,0x21,0x04,0x21,0x04,0x21,0x04,0x21,0x04,0x21,0x04,0x21,
	0xE4,0x20,0x04,0x21,0x04,0x21,0x04,0x21,0x04,0x21,0x04,0x21,0x04,0x21,0x04,0x21,0x04,0x21,0x44,0x31,
	0x20,0x08,0x00,0x00,0x00,0x00,0x00,0x00,0x00,0x00,0x00,0x00,0x00,0x00,0x00,0x00,0x00,0x00,0x41,0x08,
	0x00,0x00,0x00,0x00,0x00,0x00,0x00,0x00,0x00,0x00,0x00,0x00,0x00,0x00,0x00,0x00,0x00,0x00,0x00,0x00,
	0x00,0x00,0x00,0x00,0x00,0x00,0x00,0x00,0x00,0x00,0x00,0x00,0x42,0x00,0xC4,0x10,0x05,0x19,0xA4,0x10,
	0x85,0x31,0xAB,0x83,0xA9,0x62,0x08,0x42,0xA6,0x31,0x20,0x00,0x00,0x00,0x61,0x10,0x84,0x39,0xC4,0x18,
	0x04,0x21,0x04,0x21,0x04,0x21,0x04,0x21,0xE4,0x20,0xE4,0x20,0x04,0x21,0xE4,0x20,0xE4,0x20,0xE4,0x20,
	0x04,0x21,0x04,0x21,0xE4,0x20,0x04,0x21,0x04,0x21,0xE4,0x20,0x04,0x21,0x04,0x21,0x04,0x21,0x04,0x21,
	0x04,0x21,0x04,0x21,0x04,0x21,0x04,0x21,0x04,0x21,0xE4,0x20,0xC4,0x18,0xE3,0x18,0xC3,0x18,0xE3,0x18,
	0xE3,0x20,0xE3,0x18,0xC3,0x18,0xA3,0x10,0xC3,0x18,0x05,0x21,0xE7,0x62,0xCB,0xEE,0xAB,0xFF,0x29,0xB5,
	0x21,0x00,0xA3,0x18,0x62,0x10,0x20,0x00,0x00,0x00,0xC3,0x18,0x69,0x4A,0x4D,0x6B,0x35,0xA5,0x8E,0x73,
	0xAB,0x52,0x52,0x8C,0x8A,0x52,0x82,0x10,0x00,0x00,0x00,0x00,0x00,0x00,0x00,0x00,0x00,0x00,0x00,0x00,
	0x00,0x00,0x00,0x00,0x00,0x00,0x00,0x00,0x00,0x00,0x00,0x00,0x00,0x00,0x25,0x21,0x2D,0x6B,0xD4,0x9C,
	0x49,0x4A,0x51,0x84,0xB3,0x94,0xEB,0x5A,0xE8,0x41,0x82,0x10,0x00,0x00,0x20,0x00,0x82,0x10,0x62,0x08,
	0x22,0x29,0xA8,0xEE,0xAA,0xFF,0x88,0x9C,0x63,0x08,0x62,0x08,0x66,0x9C,0x8A,0xFF,0x2B,0xF7,0x83,0x39,
	0x41,0x08,0x04,0x21,0xE4,0x20,0xE4,0x20,0xE4,0x20,0x04,0x21,0xE4,0x20,0xE4,0x18,0x00,0x00,0x86,0xA4,
	0xAC,0xFF,0x2E,0xF7,0xE5,0x41,0xC4,0x18,0x04,0x21,0x04,0x21,0x04,0x21,0x04,0x21,0x04,0x21,0x04,0x21,
	0xE4,0x20,0xE4,0x20,0x04,0x21,0x04,0x21,0x04,0x21,0x04,0x21,0x04,0x21,0xE4,0x20,0x24,0x29,0x03,0x21,
	0x00,0x00,0x00,0x00,0x00,0x00,0x21,0x00,0x00,0x00,0x00,0x00,0x00,0x00,0x00,0x00,0x00,0x00,0x21,0x08,
	0x21,0x00,0x00,0x00,0x00,0x00,0x00,0x00,0x00,0x00,0x00,0x00,0x00,0x00,0x00,0x00,0x00,0x00,0x00,0x00,
	0x00,0x00,0x00,0x00,0x00,0x00,0x00,0x00,0x00,0x00,0x21,0x00,0x42,0x00,0xC5,0x10,0x26,0x19,0xC8,0x31,
	0x69,0x4A,0xE4,0x20,0x00,0x00,0x45,0x29,0xAA,0x52,0x61,0x08,0x21,0x08,0x08,0x6B,0x05,0x4A,0xC4,0x18,
	0x04,0x21,0xE4,0x20,0xE4,0x20,0x04,0x21,0xE4,0x20,0x04,0x21,0x04,0x21,0xE4,0x20,0xE4,0x20,0x04,0x21,
	0x04,0x21,0xE4,0x20,0xE4,0x20,0x04,0x21,0x04,0x21,0x04,0x21,0x04,0x21,0x04,0x21,0x04,0x21,0x04,0x21,
	0x04,0x21,0x04,0x21,0x04,0x21,0x04,0x21,0x04,0x21,0xE4,0x20,0xE4,0x20,0xE4,0x20,0xE4,0x20,0xC4,0x18,
	0xC3,0x18,0x25,0x21,0xE7,0x39,0xEA,0x62,0x4D,0x8C,0xAE,0xC5,0x2E,0xF7,0x8B,0xFF,0x6B,0xFF,0xE4,0x41,
	0x21,0x00,0xC3,0x18,0x62,0x10,0x20,0x00,0x00,0x00,0xC3,0x18,0x69,0x4A,0x4D,0x6B,0x35,0xA5,0x8E,0x73,
	0xAB,0x52,0x52,0x8C,0xAB,0x52,0x82,0x10,0x00,0x00,0x00,0x00,0x00,0x00,0x00,0x00,0x00,0x00,0x00,0x00,
	0x00,0x00,0x00,0x00,0x00,0x00,0x00,0x00,0x00,0x00,0x00,0x00,0x00,0x00,0x25,0x21,0x4E,0x6B,0xF4,0xA4,
	0x49,0x4A,0x51,0x84,0xD3,0x94,0xEB,0x62,0xE8,0x41,0xA2,0x10,0x00,0x00,0x21,0x08,0x82,0x10,0x62,0x08,
	0x22,0x29,0xA9,0xEE,0xAA,0xFF,0x88,0x9C,0x62,0x08,0x42,0x08,0x07,0xAD,0xAB,0xFF,0xCB,0xEE,0x03,0x21,
	0xA3,0x10,0xE4,0x18,0xE4,0x20,0xE4,0x20,0x04,0x21,0xE4,0x20,0xE4,0x20,0x04,0x21,0x01,0x00,0x85,0x83,
	0xAB,0xFF,0x6D,0xFF,0x25,0x4A,0x83,0x10,0x04,0x21,0x04,0x21,0x04,0x21,0xE4,0x20,0x04,0x21,0x04,0x21,
	0x04,0x21,0x04,0x21,0x04,0x21,0x04,0x21,0x04,0x21,0xE4,0x20,0xE4,0x20,0xE4,0x20,0x64,0x31,0x23,0x29,
	0x00,0x00,0x00,0x00,0x00,0x00,0x41,0x08,0x83,0x10,0x00,0x00,0x00,0x00,0x00,0x00,0x00,0x00,0x20,0x00,
	0x41,0x08,0x00,0x00,0x00,0x00,0x00,0x00,0x00,0x00,0x00,0x00,0x00,0x00,0x00,0x00,0x00,0x00,0x00,0x00,
	0x00,0x00,0x00,0x00,0x00,0x00,0x21,0x00,0x21,0x08,0x21,0x00,0x21,0x00,0x83,0x08,0x06,0x19,0xE5,0x18,
	0x00,0x00,0x00,0x00,0x20,0x00,0x61,0x08,0x00,0x00,0x00,0x00,0x00,0x00,0x03,0x29,0x44,0x29,0xE4,0x20,
	0x04,0x21,0xE4,0x20,0x04,0x21,0x04,0x21,0x04,0x21,0x04,0x21,0x04,0x21,0x04,0x21,0x04,0x21,0x04,0x21,
	0xE4,0x20,0xE4,0x20,0x04,0x21,0x04,0x21,0x04,0x21,0x04,0x21,0xE4,0x20,0x04,0x21,0x04,0x21,0x04,0x21,
	0x04,0x21,0x04,0x21,0x04,0x21,0x04,0x21,0x04,0x21,0x04,0x21,0x04,0x21,0xE4,0x20,0xE4,0x18,0xE7,0x41,
	0xCB,0x7B,0x4E,0xB5,0x4F,0xD6,0x0F,0xEF,0x6E,0xFF,0xAC,0xFF,0xAA,0xFF,0xCA,0xEE,0xA5,0x62,0x00,0x00,
	0xA2,0x10,0xA3,0x10,0x62,0x10,0x20,0x00,0x00,0x00,0xC3,0x18,0x69,0x4A,0x4D,0x6B,0x35,0xA5,0x8E,0x73,
	0xAB,0x52,0x52,0x8C,0xAB,0x52,0x82,0x10,0x00,0x00,0x00,0x00,0x00,0x00,0x00,0x00,0x00,0x00,0x00,0x00,
	0x00,0x00,0x00,0x00,0x00,0x00,0x00,0x00,0x00,0x00,0x00,0x00,0x00,0x00,0x87,0x31,0x2D,0x6B,0xF4,0x9C,
	0x49,0x4A,0x31,0x84,0xD3,0x94,0xEB,0x62,0x08,0x42,0xA2,0x10,0x00,0x00,0x21,0x08,0x82,0x10,0x62,0x08,
	0x22,0x29,0xC9,0xEE,0xAA,0xFF,0x88,0x9C,0x63,0x08,0x21,0x00,0xA6,0xA4,0xAB,0xFF,0xEC,0xEE,0x64,0x31,
	0xA3,0x10,0xE3,0x18,0xC4,0x20,0xE4,0x18,0xE4,0x20,0xE4,0x20,0xE4,0x20,0x04,0x21,0x01,0x00,0x05,0x94,
	0xAB,0xFF,0x4C,0xFF,0xC4,0x41,0x83,0x10,0x04,0x21,0xE4,0x20,0xE4,0x20,0x04,0x21,0xE4,0x20,0xE4,0x20,
	0xE4,0x20,0x04,0x21,0x04,0x21,0xE4,0x20,0x04,0x21,0x04,0x21,0x04,0x21,0x04,0x21,0x43,0x31,0x41,0x08,
	0x00,0x00,0x00,0x00,0x00,0x00,0x20,0x00,0xE4,0x18,0x21,0x08,0x00,0x00,0x00,0x00,0x00,0x00,0x00,0x00,
	0x21,0x08,0x00,0x00,0x00,0x00,0x00,0x00,0x00,0x00,0x00,0x00,0x00,0x00,0x00,0x00,0x00,0x00,0x00,0x00,
	0x00,0x00,0x00,0x00,0x00,0x00,0x21,0x00,0x21,0x00,0x01,0x00,0x01,0x00,0x21,0x00,0x21,0x00,0x00,0x00,
	0xA2,0x18,0x88,0x5A,0x49,0x6B,0xCB,0x83,0x29,0x6B,0x00,0x00,0xE7,0x62,0x06,0x42,0xC3,0x18,0x04,0x21,
	0x04,0x21,0x04,0x21,0x04,0x21,0x04,0x21,0x04,0x21,0x04,0x21,0x04,0x21,0x04,0x21,0x04,0x21,0xE4,0x20,
	0xE4,0x20,0xE4,0x20,0x04,0x21,0x04,0x21,0x04,0x21,0x04,0x21,0x04,0x21,0x04,0x21,0x04,0x21,0x04,0x21,
	0x04,0x21,0x04,0x21,0x04,0x21,0x04,0x21,0xE4,0x20,0x04,0x21,0xE4,0x20,0x66,0x29,0xEC,0x83,0x6F,0xDE,
	0x6F,0xF7,0xAD,0xFF,0xCC,0xFF,0xAA,0xFF,0x29,0xFF,0xE9,0xD5,0xE6,0x8B,0xE2,0x20,0x00,0x00,0x61,0x10,
	0xC3,0x18,0x82,0x10,0x62,0x10,0x20,0x00,0x00,0x00,0xC3,0x18,0x69,0x4A,0x4D,0x6B,0x35,0xA5,0x8E,0x73,
	0xAB,0x52,0x52,0x8C,0x8B,0x52,0x82,0x10,0x00,0x00,0x00,0x00,0x00,0x00,0x00,0x00,0x00,0x00,0x00,0x00,
	0x00,0x00,0x00,0x00,0x00,0x00,0x00,0x00,0x00,0x00,0x00,0x00,0x00,0x00,0xA7,0x39,0x2D,0x6B,0xF4,0x9C,
	0x49,0x4A,0x51,0x84,0xD3,0x94,0x0C,0x63,0x08,0x42,0xA2,0x10,0x00,0x00,0x20,0x00,0x82,0x10,0x42,0x08,
	0x22,0x29,0xC9,0xEE,0xAA,0xFF,0x88,0x9C,0x62,0x08,0x01,0x00,0x85,0x83,0x8A,0xFF,0x6D,0xFF,0xE7,0x62,
	0x82,0x10,0xE3,0x20,0xE3,0x18,0xE4,0x18,0xE4,0x20,0xE4,0x20,0xE4,0x20,0x04,0x21,0xA2,0x18,0xE9,0xCD,
	0x8B,0xFF,0x8B,0xE6,0xE2,0x18,0xC4,0x10,0xE4,0x20,0xE4,0x20,0xE4,0x20,0xE4,0x20,0x04,0x21,0xE4,0x20,
	0xE4,0x20,0x04,0x21,0x04,0x21,0x04,0x21,0x04,0x21,0x04,0x21,0xE4,0x20,0x43,0x31,0xA1,0x18,0x00,0x00,
	0x00,0x00,0x00,0x00,0x00,0x00,0x00,0x00,0xA3,0x10,0xC4,0x18,0x00,0x00,0x00,0x00,0x00,0x00,0x00,0x00,
	0x21,0x08,0x21,0x00,0x00,0x00,0x00,0x00,0x00,0x00,0x00,0x00,0x00,0x00,0x00,0x00,0x00,0x00,0x00,0x00,
	0x00,0x00,0x00,0x00,0x00,0x00,0x00,0x00,0x00,0x00,0x00,0x00,0x00,0x00,0x00,0x00,0x00,0x00,0x00,0x00,
	0x25,0x21,0x86,0x31,0x62,0x10,0x20,0x08,0x61,0x08,0x00,0x00,0xC5,0x39,0x66,0x52,0xC4,0x18,0x04,0x21,
	0x04,0x21,0xE4,0x20,0xE4,0x20,0xE4,0x20,0x04,0x21,0x04,0x21,0x04,0x21,0x04,0x21,0xE4,0x20,0xE4,0x20,
	0xE4,0x20,0x04,0x21,0x04,0x21,0xE4,0x20,0x04,0x21,0x04,0x21,0xE4,0x20,0xE4,0x20,0x04,0x21,0xE4,0x18,
	0xE4,0x20,0x04,0x21,0x04,0x21,0x04,0x21,0x04,0x21,0xE4,0x20,0x65,0x29,0xED,0xA4,0x6F,0xFF,0x8C,0xFF,
	0x8B,0xFF,0x8A,0xEE,0xE7,0xAC,0x25,0x73,0x83,0x39,0x21,0x08,0x00,0x00,0x00,0x00,0x82,0x10,0xA3,0x18,
	0xA3,0x18,0xA3,0x10,0x62,0x10,0x20,0x00,0x00,0x00,0xC3,0x18,0x69,0x4A,0x4D,0x6B,0x35,0xA5,0x8E,0x73,
	0xAB,0x52,0x52,0x8C,0x6A,0x52,0x82,0x10,0x00,0x00,0x00,0x00,0x00,0x00,0x00,0x00,0x00,0x00,0x00,0x00,
	0x00,0x00,0x00,0x00,0x00,0x00,0x00,0x00,0x00,0x00,0x00,0x00,0x00,0x00,0x86,0x31,0x2D,0x6B,0xF4,0x9C,
	0x49,0x4A,0x51,0x84,0xD3,0x94,0x0C,0x63,0xE8,0x41,0x82,0x10,0x00,0x00,0x20,0x00,0x62,0x10,0x42,0x08,
	0x02,0x29,0xA8,0xEE,0xAA,0xFF,0x88,0x9C,0x62,0x08,0x42,0x08,0x82,0x39,0x29,0xFF,0x6C,0xFF,0x0D,0xCE,
	0x86,0x31,0xA3,0x10,0xE3,0x18,0xE3,0x20,0xE4,0x20,0xE4,0x20,0xE4,0x18,0xC4,0x18,0x46,0x73,0x4B,0xFF,
	0xAB,0xFF,0xA8,0xA4,0x01,0x00,0x04,0x21,0xE4,0x20,0xE4,0x20,0xE4,0x20,0xE4,0x20,0xE4,0x20,0xE4,0x20,
	0x04,0x21,0x04,0x21,0x04,0x21,0x04,0x21,0x04,0x21,0x04,0x21,0x03,0x21,0x84,0x6A,0xC2,0x20,0x00,0x00,
	0x00,0x00,0x00,0x00,0x00,0x00,0x00,0x00,0x21,0x00,0x05,0x19,0x21,0x08,0x00,0x00,0x00,0x00,0x00,0x00,
	0x00,0x00,0x21,0x00,0x00,0x00,0x00,0x00,0x00,0x00,0x00,0x00,0x00,0x00,0x00,0x00,0x00,0x00,0x00,0x00,
	0x00,0x00,0x00,0x00,0x00,0x00,0x00,0x00,0x00,0x00,0x00,0x00,0x00,0x00,0x00,0x00,0x00,0x00,0x00,0x00,
	0x00,0x00,0x00,0x00,0x00,0x00,0x00,0x00,0x00,0x00,0x00,0x00,0x00,0x00,0x83,0x10,0x04,0x21,0x04,0x21,
	0x04,0x21,0xE4,0x20,0xE4,0x20,0xE4,0x20,0x04,0x21,0x04,0x21,0x04,0x21,0x04,0x21,0x04,0x21,0xE4,0x20,
	0xE4,0x20,0xE4,0x20,0xE4,0x20,0xE4,0x20,0xE4,0x20,0x04,0x21,0xE4,0x20,0xE4,0x20,0x04,0x21,0xE4,0x20,
	0xE4,0x20,0xE4,0x20,0x04,0x21,0x24,0x21,0x04,0x21,0xE4,0x18,0x09,0x8C,0x8E,0xFF,0x6C,0xFF,0x0A,0xF7,
	0x87,0x83,0xE2,0x20,0x00,0x00,0x00,0x00,0x00,0x00,0x41,0x08,0xA2,0x10,0xC3,0x18,0xC3,0x18,0xC3,0x18,
	0xC3,0x18,0xA3,0x10,0x62,0x08,0x20,0x00,0x00,0x00,0xC3,0x18,0x6A,0x4A,0x4D,0x6B,0x35,0xA5,0x8E,0x73,
	0xAB,0x52,0x52,0x8C,0x6A,0x52,0x82,0x10,0x00,0x00,0x00,0x00,0x00,0x00,0x00,0x00,0x00,0x00,0x00,0x00,
	0x00,0x00,0x00,0x00,0x00,0x00,0x00,0x00,0x00,0x00,0x00,0x00,0x00,0x00,0xA7,0x31,0x2D,0x6B,0xF4,0x9C,
	0x49,0x4A,0x51,0x84,0xD3,0x94,0x0C,0x63,0xE8,0x41,0x82,0x10,0x00,0x00,0x20,0x00,0x82,0x10,0x42,0x08,
	0x22,0x29,0xA8,0xEE,0xAA,0xFF,0x88,0x9C,0x42,0x08,0xC3,0x18,0x00,0x00,0xA7,0xAC,0x8A,0xFF,0x4E,0xFF,
	0xAE,0xBD,0x69,0x4A,0xE4,0x20,0xA3,0x18,0xA3,0x18,0xC4,0x20,0x66,0x29,0xA9,0x7B,0xED,0xEE,0x6B,0xFF,
	0x0B,0xF7,0x43,0x29,0x42,0x08,0xE4,0x20,0xE4,0x20,0xE4,0x20,0xE4,0x20,0xE4,0x20,0xE4,0x20,0xE4,0x20,
	0x04,0x21,0x04,0x21,0x04,0x21,0x04,0x21,0x04,0x21,0xA3,0x10,0xE4,0x72,0xE8,0xBC,0xC6,0x93,0x42,0x31,
	0x00,0x00,0x00,0x00,0x00,0x00,0x00,0x00,0x00,0x00,0x83,0x10,0x83,0x10,0x00,0x00,0x00,0x00,0x00,0x00,
	0x00,0x00,0x21,0x00,0x00,0x00,0x00,0x00,0x00,0x00,0x00,0x00,0x00,0x00,0x00,0x00,0x00,0x00,0x00,0x00,
	0x00,0x00,0x00,0x00,0x00,0x00,0x00,0x00,0x00,0x00,0x00,0x00,0x00,0x00,0x00,0x00,0x00,0x00,0x00,0x00,
	0x00,0x00,0x00,0x00,0x00,0x00,0x00,0x00,0x00,0x00,0x20,0x08,0x41,0x08,0x04,0x21,0xE4,0x20,0x04,0x21,
	0x04,0x21,0x04,0x21,0xE4,0x20,0xE4,0x20,0xE4,0x20,0xE4,0x20,0xE4,0x20,0xE4,0x20,0xE4,0x20,0xE4,0x20,
	0xE4,0x20,0xE4,0x20,0xE4,0x20,0xE4,0x20,0xE4,0x20,0x04,0x21,0x04,0x21,0x04,0x21,0xE4,0x20,0xE4,0x20,
	0xE4,0x18,0xE4,0x20,0x04,0x21,0x04,0x21,0xE4,0x18,0x84,0x39,0xAB,0xE6,0x6B,0xFF,0xCB,0xEE,0x83,0x39,
	0x00,0x00,0x00,0x00,0x21,0x00,0x41,0x08,0x62,0x10,0x62,0x10,0x83,0x10,0x83,0x10,0x83,0x10,0xA3,0x18,
	0xC3,0x18,0xA3,0x10,0x61,0x10,0x20,0x00,0x00,0x00,0xC3,0x18,0x6A,0x4A,0x4D,0x6B,0x35,0xA5,0x8E,0x73,
	0xAB,0x52,0x52,0x8C,0x8A,0x52,0x82,0x10,0x00,0x00,0x00,0x00,0x00,0x00,0x00,0x00,0x00,0x00,0x00,0x00,
	0x00,0x00,0x00,0x00,0x00,0x00,0x00,0x00,0x00,0x00,0x00,0x00,0x00,0x00,0xA7,0x31,0x2D,0x63,0xF4,0xA4,
	0x49,0x4A,0x31,0x84,0xB2,0x94,0x0C,0x63,0x08,0x42,0xA2,0x10,0x00,0x00,0x20,0x00,0x62,0x10,0x42,0x08,
	0x02,0x29,0x88,0xEE,0x8A,0xFF,0xA8,0x9C,0x22,0x08,0x04,0x21,0x41,0x08,0xC1,0x18,0x49,0xDE,0x8B,0xFF,
	0x6E,0xFF,0xD0,0xDE,0x0E,0xA5,0xEC,0x83,0xCC,0x7B,0x4C,0x8C,0xCD,0xC5,0x4E,0xF7,0x6B,0xFF,0x8C,0xFF,
	0xE6,0x6A,0x00,0x00,0xC3,0x18,0xE4,0x18,0xE4,0x20,0xE4,0x20,0xE4,0x20,0xE4,0x20,0xE4,0x18,0x04,0x21,
	0xE4,0x20,0xE4,0x20,0xE4,0x18,0xA3,0x10,0x03,0x21,0x45,0x83,0xA9,0xDD,0x4B,0xE6,0xAB,0xF6,0x29,0xBD,
	0xA7,0x62,0x65,0x31,0xA3,0x10,0x21,0x08,0x00,0x00,0x21,0x00,0xA4,0x18,0x00,0x00,0x00,0x00,0x00,0x00,
	0x00,0x00,0x00,0x00,0x00,0x00,0x00,0x00,0x00,0x00,0x00,0x00,0x00,0x00,0x00,0x00,0x00,0x00,0x00,0x00,
	0x00,0x00,0x00,0x00,0x00,0x00,0x00,0x00,0x00,0x00,0x00,0x00,0x00,0x00,0x00,0x00,0xA4,0x10,0xA7,0x31,
	0x06,0x4A,0x85,0x5A,0xA6,0x8B,0xC5,0x6A,0xE7,0x8B,0xF2,0xDE,0x06,0x42,0xC3,0x18,0x04,0x21,0x04,0x21,
	0x04,0x21,0xE4,0x20,0xE4,0x20,0xE4,0x20,0x04,0x21,0x04,0x21,0x04,0x21,0x04,0x21,0xE4,0x20,0x04,0x21,
	0x04,0x21,0xE4,0x20,0xE4,0x20,0xE4,0x20,0x04,0x21,0x04,0x21,0x04,0x21,0x04,0x21,0xE4,0x20,0xE4,0x20,
	0xE4,0x20,0xE4,0x20,0xE4,0x20,0x04,0x21,0x83,0x10,0x05,0x6B,0x6B,0xFF,0x6B,0xFF,0x8A,0xC5,0xC5,0x41,
	0x6A,0x73,0x8B,0x73,0xAB,0x7B,0xAB,0x7B,0xAB,0x7B,0xAB,0x7B,0xCB,0x7B,0xCC,0x7B,0xEC,0x83,0xEA,0x5A,
	0xA3,0x10,0xA2,0x10,0x62,0x08,0x20,0x00,0x00,0x00,0xC3,0x18,0x6A,0x4A,0x4D,0x6B,0x35,0xA5,0x8E,0x73,
	0xAB,0x52,0x52,0x8C,0x8A,0x52,0x82,0x10,0x00,0x00,0x00,0x00,0x00,0x00,0x00,0x00,0x00,0x00,0x00,0x00,
	0x00,0x00,0x00,0x00,0x00,0x00,0x00,0x00,0x00,0x00,0x00,0x00,0x00,0x00,0xA7,0x39,0x2D,0x6B,0xF4,0x9C,
	0x49,0x4A,0x51,0x84,0xD2,0x94,0x0C,0x63,0x08,0x42,0xA2,0x10,0x00,0x00,0x20,0x00,0x82,0x10,0x41,0x08,
	0x02,0x29,0xA8,0xEE,0x89,0xFF,0xA8,0xA4,0x42,0x08,0xE4,0x18,0xA3,0x18,0x00,0x00,0x02,0x21,0x89,0xC5,
	0x8B,0xFF,0xAC,0xFF,0xAE,0xFF,0x8F,0xFF,0x8F,0xFF,0x8D,0xFF,0xAC,0xFF,0xAB,0xFF,0x0A,0xF7,0xE6,0x6A,
	0x00,0x00,0x82,0x10,0xE4,0x18,0xE4,0x20,0xE4,0x20,0xE4,0x20,0xE4,0x20,0xC4,0x18,0xC4,0x18,0xA3,0x18,
	0xA3,0x18,0xE3,0x20,0x63,0x39,0xC4,0x6A,0x07,0xBD,0x4A,0xEE,0x8B,0xEE,0x2B,0xE6,0xC9,0xAC,0xC9,0x8B,
	0x2A,0x6B,0x6C,0x73,0x4D,0x6B,0x8B,0x52,0x66,0x29,0x00,0x00,0x62,0x08,0x42,0x08,0x00,0x00,0x00,0x00,
	0x00,0x00,0x00,0x00,0x00,0x00,0x00,0x00,0x00,0x00,0x00,0x00,0x00,0x00,0x00,0x00,0x00,0x00,0x00,0x00,
	0x00,0x00,0x00,0x00,0x00,0x00,0x00,0x00,0x00,0x00,0x00,0x00,0x00,0x00,0x00,0x00,0x42,0x08,0xA8,0x31,
	0xCC,0x8B,0xCD,0xD5,0x8D,0xEE,0xCA,0xAC,0x87,0xAC,0xCC,0xEE,0xA8,0x83,0x83,0x10,0x04,0x21,0xE4,0x20,
	0xE4,0x20,0xE4,0x20,0xE4,0x20,0xE4,0x20,0xE4,0x20,0x04,0x21,0xE4,0x20,0x04,0x21,0xE4,0x20,0xE4,0x20,
	0xE4,0x20,0xE4,0x20,0xE4,0x20,0xE4,0x20,0xE4,0x20,0x04,0x21,0x04,0x21,0x04,0x21,0xE4,0x20,0xE4,0x20,
	0xE4,0x20,0xE4,0x20,0xE4,0x20,0x24,0x21,0x42,0x08,0x46,0x94,0x89,0xFF,0x0A,0xF7,0x4C,0xFF,0x8E,0xFF,
	0xAF,0xFF,0xAF,0xFF,0xAF,0xFF,0xAF,0xFF,0xAF,0xFF,0x8E,0xFF,0x8E,0xFF,0x6E,0xFF,0xEF,0xFF,0xEA,0xAC,
	0x01,0x00,0xC3,0x18,0x61,0x08,0x20,0x00,0x00,0x00,0xC3,0x18,0x6A,0x4A,0x4D,0x6B,0x35,0xA5,0x8F,0x73,
	0xAB,0x52,0x52,0x8C,0x8A,0x52,0x82,0x10,0x00,0x00,0x00,0x00,0x00,0x00,0x00,0x00,0x00,0x00,0x00,0x00,
	0x00,0x00,0x00,0x00,0x00,0x00,0x00,0x00,0x00,0x00,0x00,0x00,0x00,0x00,0x86,0x31,0x2D,0x6B,0xF4,0x9C,
	0x49,0x4A,0x31,0x8C,0xB3,0x94,0xEC,0x62,0x08,0x42,0xA2,0x10,0x00,0x00,0x00,0x00,0x61,0x08,0x62,0x08,
	0x02,0x21,0x48,0xE6,0x69,0xFF,0x68,0x9C,0x22,0x00,0xE3,0x18,0xC3,0x18,0x82,0x10,0x00,0x00,0x21,0x08,
	0xE5,0x6A,0x88,0xC5,0xC9,0xEE,0x2A,0xFF,0x29,0xFF,0xE9,0xF6,0x29,0xDE,0x67,0x9C,0x43,0x29,0x00,0x00,
	0x62,0x10,0xC3,0x18,0xE4,0x20,0xE4,0x20,0xE4,0x20,0xC4,0x18,0xE4,0x20,0x44,0x31,0xC4,0x41,0x65,0x5A,
	0x46,0x7B,0x47,0x9C,0x69,0xC5,0x8A,0xEE,0x4D,0xFF,0x2D,0xFF,0x0A,0xE6,0x29,0xA4,0x88,0x5A,0x29,0x4A,
	0x6A,0x4A,0x2C,0x6B,0xCF,0x7B,0xF0,0x83,0xCF,0x7B,0x6A,0x4A,0x42,0x08,0x21,0x08,0x00,0x00,0x00,0x00,
	0x00,0x00,0x00,0x00,0x00,0x00,0x00,0x00,0x00,0x00,0x00,0x00,0x00,0x00,0x00,0x00,0x00,0x00,0x00,0x00,
	0x00,0x00,0x00,0x00,0x00,0x00,0x00,0x00,0x00,0x00,0x00,0x00,0x00,0x00,0x00,0x00,0x00,0x00,0x00,0x00,
	0xA3,0x10,0xA7,0x31,0x86,0x31,0xA3,0x10,0x41,0x08,0x01,0x31,0xA5,0x6A,0xC4,0x18,0x04,0x21,0x04,0x21,
	0xE4,0x20,0xE4,0x20,0xE4,0x20,0xE4,0x20,0xE4,0x20,0xE4,0x18,0xE4,0x20,0xE4,0x20,0xE4,0x20,0xE4,0x20,
	0xE4,0x20,0xE4,0x20,0x04,0x21,0x04,0x21,0xE4,0x20,0x04,0x21,0x04,0x21,0x04,0x21,0xE4,0x20,0xE4,0x20,
	0xE4,0x20,0xE4,0x20,0xE4,0x20,0x04,0x21,0x22,0x00,0x46,0x9C,0x49,0xFF,0xC8,0xEE,0xC9,0xF6,0xC9,0xF6,
	0xE9,0xF6,0xE9,0xF6,0xE9,0xF6,0xC9,0xF6,0xE9,0xF6,0xC9,0xF6,0xC9,0xF6,0xA9,0xEE,0x2A,0xF7,0x67,0x9C,
	0x01,0x00,0xC3,0x18,0x61,0x08,0x20,0x00,0x00,0x00,0xC3,0x18,0x69,0x4A,0x4D,0x6B,0x35,0xA5,0xAE,0x73,
	0xAB,0x52,0x31,0x8C,0x8A,0x52,0x82,0x10,0x00,0x00,0x00,0x00,0x00,0x00,0x00,0x00,0x00,0x00,0x00,0x00,
	0x00,0x00,0x00,0x00,0x00,0x00,0x00,0x00,0x00,0x00,0x00,0x00,0x00,0x00,0x86,0x31,0x2D,0x63,0xD4,0x9C,
	0x49,0x4A,0x51,0x84,0xB3,0x94,0xEB,0x62,0x08,0x42,0xA2,0x10,0x00,0x00,0x00,0x00,0x62,0x08,0x82,0x10,
	0x20,0x00,0xE2,0x20,0x22,0x31,0x81,0x10,0x62,0x10,0xC3,0x18,0xC3,0x18,0xC3,0x18,0x82,0x10,0x20,0x00,
	0x00,0x00,0x00,0x00,0xE2,0x20,0xA3,0x39,0xA3,0x39,0x22,0x29,0x61,0x10,0x00,0x00,0x00,0x00,0x82,0x10,
	0xC4,0x18,0xC4,0x18,0xE4,0x18,0xE3,0x18,0x03,0x21,0x44,0x29,0xE4,0x41,0x24,0x52,0x24,0x52,0xE4,0x49,
	0x83,0x39,0x42,0x31,0x63,0x39,0xE4,0x41,0x86,0x5A,0x06,0x6B,0x67,0x7B,0x28,0x73,0xA9,0x5A,0xAA,0x52,
	0xEC,0x62,0x2D,0x63,0x0D,0x63,0xEC,0x62,0xAB,0x52,0xAB,0x52,0x25,0x21,0x00,0x00,0x00,0x00,0x00,0x00,
	0x00,0x00,0x00,0x00,0x00,0x00,0x00,0x00,0x00,0x00,0x00,0x00,0x00,0x00,0x00,0x00,0x00,0x00,0x00,0x00,
	0x00,0x00,0x00,0x00,0x00,0x00,0x00,0x00,0x00,0x00,0x00,0x00,0x00,0x00,0x00,0x00,0x00,0x00,0x00,0x00,
	0x00,0x00,0x00,0x00,0x00,0x00,0x00,0x00,0x00,0x00,0x00,0x00,0x03,0x21,0x04,0x21,0xE4,0x20,0xE4,0x20,
	0xE4,0x20,0xE4,0x20,0xE4,0x20,0xE4,0x20,0xE4,0x20,0xE4,0x20,0xE4,0x20,0xE4,0x20,0xE4,0x20,0xE4,0x20,
	0xE4,0x20,0xE4,0x20,0xE4,0x20,0xE4,0x20,0x04,0x21,0xE4,0x20,0x04,0x21,0x04,0x21,0xE4,0x20,0xE4,0x20,
	0xE4,0x20,0xE4,0x20,0xE4,0x18,0xE4,0x20,0x62,0x10,0x81,0x18,0x22,0x29,0x02,0x21,0x02,0x29,0x02,0x29,
	0x02,0x29,0x02,0x29,0x02,0x21,0x02,0x29,0x02,0x29,0x02,0x21,0x02,0x29,0x02,0x21,0x02,0x29,0x81,0x10,
	0x41,0x08,0xA3,0x10,0x62,0x08,0x20,0x00,0x00,0x00,0xC3,0x18,0x69,0x4A,0x4D,0x6B,0x35,0xA5,0xAE,0x73,
	0xAB,0x52,0x52,0x8C,0x8A,0x52,0x82,0x10,0x00,0x00,0x00,0x00,0x00,0x00,0x00,0x00,0x00,0x00,0x00,0x00,
	0x00,0x00,0x00,0x00,0x00,0x00,0x00,0x00,0x00,0x00,0x00,0x00,0x00,0x00,0xA7,0x31,0x2D,0x6B,0xD4,0x9C,
	0x49,0x4A,0x51,0x8C,0xB3,0x94,0xEC,0x62,0xE8,0x41,0x82,0x10,0x00,0x00,0x20,0x00,0x62,0x10,0x82,0x10,
	0x41,0x08,0x00,0x00,0x00,0x00,0x00,0x00,0xA3,0x18,0xC3,0x18,0xC3,0x18,0xC3,0x18,0xC3,0x18,0xA3,0x18,
	0x82,0x10,0x41,0x08,0x00,0x00,0x00,0x00,0x00,0x00,0x00,0x00,0x20,0x00,0x61,0x10,0xA3,0x18,0xC4,0x18,
	0xE4,0x18,0xE4,0x20,0xE4,0x20,0x24,0x29,0x64,0x31,0xC4,0x41,0x45,0x52,0xA5,0x62,0x66,0x83,0x47,0xA4,
	0xE9,0xB4,0x49,0xC5,0x09,0xBD,0x49,0x9C,0x67,0x7B,0x65,0x5A,0x25,0x4A,0xA4,0x39,0xA5,0x39,0xC7,0x39,
	0x29,0x4A,0x6A,0x4A,0x8A,0x52,0x09,0x42,0x25,0x21,0x62,0x08,0x21,0x08,0x00,0x00,0x00,0x00,0x00,0x00,
	0x00,0x00,0x00,0x00,0x00,0x00,0x00,0x00,0x00,0x00,0x00,0x00,0x00,0x00,0x00,0x00,0x00,0x00,0x00,0x00,
	0x00,0x00,0x00,0x00,0x00,0x00,0x00,0x00,0x00,0x00,0x00,0x00,0x00,0x00,0x00,0x00,0x00,0x00,0x00,0x00,
	0x00,0x00,0x00,0x00,0x00,0x00,0x00,0x00,0x00,0x00,0x00,0x00,0x82,0x10,0x04,0x21,0xE4,0x20,0xE4,0x20,
	0xE4,0x18,0xE4,0x18,0xE4,0x18,0xC4,0x18,0xE4,0x20,0xE4,0x20,0xE4,0x20,0xE4,0x20,0xE4,0x20,0xE4,0x20,
	0xE4,0x20,0xE4,0x20,0xE4,0x20,0xE4,0x20,0xE4,0x20,0xE4,0x20,0xE4,0x20,0xE4,0x20,0xE4,0x20,0xE4,0x18,
	0xE4,0x20,0xC4,0x18,0xE4,0x18,0xE4,0x20,0xC3,0x18,0x20,0x00,0x00,0x00,0x00,0x00,0x00,0x00,0x00,0x00,
	0x00,0x00,0x00,0x00,0x00,0x00,0x00,0x00,0x00,0x00,0x00,0x00,0x00,0x00,0x00,0x00,0x00,0x00,0x00,0x00,
	0x62,0x10,0x82,0x10,0x61,0x08,0x20,0x00,0x00,0x00,0xC3,0x18,0x69,0x4A,0x4D,0x6B,0x35,0xA5,0x8E,0x73,
	0xAB,0x52,0x51,0x8C,0x8A,0x52,0x82,0x10,0x00,0x00,0x00,0x00,0x00,0x00,0x00,0x00,0x00,0x00,0x00,0x00,
	0x00,0x00,0x00,0x00,0x00,0x00,0x00,0x00,0x00,0x00,0x00,0x00,0x00,0x00,0xA7,0x31,0x2D,0x6B,0xD4,0x9C,
	0x49,0x4A,0x51,0x8C,0xD3,0x94,0xEC,0x62,0xE8,0x41,0x82,0x10,0x00,0x00,0x20,0x00,0x61,0x08,0x82,0x10,
	0xA2,0x10,0x82,0x10,0x82,0x10,0xA2,0x10,0xC3,0x18,0xC3,0x18,0xC3,0x18,0xC3,0x18,0xC3,0x18,0xC3,0x18,
	0xC3,0x18,0xC3,0x18,0xA3,0x18,0xA2,0x10,0xA2,0x18,0xA3,0x18,0xA3,0x18,0xC3,0x18,0xC3,0x18,0xE4,0x18,
	0xE4,0x20,0x24,0x21,0x44,0x29,0xA5,0x39,0x26,0x4A,0x86,0x52,0x08,0x73,0xA8,0x8B,0x69,0xA4,0x4A,0xC5,
	0xCB,0xD5,0x2C,0xDE,0xEC,0xD5,0x6B,0xC5,0x6B,0xC5,0x2A,0xBD,0x8A,0xAC,0xC9,0x83,0x29,0x6B,0xA9,0x5A,
	0x48,0x4A,0xA6,0x39,0x45,0x29,0x45,0x21,0xE4,0x20,0x00,0x00,0x00,0x00,0x00,0x00,0x00,0x00,0x00,0x00,
	0x00,0x00,0x00,0x00,0x00,0x00,0x00,0x00,0x00,0x00,0x00,0x00,0x00,0x00,0x00,0x00,0x00,0x00,0x00,0x00,
	0x00,0x00,0x00,0x00,0x00,0x00,0x00,0x00,0x00,0x00,0x00,0x00,0x00,0x00,0x82,0x10,0xA2,0x10,0x62,0x08,
	0x21,0x08,0x00,0x00,0x00,0x00,0x00,0x00,0x00,0x00,0x21,0x08,0xE4,0x20,0xE4,0x20,0xE4,0x20,0xE4,0x18,
	0xE4,0x18,0xE4,0x20,0xE4,0x18,0xC4,0x18,0xE4,0x20,0xE4,0x20,0xE4,0x20,0xE4,0x18,0xE4,0x18,0xE4,0x20,
	0xE4,0x20,0xE4,0x20,0xE4,0x20,0xE4,0x18,0xE4,0x20,0xE4,0x18,0xE4,0x18,0xE4,0x20,0xE4,0x18,0xE4,0x18,
	0xC4,0x18,0xC4,0x18,0xE4,0x18,0xE4,0x18,0xE4,0x18,0xC3,0x18,0xC3,0x18,0xA2,0x10,0xA2,0x10,0xA2,0x18,
	0xA2,0x10,0xA2,0x10,0xA2,0x18,0xA2,0x10,0xA2,0x10,0xA2,0x10,0xA3,0x18,0xA3,0x10,0xA3,0x10,0xA2,0x10,
	0xA3,0x10,0x82,0x10,0x42,0x08,0x20,0x00,0x00,0x00,0xC3,0x18,0x6A,0x4A,0x4D,0x6B,0x35,0xA5,0xAE,0x73,
	0xAB,0x52,0x52,0x8C,0x8A,0x52,0x82,0x10,0x00,0x00,0x00,0x00,0x00,0x00,0x00,0x00,0x00,0x00,0x00,0x00,
	0x00,0x00,0x00,0x00,0x00,0x00,0x00,0x00,0x00,0x00,0x00,0x00,0x00,0x00,0xA7,0x39,0x2D,0x6B,0xF4,0xA4,
	0x49,0x4A,0x31,0x84,0xD4,0x94,0x0C,0x63,0xE8,0x41,0x82,0x10,0x00,0x00,0x21,0x08,0x62,0x10,0xA2,0x10,
	0xA2,0x10,0xA3,0x18,0xA3,0x18,0xA3,0x18,0xC3,0x18,0xC3,0x18,0xC3,0x18,0xC3,0x18,0xC3,0x18,0xE3,0x18,
	0xC3,0x18,0xC3,0x18,0xC3,0x18,0xC3,0x18,0xC3,0x18,0xC3,0x18,0xC3,0x18,0xE4,0x18,0xE4,0x18,0xE4,0x18,
	0xE4,0x20,0xE4,0x20,0x04,0x21,0x04,0x21,0xE3,0x20,0xE3,0x18,0xA3,0x10,0x62,0x08,0x21,0x00,0x00,0x00,
	0x20,0x00,0x61,0x10,0x02,0x21,0x84,0x31,0x25,0x4A,0x47,0x73,0xC9,0x8B,0x0B,0x94,0xAC,0x83,0x6C,0x73,
	0x0B,0x63,0xCA,0x5A,0x89,0x52,0x28,0x42,0x86,0x31,0xC3,0x18,0x20,0x08,0x00,0x00,0x00,0x00,0x00,0x00,
	0x00,0x00,0x00,0x00,0x00,0x00,0x00,0x00,0x00,0x00,0x00,0x00,0x00,0x00,0x00,0x00,0x00,0x00,0x00,0x00,
	0x00,0x00,0x00,0x00,0x00,0x00,0x00,0x00,0x00,0x00,0x00,0x00,0x20,0x00,0xC3,0x18,0xC4,0x18,0xE4,0x20,
	0xE4,0x18,0xC3,0x18,0x82,0x10,0x62,0x10,0x82,0x10,0xE4,0x20,0xE4,0x20,0xE4,0x20,0xE4,0x20,0xE4,0x18,
	0xE4,0x20,0xC4,0x18,0xE4,0x20,0xE4,0x18,0xE4,0x20,0xE4,0x18,0xE4,0x18,0xE4,0x18,0xC3,0x18,0xE4,0x18,
	0xE4,0x20,0xE4,0x20,0xE4,0x20,0xE4,0x20,0xE4,0x20,0xE4,0x20,0xC4,0x18,0xC4,0x18,0xE4,0x18,0xE4,0x18,
	0xC4,0x18,0xE4,0x18,0xC4,0x18,0xC3,0x18,0xE3,0x18,0xC3,0x18,0xC3,0x18,0xC3,0x18,0xC3,0x18,0xC3,0x18,
	0xC3,0x18,0xC3,0x18,0xC3,0x18,0xC3,0x18,0xC3,0x18,0xC3,0x18,0xC3,0x18,0xC3,0x18,0xA3,0x18,0xA3,0x10,
	0xA3,0x10,0x82,0x10,0x62,0x10,0x20,0x00,0x00,0x00,0xC3,0x18,0x6A,0x4A,0x4D,0x6B,0x35,0xA5,0x8E,0x73,
	0xAB,0x52,0x52,0x8C,0x8A,0x52,0x82,0x10,0x00,0x00,0x00,0x00,0x00,0x00,0x00,0x00,0x00,0x00,0x00,0x00,
	0x00,0x00,0x00,0x00,0x00,0x00,0x00,0x00,0x00,0x00,0x00,0x00,0x00,0x00,0x66,0x29,0x2D,0x6B,0xD4,0x9C,
	0x49,0x4A,0x51,0x84,0xD4,0x94,0x0C,0x63,0xE8,0x41,0x82,0x10,0x00,0x00,0x00,0x00,0x20,0x00,0x61,0x08,
	0xA2,0x10,0xA3,0x18,0xA3,0x18,0xC3,0x18,0xA3,0x18,0xC3,0x18,0xC3,0x18,0xC3,0x18,0xC3,0x18,0xC3,0x18,
	0xC3,0x18,0xC3,0x18,0xC3,0x18,0xC3,0x18,0xC3,0x18,0xC3,0x18,0xC3,0x18,0xC4,0x18,0xE4,0x18,0xC4,0x18,
	0xC3,0x18,0xC4,0x18,0xC4,0x18,0xC4,0x18,0xC3,0x18,0xA3,0x18,0xA2,0x18,0xA2,0x18,0x81,0x10,0x61,0x10,
	0x20,0x08,0x00,0x00,0x00,0x00,0x00,0x00,0x00,0x00,0x00,0x00,0x00,0x00,0x00,0x00,0xC2,0x18,0xA5,0x39,
	0x07,0x42,0x48,0x4A,0x49,0x4A,0x29,0x4A,0x09,0x42,0x29,0x4A,0xE7,0x39,0x04,0x21,0x21,0x08,0x00,0x00,
	0x00,0x00,0x00,0x00,0x00,0x00,0x00,0x00,0x00,0x00,0x00,0x00,0x00,0x00,0x00,0x00,0x00,0x00,0x00,0x00,
	0x00,0x00,0x00,0x00,0x00,0x00,0x00,0x00,0x00,0x00,0x00,0x00,0x61,0x08,0xC3,0x18,0xC3,0x18,0xC3,0x18,
	0xC4,0x18,0xC4,0x18,0xC4,0x18,0xE4,0x18,0xE4,0x18,0xE4,0x20,0xE4,0x20,0xE4,0x20,0xC4,0x18,0xC4,0x18,
	0xC4,0x18,0xC4,0x18,0xC4,0x18,0xC4,0x18,0xE4,0x18,0xE4,0x18,0xE4,0x18,0xC4,0x20,0xC3,0x18,0xE4,0x18,
	0xE4,0x20,0xE4,0x18,0xE4,0x20,0xC4,0x18,0xE4,0x18,0xE4,0x18,0xE4,0x20,0xE4,0x20,0xE4,0x18,0xC4,0x18,
	0xC4,0x18,0xC4,0x18,0xE4,0x20,0xE4,0x20,0xE4,0x18,0xC4,0x18,0xE4,0x18,0xE3,0x18,0xE3,0x18,0xE3,0x18,
	0xE3,0x18,0xC3,0x18,0xC3,0x18,0xC3,0x18,0xC3,0x18,0xC3,0x18,0xC3,0x18,0xC3,0x18,0xA3,0x18,0xA3,0x18,
	0xA3,0x18,0x62,0x08,0x00,0x00,0x00,0x00,0x00,0x00,0xC3,0x18,0x6A,0x4A,0x4D,0x6B,0x35,0xA5,0x8E,0x73,
	0xAB,0x52,0x51,0x8C,0x8A,0x52,0x82,0x10,0x00,0x00,0x00,0x00,0x00,0x00,0x00,0x00,0x00,0x00,0x00,0x00,
	0x00,0x00,0x00,0x00,0x00,0x00,0x00,0x00,0x00,0x00,0x00,0x00,0x00,0x00,0x66,0x29,0x2D,0x63,0xD4,0x9C,
	0x29,0x4A,0x51,0x8C,0xD3,0x94,0x0B,0x63,0x08,0x42,0xA2,0x10,0x00,0x00,0xE4,0x20,0xC7,0x39,0x25,0x21,
	0x82,0x10,0x82,0x10,0xA2,0x10,0xA3,0x18,0xC3,0x18,0xC3,0x18,0xC3,0x18,0xC3,0x18,0xC3,0x18,0xC3,0x18,
	0xC3,0x18,0xC3,0x18,0xC3,0x18,0xC3,0x18,0xC3,0x18,0xC4,0x18,0xC3,0x18,0xC3,0x18,0xC3,0x18,0xC3,0x18,
	0xC3,0x18,0xE4,0x18,0x04,0x21,0x44,0x29,0xA5,0x39,0x05,0x4A,0xA6,0x62,0x87,0x83,0x49,0xA4,0xE9,0xB4,
	0xEA,0xB4,0xCA,0xAC,0x8A,0x9C,0x2A,0x94,0x88,0x7B,0xE7,0x62,0x66,0x52,0x84,0x31,0xC2,0x18,0x20,0x08,
	0x00,0x00,0x82,0x10,0x04,0x21,0x65,0x31,0x66,0x31,0x24,0x21,0x04,0x21,0x86,0x31,0x66,0x29,0xC3,0x18,
	0x00,0x00,0x00,0x00,0x00,0x00,0x00,0x00,0x00,0x00,0x00,0x00,0x00,0x00,0x00,0x00,0x00,0x00,0x00,0x00,
	0x00,0x00,0x00,0x00,0x00,0x00,0x00,0x00,0x00,0x00,0x00,0x00,0x82,0x10,0xC3,0x18,0xC3,0x18,0xC3,0x18,
	0xC4,0x18,0xC4,0x18,0xC4,0x18,0xC4,0x18,0xE4,0x18,0xE4,0x18,0xE4,0x20,0xE4,0x18,0xC4,0x18,0xC4,0x18,
	0xC4,0x18,0xC3,0x18,0xC4,0x18,0xC4,0x18,0xC4,0x18,0xC4,0x18,0xC4,0x18,0xE4,0x18,0xE4,0x18,0xE4,0x18,
	0xE4,0x18,0xE4,0x20,0xE4,0x20,0xE4,0x18,0xC3,0x18,0xC3,0x18,0xE4,0x18,0xE4,0x20,0xE4,0x18,0xC4,0x18,
	0xC4,0x18,0xE4,0x20,0xE4,0x20,0xE4,0x20,0xE4,0x18,0xE4,0x20,0xE4,0x18,0xE4,0x20,0xE3,0x18,0xE4,0x20,
	0xE3,0x18,0xC3,0x18,0xC3,0x18,0xC3,0x18,0xC3,0x18,0xC3,0x18,0xC3,0x18,0xC3,0x18,0xC3,0x18,0xA3,0x18,
	0x82,0x10,0x04,0x21,0x28,0x42,0x65,0x29,0x00,0x00,0xC3,0x18,0x6A,0x4A,0x4D,0x6B,0x35,0xA5,0xAE,0x73,
	0x8A,0x52,0x31,0x8C,0x8A,0x52,0x82,0x10,0x00,0x00,0x00,0x00,0x00,0x00,0x00,0x00,0x00,0x00,0x00,0x00,
	0x00,0x00,0x00,0x00,0x00,0x00,0x00,0x00,0x00,0x00,0x00,0x00,0x00,0x00,0x66,0x29,0x2D,0x6B,0xD4,0x9C,
	0x29,0x4A,0x51,0x8C,0xD3,0x94,0x0C,0x63,0x08,0x42,0xA3,0x10,0x00,0x00,0x45,0x29,0x10,0x7C,0x14,0xA5,
	0x92,0x94,0xE4,0x20,0x82,0x10,0xA3,0x18,0xA3,0x18,0xA3,0x18,0xA3,0x18,0xC3,0x18,0xC3,0x18,0xC3,0x18,
	0xC3,0x18,0xC3,0x18,0xC3,0x18,0xC3,0x18,0xC3,0x18,0xC3,0x18,0xC3,0x18,0xC3,0x18,0xC3,0x18,0xC4,0x18,
	0xE4,0x18,0xE4,0x18,0xE3,0x20,0x04,0x21,0x03,0x21,0x03,0x21,0xE2,0x20,0x03,0x21,0x23,0x29,0x22,0x29,
	0x22,0x29,0x63,0x31,0xA4,0x39,0xE4,0x41,0x25,0x4A,0x86,0x52,0xC7,0x62,0x08,0x6B,0x69,0x73,0x89,0x7B,
	0x08,0x6B,0x67,0x52,0xE5,0x41,0x64,0x31,0x64,0x31,0x24,0x29,0x03,0x21,0xA2,0x10,0x41,0x08,0xA3,0x10,
	0xC4,0x18,0x61,0x08,0x00,0x00,0x00,0x00,0x00,0x00,0x00,0x00,0x00,0x00,0x00,0x00,0x00,0x00,0x00,0x00,
	0x00,0x00,0x00,0x00,0x00,0x00,0x00,0x00,0x00,0x00,0x00,0x00,0x82,0x10,0xC3,0x18,0xC3,0x18,0xC3,0x18,
	0xC4,0x18,0xC4,0x18,0xE4,0x20,0xE4,0x18,0xE4,0x18,0xE4,0x18,0xE4,0x18,0xC4,0x18,0xC4,0x18,0xE4,0x18,
	0xC4,0x18,0xC4,0x18,0xC4,0x18,0xC4,0x18,0xC4,0x18,0xC3,0x18,0xE4,0x18,0xE4,0x18,0xC3,0x18,0x82,0x10,
	0x82,0x10,0x61,0x08,0x41,0x08,0x41,0x08,0x41,0x08,0x41,0x08,0x61,0x08,0x82,0x10,0xA3,0x18,0xE4,0x18,
	0xE4,0x18,0xE4,0x18,0xC4,0x18,0xC4,0x18,0xE4,0x18,0xE4,0x18,0xE4,0x18,0xE4,0x20,0xE4,0x20,0xE4,0x18,
	0xC3,0x18,0xC3,0x18,0xC3,0x18,0xC3,0x18,0xC3,0x18,0xC3,0x18,0xE3,0x18,0xE4,0x18,0xC3,0x18,0xE4,0x20,
	0x92,0x94,0x14,0xA5,0x51,0x8C,0xA6,0x31,0x00,0x00,0xC3,0x18,0x6A,0x4A,0x4D,0x6B,0x35,0xA5,0xAF,0x7B,
	0xAB,0x52,0x31,0x8C,0x8A,0x52,0x82,0x10,0x00,0x00,0x00,0x00,0x00,0x00,0x00,0x00,0x00,0x00,0x00,0x00,
	0x00,0x00,0x00,0x00,0x00,0x00,0x00,0x00,0x00,0x00,0x00,0x00,0x00,0x00,0xA7,0x31,0x2D,0x6B,0xF4,0x9C,
	0x49,0x4A,0x51,0x8C,0xD2,0x94,0x0C,0x63,0xE8,0x41,0x82,0x10,0x00,0x00,0x00,0x00,0x00,0x00,0x82,0x10,
	0x45,0x29,0xC3,0x18,0xA2,0x10,0xA3,0x18,0xA3,0x18,0xA3,0x18,0xA3,0x18,0xC3,0x18,0xC3,0x18,0xC3,0x18,
	0xC4,0x18,0xE4,0x18,0xC3,0x18,0xC3,0x18,0xC3,0x18,0xC3,0x18,0xC3,0x18,0xC3,0x18,0xE4,0x18,0xC3,0x18,
	0xA2,0x10,0x61,0x08,0x20,0x00,0x00,0x00,0x00,0x00,0x00,0x00,0x00,0x00,0x00,0x00,0x00,0x00,0x00,0x00,
	0x00,0x00,0x00,0x00,0x00,0x00,0x00,0x00,0x00,0x00,0x00,0x00,0x00,0x00,0x00,0x00,0x00,0x00,0x00,0x00,
	0x20,0x08,0xC2,0x18,0x23,0x29,0xA4,0x39,0xC5,0x41,0xC5,0x41,0xE6,0x41,0xC5,0x39,0x24,0x29,0x62,0x10,
	0x00,0x00,0x62,0x10,0x61,0x08,0x00,0x00,0x00,0x00,0x00,0x00,0x00,0x00,0x00,0x00,0x00,0x00,0x00,0x00,
	0x00,0x00,0x00,0x00,0x00,0x00,0x00,0x00,0x00,0x00,0x00,0x00,0x82,0x10,0xC3,0x18,0xC3,0x18,0xC3,0x18,
	0xC3,0x18,0xE4,0x18,0xE4,0x18,0xC3,0x18,0xC4,0x18,0xC4,0x18,0xC4,0x18,0xC4,0x18,0xC4,0x18,0xC4,0x18,
	0xC4,0x18,0xC4,0x18,0xC4,0x18,0xE4,0x18,0xE4,0x18,0xC4,0x18,0x82,0x10,0x41,0x08,0x20,0x00,0x00,0x00,
	0x00,0x00,0x00,0x00,0x00,0x00,0x00,0x00,0x00,0x00,0x00,0x00,0x00,0x00,0x00,0x00,0x20,0x00,0x41,0x08,
	0x62,0x10,0xA3,0x18,0xE4,0x18,0xE4,0x18,0xC3,0x18,0xC4,0x18,0xE4,0x20,0xE4,0x20,0xE4,0x18,0xC4,0x18,
	0xC3,0x18,0xC3,0x18,0xE3,0x18,0xC3,0x18,0xC3,0x18,0xC3,0x18,0xC3,0x18,0xC3,0x18,0xC3,0x18,0xE3,0x18,
	0x65,0x29,0xA3,0x18,0x00,0x00,0x00,0x00,0x00,0x00,0xC3,0x18,0x6A,0x4A,0x4D,0x6B,0x35,0xA5,0xAE,0x73,
	0xAA,0x52,0x52,0x8C,0x8A,0x52,0x82,0x10,0x00,0x00,0x00,0x00,0x00,0x00,0x00,0x00,0x00,0x00,0x00,0x00,
	0x00,0x00,0x00,0x00,0x00,0x00,0x00,0x00,0x00,0x00,0x00,0x00,0x00,0x00,0xA7,0x31,0x2D,0x63,0xF4,0x9C,
	0x49,0x4A,0x51,0x84,0xD3,0x94,0x0C,0x63,0xE8,0x41,0x82,0x10,0x00,0x00,0x20,0x00,0x62,0x10,0x82,0x10,
	0x82,0x10,0xA3,0x18,0xA3,0x18,0xA3,0x18,0xA3,0x18,0xA3,0x18,0xA3,0x18,0xC3,0x18,0xC3,0x18,0xC3,0x18,
	0xC3,0x18,0xC3,0x18,0xC3,0x18,0xC3,0x18,0xC3,0x18,0xC3,0x18,0xC3,0x18,0xC3,0x18,0x82,0x10,0x21,0x08,
	0x00,0x00,0x00,0x00,0x00,0x00,0x00,0x00,0x00,0x00,0x20,0x00,0x00,0x00,0x8A,0x52,0x2D,0x6B,0x00,0x00,
	0x20,0x08,0x00,0x00,0x00,0x00,0x00,0x00,0x00,0x00,0x20,0x00,0x20,0x00,0x41,0x08,0x23,0x29,0x22,0x21,
	0xC2,0x18,0x61,0x10,0x00,0x00,0x00,0x00,0x00,0x00,0x00,0x00,0x20,0x00,0xA2,0x18,0x44,0x29,0x85,0x31,
	0x04,0x21,0x41,0x08,0x20,0x00,0x20,0x00,0x00,0x00,0x00,0x00,0x00,0x00,0x00,0x00,0x00,0x00,0x00,0x00,
	0x00,0x00,0x00,0x00,0x00,0x00,0x00,0x00,0x00,0x00,0x40,0x08,0x63,0x31,0x82,0x10,0xA4,0x18,0xE4,0x18,
	0xC3,0x18,0xC3,0x18,0xC3,0x18,0xC3,0x18,0xC4,0x18,0xC4,0x18,0xC4,0x18,0xC4,0x18,0xC4,0x18,0xC4,0x18,
	0xC4,0x18,0xC3,0x18,0xC3,0x18,0xC3,0x10,0x62,0x08,0x20,0x00,0x00,0x00,0x00,0x00,0x00,0x00,0x00,0x00,
	0x00,0x00,0x00,0x00,0x21,0x00,0xCF,0x7B,0x45,0x29,0x00,0x00,0x20,0x00,0x00,0x00,0x00,0x00,0x00,0x00,
	0x00,0x00,0x00,0x00,0x41,0x08,0xA3,0x18,0xC3,0x18,0xC3,0x18,0xC3,0x18,0xC3,0x18,0xE4,0x18,0xE4,0x18,
	0xC3,0x18,0xE4,0x18,0xC3,0x18,0xC3,0x18,0xC3,0x18,0xC3,0x18,0xC3,0x18,0xC3,0x18,0xC3,0x18,0xC3,0x18,
	0x82,0x10,0x82,0x10,0x82,0x10,0x21,0x00,0x00,0x00,0xC3,0x18,0x69,0x4A,0x4D,0x6B,0x35,0xA5,0xAF,0x73,
	0x8A,0x52,0x52,0x8C,0x8B,0x52,0x82,0x10,0x00,0x00,0x00,0x00,0x00,0x00,0x00,0x00,0x00,0x00,0x00,0x00,
	0x00,0x00,0x00,0x00,0x00,0x00,0x00,0x00,0x00,0x00,0x00,0x00,0x00,0x00,0xA7,0x31,0x2D,0x63,0xD4,0x9C,
	0x49,0x4A,0x51,0x84,0xD3,0x94,0x0C,0x5B,0xE8,0x41,0x82,0x10,0x00,0x00,0x20,0x00,0x41,0x08,0x62,0x10,
	0xA2,0x10,0xA3,0x18,0xC3,0x18,0xC3,0x18,0xA3,0x18,0xC3,0x18,0xC3,0x18,0xC3,0x18,0xA3,0x18,0xC3,0x18,
	0xC3,0x18,0xC3,0x18,0xC3,0x18,0xC3,0x18,0xC3,0x18,0xC3,0x18,0xA2,0x10,0x41,0x08,0x00,0x00,0x00,0x00,
	0x00,0x00,0x00,0x00,0x00,0x00,0x00,0x00,0x20,0x00,0x61,0x08,0x00,0x00,0xF3,0x9C,0x18,0xBE,0x20,0x00,
	0x82,0x10,0x61,0x08,0x41,0x08,0x00,0x00,0x00,0x00,0x00,0x00,0x00,0x00,0x20,0x00,0xA7,0x5A,0x2B,0xAD,
	0x0C,0xAD,0x0C,0xB5,0xAA,0xA4,0x0A,0x8C,0x28,0x73,0x67,0x5A,0x05,0x42,0x43,0x29,0xA2,0x18,0x41,0x08,
	0x21,0x00,0x82,0x10,0x82,0x10,0x20,0x00,0x00,0x00,0x00,0x00,0x00,0x00,0x00,0x00,0x00,0x00,0x00,0x00,
	0x00,0x00,0x00,0x00,0x00,0x00,0x00,0x00,0x00,0x00,0x20,0x00,0x68,0xA4,0x26,0x73,0x03,0x21,0x83,0x10,
	0xE4,0x18,0xC3,0x18,0xC3,0x18,0xC3,0x18,0xC3,0x18,0xC3,0x18,0xC3,0x18,0xC4,0x18,0xC4,0x18,0xC3,0x18,
	0xC3,0x18,0xE3,0x18,0x82,0x10,0x20,0x00,0x00,0x00,0x00,0x00,0x00,0x00,0x00,0x00,0x69,0x4A,0xC2,0x18,
	0x20,0x00,0x61,0x08,0xA3,0x18,0x9E,0xF7,0xCB,0x5A,0x00,0x00,0x41,0x08,0xC3,0x18,0x69,0x4A,0x00,0x00,
	0x00,0x00,0x00,0x00,0x00,0x00,0x00,0x00,0x61,0x10,0xC3,0x18,0xE4,0x18,0xC3,0x18,0xC3,0x18,0xC3,0x18,
	0xC3,0x18,0xC3,0x18,0xC3,0x18,0xC3,0x18,0xC3,0x18,0xC3,0x18,0xC3,0x18,0xC3,0x18,0xC3,0x18,0xA3,0x18,
	0xA3,0x18,0x82,0x10,0x62,0x10,0x20,0x00,0x00,0x00,0xC3,0x18,0x6A,0x4A,0x4D,0x6B,0x35,0xA5,0xAF,0x7B,
	0x8A,0x52,0x51,0x8C,0x8A,0x52,0x82,0x10,0x00,0x00,0x00,0x00,0x00,0x00,0x00,0x00,0x00,0x00,0x00,0x00,
	0x00,0x00,0x00,0x00,0x00,0x00,0x00,0x00,0x00,0x00,0x00,0x00,0x00,0x00,0xA7,0x31,0x2D,0x6B,0xD4,0x9C,
	0x49,0x4A,0x51,0x8C,0xD3,0x94,0x0C,0x63,0x08,0x42,0x82,0x10,0x00,0x00,0x21,0x08,0x61,0x08,0x82,0x10,
	0xA2,0x10,0xA3,0x18,0xA3,0x18,0xA2,0x10,0xA3,0x18,0xA3,0x18,0xC3,0x18,0xA3,0x18,0xA3,0x18,0xA3,0x18,
	0xA3,0x18,0xA3,0x18,0xA3,0x18,0xC3,0x18,0xA3,0x18,0x82,0x10,0x00,0x00,0x00,0x00,0x00,0x00,0x00,0x00,
	0x20,0x00,0x20,0x00,0x21,0x08,0x41,0x08,0x62,0x10,0xA3,0x18,0x00,0x00,0xD2,0x9C,0xF7,0xBD,0x21,0x08,
	0xE4,0x20,0xC3,0x18,0xC3,0x18,0x82,0x10,0x41,0x08,0x21,0x08,0x00,0x00,0x00,0x00,0x00,0x00,0x00,0x00,
	0x20,0x00,0x20,0x08,0x61,0x10,0x81,0x10,0xC2,0x20,0x23,0x29,0x84,0x39,0x26,0x4A,0xA8,0x5A,0xC8,0x62,
	0x46,0x52,0x23,0x29,0x41,0x08,0x21,0x08,0x00,0x00,0x41,0x08,0x00,0x00,0x00,0x00,0x00,0x00,0x00,0x00,
	0x00,0x00,0x00,0x00,0x00,0x00,0x00,0x00,0x00,0x00,0x20,0x08,0xC5,0x6A,0xA9,0xAC,0x05,0x7B,0x85,0x62,
	0xA2,0x10,0xC3,0x18,0xC3,0x18,0xC3,0x18,0xC3,0x18,0xC4,0x18,0xC3,0x18,0xC3,0x18,0xC3,0x18,0xC3,0x18,
	0xC3,0x18,0x41,0x08,0x00,0x00,0x00,0x00,0x00,0x00,0x20,0x00,0x41,0x08,0x00,0x00,0xCB,0x5A,0x8A,0x4A,
	0x86,0x31,0x66,0x29,0x66,0x29,0xB6,0xB5,0x89,0x52,0xA3,0x10,0x41,0x08,0xCB,0x5A,0x10,0x84,0x00,0x00,
	0x61,0x08,0x20,0x00,0x00,0x00,0x00,0x00,0x00,0x00,0x21,0x08,0xC3,0x18,0xE4,0x18,0xC3,0x18,0xC3,0x18,
	0xC3,0x18,0xC3,0x18,0xC3,0x18,0xC3,0x18,0xC3,0x18,0xC3,0x18,0xC3,0x18,0xC3,0x18,0xA3,0x18,0xA3,0x18,
	0xA3,0x18,0xA2,0x10,0x82,0x10,0x20,0x00,0x00,0x00,0xC3,0x18,0x6A,0x4A,0x4D,0x6B,0x35,0xA5,0xAF,0x73,
	0xAB,0x52,0x52,0x8C,0x8A,0x52,0x82,0x10,0x00,0x00,0x00,0x00,0x00,0x00,0x00,0x00,0x00,0x00,0x00,0x00,
	0x00,0x00,0x00,0x00,0x00,0x00,0x00,0x00,0x00,0x00,0x00,0x00,0x00,0x00,0xA7,0x31,0x2D,0x63,0xF4,0x9C,
	0x49,0x4A,0x51,0x8C,0xD3,0x94,0x0C,0x63,0x08,0x42,0xA2,0x10,0x00,0x00,0x00,0x00,0x00,0x00,0x00,0x00,
	0x20,0x08,0xA2,0x10,0xA2,0x10,0xA3,0x18,0xA3,0x18,0xA3,0x18,0xA3,0x18,0xA3,0x18,0xC3,0x18,0xC3,0x18,
	0xA3,0x18,0xA3,0x18,0xA3,0x18,0xC3,0x18,0x62,0x10,0x00,0x00,0x00,0x00,0x20,0x00,0x13,0x9D,0x0C,0x63,
	0x00,0x00,0x62,0x10,0x62,0x10,0xA3,0x10,0x82,0x10,0x04,0x21,0x05,0x21,0x0A,0xAD,0x2D,0xD6,0xE8,0x41,
	0x86,0x31,0xE4,0x20,0x04,0x21,0xC3,0x18,0xA3,0x18,0x20,0x00,0xC7,0x39,0xF7,0xBD,0x82,0x10,0x00,0x00,
	0x00,0x00,0x00,0x00,0x00,0x00,0x00,0x00,0x00,0x00,0x00,0x00,0x00,0x00,0x00,0x00,0x00,0x00,0x20,0x00,
	0xE2,0x20,0x84,0x39,0x44,0x31,0x82,0x10,0x63,0x31,0x0B,0xD6,0x24,0x6B,0x00,0x00,0x41,0x08,0x00,0x00,
	0x00,0x00,0x00,0x00,0x00,0x00,0x00,0x00,0x00,0x00,0x61,0x10,0xC4,0x49,0xA8,0x83,0xA6,0x62,0x04,0x7B,
	0x85,0x8B,0xC3,0x18,0xE4,0x18,0xE3,0x18,0xC3,0x18,0xC4,0x18,0xE4,0x18,0xC3,0x18,0xC3,0x18,0xA3,0x10,
	0x20,0x00,0x00,0x00,0x00,0x00,0x92,0x94,0x8E,0x73,0x00,0x00,0xA3,0x18,0xA7,0x39,0x0C,0x63,0x52,0xA5,
	0x14,0xBE,0x31,0xA5,0xB0,0x94,0x8D,0x73,0x2C,0x63,0xEC,0x5A,0x28,0x42,0x10,0x84,0x29,0x4A,0x41,0x08,
	0xA2,0x10,0x00,0x00,0xB2,0x94,0x6D,0x6B,0x00,0x00,0x00,0x00,0x20,0x00,0xA2,0x10,0xE4,0x18,0xC3,0x18,
	0xC3,0x18,0xC3,0x18,0xC3,0x18,0xC3,0x18,0xC3,0x18,0xA3,0x18,0xC3,0x18,0xC3,0x18,0xC3,0x18,0xA3,0x18,
	0x61,0x08,0x20,0x00,0x00,0x00,0x00,0x00,0x00,0x00,0xC3,0x18,0x8A,0x52,0x4D,0x6B,0x35,0xA5,0x8E,0x73,
	0xAB,0x52,0x52,0x8C,0x8A,0x52,0x82,0x10,0x00,0x00,0x00,0x00,0x00,0x00,0x00,0x00,0x00,0x00,0x00,0x00,
	0x00,0x00,0x00,0x00,0x00,0x00,0x00,0x00,0x00,0x00,0x00,0x00,0x00,0x00,0xA7,0x39,0x2D,0x6B,0xF4,0xA4,
	0x49,0x4A,0x51,0x84,0xD3,0x94,0x0C,0x63,0x08,0x42,0xA2,0x10,0x00,0x00,0x45,0x29,0x2C,0x63,0xEB,0x5A,
	0x49,0x4A,0xC3,0x18,0xA2,0x10,0xA2,0x10,0xA3,0x10,0xA3,0x18,0xA3,0x18,0xA3,0x18,0xC3,0x18,0xC3,0x18,
	0xA3,0x18,0xA3,0x18,0xC3,0x18,0x41,0x08,0x00,0x00,0x00,0x00,0x00,0x00,0x00,0x00,0x31,0x8C,0xBE,0xF7,
	0xE4,0x18,0x41,0x08,0xC3,0x18,0xA3,0x10,0x45,0x29,0xB7,0xB5,0xD3,0x94,0xA7,0xC5,0x0B,0xF7,0xD2,0x9C,
	0xD7,0xB5,0x86,0x31,0x04,0x21,0x04,0x21,0xC3,0x18,0x62,0x08,0xBA,0xD6,0x55,0xA5,0x00,0x00,0x20,0x00,
	0x00,0x00,0x00,0x00,0x00,0x00,0x00,0x00,0x00,0x00,0x00,0x00,0x00,0x00,0x20,0x00,0x20,0x00,0x00,0x00,
	0x00,0x00,0x00,0x00,0x00,0x00,0x20,0x00,0x65,0x4A,0x6C,0xFF,0x89,0xC5,0x20,0x08,0x20,0x00,0xA2,0x18,
	0x61,0x10,0x00,0x00,0x81,0x10,0x20,0x00,0x00,0x00,0x20,0x08,0x25,0x52,0xA4,0x39,0x08,0x94,0x00,0x08,
	0x07,0xC5,0x44,0x5A,0xA2,0x18,0xA2,0x10,0xA3,0x10,0xE3,0x18,0xC3,0x18,0xC3,0x18,0xA3,0x10,0x00,0x00,
	0x00,0x00,0x00,0x00,0x00,0x00,0x2C,0x63,0x55,0xAD,0xE8,0x39,0xCF,0x73,0xD4,0xBD,0x55,0xEF,0xD4,0xFF,
	0xD3,0xFF,0xD4,0xFF,0xB4,0xFF,0xB4,0xFF,0x4F,0xDE,0xC9,0x62,0xEC,0x5A,0x86,0x31,0xE3,0x18,0x04,0x21,
	0x21,0x08,0xAB,0x5A,0xFF,0xFF,0xC7,0x39,0x00,0x00,0x00,0x00,0x00,0x00,0x00,0x00,0x82,0x10,0xC3,0x18,
	0xC3,0x18,0xC3,0x18,0xC3,0x18,0xC3,0x18,0xC3,0x18,0xC3,0x18,0xC3,0x18,0xC3,0x18,0xC3,0x18,0xC3,0x18,
	0x08,0x42,0xAB,0x52,0x2D,0x63,0x86,0x31,0x00,0x00,0xE3,0x18,0x8A,0x52,0x4D,0x6B,0x35,0xA5,0xAE,0x73,
	0xAA,0x52,0x52,0x8C,0x8B,0x52,0x82,0x10,0x00,0x00,0x00,0x00,0x00,0x00,0x00,0x00,0x00,0x00,0x00,0x00,
	0x00,0x00,0x00,0x00,0x00,0x00,0x00,0x00,0x00,0x00,0x00,0x00,0x00,0x00,0xA7,0x31,0x2D,0x6B,0xF4,0xA4,
	0x49,0x4A,0x51,0x84,0xD3,0x94,0x0C,0x63,0x08,0x42,0xA2,0x10,0x00,0x00,0xC3,0x18,0xAA,0x52,0xAF,0x73,
	0x10,0x84,0xE4,0x20,0x82,0x10,0xA2,0x10,0xA3,0x18,0xA3,0x10,0xA3,0x18,0xA3,0x18,0xC3,0x18,0xA3,0x18,
	0xA3,0x18,0xA3,0x18,0x62,0x10,0x00,0x00,0x00,0x00,0x00,0x00,0x20,0x00,0x21,0x08,0x21,0x08,0xFB,0xDE,
	0xD6,0xB5,0x41,0x08,0xC3,0x18,0x82,0x10,0x86,0x31,0x6E,0x6B,0xB2,0x94,0xA8,0xC5,0x4D,0xF7,0xC2,0x18,
	0xB2,0x94,0x6E,0x73,0xC3,0x18,0x25,0x29,0x82,0x10,0x92,0x94,0xBE,0xF7,0xA3,0x10,0x21,0x08,0x20,0x00,
	0x00,0x00,0x00,0x00,0x00,0x00,0x00,0x00,0x00,0x00,0x00,0x00,0x00,0x00,0x00,0x00,0x00,0x00,0x00,0x00,
	0x00,0x00,0x82,0x18,0xA2,0x18,0x20,0x00,0x61,0x08,0x4B,0xD6,0xAA,0xEE,0x41,0x31,0x00,0x00,0x41,0x08,
	0x03,0x21,0xE3,0x20,0xA2,0x18,0x06,0x4A,0x81,0x10,0x00,0x00,0x26,0x52,0x61,0x10,0xA7,0x83,0xA1,0x18,
	0x28,0xC5,0xA4,0x6A,0x45,0xAC,0x05,0xA4,0x23,0x29,0xA3,0x10,0xC3,0x18,0xC3,0x18,0x21,0x08,0x00,0x00,
	0x00,0x00,0x00,0x00,0xC3,0x18,0xE8,0x39,0xEF,0x83,0x34,0xCE,0x95,0xF7,0xD3,0xFF,0xB2,0xFF,0x92,0xFF,
	0x72,0xFF,0x72,0xFF,0x72,0xFF,0x50,0xFF,0x85,0x83,0xAA,0x52,0x4D,0x63,0xA3,0x18,0xE4,0x20,0xC4,0x18,
	0x66,0x29,0xBE,0xF7,0xD2,0x94,0x00,0x00,0x41,0x08,0x20,0x00,0x00,0x00,0x00,0x00,0x00,0x00,0xA3,0x18,
	0xC3,0x18,0xA3,0x18,0xC3,0x18,0xC3,0x18,0xC3,0x18,0xC3,0x18,0xA3,0x18,0xA3,0x18,0xA3,0x18,0xC3,0x18,
	0xCF,0x7B,0xCF,0x7B,0xEC,0x5A,0x04,0x21,0x00,0x00,0xE3,0x18,0x6A,0x4A,0x4E,0x6B,0x35,0xA5,0xAE,0x7B,
	0x8A,0x52,0x51,0x8C,0x8A,0x52,0x82,0x10,0x00,0x00,0x00,0x00,0x00,0x00,0x00,0x00,0x00,0x00,0x00,0x00,
	0x00,0x00,0x00,0x00,0x00,0x00,0x00,0x00,0x00,0x00,0x00,0x00,0x00,0x00,0xA7,0x31,0x2D,0x6B,0xF4,0xA4,
	0x49,0x4A,0x51,0x84,0xD3,0x94,0x0C,0x63,0x08,0x42,0xA2,0x10,0x00,0x00,0x00,0x00,0x00,0x00,0x00,0x00,
	0x00,0x00,0x82,0x10,0xA2,0x10,0xA2,0x10,0xA3,0x10,0xA3,0x18,0xA3,0x18,0xA3,0x18,0xC3,0x18,0xA3,0x18,
	0xA3,0x18,0x82,0x10,0x00,0x00,0x00,0x00,0x00,0x00,0x20,0x00,0x21,0x08,0x41,0x08,0x00,0x00,0x8A,0x52,
	0x34,0xA5,0x83,0x10,0xA3,0x18,0xC3,0x18,0x41,0x08,0x28,0x42,0xB2,0x94,0x87,0xC5,0x4C,0xF7,0xA1,0x10,
	0x51,0x8C,0x6D,0x6B,0xC3,0x18,0x45,0x29,0xC3,0x18,0x31,0x84,0x0C,0x63,0x00,0x00,0x82,0x10,0x41,0x08,
	0x20,0x00,0x00,0x00,0x00,0x00,0x00,0x00,0x20,0x00,0x00,0x00,0x00,0x00,0x61,0x08,0xC4,0x41,0xE8,0x6A,
	0xC8,0x62,0x05,0x42,0xC5,0x41,0x44,0x5A,0xC3,0x49,0x09,0xAD,0x4B,0xFF,0xC4,0x62,0x00,0x00,0x00,0x00,
	0x00,0x00,0x03,0x21,0x85,0x31,0x44,0x31,0x67,0x5A,0xC2,0x20,0x84,0x39,0x61,0x08,0x86,0x5A,0xC3,0x41,
	0x2A,0xBD,0xE3,0x49,0x26,0xCD,0xA3,0x9B,0xC3,0x7A,0xA3,0x41,0xC3,0x18,0x41,0x08,0x00,0x00,0x41,0x08,
	0x25,0x21,0xAB,0x52,0x91,0x94,0x95,0xD6,0xB5,0xFF,0xD3,0xFF,0x92,0xFF,0x92,0xFF,0x92,0xFF,0x92,0xFF,
	0x72,0xFF,0x72,0xFF,0x92,0xFF,0x08,0xB5,0x06,0x42,0xF0,0x7B,0x30,0x84,0x82,0x10,0x04,0x21,0x82,0x10,
	0x86,0x31,0x34,0xA5,0xE4,0x20,0x41,0x08,0x41,0x08,0x00,0x00,0xA6,0x31,0x20,0x00,0x00,0x00,0x20,0x08,
	0xA3,0x18,0xA3,0x18,0xA3,0x18,0xA3,0x18,0xC3,0x18,0xC3,0x18,0xC3,0x18,0xA3,0x18,0xA3,0x18,0xA3,0x10,
	0x21,0x08,0x00,0x00,0x00,0x00,0x00,0x00,0x00,0x00,0xC3,0x18,0x6A,0x4A,0x4E,0x6B,0x35,0xA5,0xAF,0x73,
	0x8A,0x52,0x52,0x8C,0x8A,0x52,0x82,0x10,0x00,0x00,0x00,0x00,0x00,0x00,0x00,0x00,0x00,0x00,0x00,0x00,
	0x00,0x00,0x00,0x00,0x00,0x00,0x00,0x00,0x00,0x00,0x00,0x00,0x00,0x00,0xA7,0x39,0x2D,0x6B,0xF4,0xA4,
	0x49,0x4A,0x51,0x8C,0xB3,0x94,0x0D,0x63,0x08,0x42,0xA2,0x10,0x00,0x00,0x00,0x00,0x41,0x08,0x82,0x10,
	0x82,0x10,0x82,0x10,0xA2,0x10,0xA3,0x10,0xA3,0x10,0xA3,0x18,0xA3,0x18,0xA3,0x18,0xA3,0x18,0xA3,0x18,
	0xA2,0x10,0x20,0x00,0x00,0x00,0x00,0x00,0x00,0x00,0x21,0x08,0x41,0x08,0x41,0x08,0x61,0x08,0x41,0x08,
	0x21,0x08,0xA3,0x10,0xC3,0x18,0xE4,0x20,0xA2,0x10,0x69,0x4A,0x14,0xA5,0x87,0xC5,0x2C,0xF7,0xEA,0x62,
	0xB7,0xB5,0xC7,0x39,0x04,0x21,0x45,0x29,0x04,0x21,0x82,0x10,0x82,0x10,0xA3,0x18,0x61,0x08,0x41,0x08,
	0x21,0x08,0x20,0x00,0x00,0x00,0x00,0x00,0x20,0x00,0x04,0x4A,0xC8,0x8B,0x29,0x9C,0x27,0x73,0x84,0x39,
	0x03,0x21,0x46,0x52,0x0B,0xAD,0x49,0xE6,0xC5,0xBC,0xC8,0xAC,0x2C,0xFF,0x07,0xB5,0xA2,0x41,0xC2,0x20,
	0x20,0x00,0x00,0x00,0x21,0x08,0x24,0x29,0x64,0x31,0x46,0x52,0x46,0x52,0x00,0x00,0xA4,0x41,0x29,0x94,
	0x86,0x52,0x04,0x7B,0x47,0xCD,0x45,0xA4,0x83,0x8B,0x83,0x6A,0xA1,0x18,0x41,0x08,0x45,0x29,0x2C,0x63,
	0x32,0xA5,0xF5,0xDE,0xB4,0xFF,0xD2,0xFF,0x92,0xFF,0x92,0xFF,0x92,0xFF,0x92,0xFF,0x92,0xFF,0x92,0xFF,
	0x72,0xFF,0x92,0xFF,0x2B,0xDE,0x86,0x62,0xCC,0x52,0x95,0xAD,0xEC,0x5A,0x82,0x10,0x04,0x21,0xE4,0x20,
	0xA3,0x10,0x21,0x00,0x61,0x08,0x62,0x10,0x21,0x08,0xAE,0x73,0x10,0x84,0x00,0x00,0x00,0x00,0x00,0x00,
	0x41,0x08,0xA2,0x10,0xA3,0x18,0xA3,0x18,0xC3,0x18,0xC3,0x18,0xC3,0x18,0xA3,0x18,0xA3,0x18,0xA3,0x10,
	0xA3,0x10,0x82,0x10,0x61,0x08,0x20,0x00,0x00,0x00,0xC3,0x18,0x8A,0x52,0x4D,0x6B,0x35,0xA5,0xAE,0x73,
	0x8A,0x52,0x52,0x8C,0x8B,0x52,0x82,0x10,0x00,0x00,0x00,0x00,0x00,0x00,0x00,0x00,0x00,0x00,0x00,0x00,
	0x00,0x00,0x00,0x00,0x00,0x00,0x00,0x00,0x00,0x00,0x00,0x00,0x00,0x00,0xA7,0x39,0x4D,0x6B,0xF4,0xA4,
	0x49,0x4A,0x51,0x8C,0xD3,0x94,0x0C,0x63,0x08,0x42,0xA2,0x10,0x00,0x00,0x00,0x00,0x41,0x08,0x62,0x10,
	0x62,0x10,0x82,0x10,0xA2,0x10,0xA2,0x10,0xA3,0x10,0xA3,0x10,0xA3,0x10,0xA3,0x10,0xA3,0x10,0xA2,0x10,
	0x41,0x08,0x00,0x00,0x00,0x00,0x20,0x00,0x00,0x00,0x21,0x08,0x41,0x08,0x41,0x08,0x41,0x08,0x82,0x10,
	0xA3,0x10,0xA3,0x18,0xC3,0x18,0xE4,0x20,0xC3,0x18,0xC7,0x39,0x0C,0x63,0xA8,0xC5,0x0B,0xF7,0x4F,0x8C,
	0xAB,0x52,0xC3,0x18,0x24,0x21,0x04,0x21,0xE3,0x18,0x04,0x21,0xE3,0x18,0xA2,0x10,0x82,0x10,0x62,0x10,
	0x41,0x08,0x41,0x08,0x20,0x00,0x00,0x00,0x00,0x00,0xA9,0x83,0x6A,0x9C,0xE2,0x20,0x00,0x00,0x41,0x08,
	0xC7,0x62,0x6F,0xDE,0x6F,0xFF,0xCA,0xEE,0x28,0xE6,0x27,0x94,0x4A,0xDE,0x49,0xDE,0xE5,0xBC,0x65,0xB4,
	0xC5,0x93,0x45,0x7B,0xC4,0x41,0x41,0x08,0xC3,0x18,0xA5,0x39,0x06,0x4A,0x64,0x31,0x45,0x52,0x09,0x94,
	0x83,0x39,0x87,0xB4,0xA4,0x6A,0x89,0xEE,0xA8,0xF6,0x46,0x7B,0xA7,0x31,0xAE,0x73,0xB3,0xBD,0x35,0xEF,
	0xD4,0xFF,0xB2,0xFF,0x92,0xFF,0x92,0xFF,0x92,0xFF,0x92,0xFF,0x92,0xFF,0x72,0xFF,0x92,0xFF,0x92,0xFF,
	0xB2,0xFF,0xED,0xF6,0x25,0x7B,0xCC,0x5A,0xED,0x7B,0x92,0x94,0x8A,0x52,0xC3,0x18,0x24,0x21,0xE4,0x18,
	0xE4,0x18,0xC3,0x18,0xA2,0x10,0x20,0x00,0xE7,0x39,0x10,0x84,0x00,0x00,0x20,0x00,0x20,0x00,0x00,0x00,
	0x00,0x00,0x82,0x10,0xC3,0x18,0xC3,0x18,0xC3,0x18,0xC3,0x18,0xC3,0x18,0xC3,0x18,0xA3,0x18,0xA3,0x10,
	0x82,0x10,0x62,0x10,0x41,0x08,0x20,0x00,0x00,0x00,0xE3,0x18,0x8A,0x52,0x4D,0x6B,0x35,0xA5,0x8E,0x73,
	0xAB,0x52,0x52,0x8C,0x8A,0x52,0x82,0x10,0x00,0x00,0x00,0x00,0x00,0x00,0x00,0x00,0x00,0x00,0x00,0x00,
	0x00,0x00,0x00,0x00,0x00,0x00,0x00,0x00,0x00,0x00,0x00,0x00,0x00,0x00,0xA7,0x39,0x4D,0x6B,0xF4,0xA4,
	0x49,0x4A,0x51,0x8C,0xD3,0x94,0x0C,0x63,0x08,0x42,0xA2,0x10,0x00,0x00,0x00,0x00,0x41,0x08,0x82,0x10,
	0xA2,0x10,0x82,0x10,0xA2,0x10,0xA2,0x10,0xA3,0x10,0xA3,0x10,0xA3,0x10,0xA3,0x10,0xA3,0x18,0x82,0x10,
	0x00,0x00,0x00,0x00,0x00,0x00,0x00,0x00,0x20,0x00,0x41,0x08,0x41,0x08,0x41,0x08,0x62,0x10,0x82,0x10,
	0x82,0x10,0xA3,0x10,0xA3,0x18,0xC3,0x18,0xE4,0x20,0xC3,0x18,0x41,0x08,0xE8,0xCD,0x0B,0xF7,0x03,0x21,
	0xC3,0x18,0x24,0x21,0xE4,0x20,0xE4,0x20,0xC3,0x18,0xC3,0x18,0xA2,0x10,0xA2,0x10,0x82,0x10,0x62,0x10,
	0x62,0x10,0x61,0x08,0x00,0x00,0x20,0x00,0x41,0x08,0x20,0x00,0x41,0x08,0x00,0x00,0xA2,0x18,0x45,0x5A,
	0xA9,0xCD,0x0D,0xEF,0x0D,0xEF,0x2C,0xF7,0x4B,0xDE,0xA5,0x62,0x4C,0xDE,0x8A,0xE6,0xE8,0xD5,0x29,0xE6,
	0x65,0xAC,0xC7,0xDD,0x2C,0xFF,0x0D,0xCE,0xA7,0x52,0xA2,0x18,0x05,0x4A,0x26,0x4A,0x0A,0x94,0x05,0x4A,
	0x09,0x94,0x69,0x9C,0x62,0x31,0x67,0x7B,0x6C,0x73,0x10,0x7C,0x34,0xC6,0x95,0xF7,0xD3,0xFF,0xB2,0xFF,
	0x92,0xFF,0x92,0xFF,0x92,0xFF,0x92,0xFF,0x92,0xFF,0x72,0xFF,0x72,0xFF,0x92,0xFF,0x91,0xFF,0x0D,0xF7,
	0x69,0xC5,0x25,0x7B,0x09,0x42,0xCE,0x9C,0xE6,0x8B,0x01,0x00,0x04,0x21,0x04,0x21,0x04,0x21,0xE4,0x20,
	0xE4,0x20,0xC3,0x18,0xA2,0x10,0x61,0x08,0x61,0x08,0x00,0x00,0x41,0x08,0x21,0x08,0x00,0x00,0x00,0x00,
	0x00,0x00,0x21,0x08,0xA3,0x18,0xA3,0x18,0xC3,0x18,0xC3,0x18,0xC3,0x18,0xC3,0x18,0xA3,0x18,0xA2,0x10,
	0xA2,0x10,0x82,0x10,0x41,0x08,0x00,0x00,0x00,0x00,0xE3,0x18,0x6A,0x4A,0x4D,0x6B,0x35,0xA5,0x8E,0x73,
	0xAB,0x52,0x52,0x8C,0x8A,0x52,0x82,0x10,0x00,0x00,0x00,0x00,0x00,0x00,0x00,0x00,0x00,0x00,0x00,0x00,
	0x00,0x00,0x00,0x00,0x00,0x00,0x00,0x00,0x00,0x00,0x00,0x00,0x00,0x00,0xA7,0x39,0x4D,0x6B,0xF4,0xA4,
	0x49,0x4A,0x51,0x84,0xD3,0x94,0x0C,0x63,0x08,0x42,0xA2,0x10,0x00,0x00,0x00,0x00,0x20,0x00,0x20,0x00,
	0x00,0x00,0x82,0x10,0xA2,0x10,0xA2,0x10,0xA3,0x10,0xA3,0x10,0xA3,0x10,0xA3,0x10,0xA3,0x10,0x41,0x08,
	0x00,0x00,0x2D,0x6B,0x9A,0xD6,0x49,0x4A,0x00,0x00,0x00,0x00,0x41,0x08,0x41,0x08,0x61,0x08,0x62,0x10,
	0x82,0x10,0x82,0x10,0xA2,0x10,0xC3,0x18,0xE3,0x18,0xE4,0x20,0x82,0x10,0xE8,0xCD,0x2B,0xF7,0xA5,0x31,
	0x24,0x21,0x24,0x21,0x04,0x21,0x04,0x21,0xC3,0x18,0xC3,0x18,0xA2,0x10,0x82,0x10,0x61,0x08,0x61,0x08,
	0x21,0x08,0x00,0x00,0x28,0x42,0xDB,0xD6,0xAE,0x73,0x00,0x00,0x41,0x08,0xA2,0x18,0xE4,0x41,0xC6,0xBC,
	0xC7,0xDD,0x29,0xDE,0xCC,0xEE,0x4D,0xFF,0x69,0x9C,0x6A,0xBD,0xED,0xE6,0xCA,0xF6,0xE8,0xAC,0xE4,0x41,
	0x84,0x6A,0xA7,0xDD,0x2D,0xF7,0xB1,0xFF,0xF3,0xFF,0x8E,0xB5,0x46,0x4A,0xC4,0x41,0x27,0x73,0xA6,0x5A,
	0x0E,0xCE,0x8C,0x94,0x4C,0x6B,0x30,0x84,0x75,0xCE,0xB5,0xFF,0xD3,0xFF,0x92,0xFF,0x92,0xFF,0x92,0xFF,
	0x92,0xFF,0x92,0xFF,0x92,0xFF,0x92,0xFF,0x72,0xFF,0x92,0xFF,0x91,0xFF,0xAD,0xEE,0x07,0xBD,0x26,0x7B,
	0xA8,0x5A,0xAB,0x52,0x6C,0x6B,0x0C,0xEF,0x47,0x94,0xA4,0x18,0x45,0x29,0x04,0x21,0xE4,0x20,0xE3,0x20,
	0xC3,0x18,0xC3,0x18,0xA2,0x10,0x82,0x10,0x41,0x08,0x61,0x08,0x00,0x00,0x00,0x00,0x4D,0x6B,0x59,0xC6,
	0xC3,0x18,0x00,0x00,0xA2,0x10,0xC3,0x18,0xC3,0x18,0xA3,0x18,0xA3,0x18,0xA3,0x18,0xA3,0x18,0x82,0x10,
	0x21,0x08,0x21,0x08,0x41,0x08,0x20,0x00,0x00,0x00,0xE3,0x18,0x6A,0x4A,0x4D,0x6B,0x35,0xA5,0xAE,0x73,
	0xAB,0x52,0x52,0x8C,0x8A,0x52,0x82,0x10,0x00,0x00,0x00,0x00,0x00,0x00,0x00,0x00,0x00,0x00,0x00,0x00,
	0x00,0x00,0x00,0x00,0x00,0x00,0x00,0x00,0x00,0x00,0x00,0x00,0x00,0x00,0xA7,0x31,0x4D,0x6B,0xF4,0xA4,
	0x49,0x4A,0x31,0x84,0xD3,0x94,0x0D,0x63,0x08,0x42,0xA2,0x10,0x00,0x00,0x65,0x29,0xF0,0x7B,0x72,0x8C,
	0x10,0x84,0xC3,0x18,0x82,0x10,0xA3,0x18,0xA3,0x10,0xA3,0x10,0xA3,0x10,0xA3,0x10,0x82,0x10,0x00,0x00,
	0x00,0x00,0x24,0x21,0x75,0xAD,0xFF,0xFF,0xB6,0xB5,0x25,0x29,0x21,0x08,0x41,0x08,0x41,0x08,0x61,0x08,
	0x62,0x10,0x82,0x10,0xA2,0x10,0xA2,0x10,0xC3,0x18,0xC3,0x18,0xA2,0x10,0xE8,0xCD,0x2B,0xF7,0xA5,0x39,
	0x05,0x21,0x04,0x21,0xE3,0x18,0xE3,0x18,0xE4,0x20,0xC3,0x18,0x82,0x10,0x62,0x10,0x82,0x10,0x21,0x08,
	0xC3,0x18,0x75,0xAD,0xFF,0xFF,0x34,0xA5,0xE4,0x20,0x00,0x00,0x41,0x08,0x43,0x29,0x25,0x7B,0xA6,0xB4,
	0x06,0xC5,0x87,0xCD,0x6A,0xE6,0xCB,0xCD,0x88,0x9C,0x6D,0xFF,0xAF,0xDE,0xEC,0xEE,0xC7,0xA4,0x42,0x00,
	0x05,0x6B,0x88,0xCD,0xCC,0xEE,0xB2,0xFF,0x72,0xF7,0xF5,0xFF,0xCF,0xBD,0x2A,0x8C,0x4E,0xD6,0x2C,0x8C,
	0xEB,0x5A,0x91,0x8C,0xD5,0xDE,0xD4,0xFF,0xD2,0xFF,0x92,0xFF,0x92,0xFF,0x92,0xFF,0x92,0xFF,0x92,0xFF,
	0x92,0xFF,0x92,0xFF,0x92,0xFF,0x92,0xFF,0x70,0xFF,0x6B,0xEE,0x86,0xAC,0x06,0x73,0xCA,0x62,0x0D,0x63,
	0xCB,0x52,0x46,0x29,0xC4,0x62,0xEC,0xFF,0x07,0x8C,0x62,0x10,0x25,0x29,0x04,0x21,0xE3,0x18,0xC3,0x18,
	0xC3,0x18,0x82,0x10,0x62,0x10,0x82,0x10,0x61,0x08,0x21,0x08,0xC7,0x39,0x38,0xC6,0xDE,0xF7,0xF0,0x7B,
	0x61,0x08,0x00,0x00,0x41,0x08,0xC3,0x18,0xA3,0x18,0xA3,0x18,0xA3,0x18,0xA3,0x18,0x82,0x10,0xE3,0x18,
	0x51,0x84,0xB2,0x94,0x92,0x94,0x08,0x42,0x00,0x00,0xE3,0x18,0x8A,0x52,0x4D,0x6B,0x35,0xA5,0xAE,0x73,
	0xAB,0x52,0x52,0x8C,0x8B,0x52,0x82,0x10,0x00,0x00,0x00,0x00,0x00,0x00,0x00,0x00,0x00,0x00,0x00,0x00,
	0x00,0x00,0x00,0x00,0x00,0x00,0x00,0x00,0x00,0x00,0x00,0x00,0x00,0x00,0xA7,0x39,0x2D,0x6B,0xF4,0xA4,
	0x49,0x4A,0x51,0x8C,0xD3,0x94,0x0C,0x63,0x08,0x42,0xA2,0x10,0x00,0x00,0x41,0x08,0xC3,0x18,0x66,0x29,
	0xC7,0x39,0xA3,0x10,0x82,0x10,0xA2,0x10,0xA3,0x10,0xA3,0x18,0xA3,0x10,0xA3,0x10,0x41,0x08,0x00,0x00,
	0x00,0x00,0x00,0x00,0x00,0x00,0x08,0x42,0x18,0xC6,0x29,0x4A,0x00,0x00,0x21,0x08,0x21,0x08,0x41,0x08,
	0x61,0x08,0x62,0x10,0x82,0x10,0x82,0x10,0xC3,0x18,0xE4,0x18,0xA3,0x10,0xE9,0xCD,0x2B,0xF7,0x84,0x31,
	0x04,0x21,0x04,0x21,0xC3,0x18,0xC3,0x18,0xA3,0x18,0xA3,0x18,0x82,0x10,0x81,0x08,0x62,0x10,0x00,0x00,
	0xC7,0x39,0x59,0xCE,0x28,0x42,0x00,0x00,0x00,0x00,0x00,0x00,0x00,0x00,0x63,0x31,0xC5,0x6A,0x45,0x83,
	0x06,0xA4,0xC6,0xB4,0x69,0xCD,0x08,0x94,0x48,0xC5,0x2E,0xFF,0xE7,0x5A,0x69,0xB5,0x8A,0xE6,0xE9,0x5A,
	0xCD,0x7B,0x8C,0x7B,0x8A,0x73,0xAD,0xB5,0x92,0xF7,0xB4,0xFF,0x92,0xD6,0x49,0x73,0x90,0xD6,0x4C,0x63,
	0xB4,0xB5,0xF5,0xFF,0xB2,0xFF,0x92,0xFF,0x92,0xFF,0x92,0xFF,0x92,0xFF,0x92,0xFF,0x92,0xFF,0x92,0xFF,
	0x72,0xFF,0x91,0xFF,0x4F,0xFF,0x0A,0xDE,0x26,0x9C,0xC6,0x6A,0xCA,0x5A,0x0D,0x63,0x49,0x4A,0x24,0x21,
	0xE3,0x20,0x63,0x10,0xA5,0x5A,0xEC,0xFF,0xE7,0x8B,0x83,0x10,0x25,0x29,0xE4,0x20,0xE3,0x18,0xC3,0x18,
	0x82,0x10,0x82,0x10,0x61,0x08,0x61,0x08,0x81,0x08,0x00,0x00,0x71,0x8C,0xF7,0xBD,0x25,0x29,0x00,0x00,
	0x00,0x00,0x00,0x00,0x00,0x00,0x82,0x10,0xA3,0x18,0xA3,0x10,0xA2,0x10,0xA2,0x10,0x82,0x10,0xA3,0x18,
	0xC7,0x31,0x45,0x29,0xC3,0x18,0x41,0x08,0x00,0x00,0xE3,0x18,0x8A,0x4A,0x4D,0x6B,0x35,0xA5,0xAF,0x73,
	0xAB,0x52,0x52,0x8C,0xAB,0x52,0x82,0x10,0x00,0x00,0x00,0x00,0x00,0x00,0x00,0x00,0x00,0x00,0x00,0x00,
	0x00,0x00,0x00,0x00,0x00,0x00,0x00,0x00,0x00,0x00,0x00,0x00,0x00,0x00,0xA7,0x39,0x4D,0x6B,0xF4,0xA4,
	0x49,0x4A,0x51,0x8C,0xD3,0x94,0x0C,0x63,0x08,0x42,0xA2,0x10,0x00,0x00,0x00,0x00,0x00,0x00,0x20,0x08,
	0x41,0x08,0x82,0x10,0xA2,0x10,0xA2,0x10,0xA3,0x10,0xA3,0x18,0xA3,0x18,0xA3,0x18,0x21,0x00,0x00,0x00,
	0x00,0x00,0x00,0x00,0x00,0x00,0x00,0x00,0x00,0x00,0x00,0x00,0x00,0x00,0x20,0x00,0x21,0x08,0x20,0x00,
	0x21,0x08,0x41,0x08,0x62,0x10,0x82,0x10,0x82,0x10,0xC3,0x18,0x62,0x10,0xE9,0xCD,0x2B,0xF7,0x64,0x31,
	0xE4,0x20,0x04,0x21,0xC3,0x18,0xA3,0x18,0x82,0x10,0x82,0x10,0x82,0x10,0x62,0x10,0x61,0x08,0x41,0x08,
	0x21,0x08,0x00,0x00,0x00,0x00,0x41,0x08,0x20,0x00,0x00,0x00,0x00,0x00,0xE2,0x20,0x65,0x5A,0xA6,0x62,
	0x26,0x7B,0xE7,0x9B,0x08,0x9C,0xC6,0x6A,0xA7,0x8B,0x67,0x7B,0xA7,0x31,0x6E,0xB5,0xEA,0xF6,0x2B,0x8C,
	0x6F,0x6B,0xCE,0x7B,0x4D,0x6B,0x0C,0x63,0x8D,0x94,0x72,0xFF,0xF6,0xFF,0x09,0x84,0x24,0x21,0x8D,0x6B,
	0x33,0xEF,0x92,0xFF,0x92,0xFF,0x92,0xFF,0x92,0xFF,0x92,0xFF,0x72,0xFF,0x72,0xFF,0x92,0xFF,0xB1,0xFF,
	0x2E,0xFF,0xA9,0xD5,0xC5,0x9B,0xC7,0x6A,0xEC,0x62,0x0D,0x5B,0x08,0x42,0xE3,0x18,0x61,0x08,0xA3,0x10,
	0xE3,0x20,0x83,0x10,0xC5,0x5A,0xEC,0xFF,0x07,0x8C,0xA4,0x10,0x45,0x29,0x04,0x21,0xC3,0x18,0x82,0x10,
	0x82,0x10,0x62,0x10,0x41,0x08,0x41,0x08,0x41,0x08,0x21,0x08,0x21,0x08,0x00,0x00,0x00,0x00,0x20,0x00,
	0x00,0x00,0x00,0x00,0x00,0x00,0x62,0x10,0xA3,0x10,0xA2,0x10,0xA2,0x10,0xA2,0x10,0xA2,0x10,0x82,0x10,
	0x41,0x08,0x21,0x08,0x20,0x00,0x00,0x00,0x00,0x00,0xE3,0x18,0x6A,0x4A,0x4D,0x6B,0x35,0xA5,0xAF,0x73,
	0xAB,0x52,0x52,0x8C,0x8B,0x52,0x82,0x10,0x00,0x00,0x00,0x00,0x00,0x00,0x00,0x00,0x00,0x00,0x00,0x00,
	0x00,0x00,0x00,0x00,0x00,0x00,0x00,0x00,0x00,0x00,0x00,0x00,0x00,0x00,0xA7,0x39,0x4D,0x6B,0xF4,0xA4,
	0x49,0x4A,0x51,0x8C,0xD3,0x94,0x0C,0x63,0x08,0x42,0xA2,0x10,0x00,0x00,0x00,0x00,0x41,0x08,0x61,0x08,
	0x82,0x10,0x82,0x10,0xA2,0x10,0xA2,0x10,0x82,0x10,0xA3,0x10,0xA3,0x10,0xA3,0x10,0x00,0x00,0x00,0x00,
	0x00,0x00,0x00,0x00,0x00,0x00,0x00,0x00,0x00,0x00,0x00,0x00,0x00,0x00,0x20,0x00,0x20,0x00,0x20,0x00,
	0x20,0x00,0x21,0x08,0x41,0x08,0x41,0x08,0x61,0x08,0xC3,0x18,0x62,0x08,0xE9,0xCD,0xEB,0xEE,0x44,0x29,
	0x04,0x21,0xE3,0x20,0xA3,0x18,0x82,0x10,0x62,0x10,0x61,0x08,0x61,0x08,0x61,0x08,0x41,0x08,0x41,0x08,
	0x41,0x08,0x21,0x08,0x41,0x08,0x21,0x08,0x20,0x00,0x00,0x00,0x00,0x00,0x41,0x08,0xA5,0x39,0x26,0x4A,
	0x46,0x5A,0xA7,0x6A,0x05,0x4A,0x83,0x39,0xE1,0x20,0xC7,0x39,0x31,0x84,0x4E,0x8C,0xEB,0xF6,0xA9,0xA4,
	0x8A,0x52,0xAA,0x52,0xEC,0x62,0x6D,0x73,0x0C,0x63,0xAD,0x94,0x8E,0xB5,0xAC,0x7B,0xCB,0x5A,0xCB,0x5A,
	0x4F,0xD6,0xD2,0xFF,0x92,0xFF,0x92,0xFF,0x72,0xFF,0x72,0xFF,0x92,0xFF,0x90,0xFF,0xCC,0xF6,0x47,0xC5,
	0x85,0x83,0xA7,0x5A,0x0C,0x63,0xCB,0x52,0xA7,0x31,0x82,0x10,0x20,0x00,0x41,0x08,0x62,0x10,0xA2,0x10,
	0xC3,0x18,0x62,0x08,0xA5,0x5A,0xED,0xFF,0x28,0x8C,0xA3,0x10,0x24,0x21,0xC3,0x18,0xA3,0x18,0x82,0x10,
	0x61,0x08,0x41,0x08,0x21,0x08,0x21,0x08,0x21,0x08,0x20,0x00,0x00,0x00,0x00,0x00,0x00,0x00,0x00,0x00,
	0x45,0x29,0x65,0x29,0x00,0x00,0x41,0x08,0xA3,0x18,0xA2,0x10,0xA2,0x10,0xA2,0x10,0xA2,0x10,0xA2,0x10,
	0x82,0x10,0x62,0x10,0x41,0x08,0x00,0x00,0x00,0x00,0xE3,0x18,0x6A,0x4A,0x4D,0x6B,0x35,0xA5,0xAE,0x73,
	0xAA,0x52,0x52,0x8C,0xAB,0x52,0x82,0x10,0x00,0x00,0x00,0x00,0x00,0x00,0x00,0x00,0x00,0x00,0x00,0x00,
	0x00,0x00,0x00,0x00,0x00,0x00,0x00,0x00,0x00,0x00,0x00,0x00,0x00,0x00,0xC7,0x39,0x4D,0x6B,0xF4,0xA4,
	0x49,0x4A,0x51,0x8C,0xD3,0x94,0x0D,0x63,0x08,0x42,0xA2,0x10,0x00,0x00,0x00,0x00,0x20,0x08,0x21,0x08,
	0x41,0x08,0x61,0x08,0x61,0x10,0x82,0x10,0xA2,0x10,0x82,0x10,0xA3,0x18,0xA2,0x10,0x00,0x00,0x00,0x00,
	0x00,0x00,0x00,0x00,0x00,0x00,0x00,0x00,0x00,0x00,0x00,0x00,0x00,0x00,0x00,0x00,0x00,0x00,0x00,0x00,
	0x00,0x00,0x20,0x00,0x20,0x00,0x21,0x08,0x61,0x08,0xA2,0x10,0x21,0x00,0xC8,0xC5,0xEA,0xEE,0x04,0x21,
	0xE4,0x20,0xA3,0x18,0x82,0x10,0x62,0x10,0x61,0x08,0x41,0x08,0x41,0x08,0x41,0x08,0x21,0x08,0x21,0x08,
	0x21,0x08,0x20,0x00,0x20,0x00,0x20,0x00,0x20,0x00,0x00,0x00,0x00,0x00,0x20,0x00,0x04,0x21,0x85,0x31,
	0xA5,0x39,0x85,0x31,0x44,0x31,0xA7,0xB4,0x28,0x9C,0xCF,0x73,0x8D,0x73,0xEC,0x5A,0x6D,0xDE,0x6A,0xE6,
	0xEA,0xCD,0x4A,0xB5,0x49,0x6B,0xAB,0x5A,0x4D,0x6B,0xCB,0x5A,0x8B,0x52,0xCC,0x5A,0x0C,0x63,0x8B,0x52,
	0x6C,0x94,0xB1,0xFF,0x92,0xFF,0x92,0xFF,0x92,0xFF,0x90,0xFF,0xAB,0xEE,0xC6,0xB4,0x25,0x7B,0xC9,0x62,
	0xEC,0x5A,0x8B,0x4A,0x45,0x29,0x20,0x00,0x00,0x00,0x20,0x00,0x21,0x08,0x21,0x08,0x41,0x08,0x62,0x10,
	0xA2,0x10,0x41,0x08,0x04,0x42,0xED,0xFF,0x07,0x8C,0x83,0x10,0x24,0x21,0x82,0x10,0x62,0x10,0x61,0x08,
	0x41,0x08,0x21,0x08,0x20,0x00,0x00,0x00,0x00,0x00,0x00,0x00,0x00,0x00,0x00,0x00,0x62,0x10,0x30,0x84,
	0x92,0x94,0x08,0x42,0x00,0x00,0x21,0x08,0xA3,0x18,0xA2,0x10,0xA2,0x10,0x82,0x10,0x61,0x08,0x61,0x08,
	0x41,0x08,0x41,0x08,0x41,0x08,0x00,0x00,0x00,0x00,0xE3,0x18,0x6A,0x4A,0x4D,0x6B,0x35,0xA5,0xAE,0x73,
	0xAB,0x52,0x52,0x8C,0xAB,0x52,0x82,0x10,0x00,0x00,0x00,0x00,0x00,0x00,0x00,0x00,0x00,0x00,0x00,0x00,
	0x00,0x00,0x00,0x00,0x00,0x00,0x00,0x00,0x00,0x00,0x00,0x00,0x00,0x00,0xA7,0x39,0x4D,0x6B,0xF4,0xA4,
	0x49,0x4A,0x51,0x84,0xD3,0x94,0x0C,0x63,0x08,0x42,0xA2,0x10,0x00,0x00,0x00,0x00,0x21,0x08,0x04,0x21,
	0x65,0x29,0x86,0x31,0x66,0x29,0xA3,0x18,0x82,0x10,0xA2,0x10,0xA3,0x18,0x82,0x10,0x00,0x00,0x00,0x00,
	0x00,0x00,0x00,0x00,0x00,0x00,0x00,0x00,0x00,0x00,0x00,0x00,0x00,0x00,0x00,0x00,0x00,0x00,0x00,0x00,
	0x00,0x00,0x00,0x00,0x20,0x00,0x21,0x00,0x41,0x08,0x41,0x08,0xA3,0x10,0x29,0xD6,0xEA,0xEE,0x64,0x31,
	0x62,0x10,0x82,0x10,0x61,0x08,0x41,0x08,0x41,0x08,0x21,0x08,0x21,0x08,0x20,0x00,0x20,0x00,0x20,0x00,
	0x20,0x00,0x20,0x00,0x20,0x00,0x20,0x00,0x20,0x00,0x20,0x00,0x00,0x00,0x00,0x00,0xC3,0x18,0x24,0x29,
	0x65,0x29,0x25,0x21,0x04,0x4A,0x06,0xA4,0x4B,0x6B,0xD0,0x7B,0xAB,0x5A,0x8E,0x94,0xAB,0xEE,0xCA,0xF6,
	0x2B,0xFF,0x0B,0xF7,0x09,0xD6,0x0A,0x6B,0xEC,0x62,0x4D,0x6B,0x6E,0x6B,0xEC,0x5A,0xCC,0x5A,0xAB,0x52,
	0xEA,0x62,0x6F,0xD6,0x51,0xF7,0x2E,0xFF,0x2A,0xDE,0x45,0xA4,0xC5,0x6A,0xA9,0x5A,0x0D,0x63,0x8A,0x4A,
	0x03,0x21,0x00,0x00,0x00,0x00,0x00,0x00,0x20,0x00,0x00,0x00,0x20,0x00,0x21,0x08,0x21,0x08,0x41,0x08,
	0x82,0x10,0x01,0x00,0xC6,0x5A,0xCC,0xFF,0xE9,0xA4,0xA3,0x10,0xC3,0x18,0x62,0x10,0x41,0x08,0x21,0x08,
	0x20,0x00,0x20,0x00,0x00,0x00,0x00,0x00,0x00,0x00,0x00,0x00,0x00,0x00,0x00,0x00,0x21,0x08,0xE3,0x18,
	0x00,0x00,0x00,0x00,0x00,0x00,0x20,0x00,0xA3,0x10,0xA3,0x10,0x82,0x10,0xA3,0x10,0x66,0x31,0x86,0x31,
	0x65,0x29,0x04,0x21,0x61,0x08,0x00,0x00,0x00,0x00,0xE3,0x18,0x8A,0x4A,0x4D,0x6B,0x55,0xA5,0xAF,0x73,
	0xAB,0x52,0x72,0x8C,0x8B,0x52,0x82,0x10,0x00,0x00,0x00,0x00,0x00,0x00,0x00,0x00,0x00,0x00,0x00,0x00,
	0x00,0x00,0x00,0x00,0x00,0x00,0x00,0x00,0x00,0x00,0x00,0x00,0x00,0x00,0xA7,0x39,0x4E,0x6B,0xF4,0xA4,
	0x49,0x4A,0x51,0x84,0xD3,0x94,0x0C,0x63,0x08,0x42,0xA2,0x10,0x00,0x00,0x40,0x08,0x05,0x94,0x4C,0xD6,
	0x4E,0xD6,0x90,0xDE,0xF0,0xCD,0x27,0x4A,0x82,0x10,0xA3,0x10,0xC3,0x18,0x82,0x10,0x00,0x00,0x00,0x00,
	0x00,0x00,0x00,0x00,0x00,0x00,0x00,0x00,0x00,0x00,0x00,0x00,0x00,0x00,0x00,0x00,0x00,0x00,0x00,0x00,
	0x00,0x00,0x00,0x00,0x00,0x00,0x20,0x00,0x20,0x00,0xE3,0x20,0x2B,0xCE,0xCA,0xFF,0xAA,0xFF,0x4B,0xD6,
	0x23,0x21,0x21,0x08,0x21,0x08,0x20,0x00,0x20,0x00,0x20,0x00,0x20,0x00,0x20,0x00,0x20,0x00,0x20,0x00,
	0x20,0x00,0x20,0x00,0x00,0x00,0x00,0x00,0x00,0x00,0x00,0x00,0x00,0x00,0x00,0x00,0xA3,0x18,0x24,0x21,
	0x24,0x21,0x04,0x21,0xE5,0x41,0x86,0x62,0x2D,0x63,0x4D,0x6B,0x0C,0x63,0x2C,0xD6,0xEA,0xFE,0x4A,0xB5,
	0x67,0x73,0xC9,0xD5,0x2A,0xFF,0x49,0x94,0xAB,0x52,0x0B,0x63,0xCF,0x7B,0x8E,0x6B,0x8E,0x73,0x8E,0x73,
	0x6E,0x6B,0x6D,0x6B,0xCD,0x7B,0x4D,0x94,0x29,0x6B,0xEB,0x5A,0x0D,0x5B,0x69,0x4A,0xA2,0x10,0x00,0x00,
	0x00,0x00,0x00,0x00,0x00,0x00,0x00,0x00,0x00,0x00,0x00,0x00,0x00,0x00,0x00,0x00,0x00,0x00,0x21,0x08,
	0x00,0x00,0xA6,0x5A,0x4B,0xF7,0xAB,0xFF,0xCD,0xFF,0x69,0x94,0x21,0x08,0x41,0x08,0x20,0x00,0x00,0x00,
	0x00,0x00,0x00,0x00,0x00,0x00,0x00,0x00,0x00,0x00,0x00,0x00,0x00,0x00,0x00,0x00,0x00,0x00,0x00,0x00,
	0x00,0x00,0x00,0x00,0x00,0x00,0x00,0x00,0xA3,0x10,0xC3,0x18,0x82,0x10,0x26,0x4A,0x0E,0xCE,0x8E,0xDE,
	0x6D,0xDE,0x6B,0xDE,0xC6,0x8B,0x20,0x00,0x00,0x00,0xE3,0x18,0x8A,0x4A,0x4D,0x6B,0x55,0xAD,0xAF,0x73,
	0xAB,0x52,0x52,0x8C,0x8A,0x52,0x82,0x10,0x00,0x00,0x00,0x00,0x00,0x00,0x00,0x00,0x00,0x00,0x00,0x00,
	0x00,0x00,0x00,0x00,0x00,0x00,0x00,0x00,0x00,0x00,0x00,0x00,0x00,0x00,0xA7,0x39,0x4D,0x6B,0xF4,0xA4,
	0x49,0x4A,0x51,0x84,0xD3,0x94,0x0C,0x63,0x08,0x42,0xA2,0x18,0x00,0x00,0x22,0x31,0x64,0xFE,0x26,0xFF,
	0x69,0xFF,0x6A,0xFF,0xAC,0xFF,0x65,0x52,0x42,0x08,0xC3,0x18,0xC3,0x18,0x82,0x10,0x00,0x00,0x62,0x10,
	0xA2,0x10,0xA2,0x10,0xA2,0x10,0x00,0x00,0x00,0x00,0x00,0x00,0x00,0x00,0x00,0x00,0x00,0x00,0x00,0x00,
	0x00,0x00,0x00,0x00,0x00,0x00,0x20,0x00,0x00,0x00,0xC7,0x7B,0xEB,0xFF,0x67,0x9C,0x88,0x9C,0xEC,0xFF,
	0xC8,0x83,0x00,0x00,0x20,0x00,0x00,0x00,0x00,0x00,0x00,0x00,0x00,0x00,0x00,0x00,0x00,0x00,0x00,0x00,
	0x00,0x00,0x00,0x00,0x20,0x00,0xA2,0x10,0xA3,0x18,0xA3,0x18,0x82,0x10,0x00,0x00,0xA3,0x18,0x04,0x21,
	0xE4,0x20,0x04,0x21,0x44,0x31,0x27,0x4A,0x2D,0x6B,0x0C,0x63,0x6D,0x6B,0x8B,0xE6,0x0B,0xF7,0xE6,0x62,
	0x23,0x00,0x0B,0xA5,0x2B,0xFF,0x89,0x9C,0xAB,0x52,0xAB,0x5A,0xCB,0x5A,0x0C,0x63,0x4D,0x6B,0x0C,0x5B,
	0xC8,0x62,0xC6,0x93,0x66,0x83,0x27,0x73,0xE9,0x6A,0x2C,0x6B,0x0C,0x63,0x8B,0x52,0x4A,0x42,0xA7,0x31,
	0x24,0x21,0x82,0x10,0x00,0x00,0x00,0x00,0x00,0x00,0x00,0x00,0x00,0x00,0x00,0x00,0x00,0x00,0x20,0x00,
	0x41,0x08,0x2A,0xD6,0x09,0xF7,0xC7,0x83,0x09,0xD6,0x6C,0xFF,0x43,0x29,0x00,0x00,0x20,0x00,0x00,0x00,
	0x00,0x00,0x00,0x00,0x00,0x00,0x00,0x00,0x00,0x00,0x00,0x00,0x00,0x00,0x00,0x00,0x21,0x08,0xC3,0x18,
	0xC3,0x18,0xC3,0x18,0x41,0x08,0x20,0x00,0xA3,0x18,0xC3,0x18,0x21,0x08,0xA4,0x62,0xCA,0xFF,0x69,0xFF,
	0x68,0xFF,0x46,0xFF,0x06,0xEE,0x81,0x10,0x00,0x00,0xE3,0x20,0x8A,0x52,0x4D,0x6B,0x55,0xAD,0xAE,0x73,
	0xAB,0x52,0x52,0x8C,0x8A,0x52,0x82,0x10,0x00,0x00,0x00,0x00,0x00,0x00,0x00,0x00,0x00,0x00,0x00,0x00,
	0x00,0x00,0x00,0x00,0x00,0x00,0x00,0x00,0x00,0x00,0x00,0x00,0x00,0x00,0xA7,0x39,0x2D,0x6B,0xF4,0x9C,
	0x49,0x4A,0x51,0x8C,0xD3,0x94,0x0C,0x63,0x08,0x42,0xA2,0x10,0x00,0x00,0x20,0x08,0x03,0x7B,0xC4,0xBC,
	0xC4,0xB4,0x46,0xC5,0x26,0x9C,0x61,0x10,0x62,0x10,0xA3,0x18,0xC3,0x18,0x41,0x08,0xE4,0x20,0x5C,0xE7,
	0xBE,0xF7,0xDE,0xF7,0xDB,0xDE,0x82,0x10,0x00,0x00,0x00,0x00,0x00,0x00,0x00,0x00,0x00,0x00,0x00,0x00,
	0x00,0x00,0x00,0x00,0x00,0x00,0x20,0x00,0x00,0x00,0x47,0x94,0xCA,0xFF,0x22,0x29,0xA3,0x39,0xEC,0xFF,
	0x07,0x8C,0x00,0x00,0x20,0x00,0x00,0x00,0x00,0x00,0x00,0x00,0x00,0x00,0x00,0x00,0x00,0x00,0x00,0x00,
	0x00,0x00,0x00,0x00,0x45,0x29,0x7D,0xEF,0x9D,0xF7,0xDE,0xF7,0xF7,0xBD,0x20,0x00,0xA3,0x10,0xE4,0x18,
	0xC4,0x18,0xE4,0x20,0xE4,0x20,0xC6,0x39,0x0C,0x63,0xEB,0x5A,0x0C,0x63,0x4C,0xDE,0xEA,0xF6,0x69,0xBD,
	0x8A,0x9C,0x6C,0xDE,0xEA,0xF6,0xA8,0x7B,0xAB,0x5A,0xAB,0x5A,0xEC,0x62,0x0D,0x63,0x0C,0x63,0xCA,0x5A,
	0x89,0xCD,0x6F,0xFF,0x4E,0xFF,0xEC,0xF6,0x29,0xDE,0x47,0xC5,0x87,0xAC,0x27,0x9C,0x88,0x83,0x09,0x6B,
	0x0C,0x6B,0xEC,0x5A,0x8B,0x52,0x09,0x3A,0x87,0x31,0xC3,0x18,0x61,0x08,0x00,0x00,0x00,0x00,0x00,0x00,
	0x20,0x08,0xC9,0xEE,0xC8,0xCD,0x01,0x00,0x46,0x94,0xCB,0xFF,0x63,0x31,0x00,0x00,0x20,0x00,0x00,0x00,
	0x00,0x00,0x00,0x00,0x00,0x00,0x00,0x00,0x00,0x00,0x00,0x00,0x20,0x00,0x00,0x00,0x0C,0x63,0xDF,0xF7,
	0x9E,0xF7,0xDF,0xFF,0x92,0x94,0x00,0x00,0xC3,0x18,0xA3,0x18,0x62,0x08,0x81,0x10,0xE5,0x93,0xE5,0xB4,
	0x84,0xAC,0x84,0xB4,0x63,0x62,0x00,0x00,0x00,0x00,0xC3,0x18,0x8A,0x52,0x4E,0x6B,0x55,0xA5,0x8E,0x73,
	0xAB,0x52,0x52,0x8C,0x8B,0x52,0x82,0x10,0x00,0x00,0x00,0x00,0x00,0x00,0x00,0x00,0x00,0x00,0x00,0x00,
	0x00,0x00,0x00,0x00,0x00,0x00,0x00,0x00,0x00,0x00,0x00,0x00,0x00,0x00,0xA7,0x39,0x4D,0x6B,0xF4,0xA4,
	0x49,0x4A,0x51,0x8C,0xD3,0x94,0x0C,0x63,0x08,0x42,0xA2,0x10,0x00,0x00,0x00,0x00,0x00,0x00,0x00,0x00,
	0x00,0x00,0x00,0x00,0x00,0x00,0x20,0x00,0x82,0x10,0x82,0x10,0xC3,0x18,0x82,0x10,0x41,0x08,0x49,0x4A,
	0x8A,0x52,0x8A,0x52,0x08,0x42,0x20,0x00,0x00,0x00,0x00,0x00,0x00,0x00,0x00,0x00,0x00,0x00,0x00,0x00,
	0x00,0x00,0x00,0x00,0x00,0x00,0x20,0x00,0x00,0x00,0x83,0x31,0x4A,0xF7,0xE9,0xF6,0x29,0xFF,0x0B,0xEF,
	0x43,0x29,0x00,0x00,0x00,0x00,0x00,0x00,0x00,0x00,0x00,0x00,0x00,0x00,0x00,0x00,0x00,0x00,0x00,0x00,
	0x00,0x00,0x00,0x00,0x41,0x08,0x49,0x4A,0x49,0x4A,0x69,0x4A,0xC7,0x39,0x20,0x00,0xA3,0x10,0xC3,0x18,
	0xA3,0x18,0xC3,0x18,0xC4,0x18,0x45,0x29,0x0C,0x63,0xAA,0x52,0xCB,0x5A,0x2B,0x94,0xAA,0xEE,0x0A,0xFF,
	0xEA,0xF6,0xEA,0xF6,0xC8,0xAC,0xAB,0x5A,0xCB,0x5A,0xCB,0x5A,0x0C,0x63,0x4D,0x6B,0xED,0x5A,0xAA,0x83,
	0x2E,0xFF,0x71,0xFF,0x71,0xFF,0x92,0xFF,0xB2,0xFF,0x90,0xFF,0x8F,0xFF,0x4E,0xFF,0xCB,0xEE,0x09,0xDE,
	0x48,0xC5,0x86,0xAC,0xC7,0x8B,0x68,0x7B,0x2A,0x6B,0xEB,0x62,0xAB,0x5A,0x6B,0x4A,0xE8,0x39,0x65,0x29,
	0x82,0x10,0xE6,0x8B,0x69,0xFF,0x47,0xDE,0x69,0xFF,0x08,0xB5,0x20,0x08,0x00,0x00,0x00,0x00,0x00,0x00,
	0x00,0x00,0x00,0x00,0x00,0x00,0x00,0x00,0x00,0x00,0x00,0x00,0x00,0x00,0x00,0x00,0xE3,0x18,0x6A,0x4A,
	0x49,0x4A,0x8A,0x52,0x45,0x29,0x20,0x00,0xA3,0x18,0xA3,0x10,0xA2,0x10,0x21,0x00,0x00,0x00,0x00,0x00,
	0x00,0x00,0x00,0x00,0x00,0x00,0x00,0x00,0x00,0x00,0xE3,0x18,0x8A,0x52,0x4D,0x6B,0x35,0xA5,0x8E,0x73,
	0xAB,0x52,0x52,0x8C,0xAB,0x52,0x82,0x10,0x00,0x00,0x00,0x00,0x00,0x00,0x00,0x00,0x00,0x00,0x00,0x00,
	0x00,0x00,0x00,0x00,0x00,0x00,0x00,0x00,0x00,0x00,0x00,0x00,0x00,0x00,0xA7,0x39,0x4D,0x6B,0xF4,0x9C,
	0x49,0x4A,0x51,0x84,0xD3,0x94,0x0C,0x63,0x08,0x42,0xA2,0x10,0x00,0x00,0x00,0x00,0x00,0x00,0x20,0x00,
	0x21,0x08,0x21,0x08,0x61,0x08,0x82,0x10,0x82,0x10,0x82,0x10,0xA3,0x10,0xA2,0x10,0x00,0x00,0x00,0x00,
	0x00,0x00,0x00,0x00,0x00,0x00,0x00,0x00,0x00,0x00,0x00,0x00,0x00,0x00,0x00,0x00,0x00,0x00,0x20,0x00,
	0x00,0x00,0x00,0x00,0x00,0x00,0x21,0x08,0x21,0x08,0x00,0x00,0xA3,0x39,0xE8,0xA4,0xA7,0xA4,0x63,0x31,
	0x00,0x00,0x00,0x00,0x00,0x00,0x00,0x00,0x00,0x00,0x00,0x00,0x00,0x00,0x00,0x00,0x00,0x00,0x00,0x00,
	0x00,0x00,0x00,0x00,0x00,0x00,0x00,0x00,0x00,0x00,0x00,0x00,0x00,0x00,0x20,0x00,0xC3,0x18,0xC3,0x18,
	0xA3,0x18,0xC3,0x18,0xC3,0x18,0xC3,0x18,0xCB,0x5A,0x0C,0x63,0x8A,0x52,0xAB,0x5A,0xCA,0x7B,0x2A,0xB5,
	0x4A,0xDE,0x89,0xC5,0xAA,0x52,0xAA,0x52,0xAA,0x52,0x69,0x4A,0xA6,0x31,0x48,0x4A,0x6A,0x4A,0xAB,0x73,
	0x31,0xEF,0xD2,0xFF,0x71,0xFF,0x71,0xFF,0x51,0xFF,0x71,0xFF,0x71,0xFF,0x72,0xFF,0x92,0xFF,0xB1,0xFF,
	0xB1,0xFF,0x8F,0xFF,0x2D,0xFF,0xAB,0xEE,0x09,0xDE,0x08,0xBD,0x47,0xA4,0x87,0x83,0x29,0x73,0x0B,0x63,
	0xCB,0x5A,0xAC,0x52,0x2D,0x84,0xED,0xC5,0xAA,0x9C,0x03,0x21,0x00,0x00,0x00,0x00,0x00,0x00,0x00,0x00,
	0x00,0x00,0x00,0x00,0x00,0x00,0x00,0x00,0x00,0x00,0x00,0x00,0x00,0x00,0x00,0x00,0x00,0x00,0x00,0x00,
	0x00,0x00,0x00,0x00,0x00,0x00,0x41,0x08,0xA3,0x18,0xA3,0x10,0xA2,0x10,0x82,0x10,0x61,0x08,0x41,0x08,
	0x40,0x08,0x20,0x00,0x20,0x00,0x00,0x00,0x00,0x00,0xE3,0x18,0x6A,0x4A,0x4D,0x6B,0x55,0xAD,0x8E,0x73,
	0xAB,0x52,0x52,0x8C,0x8B,0x52,0x82,0x10,0x00,0x00,0x00,0x00,0x00,0x00,0x00,0x00,0x00,0x00,0x00,0x00,
	0x00,0x00,0x00,0x00,0x00,0x00,0x00,0x00,0x00,0x00,0x00,0x00,0x00,0x00,0xA7,0x39,0x4D,0x6B,0xF4,0x9C,
	0x49,0x4A,0x51,0x8C,0xD3,0x94,0x0C,0x63,0x08,0x42,0xA2,0x10,0x00,0x00,0x00,0x00,0x20,0x00,0x41,0x08,
	0x61,0x08,0x62,0x10,0x82,0x10,0x82,0x10,0x82,0x10,0x82,0x10,0xA3,0x18,0xC3,0x18,0x20,0x00,0x00,0x00,
	0x20,0x00,0x20,0x00,0x20,0x00,0x00,0x00,0x00,0x00,0x20,0x00,0x00,0x00,0xC3,0x18,0xE4,0x18,0x00,0x00,
	0x82,0x10,0x69,0x4A,0x82,0x10,0x41,0x08,0x82,0x10,0x41,0x08,0x00,0x00,0x00,0x00,0x00,0x00,0x00,0x00,
	0x20,0x08,0x20,0x00,0x00,0x00,0x00,0x00,0x49,0x4A,0x45,0x29,0x00,0x00,0x20,0x00,0x49,0x4A,0xC3,0x18,
	0x00,0x00,0x00,0x00,0x00,0x00,0x20,0x00,0x20,0x00,0x20,0x00,0x00,0x00,0x41,0x08,0xC3,0x18,0xA3,0x18,
	0xC3,0x18,0xC3,0x18,0xC3,0x18,0xA3,0x18,0x04,0x21,0xCB,0x5A,0x0C,0x63,0xAA,0x52,0x49,0x4A,0xE9,0x39,
	0x6B,0x94,0x29,0xDE,0x48,0x4A,0xAB,0x5A,0x2C,0x63,0xC3,0x18,0x00,0x00,0x82,0x10,0x24,0x21,0x69,0x4A,
	0xD0,0x94,0x95,0xCE,0x15,0xE7,0x94,0xF7,0xB3,0xFF,0xB3,0xFF,0xB2,0xFF,0x91,0xFF,0x71,0xFF,0x71,0xFF,
	0x51,0xFF,0x71,0xFF,0x91,0xFF,0xB2,0xFF,0xB1,0xFF,0xB0,0xFF,0x6F,0xFF,0x0D,0xF7,0x6A,0xE6,0x88,0xCD,
	0xC7,0xB4,0xE7,0x93,0x07,0x73,0xC9,0x62,0x6A,0x52,0xCB,0x5A,0xAB,0x52,0x29,0x42,0x86,0x29,0xE4,0x18,
	0xE3,0x18,0xE3,0x18,0x00,0x00,0xC3,0x18,0xE8,0x41,0x20,0x00,0x00,0x00,0x00,0x00,0x00,0x00,0x00,0x00,
	0x00,0x00,0x00,0x00,0x00,0x00,0x61,0x08,0xA3,0x18,0xA2,0x10,0xA2,0x10,0x82,0x10,0x82,0x10,0x82,0x10,
	0x62,0x10,0x41,0x08,0x20,0x00,0x00,0x00,0x00,0x00,0xE3,0x18,0x6A,0x4A,0x4D,0x6B,0x55,0xAD,0xAF,0x73,
	0xAB,0x5A,0x72,0x8C,0x8A,0x52,0x82,0x10,0x00,0x00,0x00,0x00,0x00,0x00,0x00,0x00,0x00,0x00,0x00,0x00,
	0x00,0x00,0x00,0x00,0x00,0x00,0x00,0x00,0x00,0x00,0x00,0x00,0x00,0x00,0xA7,0x39,0x4D,0x6B,0xF4,0x9C,
	0x49,0x4A,0x51,0x8C,0xD3,0x94,0x0C,0x63,0x08,0x42,0xA2,0x10,0x00,0x00,0x00,0x00,0x00,0x00,0x20,0x00,
	0x41,0x08,0x62,0x10,0x82,0x10,0x82,0x10,0x82,0x10,0x82,0x10,0xA2,0x10,0xC3,0x18,0x41,0x08,0x00,0x00,
	0x00,0x00,0x00,0x00,0x20,0x00,0x20,0x00,0x20,0x00,0x20,0x00,0x62,0x10,0x99,0xCE,0x71,0x8C,0x20,0x00,
	0xF3,0x9C,0x71,0x8C,0xF3,0x9C,0x82,0x10,0xA3,0x18,0x82,0x10,0x41,0x08,0x20,0x08,0x40,0x08,0x61,0x08,
	0x82,0x10,0x62,0x10,0x20,0x00,0x10,0x84,0x71,0x8C,0x55,0xAD,0x45,0x29,0xCF,0x7B,0x92,0x94,0x55,0xAD,
	0xE3,0x18,0x00,0x00,0x00,0x00,0x00,0x00,0x00,0x00,0x00,0x00,0x00,0x00,0x61,0x08,0xA3,0x18,0xA3,0x10,
	0xA3,0x18,0xA3,0x18,0xC3,0x18,0xC3,0x18,0xA3,0x18,0xE3,0x18,0x69,0x4A,0x0D,0x63,0xEB,0x62,0x8B,0x52,
	0x0B,0x63,0xAA,0xE6,0xA9,0x7B,0x4C,0x6B,0xE6,0x6A,0x44,0x5A,0xA4,0x41,0x41,0x08,0x41,0x08,0x03,0x21,
	0x86,0x31,0x29,0x42,0x0C,0x63,0xEF,0x7B,0x12,0x9D,0xF4,0xBD,0xD5,0xDE,0x54,0xE7,0x94,0xF7,0xD3,0xFF,
	0xB2,0xFF,0x91,0xFF,0x91,0xFF,0x71,0xFF,0x51,0xFF,0x51,0xFF,0x71,0xFF,0x92,0xFF,0x92,0xFF,0xB1,0xFF,
	0x90,0xFF,0x6E,0xFF,0xEC,0xF6,0x4A,0xDE,0x48,0xC5,0x87,0xAC,0xC7,0x8B,0x28,0x73,0x0A,0x6B,0xAA,0x52,
	0x6E,0x6B,0x6E,0x6B,0x29,0x42,0x92,0x8C,0x34,0xA5,0x50,0x84,0x00,0x00,0x00,0x00,0x82,0x10,0xAF,0x7B,
	0x6A,0x4A,0xE3,0x18,0x00,0x00,0x82,0x10,0xA3,0x18,0x82,0x10,0x82,0x10,0x82,0x10,0x82,0x10,0x82,0x10,
	0x21,0x08,0x20,0x00,0x00,0x00,0x00,0x00,0x00,0x00,0xE3,0x18,0x6A,0x4A,0x4D,0x6B,0x55,0xAD,0xAF,0x73,
	0xAB,0x52,0x72,0x8C,0xAB,0x52,0x82,0x10,0x00,0x00,0x00,0x00,0x00,0x00,0x00,0x00,0x00,0x00,0x00,0x00,
	0x00,0x00,0x00,0x00,0x00,0x00,0x00,0x00,0x00,0x00,0x00,0x00,0x00,0x00,0xA7,0x31,0x2D,0x6B,0xF4,0x9C,
	0x49,0x4A,0x51,0x8C,0xD3,0x9C,0x0C,0x63,0x08,0x42,0xA2,0x10,0x00,0x00,0x00,0x00,0x61,0x08,0xE4,0x20,
	0x45,0x29,0x82,0x10,0x62,0x10,0x82,0x10,0x82,0x10,0x82,0x10,0x82,0x10,0xC3,0x18,0x62,0x08,0x00,0x00,
	0x20,0x00,0x20,0x00,0x20,0x00,0x21,0x08,0x62,0x10,0x00,0x00,0x6D,0x6B,0x71,0x8C,0xAE,0x73,0x86,0x31,
	0xD3,0x9C,0x00,0x00,0x34,0xA5,0x69,0x4A,0x82,0x10,0xC3,0x18,0xA3,0x18,0x82,0x10,0xC3,0x18,0xC3,0x18,
	0xA2,0x10,0xC3,0x18,0x82,0x10,0xE8,0x41,0x00,0x00,0xD3,0x9C,0x0C,0x63,0x13,0x9D,0x00,0x00,0x30,0x84,
	0x2D,0x6B,0x00,0x00,0x20,0x00,0x00,0x00,0x00,0x00,0x00,0x00,0x00,0x00,0x82,0x10,0xA3,0x18,0xA3,0x10,
	0xA3,0x10,0xA3,0x18,0xC3,0x18,0xA3,0x18,0xC3,0x18,0xA3,0x18,0xA2,0x10,0x86,0x31,0x49,0x4A,0x8A,0x73,
	0xCA,0x7B,0x0B,0xCE,0xC8,0xAC,0xC4,0x41,0x23,0x5A,0x23,0x5A,0x44,0x62,0x44,0x5A,0xA2,0x18,0x21,0x08,
	0xA2,0x18,0xA2,0x10,0xC3,0x18,0xE4,0x20,0xC3,0x18,0x29,0x42,0x4A,0x4A,0x0C,0x63,0x30,0x84,0x53,0xAD,
	0x34,0xC6,0xB4,0xD6,0x53,0xE7,0xB4,0xF7,0xB2,0xFF,0xB2,0xFF,0xB1,0xFF,0x71,0xFF,0x71,0xFF,0x71,0xFF,
	0x71,0xFF,0x71,0xFF,0x91,0xFF,0xB2,0xFF,0xB1,0xFF,0x90,0xFF,0x2D,0xFF,0xAB,0xEE,0xC9,0xD5,0xE7,0xB4,
	0x06,0x94,0x46,0x7B,0x29,0x73,0xAA,0x5A,0x49,0x4A,0xCF,0x73,0x4A,0x42,0xA7,0x29,0x45,0x29,0x69,0x4A,
	0x10,0x84,0x0C,0x63,0x00,0x00,0x82,0x10,0xA2,0x10,0xA2,0x10,0x82,0x10,0xA2,0x10,0x82,0x10,0x82,0x10,
	0x86,0x31,0x45,0x29,0xC3,0x18,0x41,0x08,0x00,0x00,0xE3,0x18,0x8A,0x4A,0x4D,0x6B,0x55,0xAD,0x8E,0x73,
	0xAB,0x52,0x72,0x8C,0xAB,0x52,0x82,0x10,0x00,0x00,0x00,0x00,0x00,0x00,0x00,0x00,0x00,0x00,0x00,0x00,
	0x00,0x00,0x00,0x00,0x00,0x00,0x00,0x00,0x00,0x00,0x00,0x00,0x00,0x00,0xA7,0x31,0x2D,0x6B,0xF4,0xA4,
	0x49,0x4A,0x51,0x84,0xD3,0x9C,0x0C,0x63,0x08,0x42,0xA2,0x10,0x00,0x00,0x65,0x29,0xEF,0x7B,0x92,0x94,
	0x92,0x94,0x04,0x21,0x41,0x08,0x82,0x10,0x82,0x10,0x82,0x10,0x62,0x10,0xC3,0x18,0xC3,0x18,0x20,0x00,
	0x21,0x08,0x21,0x08,0x41,0x08,0x00,0x00,0x00,0x00,0xE7,0x39,0x34,0xA5,0xCB,0x5A,0xB2,0x94,0x49,0x4A,
	0x71,0x8C,0x00,0x00,0xB2,0x94,0xCB,0x5A,0xA2,0x10,0x04,0x21,0xE4,0x18,0xE3,0x18,0xE3,0x18,0xC3,0x18,
	0xC3,0x18,0xE4,0x18,0xA3,0x18,0x00,0x00,0xCB,0x5A,0xAE,0x73,0xC3,0x18,0x54,0xA5,0x00,0x00,0x6D,0x6B,
	0x8E,0x73,0x00,0x00,0x00,0x00,0x20,0x00,0x00,0x00,0x00,0x00,0x20,0x00,0xA3,0x18,0xA3,0x18,0xA3,0x10,
	0xA3,0x10,0xA3,0x18,0xA3,0x18,0xA3,0x10,0xA3,0x18,0xC3,0x18,0xC3,0x18,0xA3,0x18,0xA2,0x10,0x03,0x21,
	0xC2,0x18,0xC9,0x83,0x29,0xDE,0x62,0x31,0x83,0x39,0x83,0x39,0x83,0x39,0xE3,0x49,0x04,0x52,0xE2,0x20,
	0x62,0x08,0xC3,0x18,0xC4,0x18,0x04,0x21,0x62,0x10,0x20,0x00,0x00,0x00,0x41,0x08,0x62,0x10,0x62,0x10,
	0xC7,0x39,0x30,0x84,0x10,0x84,0x90,0x94,0xB3,0xB5,0x74,0xCE,0xD4,0xDE,0x73,0xEF,0xB3,0xFF,0xB2,0xFF,
	0xB1,0xFF,0x71,0xFF,0x71,0xFF,0x51,0xFF,0x71,0xFF,0x92,0xFF,0x92,0xFF,0xB2,0xFF,0xD2,0xFF,0xB0,0xFF,
	0x8F,0xFF,0x0D,0xFF,0x4B,0xE6,0x69,0xCD,0xA7,0xAC,0x86,0x8B,0x48,0x7B,0x09,0x6B,0xAA,0x5A,0x49,0x4A,
	0xC8,0x39,0xC7,0x31,0xA7,0x31,0x45,0x29,0xA2,0x10,0x61,0x08,0x82,0x10,0x82,0x10,0x62,0x10,0xA3,0x10,
	0x10,0x84,0x71,0x8C,0x51,0x84,0xE7,0x39,0x00,0x00,0x04,0x21,0x6A,0x4A,0x4D,0x6B,0x55,0xAD,0x8E,0x73,
	0xAB,0x5A,0x72,0x8C,0xAB,0x52,0x82,0x10,0x00,0x00,0x00,0x00,0x00,0x00,0x00,0x00,0x00,0x00,0x00,0x00,
	0x00,0x00,0x00,0x00,0x00,0x00,0x00,0x00,0x00,0x00,0x00,0x00,0x00,0x00,0xA7,0x31,0x2D,0x6B,0xF4,0xA4,
	0x49,0x4A,0x51,0x8C,0xD3,0x9C,0x0C,0x63,0x08,0x42,0xA2,0x10,0x00,0x00,0x21,0x08,0x41,0x08,0x41,0x08,
	0x21,0x08,0x62,0x10,0x82,0x10,0x62,0x10,0x82,0x10,0x82,0x10,0x82,0x10,0xA3,0x10,0x04,0x21,0x41,0x08,
	0x41,0x08,0x21,0x08,0x00,0x00,0xA6,0x31,0xEB,0x5A,0x08,0x42,0x92,0x94,0x75,0xAD,0x9A,0xD6,0xC7,0x39,
	0x96,0xB5,0x69,0x4A,0xF7,0xBD,0x86,0x31,0x04,0x21,0x24,0x21,0x04,0x21,0xE4,0x20,0xC3,0x18,0xE4,0x20,
	0x04,0x21,0x24,0x21,0x62,0x10,0x0C,0x63,0x59,0xC6,0xE8,0x39,0xC3,0x18,0x55,0xAD,0x69,0x4A,0x55,0xAD,
	0xA6,0x31,0xE7,0x39,0x82,0x10,0x00,0x00,0x20,0x00,0x00,0x00,0x61,0x08,0xC3,0x18,0xA3,0x18,0xA3,0x18,
	0xA3,0x18,0xA3,0x18,0xA3,0x10,0xA3,0x18,0xA3,0x18,0xA3,0x18,0xC3,0x18,0xC3,0x18,0xC3,0x18,0xC3,0x18,
	0x62,0x10,0xE5,0x39,0xCB,0xEE,0x64,0x52,0xC3,0x18,0x23,0x29,0x23,0x29,0x63,0x31,0x83,0x39,0xA4,0x41,
	0xC2,0x20,0x82,0x10,0xC3,0x18,0xE4,0x18,0xC3,0x18,0x41,0x08,0x41,0x08,0x00,0x00,0x00,0x00,0x49,0x4A,
	0x86,0x31,0xB2,0x94,0x30,0x84,0x75,0xAD,0x29,0x42,0xEC,0x5A,0x51,0x8C,0x71,0x8C,0x11,0x9D,0xF3,0xBD,
	0xD4,0xDE,0x54,0xEF,0xB4,0xF7,0xB2,0xFF,0xB2,0xFF,0x92,0xFF,0x91,0xFF,0x72,0xFF,0x71,0xFF,0x71,0xFF,
	0x71,0xFF,0x71,0xFF,0x92,0xFF,0xB1,0xFF,0x90,0xFF,0x4F,0xFF,0xCC,0xF6,0xE9,0xDD,0x08,0xBD,0x07,0x9C,
	0xA8,0x8B,0x29,0x73,0xA9,0x5A,0x8A,0x52,0x8A,0x4A,0x66,0x29,0x61,0x10,0x62,0x10,0x82,0x10,0x62,0x10,
	0x20,0x00,0x21,0x08,0x20,0x00,0x20,0x00,0x00,0x00,0xE3,0x18,0x8A,0x4A,0x4D,0x6B,0x55,0xAD,0x8E,0x73,
	0xAB,0x5A,0x72,0x8C,0xAB,0x52,0x82,0x10,0x00,0x00,0x00,0x00,0x00,0x00,0x00,0x00,0x00,0x00,0x00,0x00,
	0x00,0x00,0x00,0x00,0x00,0x00,0x00,0x00,0x00,0x00,0x00,0x00,0x00,0x00,0xA7,0x31,0x2D,0x6B,0xF4,0xA4,
	0x49,0x4A,0x51,0x8C,0xD3,0x9C,0x0C,0x63,0x08,0x42,0xA2,0x10,0x00,0x00,0x00,0x00,0x00,0x00,0x41,0x08,
	0x62,0x10,0x62,0x10,0x62,0x10,0x62,0x10,0x82,0x10,0x82,0x10,0x82,0x10,0x62,0x10,0x04,0x21,0xC3,0x18,
	0x21,0x08,0x82,0x10,0x10,0x84,0xFF,0xFF,0xD7,0xBD,0x21,0x08,0x00,0x00,0x65,0x29,0xCB,0x5A,0x00,0x00,
	0x69,0x4A,0x14,0xA5,0xAA,0x52,0xC3,0x18,0x45,0x29,0x25,0x21,0x25,0x21,0x04,0x21,0x04,0x21,0x04,0x21,
	0x25,0x21,0x24,0x21,0x82,0x10,0x8E,0x73,0x92,0x94,0xB2,0x94,0xA6,0x31,0x45,0x29,0xD3,0x9C,0x8A,0x52,
	0x21,0x08,0xDB,0xDE,0x5D,0xEF,0xEB,0x5A,0x20,0x00,0x20,0x00,0xA3,0x18,0xC3,0x18,0xA3,0x18,0xA3,0x10,
	0xA3,0x10,0xA3,0x10,0xA3,0x18,0xA3,0x18,0xA3,0x18,0xA3,0x18,0xA3,0x18,0xA3,0x18,0xA3,0x18,0xC3,0x18,
	0xC3,0x18,0xC4,0x10,0xEB,0xCD,0x46,0x94,0x62,0x08,0x03,0x21,0x03,0x21,0x03,0x29,0x23,0x29,0x03,0x29,
	0x44,0x31,0xA2,0x18,0xA3,0x18,0xC3,0x18,0x04,0x21,0x82,0x10,0x20,0x08,0x86,0x31,0x18,0xC6,0xFF,0xFF,
	0x49,0x4A,0x00,0x00,0x82,0x10,0x8D,0x6B,0x82,0x10,0x24,0x21,0xCE,0x73,0x8A,0x52,0x04,0x21,0xC8,0x39,
	0x8A,0x4A,0x4D,0x6B,0x50,0x8C,0x52,0xAD,0x54,0xCE,0x14,0xDF,0x94,0xEF,0xB4,0xF7,0xB2,0xFF,0xB2,0xFF,
	0x91,0xFF,0x71,0xFF,0x51,0xF7,0x51,0xFF,0x71,0xFF,0x71,0xFF,0x91,0xFF,0xB1,0xFF,0xB1,0xFF,0x6F,0xFF,
	0x2D,0xFF,0x8B,0xEE,0x89,0xC5,0x87,0xAC,0x68,0x7B,0x8A,0x4A,0x08,0x3A,0xC3,0x18,0x41,0x08,0x62,0x10,
	0x82,0x10,0x61,0x10,0x41,0x08,0x00,0x00,0x00,0x00,0xE3,0x18,0x8A,0x4A,0x4D,0x6B,0x35,0xA5,0x8E,0x73,
	0xAB,0x5A,0x72,0x8C,0xAB,0x52,0x82,0x10,0x00,0x00,0x00,0x00,0x00,0x00,0x00,0x00,0x00,0x00,0x00,0x00,
	0x00,0x00,0x00,0x00,0x00,0x00,0x00,0x00,0x00,0x00,0x00,0x00,0x00,0x00,0xA7,0x31,0x2D,0x6B,0xF4,0x9C,
	0x49,0x4A,0x51,0x8C,0xD3,0x94,0x0C,0x63,0x08,0x42,0xA3,0x10,0x00,0x00,0x00,0x00,0x20,0x00,0x41,0x08,
	0x61,0x08,0x62,0x10,0x82,0x10,0x82,0x10,0x82,0x10,0x82,0x10,0x82,0x10,0x82,0x10,0xA3,0x18,0x45,0x29,
	0x41,0x08,0xD7,0xBD,0xBE,0xF7,0x6D,0x6B,0x41,0x08,0xA3,0x18,0xE3,0x18,0x82,0x10,0x62,0x10,0xE3,0x18,
	0xA2,0x10,0x61,0x08,0xE3,0x18,0x65,0x29,0x65,0x29,0x45,0x29,0x25,0x29,0x04,0x21,0x24,0x21,0x25,0x21,
	0x45,0x29,0x04,0x21,0x04,0x21,0x61,0x08,0x20,0x00,0x00,0x00,0x61,0x08,0x41,0x08,0x00,0x00,0x00,0x00,
	0x41,0x08,0x04,0x21,0xD3,0x9C,0xFF,0xFF,0xD3,0x94,0x00,0x00,0xE4,0x20,0xA3,0x18,0xA3,0x18,0xA3,0x10,
	0xA3,0x10,0xA3,0x10,0xA3,0x10,0xA3,0x10,0xA3,0x18,0xC3,0x18,0xA3,0x18,0xA3,0x18,0xA3,0x18,0xA3,0x18,
	0xC3,0x18,0x42,0x08,0x09,0x84,0x09,0xD6,0xA2,0x18,0xC3,0x18,0xC3,0x18,0xC3,0x18,0xC3,0x18,0xE3,0x18,
	0xE3,0x20,0xE3,0x20,0x82,0x10,0xA3,0x10,0x04,0x21,0x82,0x10,0x08,0x42,0xDF,0xFF,0xF7,0xBD,0x86,0x31,
	0x61,0x08,0xC3,0x18,0x82,0x10,0x21,0x08,0xC3,0x18,0xE3,0x18,0x82,0x10,0xE4,0x20,0x04,0x21,0x24,0x21,
	0x24,0x21,0x24,0x21,0x24,0x21,0x86,0x29,0x29,0x42,0xCB,0x5A,0xCE,0x73,0xD1,0x94,0xD3,0xB5,0xB4,0xD6,
	0x34,0xE7,0xB3,0xF7,0xD2,0xFF,0xB2,0xFF,0xB1,0xFF,0x71,0xFF,0x71,0xFF,0x51,0xF7,0x51,0xFF,0x71,0xFF,
	0x92,0xFF,0x91,0xFF,0xB1,0xFF,0xB1,0xFF,0xCD,0xEE,0x06,0x94,0xA8,0x5A,0x6A,0x4A,0x45,0x29,0x41,0x08,
	0x61,0x08,0x61,0x08,0x20,0x00,0x00,0x00,0x00,0x00,0xE3,0x18,0x8A,0x4A,0x4D,0x6B,0x35,0xA5,0x8E,0x73,
	0xAB,0x5A,0x72,0x8C,0xAB,0x52,0x82,0x10,0x00,0x00,0x00,0x00,0x00,0x00,0x00,0x00,0x00,0x00,0x00,0x00,
	0x00,0x00,0x00,0x00,0x00,0x00,0x00,0x00,0x00,0x00,0x00,0x00,0x00,0x00,0xA7,0x31,0x2D,0x6B,0xF4,0x9C,
	0x49,0x4A,0x51,0x8C,0xD3,0x94,0x0C,0x63,0x28,0x42,0xA2,0x10,0x00,0x00,0x00,0x00,0x20,0x00,0x41,0x08,
	0x62,0x10,0x62,0x10,0x62,0x10,0x62,0x10,0x62,0x10,0x62,0x10,0x82,0x10,0x82,0x10,0x62,0x10,0x45,0x29,
	0x04,0x21,0x08,0x42,0x24,0x21,0x00,0x00,0xA3,0x18,0xC3,0x18,0xA2,0x10,0xE4,0x20,0x04,0x21,0x04,0x21,
	0x24,0x21,0x45,0x29,0x65,0x29,0x45,0x29,0x45,0x29,0x45,0x29,0x45,0x29,0x45,0x29,0x45,0x29,0x24,0x21,
	0x25,0x21,0x25,0x29,0x24,0x21,0x04,0x21,0xE3,0x18,0xE3,0x18,0xC3,0x18,0xA2,0x10,0x82,0x10,0x82,0x10,
	0x82,0x10,0x20,0x00,0x00,0x00,0x86,0x31,0xE8,0x39,0xA3,0x10,0xC3,0x18,0xA3,0x10,0xA3,0x10,0xA3,0x10,
	0xA3,0x10,0xA3,0x10,0xA3,0x10,0xA3,0x10,0x82,0x10,0x82,0x08,0x61,0x08,0x41,0x08,0x21,0x08,0x20,0x00,
	0x21,0x08,0x00,0x00,0x84,0x31,0xEC,0xEE,0xA2,0x39,0x21,0x08,0xA2,0x10,0xA3,0x18,0xC3,0x18,0xC3,0x18,
	0xC3,0x18,0xC3,0x18,0xA3,0x18,0xA3,0x10,0xA3,0x18,0x25,0x21,0x45,0x29,0x69,0x4A,0x00,0x00,0x41,0x08,
	0xC3,0x18,0x42,0x10,0x62,0x10,0xE4,0x20,0xE4,0x20,0x24,0x21,0x45,0x29,0x65,0x29,0x24,0x21,0x25,0x29,
	0x45,0x29,0x45,0x29,0x24,0x29,0x24,0x21,0x24,0x21,0x24,0x21,0x24,0x21,0x45,0x29,0xA7,0x31,0x49,0x4A,
	0x2D,0x6B,0x2F,0x8C,0x52,0xAD,0x54,0xCE,0x14,0xDF,0x73,0xEF,0xD3,0xFF,0xD2,0xFF,0x91,0xFF,0x91,0xFF,
	0x71,0xFF,0x51,0xFF,0x52,0xFF,0x51,0xFF,0x71,0xFF,0x70,0xFF,0x68,0xC5,0xC6,0x62,0x8A,0x52,0xC7,0x39,
	0x82,0x10,0x41,0x08,0x41,0x08,0x00,0x00,0x00,0x00,0xC3,0x18,0x8A,0x52,0x4E,0x6B,0x35,0xA5,0x8E,0x73,
	0xAB,0x5A,0x72,0x8C,0x8B,0x52,0x82,0x10,0x00,0x00,0x00,0x00,0x00,0x00,0x00,0x00,0x00,0x00,0x00,0x00,
	0x00,0x00,0x00,0x00,0x00,0x00,0x00,0x00,0x00,0x00,0x00,0x00,0x00,0x00,0xA7,0x31,0x4D,0x6B,0xF4,0xA4,
	0x49,0x4A,0x51,0x8C,0xD3,0x94,0x0C,0x63,0x08,0x42,0xA2,0x10,0x00,0x00,0x00,0x00,0x00,0x00,0x00,0x00,
	0x00,0x00,0x42,0x08,0x62,0x10,0x62,0x10,0x62,0x10,0x82,0x10,0x82,0x10,0x82,0x10,0x82,0x10,0xA3,0x18,
	0xC7,0x31,0x41,0x08,0x61,0x08,0xC3,0x18,0xC3,0x18,0xC3,0x18,0xC3,0x18,0x04,0x21,0x04,0x21,0xE4,0x20,
	0x24,0x21,0x45,0x29,0x45,0x29,0x45,0x29,0x45,0x29,0x45,0x29,0x24,0x21,0x04,0x21,0x24,0x21,0x24,0x21,
	0x45,0x29,0x25,0x21,0x04,0x21,0x04,0x21,0xE4,0x20,0x04,0x21,0xC3,0x18,0xA3,0x18,0x82,0x10,0x82,0x10,
	0x82,0x10,0x61,0x08,0x62,0x10,0x00,0x00,0x62,0x10,0x04,0x21,0x82,0x10,0xA3,0x18,0xA3,0x10,0xA3,0x10,
	0xA3,0x10,0x83,0x10,0x62,0x10,0x21,0x08,0x00,0x00,0x00,0x00,0x00,0x00,0x00,0x00,0x00,0x00,0x00,0x00,
	0x00,0x00,0x00,0x00,0x00,0x00,0xCA,0xC5,0xC5,0x8B,0x00,0x00,0x00,0x00,0x00,0x00,0x41,0x08,0x82,0x10,
	0xA3,0x10,0xA3,0x18,0xA3,0x18,0xA3,0x10,0x83,0x10,0xE4,0x20,0x25,0x21,0x00,0x00,0xA2,0x10,0xC3,0x18,
	0x00,0x00,0x8A,0x52,0xAB,0x5A,0xC3,0x18,0x04,0x21,0x24,0x21,0x24,0x21,0x25,0x29,0x24,0x29,0x65,0x29,
	0x25,0x21,0x65,0x29,0x86,0x31,0x65,0x29,0x65,0x29,0x65,0x31,0x45,0x29,0x45,0x29,0x24,0x21,0x04,0x21,
	0xE4,0x18,0x04,0x21,0x46,0x29,0xE8,0x39,0xCB,0x5A,0x30,0x84,0x70,0x8C,0xD2,0xB5,0xB4,0xDE,0x54,0xEF,
	0xB3,0xFF,0xD3,0xFF,0xB2,0xFF,0x91,0xFF,0x92,0xFF,0xB3,0xFF,0xF2,0xFF,0xEE,0xEE,0xA9,0x83,0x69,0x4A,
	0x48,0x42,0x61,0x08,0x00,0x00,0x00,0x00,0x00,0x00,0xE3,0x18,0x8A,0x52,0x4D,0x6B,0x55,0xAD,0x8E,0x73,
	0xAB,0x5A,0x72,0x8C,0xAB,0x52,0x82,0x10,0x00,0x00,0x00,0x00,0x00,0x00,0x00,0x00,0x00,0x00,0x00,0x00,
	0x00,0x00,0x00,0x00,0x00,0x00,0x00,0x00,0x00,0x00,0x00,0x00,0x00,0x00,0xA7,0x31,0x4D,0x6B,0xF4,0x9C,
	0x49,0x4A,0x51,0x8C,0xD3,0x94,0x0C,0x63,0x08,0x42,0xA2,0x10,0x00,0x00,0x41,0x08,0x45,0x29,0x8A,0x52,
	0x8E,0x73,0xE4,0x20,0x41,0x08,0x62,0x10,0x62,0x10,0x62,0x10,0x82,0x10,0x82,0x10,0x82,0x10,0x62,0x08,
	0x25,0x21,0xC7,0x39,0x82,0x10,0xC3,0x18,0xE4,0x20,0xE4,0x20,0xE3,0x18,0xE4,0x20,0x25,0x29,0xE3,0x18,
	0xE3,0x18,0x65,0x29,0x65,0x29,0x65,0x29,0x65,0x29,0x45,0x29,0x24,0x21,0x24,0x21,0x24,0x21,0x45,0x29,
	0x45,0x29,0x25,0x21,0x04,0x21,0x04,0x21,0xE4,0x20,0x61,0x08,0xA3,0x18,0xC3,0x18,0xC3,0x18,0x82,0x10,
	0x41,0x08,0x62,0x10,0x41,0x08,0x83,0x10,0x45,0x29,0xA3,0x18,0x82,0x10,0x82,0x10,0xA3,0x10,0xA2,0x10,
	0x41,0x08,0x20,0x00,0x00,0x00,0x00,0x00,0x00,0x00,0x00,0x00,0x00,0x00,0xC1,0x18,0x60,0x10,0x00,0x00,
	0x00,0x00,0xA1,0x18,0xA1,0x18,0xE8,0x83,0x0A,0xCE,0xA1,0x18,0x61,0x10,0x00,0x00,0x00,0x00,0x00,0x00,
	0x21,0x08,0x82,0x10,0xA3,0x10,0xA3,0x18,0xA3,0x18,0x82,0x10,0x45,0x29,0x45,0x29,0x82,0x10,0x62,0x10,
	0x0C,0x63,0xD7,0xBD,0xA6,0x31,0x45,0x29,0x24,0x21,0x82,0x10,0xE3,0x18,0x24,0x21,0x25,0x21,0x65,0x29,
	0x45,0x29,0x45,0x29,0x65,0x29,0x25,0x29,0x45,0x29,0x45,0x29,0x45,0x29,0x45,0x29,0x25,0x29,0x45,0x29,
	0xE4,0x20,0x82,0x10,0xE3,0x20,0xE3,0x18,0x82,0x10,0xAA,0x52,0xF0,0x7B,0x66,0x29,0x29,0x42,0x0C,0x63,
	0x4F,0x84,0x52,0xAD,0x52,0xCE,0xF4,0xDE,0x74,0xCE,0x72,0xAD,0x8F,0x94,0x2F,0x84,0x0A,0x63,0xE7,0x39,
	0x8D,0x6B,0x8E,0x73,0x28,0x42,0xA2,0x10,0x00,0x00,0xE4,0x18,0x6A,0x4A,0x4D,0x6B,0x55,0xAD,0x8E,0x73,
	0xAB,0x52,0x52,0x8C,0xAB,0x52,0x82,0x10,0x00,0x00,0x00,0x00,0x00,0x00,0x00,0x00,0x00,0x00,0x00,0x00,
	0x00,0x00,0x00,0x00,0x00,0x00,0x00,0x00,0x00,0x00,0x00,0x00,0x00,0x00,0x86,0x31,0x2D,0x6B,0xF4,0x9C,
	0x49,0x4A,0x51,0x8C,0xD3,0x94,0x0C,0x63,0x08,0x42,0xA3,0x18,0x00,0x00,0x04,0x21,0x0C,0x63,0x2C,0x63,
	0xCB,0x5A,0xA3,0x18,0x62,0x08,0x82,0x10,0x82,0x10,0x62,0x10,0x62,0x10,0x82,0x10,0x82,0x10,0x82,0x10,
	0x62,0x08,0xA7,0x31,0x66,0x29,0xA3,0x18,0x04,0x21,0x24,0x21,0x25,0x29,0x45,0x29,0xA2,0x10,0x8E,0x73,
	0x92,0x94,0x45,0x29,0x65,0x31,0x65,0x29,0x65,0x29,0x65,0x29,0x25,0x29,0x04,0x21,0x25,0x21,0x45,0x29,
	0x25,0x29,0x25,0x29,0x24,0x21,0xE4,0x20,0x25,0x29,0xD3,0x9C,0xE8,0x39,0x82,0x10,0xA3,0x18,0x62,0x10,
	0xA3,0x18,0x82,0x10,0x62,0x10,0x45,0x29,0xE4,0x18,0x82,0x10,0x82,0x10,0xA3,0x10,0x62,0x10,0x20,0x00,
	0x00,0x00,0x00,0x00,0x00,0x00,0x00,0x00,0x00,0x00,0xE5,0x6A,0x4A,0xDE,0xCC,0xF6,0xCB,0xEE,0x66,0x7B,
	0x20,0x08,0xEA,0xD5,0xEC,0xF6,0xEB,0xD5,0x6B,0xDE,0x8A,0xEE,0x47,0x9C,0x00,0x00,0x20,0x00,0x00,0x00,
	0x00,0x00,0x00,0x00,0x41,0x08,0x82,0x10,0xA3,0x10,0x82,0x10,0x82,0x10,0x86,0x31,0x04,0x21,0x04,0x21,
	0x71,0x8C,0x25,0x21,0xA3,0x18,0x45,0x29,0xE3,0x18,0x91,0x8C,0x0C,0x63,0x04,0x21,0x45,0x29,0x45,0x29,
	0x86,0x31,0x45,0x29,0x04,0x21,0x04,0x21,0x24,0x21,0x24,0x21,0x25,0x29,0x25,0x29,0x45,0x29,0xE4,0x18,
	0x49,0x4A,0xD3,0x9C,0xE4,0x20,0xE4,0x20,0xE4,0x20,0x62,0x10,0x8D,0x73,0x65,0x31,0xC3,0x18,0x86,0x31,
	0xC3,0x18,0x25,0x21,0xC7,0x39,0x49,0x4A,0xC7,0x39,0x25,0x21,0xE4,0x18,0xA3,0x18,0x82,0x10,0x82,0x10,
	0xA7,0x39,0xCB,0x5A,0xAE,0x73,0xC7,0x39,0x00,0x00,0xE4,0x20,0x6A,0x4A,0x4D,0x6B,0x55,0xAD,0x8E,0x73,
	0xAB,0x5A,0x72,0x8C,0xAB,0x52,0x82,0x10,0x00,0x00,0x00,0x00,0x00,0x00,0x00,0x00,0x00,0x00,0x00,0x00,
	0x00,0x00,0x00,0x00,0x00,0x00,0x00,0x00,0x00,0x00,0x00,0x00,0x00,0x00,0xA7,0x31,0x2D,0x6B,0xF4,0x9C,
	0x49,0x4A,0x51,0x8C,0xD3,0x9C,0x0C,0x63,0x08,0x42,0xA3,0x18,0x00,0x00,0x00,0x00,0x00,0x00,0x00,0x00,
	0x00,0x00,0x61,0x08,0x62,0x10,0x62,0x10,0x82,0x10,0x82,0x10,0x82,0x10,0x62,0x10,0x82,0x10,0x62,0x10,
	0x82,0x10,0x62,0x08,0xE8,0x39,0x66,0x31,0xC3,0x18,0x25,0x29,0x66,0x31,0x24,0x21,0x45,0x29,0x9E,0xF7,
	0x75,0xAD,0x04,0x21,0x66,0x31,0x65,0x29,0xA6,0x31,0x86,0x31,0x45,0x29,0xC4,0x18,0xE4,0x20,0x45,0x29,
	0x45,0x29,0x45,0x29,0x25,0x29,0x04,0x21,0x25,0x21,0x5D,0xEF,0x38,0xC6,0x62,0x08,0xE4,0x18,0xA3,0x18,
	0xA3,0x18,0x82,0x10,0x45,0x29,0x04,0x21,0x82,0x10,0xA3,0x10,0xA3,0x10,0x41,0x08,0x00,0x00,0x00,0x00,
	0x00,0x00,0x00,0x00,0x00,0x00,0x00,0x00,0x00,0x00,0x86,0x83,0x65,0x73,0x22,0x29,0x26,0x73,0x6D,0xFF,
	0xC3,0x39,0x8B,0xEE,0x65,0x7B,0xE1,0x20,0x6A,0xBD,0x8A,0xEE,0x23,0x4A,0x00,0x00,0x00,0x00,0x00,0x00,
	0x00,0x00,0x00,0x00,0x00,0x00,0x00,0x00,0x62,0x08,0xA3,0x10,0x82,0x10,0xA3,0x10,0xC7,0x39,0x25,0x29,
	0x82,0x10,0x24,0x21,0x45,0x29,0x82,0x10,0x2C,0x63,0xFF,0xFF,0x8E,0x73,0x04,0x21,0xA6,0x31,0x86,0x31,
	0xA6,0x31,0x65,0x29,0x24,0x21,0xC3,0x18,0x04,0x21,0x45,0x29,0x45,0x29,0x45,0x29,0x66,0x29,0xC3,0x18,
	0xEC,0x5A,0xFF,0xFF,0xAE,0x73,0x82,0x10,0x25,0x29,0xC3,0x18,0x41,0x08,0xE4,0x20,0x08,0x42,0xC3,0x18,
	0x62,0x10,0x61,0x10,0x62,0x10,0x61,0x08,0x61,0x08,0x62,0x10,0x62,0x10,0x62,0x10,0x62,0x10,0x62,0x10,
	0x20,0x00,0x00,0x00,0x00,0x00,0x00,0x00,0x00,0x00,0xE3,0x18,0x6A,0x4A,0x4D,0x6B,0x55,0xAD,0x8E,0x73,
	0xAB,0x5A,0x72,0x8C,0xAB,0x52,0x82,0x10,0x00,0x00,0x00,0x00,0x00,0x00,0x00,0x00,0x00,0x00,0x00,0x00,
	0x00,0x00,0x00,0x00,0x00,0x00,0x00,0x00,0x00,0x00,0x00,0x00,0x00,0x00,0x86,0x31,0x2D,0x6B,0xF4,0x9C,
	0x49,0x4A,0x51,0x8C,0xD3,0x9C,0x2C,0x6B,0x28,0x42,0xA2,0x10,0x00,0x00,0x00,0x00,0x20,0x00,0x41,0x08,
	0x61,0x08,0x62,0x10,0x62,0x10,0x82,0x10,0x82,0x10,0x82,0x10,0x62,0x10,0x62,0x10,0x62,0x10,0x62,0x10,
	0x62,0x10,0x62,0x10,0x82,0x10,0x08,0x42,0x86,0x31,0xE3,0x18,0x65,0x29,0xE3,0x18,0x54,0xA5,0x5D,0xEF,
	0x65,0x29,0x45,0x29,0x65,0x29,0x86,0x31,0x65,0x29,0x66,0x29,0x24,0x21,0x2D,0x6B,0x2D,0x63,0xE4,0x20,
	0x25,0x29,0x45,0x29,0x25,0x29,0x45,0x29,0xC3,0x18,0x28,0x42,0xFF,0xFF,0xAE,0x73,0x82,0x10,0xE4,0x20,
	0xA3,0x18,0x66,0x29,0x25,0x29,0x82,0x10,0x82,0x10,0x82,0x10,0x21,0x08,0x00,0x00,0x00,0x00,0x00,0x00,
	0x00,0x00,0x00,0x00,0x00,0x00,0x00,0x00,0x20,0x08,0x00,0x00,0x00,0x00,0x00,0x00,0x23,0x29,0x4C,0xFF,
	0xA3,0x39,0xA3,0x39,0xE2,0x20,0x00,0x00,0x48,0x94,0x29,0xD6,0x20,0x08,0x20,0x00,0x00,0x00,0x00,0x00,
	0x00,0x00,0x00,0x00,0x00,0x00,0x00,0x00,0x00,0x00,0x41,0x08,0xA3,0x10,0x82,0x10,0xC3,0x18,0xE8,0x41,
	0x45,0x29,0x24,0x21,0x45,0x29,0x65,0x29,0x3C,0xE7,0x75,0xAD,0xA3,0x18,0x45,0x29,0x45,0x29,0x25,0x29,
	0x65,0x29,0x45,0x29,0x86,0x31,0x10,0x84,0xE8,0x41,0x45,0x29,0x66,0x29,0x45,0x29,0x25,0x21,0x45,0x29,
	0xA3,0x18,0x34,0xA5,0xDE,0xF7,0xA6,0x31,0xE3,0x18,0xC3,0x18,0x25,0x21,0x08,0x42,0xC3,0x18,0x62,0x10,
	0x82,0x10,0x82,0x10,0x82,0x10,0x82,0x10,0x82,0x10,0x62,0x10,0x82,0x10,0x82,0x10,0x82,0x10,0x82,0x10,
	0x61,0x08,0x61,0x08,0x41,0x08,0x00,0x00,0x00,0x00,0xE3,0x18,0x8A,0x4A,0x6E,0x6B,0x55,0xAD,0x8E,0x73,
	0xCB,0x5A,0x72,0x8C,0xAB,0x52,0x82,0x10,0x00,0x00,0x00,0x00,0x00,0x00,0x00,0x00,0x00,0x00,0x00,0x00,
	0x00,0x00,0x00,0x00,0x00,0x00,0x00,0x00,0x00,0x00,0x00,0x00,0x00,0x00,0x86,0x31,0x2D,0x6B,0xF4,0xA4,
	0x49,0x4A,0x51,0x84,0xD3,0x9C,0x0C,0x63,0x08,0x42,0xA2,0x10,0x00,0x00,0x00,0x00,0x20,0x00,0x41,0x08,
	0x41,0x08,0x62,0x08,0x62,0x08,0x62,0x10,0x82,0x10,0x82,0x10,0x62,0x10,0x62,0x10,0x62,0x10,0x62,0x10,
	0x62,0x10,0x82,0x10,0x62,0x10,0x82,0x10,0x08,0x42,0x08,0x42,0xC3,0x18,0xE7,0x39,0xBE,0xF7,0x6D,0x6B,
	0xE4,0x20,0x86,0x31,0x65,0x29,0x66,0x31,0x45,0x29,0x66,0x31,0xE4,0x20,0x18,0xC6,0x18,0xBE,0xE4,0x18,
	0x65,0x29,0x24,0x21,0x45,0x29,0x45,0x29,0x45,0x29,0x41,0x08,0xB2,0x94,0x1B,0xDF,0xA3,0x18,0x04,0x21,
	0xC7,0x39,0x45,0x29,0x62,0x10,0xA3,0x10,0x82,0x10,0x20,0x00,0x00,0x00,0x00,0x00,0x00,0x00,0x00,0x00,
	0x00,0x00,0x20,0x00,0x41,0x08,0x41,0x08,0x62,0x10,0xA2,0x10,0x21,0x08,0xE2,0x20,0x8B,0xE6,0xA8,0xA4,
	0x21,0x00,0x21,0x00,0x21,0x00,0x02,0x21,0xCA,0xCD,0xCB,0xE6,0xA3,0x39,0x21,0x08,0x61,0x08,0x20,0x08,
	0x00,0x00,0x00,0x00,0x00,0x00,0x00,0x00,0x00,0x00,0x00,0x00,0x41,0x08,0xA3,0x10,0x82,0x10,0xA3,0x18,
	0xE8,0x41,0xA7,0x31,0x82,0x10,0x8E,0x73,0xFF,0xFF,0xC7,0x39,0x24,0x21,0x25,0x29,0xA7,0x31,0x51,0x8C,
	0x66,0x31,0x65,0x29,0x08,0x42,0xFF,0xFF,0x0C,0x63,0x45,0x29,0x25,0x21,0xCF,0x7B,0x8A,0x52,0xE4,0x20,
	0x04,0x21,0x25,0x21,0x5D,0xE7,0x72,0x94,0x41,0x08,0x86,0x31,0x09,0x42,0xC3,0x18,0x62,0x08,0x82,0x10,
	0x82,0x10,0x62,0x10,0x82,0x10,0x82,0x10,0x82,0x10,0x82,0x10,0x62,0x10,0x62,0x10,0x82,0x10,0x62,0x10,
	0x61,0x08,0x41,0x08,0x21,0x08,0x00,0x00,0x00,0x00,0xE4,0x18,0x8A,0x52,0x6E,0x6B,0x55,0xAD,0x8E,0x73,
	0xCB,0x5A,0x72,0x8C,0xAB,0x52,0x82,0x10,0x00,0x00,0x00,0x00,0x00,0x00,0x00,0x00,0x00,0x00,0x00,0x00,
	0x00,0x00,0x00,0x00,0x00,0x00,0x00,0x00,0x00,0x00,0x00,0x00,0x00,0x00,0xA7,0x31,0x2D,0x6B,0xF4,0xA4,
	0x49,0x4A,0x51,0x84,0xD4,0x9C,0x0C,0x6B,0x08,0x42,0xA3,0x18,0x00,0x00,0x00,0x00,0x20,0x00,0x41,0x08,
	0x62,0x08,0x62,0x08,0x62,0x08,0x62,0x10,0x62,0x10,0x62,0x10,0x62,0x10,0x62,0x10,0x62,0x10,0x62,0x10,
	0x82,0x10,0x62,0x10,0x82,0x10,0x82,0x10,0x62,0x08,0xA7,0x39,0x6A,0x4A,0x66,0x31,0xE7,0x39,0x66,0x29,
	0x86,0x31,0x65,0x29,0x66,0x31,0x65,0x29,0x66,0x29,0x86,0x31,0x04,0x21,0xB6,0xB5,0xB6,0xB5,0x04,0x21,
	0x86,0x31,0x45,0x29,0x45,0x29,0x45,0x29,0x66,0x29,0x24,0x21,0x45,0x29,0x08,0x42,0x66,0x29,0xE8,0x39,
	0x04,0x21,0x62,0x08,0x82,0x10,0x82,0x10,0x20,0x00,0x00,0x00,0x00,0x00,0x00,0x00,0x00,0x00,0x00,0x00,
	0x41,0x08,0x61,0x08,0x62,0x10,0x62,0x10,0xA2,0x10,0x21,0x00,0x23,0x29,0x4B,0xDE,0x88,0xA4,0x01,0x00,
	0x42,0x08,0xC2,0x18,0x01,0x00,0xA6,0x83,0x6B,0xE6,0xEA,0xCD,0xA6,0x83,0x01,0x00,0x82,0x10,0x62,0x08,
	0x41,0x08,0x20,0x00,0x00,0x00,0x00,0x00,0x00,0x00,0x00,0x00,0x00,0x00,0x41,0x08,0xA3,0x18,0x82,0x10,
	0x82,0x10,0xA7,0x31,0xC8,0x39,0xC7,0x39,0x69,0x4A,0x45,0x29,0x86,0x31,0xE4,0x20,0x6D,0x6B,0xF3,0x9C,
	0x04,0x21,0x66,0x31,0x08,0x42,0x9D,0xEF,0xEB,0x5A,0x25,0x21,0x04,0x21,0xAE,0x73,0x30,0x84,0xA3,0x10,
	0x66,0x29,0xE4,0x20,0x08,0x3A,0xA7,0x39,0xC7,0x39,0xE8,0x41,0x82,0x10,0x62,0x10,0x82,0x10,0x82,0x10,
	0x62,0x10,0x82,0x10,0x82,0x10,0x82,0x10,0x82,0x10,0x62,0x10,0x62,0x10,0x82,0x10,0x62,0x10,0x62,0x08,
	0x61,0x08,0x61,0x08,0x41,0x08,0x00,0x00,0x00,0x00,0xE3,0x18,0x8A,0x52,0x4E,0x6B,0x35,0xAD,0x8E,0x73,
	0xAB,0x5A,0x72,0x94,0xAB,0x52,0x82,0x10,0x00,0x00,0x00,0x00,0x00,0x00,0x00,0x00,0x00,0x00,0x00,0x00,
	0x00,0x00,0x00,0x00,0x00,0x00,0x00,0x00,0x00,0x00,0x00,0x00,0x00,0x00,0x25,0x21,0x2D,0x6B,0xF4,0x9C,
	0x49,0x4A,0x51,0x84,0xF4,0x9C,0x0C,0x63,0x08,0x42,0xA3,0x18,0x00,0x00,0x00,0x00,0x00,0x00,0x00,0x00,
	0x00,0x00,0x42,0x08,0x62,0x10,0x62,0x10,0x62,0x10,0x62,0x10,0x62,0x10,0x62,0x10,0x82,0x10,0x62,0x10,
	0x82,0x10,0x82,0x10,0x82,0x10,0x82,0x10,0x82,0x10,0x41,0x08,0x04,0x21,0x49,0x4A,0xE8,0x41,0x66,0x31,
	0x45,0x29,0x86,0x31,0xA6,0x31,0x66,0x31,0x45,0x29,0x86,0x31,0x24,0x21,0x18,0xC6,0xF7,0xBD,0xE4,0x20,
	0xA7,0x39,0x66,0x29,0x25,0x29,0x45,0x29,0x25,0x29,0x25,0x29,0x65,0x29,0xA7,0x31,0xC7,0x39,0xA3,0x10,
	0x61,0x08,0x82,0x10,0x82,0x10,0x21,0x08,0x00,0x00,0x00,0x00,0x00,0x00,0x00,0x00,0x21,0x08,0x41,0x08,
	0x62,0x08,0x62,0x10,0x82,0x10,0x82,0x10,0x42,0x08,0xC4,0x39,0xCC,0xEE,0x89,0xC5,0x63,0x31,0xE4,0x41,
	0x43,0x29,0x62,0x08,0xA2,0x18,0xCC,0xF6,0x66,0x7B,0x66,0x73,0xC9,0xCD,0x41,0x08,0x82,0x10,0x82,0x10,
	0x82,0x10,0x62,0x08,0x41,0x08,0x00,0x00,0x00,0x00,0x00,0x00,0x00,0x00,0x00,0x00,0x62,0x08,0x82,0x10,
	0x82,0x10,0x41,0x08,0x24,0x21,0x08,0x42,0xA7,0x31,0x45,0x29,0x66,0x31,0x25,0x29,0x10,0x84,0xEC,0x62,
	0x45,0x29,0x86,0x31,0x49,0x4A,0xFF,0xFF,0x2C,0x63,0x25,0x29,0x45,0x29,0x08,0x42,0xCF,0x7B,0x04,0x21,
	0x25,0x29,0x25,0x29,0x86,0x31,0xE8,0x41,0x66,0x29,0x62,0x08,0x62,0x10,0x82,0x10,0x82,0x10,0x82,0x10,
	0x82,0x10,0x62,0x10,0x82,0x10,0x82,0x10,0x62,0x10,0x62,0x10,0x82,0x10,0x82,0x10,0x62,0x10,0x62,0x08,
	0x61,0x08,0x00,0x00,0x00,0x00,0x00,0x00,0x00,0x00,0xE3,0x18,0x8A,0x52,0x4E,0x6B,0x35,0xA5,0x8E,0x73,
	0xAB,0x52,0x72,0x94,0xAB,0x52,0x82,0x10,0x00,0x00,0x00,0x00,0x00,0x00,0x00,0x00,0x00,0x00,0x00,0x00,
	0x00,0x00,0x00,0x00,0x00,0x00,0x00,0x00,0x00,0x00,0x00,0x00,0x00,0x00,0x86,0x31,0x2D,0x6B,0xF4,0x9C,
	0x49,0x4A,0x51,0x84,0xF4,0x9C,0x0C,0x63,0x08,0x42,0xA3,0x18,0x00,0x00,0x21,0x08,0x86,0x31,0x2D,0x6B,
	0x72,0x8C,0x24,0x21,0x41,0x08,0x62,0x10,0x62,0x10,0x62,0x10,0x62,0x10,0x62,0x10,0x62,0x10,0x62,0x10,
	0x62,0x10,0x62,0x10,0x62,0x10,0x62,0x10,0x62,0x10,0x82,0x10,0x62,0x08,0x62,0x10,0x66,0x31,0x6A,0x4A,
	0x29,0x42,0xC7,0x39,0x86,0x31,0x66,0x29,0x65,0x29,0x66,0x31,0x25,0x29,0x71,0x8C,0x51,0x8C,0x25,0x29,
	0x86,0x31,0x66,0x29,0x45,0x29,0x66,0x31,0xA7,0x31,0x08,0x42,0xC8,0x39,0x04,0x21,0x62,0x08,0x62,0x10,
	0x82,0x10,0x82,0x10,0x41,0x08,0x00,0x00,0x00,0x00,0x00,0x00,0x00,0x00,0x41,0x08,0x61,0x08,0x62,0x10,
	0x82,0x10,0x82,0x10,0x82,0x10,0xA2,0x10,0x21,0x00,0xE9,0xAC,0x2C,0xEF,0x2B,0xDE,0x8B,0xE6,0x0C,0xEF,
	0xA7,0x83,0x01,0x00,0xE5,0x62,0xAB,0xEE,0xC2,0x18,0xA4,0x31,0x8B,0xE6,0x83,0x31,0x42,0x08,0x82,0x10,
	0x82,0x10,0x82,0x10,0x62,0x10,0x41,0x08,0x20,0x00,0x00,0x00,0x00,0x00,0x00,0x00,0x00,0x00,0x82,0x10,
	0x82,0x10,0x82,0x10,0x62,0x08,0x82,0x10,0x66,0x29,0x09,0x42,0x08,0x42,0xC7,0x39,0x86,0x31,0x45,0x29,
	0x86,0x31,0x65,0x29,0xE7,0x39,0xB6,0xB5,0x49,0x4A,0x25,0x29,0xA6,0x31,0x65,0x29,0x25,0x21,0x86,0x31,
	0xE8,0x41,0x29,0x4A,0xC7,0x39,0xA3,0x18,0x41,0x08,0x82,0x10,0x82,0x10,0x82,0x10,0x82,0x10,0x62,0x10,
	0x62,0x10,0x62,0x10,0x82,0x10,0x82,0x10,0x82,0x10,0x62,0x10,0x62,0x10,0x62,0x10,0x62,0x10,0x62,0x08,
	0xF0,0x7B,0x30,0x84,0x8A,0x52,0xA3,0x10,0x00,0x00,0xE3,0x20,0x8A,0x4A,0x4D,0x6B,0x35,0xA5,0x8E,0x73,
	0xAB,0x5A,0x72,0x8C,0xAB,0x52,0x82,0x10,0x00,0x00,0x00,0x00,0x00,0x00,0x00,0x00,0x00,0x00,0x00,0x00,
	0x00,0x00,0x00,0x00,0x00,0x00,0x00,0x00,0x00,0x00,0x00,0x00,0x00,0x00,0x86,0x31,0x2D,0x6B,0xF4,0xA4,
	0x49,0x4A,0x51,0x84,0xF4,0x9C,0x0C,0x63,0x08,0x42,0xA3,0x18,0x00,0x00,0xE3,0x18,0xCB,0x5A,0x8A,0x52,
	0x86,0x31,0x82,0x08,0x62,0x08,0x62,0x10,0x62,0x10,0x82,0x10,0x82,0x10,0x82,0x10,0x62,0x10,0x82,0x10,
	0x82,0x10,0x62,0x10,0x62,0x10,0x62,0x10,0x62,0x10,0x82,0x10,0x82,0x10,0x82,0x10,0x62,0x08,0x62,0x10,
	0x25,0x21,0xE8,0x39,0x29,0x42,0x29,0x42,0x08,0x42,0xE8,0x41,0xE8,0x39,0x86,0x31,0x86,0x31,0xE8,0x41,
	0xE8,0x41,0x08,0x42,0xE8,0x41,0xC7,0x39,0x86,0x31,0xE4,0x18,0x62,0x08,0x62,0x10,0x82,0x10,0x82,0x10,
	0x82,0x10,0x82,0x10,0x00,0x00,0x00,0x00,0x00,0x00,0x00,0x00,0x21,0x08,0x61,0x08,0x82,0x10,0x82,0x10,
	0x82,0x10,0x82,0x10,0x82,0x10,0x82,0x10,0x82,0x10,0xA3,0x18,0xC2,0x18,0xE3,0x20,0xC3,0x18,0xC3,0x18,
	0xA2,0x18,0x82,0x10,0xC2,0x18,0xA2,0x18,0x62,0x10,0x62,0x08,0xEA,0xCD,0x85,0x7B,0x22,0x00,0xA2,0x10,
	0x82,0x10,0x82,0x10,0x82,0x10,0x62,0x10,0x41,0x08,0x00,0x00,0x00,0x00,0x00,0x00,0x00,0x00,0x41,0x08,
	0xA2,0x10,0x82,0x10,0x82,0x10,0xA3,0x10,0x61,0x08,0x83,0x10,0x25,0x29,0xC7,0x39,0x29,0x42,0x29,0x4A,
	0x08,0x42,0x08,0x42,0x08,0x42,0xA6,0x31,0xC7,0x39,0x08,0x42,0x28,0x42,0x29,0x4A,0x49,0x4A,0x08,0x42,
	0x66,0x29,0xA3,0x18,0x41,0x08,0x62,0x10,0x82,0x10,0x82,0x10,0x82,0x10,0x82,0x10,0x82,0x10,0x82,0x10,
	0x62,0x10,0x62,0x10,0x82,0x10,0x82,0x10,0x82,0x10,0x62,0x10,0x62,0x10,0x82,0x10,0x62,0x10,0x62,0x08,
	0xC3,0x18,0xA7,0x31,0xCB,0x5A,0x86,0x31,0x00,0x00,0x04,0x21,0x8A,0x52,0x4D,0x6B,0x35,0xA5,0x8E,0x73,
	0xAB,0x5A,0x72,0x8C,0x8A,0x52,0x82,0x10,0x00,0x00,0x00,0x00,0x00,0x00,0x00,0x00,0x00,0x00,0x00,0x00,
	0x00,0x00,0x00,0x00,0x00,0x00,0x00,0x00,0x00,0x00,0x00,0x00,0x00,0x00,0x86,0x31,0x2D,0x6B,0xF4,0x9C,
	0x49,0x4A,0x31,0x84,0xF4,0x9C,0x0C,0x6B,0x08,0x42,0xA3,0x18,0x00,0x00,0x00,0x00,0x00,0x00,0x00,0x00,
	0x00,0x00,0x41,0x08,0x62,0x08,0x62,0x08,0x41,0x08,0x41,0x08,0x21,0x08,0x21,0x08,0x21,0x00,0x41,0x08,
	0x41,0x08,0x61,0x10,0x62,0x10,0x62,0x10,0x62,0x10,0x82,0x10,0x62,0x10,0x82,0x10,0x82,0x10,0x82,0x10,
	0x62,0x08,0x61,0x08,0x82,0x10,0x04,0x21,0x46,0x29,0xA7,0x31,0xE8,0x39,0x09,0x42,0x08,0x42,0xE8,0x39,
	0x87,0x31,0x45,0x29,0xC3,0x18,0x62,0x10,0x41,0x08,0x62,0x08,0x82,0x10,0x82,0x10,0x82,0x10,0x82,0x10,
	0x82,0x10,0x21,0x08,0x00,0x00,0x00,0x00,0x00,0x00,0x41,0x08,0x62,0x08,0x82,0x10,0x82,0x10,0x82,0x10,
	0x82,0x10,0x82,0x10,0x82,0x10,0x82,0x10,0x82,0x10,0x62,0x10,0x62,0x10,0x62,0x08,0x21,0x00,0x41,0x08,
	0x62,0x10,0x82,0x10,0x62,0x10,0x62,0x08,0xA2,0x10,0x01,0x00,0xE7,0x83,0x68,0xC5,0x41,0x08,0x82,0x10,
	0x82,0x10,0x82,0x10,0x82,0x10,0x82,0x10,0x62,0x10,0x41,0x08,0x00,0x00,0x00,0x00,0x00,0x00,0x00,0x00,
	0x62,0x08,0x82,0x10,0x82,0x10,0x82,0x10,0x82,0x10,0x82,0x10,0x62,0x10,0x41,0x08,0x82,0x10,0xE4,0x18,
	0x45,0x29,0xA6,0x31,0xC7,0x39,0xC7,0x39,0xC7,0x39,0xA7,0x31,0x65,0x29,0x04,0x21,0xA3,0x18,0x61,0x08,
	0x41,0x08,0x82,0x10,0x82,0x10,0x82,0x10,0x82,0x10,0x82,0x10,0x82,0x10,0x82,0x10,0x62,0x10,0x82,0x10,
	0x82,0x10,0x82,0x10,0x62,0x10,0x61,0x10,0x61,0x08,0x41,0x08,0x41,0x08,0x41,0x08,0x62,0x10,0x62,0x10,
	0x41,0x08,0x00,0x00,0x00,0x00,0x00,0x00,0x00,0x00,0xE3,0x18,0x8A,0x4A,0x4D,0x6B,0x35,0xA5,0x8E,0x73,
	0xCB,0x5A,0x72,0x8C,0xAB,0x52,0x82,0x10,0x00,0x00,0x00,0x00,0x00,0x00,0x00,0x00,0x00,0x00,0x00,0x00,
	0x00,0x00,0x00,0x00,0x00,0x00,0x00,0x00,0x00,0x00,0x00,0x00,0x00,0x00,0xA7,0x31,0x2D,0x63,0xF4,0x9C,
	0x49,0x4A,0x31,0x84,0xD4,0x9C,0x0C,0x63,0x08,0x42,0xA3,0x18,0x00,0x00,0x00,0x00,0x20,0x00,0x41,0x08,
	0x61,0x08,0x61,0x08,0x41,0x00,0x42,0x08,0xE4,0x20,0xA6,0x39,0x28,0x4A,0x69,0x4A,0x68,0x4A,0xE7,0x41,
	0x25,0x29,0x62,0x10,0x21,0x08,0x62,0x10,0x62,0x10,0x62,0x10,0x62,0x10,0x62,0x10,0x62,0x10,0x62,0x10,
	0x82,0x10,0x82,0x10,0x82,0x10,0x62,0x08,0x41,0x08,0x41,0x08,0x61,0x08,0x61,0x08,0x61,0x08,0x61,0x08,
	0x61,0x08,0x62,0x08,0x62,0x10,0x82,0x10,0x82,0x10,0x82,0x10,0x82,0x10,0x82,0x10,0x82,0x10,0x82,0x10,
	0x61,0x08,0x00,0x00,0x00,0x00,0x00,0x00,0x21,0x08,0x62,0x10,0x82,0x10,0x82,0x10,0x82,0x10,0x82,0x10,
	0x82,0x10,0x82,0x10,0x82,0x10,0x82,0x10,0x82,0x10,0x82,0x10,0x82,0x10,0x82,0x10,0x82,0x10,0x82,0x10,
	0x82,0x10,0x82,0x10,0x82,0x10,0x82,0x10,0x82,0x10,0x41,0x08,0xE4,0x39,0x6A,0xE6,0x62,0x31,0x42,0x08,
	0xA2,0x10,0x82,0x10,0x82,0x10,0x82,0x10,0x82,0x10,0x62,0x10,0x41,0x08,0x00,0x00,0x00,0x00,0x00,0x00,
	0x21,0x00,0x82,0x10,0x82,0x10,0x82,0x10,0x82,0x10,0x82,0x10,0x82,0x10,0x82,0x10,0x82,0x10,0x62,0x08,
	0x61,0x08,0x62,0x08,0x41,0x08,0x41,0x08,0x61,0x08,0x61,0x08,0x41,0x08,0x61,0x08,0x62,0x10,0x82,0x10,
	0x82,0x10,0x82,0x10,0x82,0x10,0x82,0x10,0x82,0x10,0x62,0x10,0x82,0x10,0x82,0x10,0x82,0x10,0x62,0x10,
	0x62,0x10,0x62,0x10,0xC4,0x18,0x24,0x21,0x04,0x21,0x04,0x19,0x04,0x21,0xE4,0x18,0x62,0x10,0x62,0x10,
	0x41,0x08,0x41,0x08,0x21,0x08,0x00,0x00,0x00,0x00,0xE3,0x18,0x6A,0x4A,0x4D,0x6B,0x35,0xA5,0x8E,0x73,
	0xCB,0x5A,0x72,0x8C,0xAB,0x52,0x82,0x10,0x00,0x00,0x00,0x00,0x00,0x00,0x00,0x00,0x00,0x00,0x00,0x00,
	0x00,0x00,0x00,0x00,0x00,0x00,0x00,0x00,0x00,0x00,0x00,0x00,0x00,0x00,0x66,0x29,0x2D,0x6B,0xF4,0x9C,
	0x49,0x4A,0x51,0x84,0xD4,0x94,0x0C,0x63,0x08,0x42,0xA3,0x18,0x00,0x00,0x00,0x00,0x00,0x00,0x21,0x08,
	0x41,0x08,0x41,0x08,0x65,0x31,0x0B,0x84,0xEF,0xC5,0xB0,0xDE,0x11,0xEF,0x31,0xF7,0x31,0xEF,0xD1,0xE6,
	0x31,0xCE,0xAE,0x9C,0x07,0x42,0x62,0x10,0x62,0x10,0x62,0x10,0x62,0x10,0x62,0x10,0x62,0x10,0x62,0x10,
	0x62,0x10,0x62,0x10,0x82,0x10,0x82,0x10,0x82,0x10,0x82,0x10,0x82,0x10,0x82,0x10,0x82,0x10,0x82,0x10,
	0xA2,0x10,0x82,0x10,0x82,0x10,0x82,0x10,0x62,0x10,0x62,0x10,0x82,0x10,0x82,0x10,0x82,0x10,0x82,0x10,
	0x21,0x08,0x00,0x00,0x00,0x00,0x21,0x08,0x61,0x08,0x62,0x10,0x82,0x10,0x82,0x10,0x82,0x10,0x82,0x10,
	0x82,0x10,0x82,0x10,0xA2,0x10,0x82,0x10,0x82,0x10,0x82,0x10,0x82,0x10,0x82,0x10,0x82,0x10,0x82,0x10,
	0x82,0x10,0x82,0x10,0x82,0x10,0x82,0x10,0x82,0x10,0x82,0x10,0x62,0x10,0xEA,0xCD,0x45,0x73,0x21,0x00,
	0xA2,0x10,0x82,0x10,0x82,0x10,0x82,0x10,0x82,0x10,0x82,0x10,0x62,0x10,0x41,0x08,0x00,0x00,0x00,0x00,
	0x00,0x00,0x61,0x08,0x82,0x10,0x82,0x10,0x82,0x10,0x82,0x10,0x82,0x10,0x82,0x10,0x82,0x10,0x82,0x10,
	0xA3,0x10,0xA2,0x10,0x82,0x10,0x82,0x10,0x82,0x10,0xA2,0x10,0x82,0x10,0x82,0x10,0x82,0x10,0x62,0x10,
	0x82,0x10,0x82,0x10,0x82,0x10,0x62,0x10,0x62,0x10,0x82,0x10,0x62,0x10,0x62,0x10,0x82,0x10,0x62,0x10,
	0x62,0x08,0x24,0x21,0x0D,0xA5,0xF0,0xC5,0xD0,0xBD,0xCF,0xC5,0x10,0xC6,0xEB,0x83,0x62,0x10,0x62,0x10,
	0x41,0x08,0x41,0x08,0x20,0x00,0x00,0x00,0x00,0x00,0xE3,0x18,0x6A,0x4A,0x4D,0x6B,0x35,0xA5,0x8E,0x73,
	0xCB,0x5A,0x72,0x8C,0xAB,0x52,0x82,0x10,0x00,0x00,0x00,0x00,0x00,0x00,0x00,0x00,0x00,0x00,0x00,0x00,
	0x00,0x00,0x00,0x00,0x00,0x00,0x00,0x00,0x00,0x00,0x00,0x00,0x00,0x00,0x87,0x31,0x2D,0x6B,0xF4,0x9C,
	0x49,0x4A,0x31,0x84,0xD4,0x9C,0x0C,0x63,0x28,0x42,0xA3,0x18,0x00,0x00,0x00,0x00,0x00,0x00,0x41,0x08,
	0x21,0x00,0x25,0x4A,0x6E,0xD6,0x8F,0xFF,0xCC,0xFF,0xCB,0xFF,0xAB,0xFF,0xAB,0xFF,0xAC,0xFF,0xCC,0xFF,
	0xCE,0xFF,0x90,0xFF,0xD1,0xE6,0x4A,0x6B,0x82,0x10,0x62,0x10,0x62,0x08,0x62,0x10,0x62,0x10,0x62,0x08,
	0x62,0x10,0x62,0x08,0x62,0x10,0x62,0x10,0x62,0x10,0x62,0x10,0x62,0x10,0x82,0x10,0x82,0x10,0x62,0x10,
	0x82,0x10,0x82,0x10,0x62,0x10,0x62,0x10,0x62,0x10,0x82,0x10,0x82,0x10,0x82,0x10,0x82,0x10,0x62,0x10,
	0x00,0x00,0x00,0x00,0x00,0x00,0x41,0x08,0x62,0x10,0x82,0x10,0x82,0x10,0x82,0x10,0x82,0x10,0xA2,0x10,
	0x82,0x10,0x62,0x08,0x21,0x00,0x62,0x08,0x82,0x10,0x82,0x10,0x82,0x10,0x82,0x10,0x62,0x10,0x62,0x10,
	0x82,0x10,0x82,0x10,0x62,0x10,0x82,0x10,0x82,0x10,0xA2,0x10,0x01,0x00,0x08,0x8C,0x69,0xBD,0x01,0x00,
	0x62,0x10,0xA2,0x10,0xA2,0x10,0x82,0x10,0x82,0x10,0x82,0x10,0x82,0x10,0x61,0x08,0x20,0x00,0x00,0x00,
	0x00,0x00,0x21,0x08,0x82,0x10,0x82,0x10,0x82,0x10,0x62,0x10,0x62,0x10,0x62,0x10,0x82,0x10,0x82,0x10,
	0x82,0x10,0x82,0x10,0x82,0x10,0x82,0x10,0x82,0x10,0x82,0x10,0x82,0x10,0x82,0x10,0x82,0x10,0x62,0x10,
	0x82,0x10,0x82,0x10,0x82,0x10,0x62,0x10,0x62,0x10,0x62,0x10,0x62,0x10,0x62,0x10,0x82,0x10,0x82,0x10,
	0x82,0x10,0x69,0x94,0xCE,0xFF,0xAE,0xFF,0xEE,0xFF,0x6D,0xFF,0xCD,0xFF,0xE9,0xAC,0x01,0x00,0x82,0x10,
	0x41,0x08,0x21,0x08,0x20,0x00,0x00,0x00,0x00,0x00,0xE3,0x18,0x6A,0x4A,0x4D,0x6B,0x55,0xA5,0x8E,0x73,
	0xCB,0x5A,0x72,0x94,0xAB,0x52,0x82,0x10,0x00,0x00,0x00,0x00,0x00,0x00,0x00,0x00,0x00,0x00,0x00,0x00,
	0x00,0x00,0x00,0x00,0x00,0x00,0x00,0x00,0x00,0x00,0x00,0x00,0x00,0x00,0x66,0x31,0x2D,0x6B,0xF4,0x9C,
	0x49,0x4A,0x11,0x84,0xF4,0x9C,0x2C,0x6B,0x08,0x42,0xA3,0x18,0x00,0x00,0x00,0x00,0x20,0x00,0x01,0x00,
	0xE2,0x20,0x6B,0xDE,0x8C,0xFF,0x4A,0xFF,0x68,0xBD,0x86,0x83,0xA4,0x5A,0x44,0x52,0x84,0x5A,0x85,0x83,
	0x47,0xBD,0x2A,0xFF,0x8E,0xFF,0x10,0xEF,0xC6,0x39,0x42,0x08,0x62,0x10,0x62,0x10,0x62,0x08,0x62,0x08,
	0x62,0x10,0x62,0x10,0x62,0x10,0x62,0x10,0x62,0x08,0x62,0x10,0x82,0x10,0x62,0x10,0x62,0x10,0x82,0x10,
	0x82,0x10,0x82,0x10,0x82,0x10,0x62,0x10,0x62,0x10,0x82,0x10,0x62,0x10,0x82,0x10,0x82,0x10,0x41,0x08,
	0x00,0x00,0x00,0x00,0x21,0x08,0x61,0x08,0x82,0x10,0x82,0x10,0x82,0x10,0xA2,0x10,0x62,0x08,0x01,0x00,
	0x62,0x10,0x23,0x29,0x66,0x4A,0x23,0x21,0x62,0x08,0x82,0x10,0x82,0x10,0x82,0x10,0x82,0x10,0xC3,0x18,
	0x82,0x10,0xA2,0x10,0xC3,0x18,0x82,0x10,0x82,0x10,0x82,0x10,0x41,0x08,0xE4,0x41,0x6A,0xDE,0x04,0x42,
	0xA3,0x10,0x21,0x08,0x21,0x00,0x82,0x10,0xA2,0x10,0x82,0x10,0x82,0x10,0x62,0x10,0x41,0x08,0x00,0x00,
	0x00,0x00,0x00,0x00,0x62,0x10,0x82,0x10,0x62,0x10,0x62,0x10,0x82,0x10,0x62,0x10,0x82,0x10,0x82,0x10,
	0x82,0x10,0x82,0x10,0x82,0x10,0x62,0x10,0x82,0x10,0x82,0x10,0x82,0x10,0x82,0x10,0x62,0x10,0x82,0x10,
	0x62,0x10,0x62,0x10,0x82,0x10,0x62,0x10,0x82,0x10,0x62,0x10,0x62,0x10,0x62,0x10,0x82,0x10,0x62,0x08,
	0x47,0x6B,0x4D,0xFF,0x6B,0xFF,0x49,0xDE,0xC8,0xAC,0xA8,0xEE,0x49,0xFF,0xC7,0xAC,0x01,0x00,0x61,0x08,
	0x41,0x08,0x41,0x08,0x20,0x00,0x00,0x00,0x00,0x00,0xE3,0x18,0x8A,0x4A,0x4E,0x6B,0x55,0xAD,0x6E,0x6B,
	0xCB,0x5A,0x72,0x8C,0xAB,0x52,0x82,0x10,0x00,0x00,0x00,0x00,0x00,0x00,0x00,0x00,0x00,0x00,0x00,0x00,
	0x00,0x00,0x00,0x00,0x00,0x00,0x00,0x00,0x00,0x00,0x00,0x00,0x00,0x00,0x45,0x29,0x2D,0x63,0xF4,0x9C,
	0x49,0x4A,0x11,0x84,0xF4,0x9C,0x2C,0x6B,0x08,0x42,0xA3,0x18,0x00,0x00,0x00,0x00,0x20,0x00,0x00,0x00,
	0xE4,0x6A,0x6A,0xFF,0x2A,0xFF,0xC7,0x83,0x21,0x00,0x00,0x00,0x00,0x00,0x00,0x00,0x00,0x00,0x00,0x00,
	0x00,0x00,0x45,0x73,0x2B,0xF7,0xCE,0xFF,0xC8,0x83,0x01,0x00,0x82,0x10,0x62,0x10,0x62,0x08,0x62,0x10,
	0x62,0x08,0x62,0x08,0x62,0x08,0x62,0x10,0x62,0x08,0x62,0x10,0x62,0x10,0x62,0x10,0x62,0x10,0x62,0x10,
	0x82,0x10,0x62,0x10,0x62,0x10,0x62,0x10,0x62,0x10,0x62,0x10,0x62,0x10,0x62,0x10,0x82,0x10,0x21,0x08,
	0x00,0x00,0x00,0x00,0x41,0x08,0x62,0x10,0x82,0x10,0xA2,0x10,0x62,0x10,0x01,0x00,0x44,0x29,0xA7,0x7B,
	0x89,0xC5,0x89,0xE6,0x89,0xE6,0x43,0x29,0x41,0x08,0x82,0x10,0x82,0x10,0x21,0x08,0x63,0x31,0xE6,0x6A,
	0x00,0x00,0xA4,0x39,0x27,0x6B,0x21,0x00,0x82,0x10,0x82,0x10,0x82,0x10,0x82,0x10,0xAA,0xC5,0x49,0xDE,
	0x2A,0xD6,0xCA,0x9C,0x66,0x52,0x62,0x10,0x21,0x08,0xA2,0x10,0x82,0x10,0x62,0x10,0x62,0x10,0x21,0x08,
	0x00,0x00,0x00,0x00,0x62,0x08,0x82,0x10,0x62,0x10,0x82,0x10,0x62,0x10,0x62,0x10,0x62,0x10,0x62,0x10,
	0x62,0x10,0x62,0x10,0x62,0x10,0x62,0x10,0x62,0x10,0x82,0x10,0x82,0x10,0x62,0x10,0x62,0x10,0x62,0x10,
	0x62,0x10,0x62,0x10,0x62,0x08,0x62,0x10,0x62,0x10,0x62,0x10,0x62,0x10,0x82,0x10,0x42,0x08,0x45,0x4A,
	0xEC,0xEE,0x4A,0xFF,0xAA,0xEE,0x43,0x31,0x00,0x00,0xE8,0xD5,0x89,0xFF,0xC7,0xAC,0x01,0x00,0x61,0x08,
	0x41,0x08,0x21,0x08,0x20,0x00,0x00,0x00,0x00,0x00,0xE3,0x18,0x8A,0x4A,0x4D,0x6B,0x55,0xAD,0x6E,0x6B,
	0xCB,0x5A,0x52,0x8C,0x8B,0x52,0x82,0x10,0x00,0x00,0x00,0x00,0x00,0x00,0x00,0x00,0x00,0x00,0x00,0x00,
	0x00,0x00,0x00,0x00,0x00,0x00,0x00,0x00,0x00,0x00,0x00,0x00,0x00,0x00,0x45,0x29,0x4D,0x6B,0xF4,0x9C,
	0x49,0x4A,0x11,0x84,0xD4,0x9C,0x2C,0x6B,0x28,0x42,0xA3,0x18,0x00,0x00,0x00,0x00,0x20,0x00,0x00,0x00,
	0x65,0x7B,0x69,0xFF,0x2B,0xFF,0x84,0x31,0x00,0x00,0x41,0x08,0x41,0x08,0x41,0x08,0x41,0x08,0x40,0x08,
	0x00,0x00,0xA1,0x18,0xCA,0xEE,0xAC,0xFF,0x89,0x9C,0x01,0x00,0x82,0x10,0x62,0x10,0x62,0x10,0x62,0x10,
	0x62,0x10,0x62,0x10,0x62,0x08,0x62,0x08,0x62,0x10,0x62,0x10,0x62,0x10,0x62,0x10,0x62,0x10,0x62,0x10,
	0x62,0x10,0x62,0x10,0x62,0x10,0x62,0x10,0x62,0x10,0x62,0x10,0x62,0x10,0x62,0x10,0x62,0x10,0x20,0x00,
	0x00,0x00,0x21,0x08,0x62,0x10,0x82,0x10,0xA2,0x10,0x21,0x00,0xC3,0x18,0x28,0x8C,0x89,0xEE,0x07,0xFF,
	0xE5,0xFE,0xC4,0xFE,0xE5,0xDD,0xC2,0x18,0x82,0x10,0x82,0x10,0x82,0x10,0x22,0x08,0xC3,0x41,0x28,0xB5,
	0x44,0x29,0x07,0x8C,0x87,0x9C,0x01,0x00,0xA2,0x10,0x82,0x10,0xA2,0x18,0x01,0x00,0x28,0x8C,0x69,0xE6,
	0x64,0xEE,0x48,0xFF,0x4A,0xFF,0xAB,0xBD,0x46,0x4A,0x21,0x00,0x82,0x10,0x82,0x10,0x62,0x10,0x41,0x08,
	0x00,0x00,0x00,0x00,0x41,0x08,0x82,0x10,0x62,0x10,0x82,0x10,0x62,0x10,0x62,0x10,0x62,0x10,0x62,0x08,
	0x62,0x10,0x62,0x10,0x62,0x10,0x62,0x08,0x62,0x10,0x62,0x10,0x62,0x10,0x62,0x10,0x62,0x10,0x82,0x10,
	0x62,0x10,0x62,0x10,0x62,0x10,0x62,0x10,0x62,0x10,0x62,0x10,0x82,0x10,0x62,0x08,0x84,0x31,0x4B,0xDE,
	0x4A,0xFF,0x2A,0xFF,0x44,0x52,0x00,0x00,0x41,0x08,0xC8,0xCD,0xA9,0xFF,0xE7,0xAC,0x01,0x00,0x61,0x08,
	0x41,0x08,0x21,0x08,0x00,0x00,0x00,0x00,0x00,0x00,0xE3,0x18,0x6A,0x4A,0x4E,0x6B,0x55,0xAD,0x6D,0x6B,
	0xCB,0x5A,0x72,0x8C,0xAB,0x52,0x82,0x10,0x00,0x00,0x00,0x00,0x00,0x00,0x00,0x00,0x00,0x00,0x00,0x00,
	0x00,0x00,0x00,0x00,0x00,0x00,0x00,0x00,0x00,0x00,0x00,0x00,0x00,0x00,0x45,0x29,0x2D,0x6B,0xF4,0x9C,
	0x49,0x4A,0x10,0x84,0xF4,0x9C,0x0C,0x6B,0x08,0x42,0xA3,0x18,0x00,0x00,0x00,0x00,0x20,0x00,0x00,0x00,
	0xA3,0x39,0x29,0xFF,0x4A,0xFF,0xAC,0xC5,0xC9,0x5A,0x66,0x29,0xC4,0x18,0xC4,0x18,0xE4,0x18,0x45,0x29,
	0x26,0x4A,0x0A,0xAD,0x4B,0xFF,0xAC,0xFF,0xC6,0x62,0x01,0x00,0x82,0x10,0x62,0x10,0x62,0x10,0x62,0x10,
	0x62,0x08,0x62,0x08,0x62,0x10,0x62,0x08,0x62,0x08,0x62,0x10,0x62,0x08,0x62,0x08,0x62,0x10,0x62,0x10,
	0x62,0x10,0x62,0x10,0x62,0x10,0x62,0x10,0x82,0x10,0x62,0x10,0x62,0x10,0x62,0x10,0x62,0x10,0x00,0x00,
	0x00,0x00,0x61,0x08,0x82,0x10,0xA2,0x10,0x21,0x00,0x25,0x4A,0x29,0xD6,0x26,0xFF,0xA4,0xF6,0x85,0xF6,
	0xA5,0xF6,0x85,0xF6,0x07,0xFF,0x47,0x6B,0x00,0x00,0x61,0x08,0x82,0x10,0x21,0x00,0x23,0x4A,0xE7,0xFE,
	0xA8,0xEE,0x28,0xFF,0xC6,0xB4,0x42,0x00,0x82,0x10,0x62,0x10,0x01,0x00,0xC2,0x18,0x68,0xBD,0x8B,0xE6,
	0xE5,0xDD,0xA5,0xF6,0x84,0xF6,0x06,0xFF,0x4B,0xFF,0x8A,0x94,0x82,0x10,0x41,0x08,0x82,0x10,0x41,0x08,
	0x20,0x00,0x00,0x00,0x41,0x08,0x82,0x10,0x62,0x10,0x62,0x10,0x62,0x10,0x62,0x10,0x62,0x10,0x62,0x08,
	0x62,0x10,0x62,0x10,0x62,0x10,0x82,0x10,0x62,0x10,0x82,0x10,0x62,0x10,0x62,0x10,0x62,0x10,0x62,0x10,
	0x62,0x08,0x62,0x10,0x62,0x08,0x62,0x10,0x62,0x10,0x82,0x10,0x62,0x10,0xE3,0x20,0x4A,0xB5,0x4A,0xFF,
	0x69,0xFF,0x86,0x7B,0x00,0x00,0x41,0x08,0x41,0x08,0xC8,0xCD,0x89,0xFF,0xE7,0xAC,0x00,0x00,0x61,0x08,
	0x41,0x08,0x21,0x08,0x00,0x00,0x00,0x00,0x00,0x00,0xE3,0x18,0x6A,0x4A,0x4E,0x6B,0x55,0xAD,0x6D,0x6B,
	0xCB,0x5A,0x72,0x8C,0xAB,0x52,0x82,0x10,0x00,0x00,0x00,0x00,0x00,0x00,0x00,0x00,0x00,0x00,0x00,0x00,
	0x00,0x00,0x00,0x00,0x00,0x00,0x00,0x00,0x00,0x00,0x00,0x00,0x00,0x00,0x25,0x21,0x4D,0x6B,0xF4,0xA4,
	0x49,0x4A,0x11,0x84,0xF4,0x9C,0x0C,0x63,0x08,0x42,0xA3,0x18,0x00,0x00,0x00,0x00,0x00,0x00,0x20,0x00,
	0x00,0x00,0xA5,0x83,0x29,0xF7,0x6C,0xFF,0x50,0xF7,0x70,0xD6,0xCF,0xBD,0x8F,0xB5,0xCF,0xC5,0x4F,0xD6,
	0x2E,0xF7,0x6C,0xFF,0x4B,0xFF,0xC9,0xAC,0x41,0x08,0x41,0x08,0x62,0x08,0x62,0x08,0x62,0x10,0x62,0x10,
	0x62,0x08,0x62,0x08,0x62,0x08,0x41,0x08,0x62,0x08,0x42,0x08,0x62,0x08,0x62,0x08,0x62,0x08,0x62,0x10,
	0x61,0x08,0x41,0x08,0x41,0x08,0x62,0x10,0x62,0x10,0x62,0x10,0x62,0x10,0x82,0x10,0x61,0x08,0x00,0x00,
	0x20,0x00,0x62,0x10,0x82,0x10,0x21,0x00,0xC5,0x5A,0x09,0xF7,0xE5,0xFE,0xA5,0xF6,0xC6,0xF6,0xC6,0xF6,
	0xC6,0xF6,0xC6,0xF6,0xC5,0xF6,0xE9,0xF6,0xA8,0x7B,0x44,0x29,0xA3,0x18,0x22,0x00,0x85,0x7B,0x05,0xFF,
	0x84,0xEE,0xC4,0xFE,0x08,0xD6,0xE3,0x18,0x82,0x08,0xE3,0x18,0x45,0x4A,0xC9,0xCD,0xA6,0xF6,0x6A,0xDE,
	0xE6,0xD5,0xC6,0xF6,0xC7,0xF6,0xA6,0xF6,0xA5,0xF6,0x69,0xFF,0xCC,0xC5,0xE3,0x18,0x42,0x08,0x61,0x10,
	0x20,0x00,0x00,0x00,0x21,0x08,0x82,0x10,0x62,0x10,0x62,0x10,0x62,0x10,0x62,0x10,0x62,0x10,0x62,0x10,
	0x62,0x10,0x82,0x10,0x62,0x10,0x62,0x10,0x62,0x10,0x62,0x10,0x62,0x10,0x62,0x10,0x62,0x10,0x62,0x10,
	0x62,0x10,0x62,0x10,0x62,0x10,0x62,0x10,0x62,0x10,0x62,0x10,0x62,0x10,0x48,0x94,0x6B,0xFF,0x69,0xFF,
	0xC8,0xAC,0x00,0x00,0x41,0x08,0x61,0x08,0x41,0x08,0xC8,0xCD,0x89,0xFF,0xE7,0xAC,0x00,0x00,0x61,0x10,
	0x41,0x08,0x21,0x08,0x00,0x00,0x00,0x00,0x00,0x00,0xE4,0x20,0x8A,0x52,0x4E,0x6B,0x55,0xAD,0x4D,0x6B,
	0xCB,0x5A,0x72,0x8C,0xAB,0x52,0x82,0x10,0x00,0x00,0x00,0x00,0x00,0x00,0x00,0x00,0x00,0x00,0x00,0x00,
	0x00,0x00,0x00,0x00,0x00,0x00,0x00,0x00,0x00,0x00,0x00,0x00,0x00,0x00,0x86,0x29,0x2D,0x6B,0x14,0xA5,
	0x49,0x4A,0x10,0x84,0xF4,0xA4,0x0C,0x63,0x08,0x42,0xA3,0x18,0x00,0x00,0x00,0x00,0x20,0x00,0x20,0x00,
	0x00,0x00,0xC2,0x18,0x09,0xD6,0x29,0xF7,0x4A,0xFF,0xAB,0xFF,0xEC,0xFF,0xED,0xFF,0xEC,0xFF,0xAB,0xFF,
	0x4A,0xFF,0x09,0xF7,0xCC,0xEE,0x64,0x31,0x21,0x00,0x61,0x08,0x62,0x08,0x62,0x10,0x62,0x08,0x62,0x08,
	0x62,0x08,0x62,0x08,0x62,0x08,0x61,0x08,0x61,0x08,0x61,0x08,0x62,0x08,0x41,0x08,0x42,0x08,0x62,0x08,
	0x62,0x08,0x41,0x08,0x62,0x10,0x62,0x10,0x62,0x10,0x62,0x10,0x61,0x08,0x82,0x10,0x61,0x08,0x00,0x00,
	0x21,0x08,0x82,0x10,0x01,0x00,0x65,0x52,0x29,0xFF,0xC5,0xF6,0xA6,0xF6,0xC6,0xF6,0xC6,0xF6,0xC7,0xF6,
	0xC6,0xF6,0xC6,0xF6,0xC6,0xF6,0xC5,0xF6,0x48,0xFF,0xAA,0xEE,0xEA,0xD5,0xAA,0xC5,0x88,0xEE,0xC6,0xF6,
	0xA6,0xF6,0xA6,0xF6,0xC7,0xF6,0xE9,0xD5,0xC9,0xC5,0x6A,0xDE,0x29,0xFF,0xE6,0xFE,0x85,0xEE,0x89,0xDE,
	0x09,0xD6,0x66,0xEE,0xE7,0xF6,0xC7,0xF6,0xC7,0xF6,0xA6,0xEE,0x48,0xFF,0xCB,0xC5,0xA2,0x10,0x61,0x08,
	0x41,0x08,0x00,0x00,0x21,0x08,0x82,0x10,0x62,0x10,0x62,0x10,0x62,0x10,0x82,0x10,0x62,0x10,0x62,0x10,
	0x62,0x10,0x82,0x10,0x62,0x10,0x62,0x10,0x82,0x10,0x62,0x10,0x62,0x10,0x62,0x10,0x62,0x10,0x62,0x10,
	0x62,0x10,0x82,0x10,0x62,0x10,0x62,0x10,0x61,0x08,0x42,0x08,0x27,0x73,0x4C,0xFF,0x4A,0xFF,0xE9,0xD5,
	0x61,0x10,0x00,0x00,0x41,0x08,0x41,0x08,0x41,0x08,0xC7,0xCD,0xA9,0xFF,0xE8,0xAC,0x00,0x00,0x41,0x08,
	0x21,0x08,0x20,0x00,0x00,0x00,0x00,0x00,0x00,0x00,0xE4,0x20,0x8A,0x52,0x6E,0x6B,0x55,0xAD,0x4D,0x6B,
	0xCB,0x5A,0x72,0x94,0xAB,0x52,0x82,0x10,0x00,0x00,0x00,0x00,0x00,0x00,0x00,0x00,0x00,0x00,0x00,0x00,
	0x00,0x00,0x00,0x00,0x00,0x00,0x00,0x00,0x00,0x00,0x00,0x00,0x00,0x00,0x45,0x29,0x2D,0x6B,0xF4,0xA4,
	0x69,0x4A,0x10,0x84,0xF4,0xA4,0x2C,0x63,0x29,0x42,0xA3,0x18,0x00,0x00,0x00,0x00,0x20,0x00,0x00,0x00,
	0x65,0x52,0xAB,0xE6,0x29,0xFF,0x29,0xFF,0x08,0xDE,0xE7,0xAC,0x26,0x94,0xE6,0x8B,0x46,0x9C,0xE7,0xB4,
	0x08,0xDE,0x29,0xFF,0x4B,0xFF,0x0E,0xEF,0x0A,0x84,0xC4,0x18,0x42,0x08,0x62,0x10,0x62,0x10,0x62,0x08,
	0x62,0x08,0x62,0x08,0x62,0x08,0x62,0x08,0x41,0x08,0x61,0x08,0x61,0x08,0x41,0x08,0x42,0x08,0x61,0x08,
	0x61,0x08,0x61,0x08,0x61,0x08,0x61,0x08,0x61,0x08,0x61,0x08,0x61,0x08,0x62,0x10,0x61,0x08,0x00,0x00,
	0x61,0x08,0x21,0x08,0x43,0x29,0xA9,0xE6,0xE5,0xF6,0xC6,0xF6,0xC6,0xF6,0xC6,0xF6,0xC7,0xF6,0xC7,0xF6,
	0xC7,0xF6,0xC7,0xF6,0xC6,0xF6,0xC6,0xF6,0xA5,0xF6,0xC5,0xF6,0x06,0xFF,0x06,0xFF,0xC6,0xF6,0xC6,0xF6,
	0xC6,0xF6,0xC6,0xF6,0xA6,0xF6,0xE6,0xFE,0x06,0xFF,0xE6,0xFE,0xA5,0xF6,0xA6,0xF6,0xC6,0xF6,0x89,0xE6,
	0x4A,0xDE,0x26,0xDE,0xE7,0xFE,0xA7,0xF6,0xC7,0xF6,0xE7,0xF6,0xA6,0xEE,0x49,0xFF,0x89,0x94,0x01,0x00,
	0x61,0x08,0x00,0x00,0x21,0x00,0x62,0x10,0x62,0x10,0x62,0x10,0x62,0x10,0x42,0x08,0x62,0x08,0x61,0x08,
	0x41,0x08,0x41,0x08,0x41,0x08,0x41,0x08,0x61,0x08,0x41,0x08,0x41,0x08,0x41,0x08,0x41,0x08,0x41,0x08,
	0x41,0x08,0x62,0x10,0x62,0x10,0x62,0x10,0x42,0x08,0x04,0x42,0xAB,0xEE,0x2A,0xFF,0xEB,0xEE,0x23,0x29,
	0x41,0x08,0xC3,0x18,0xA3,0x18,0xC3,0x18,0x62,0x10,0xC7,0xCD,0xAA,0xFF,0xC8,0xAC,0x42,0x08,0x25,0x29,
	0xA3,0x10,0x20,0x00,0x00,0x00,0x00,0x00,0x00,0x00,0xE4,0x18,0x8A,0x52,0x6E,0x6B,0x55,0xAD,0x4D,0x6B,
	0xCB,0x5A,0x52,0x8C,0x8B,0x52,0x82,0x10,0x00,0x00,0x00,0x00,0x00,0x00,0x00,0x00,0x00,0x00,0x00,0x00,
	0x00,0x00,0x00,0x00,0x00,0x00,0x00,0x00,0x00,0x00,0x00,0x00,0x00,0x00,0x45,0x29,0x2D,0x6B,0xF4,0xA4,
	0x6A,0x4A,0x10,0x84,0xF4,0x9C,0x2C,0x63,0x49,0x42,0xC3,0x18,0x00,0x00,0x00,0x00,0x00,0x00,0xA1,0x18,
	0x69,0xE6,0x69,0xFF,0x88,0xEE,0x84,0x5A,0x41,0x08,0x00,0x00,0x00,0x00,0x00,0x00,0x00,0x00,0x00,0x00,
	0x41,0x10,0x64,0x52,0x49,0xE6,0x49,0xFF,0x4D,0xFF,0x46,0x52,0x21,0x00,0x62,0x08,0x62,0x08,0x62,0x08,
	0x62,0x08,0x62,0x08,0x41,0x08,0x62,0x08,0x41,0x08,0x62,0x08,0x41,0x08,0x41,0x08,0x62,0x08,0x41,0x08,
	0x61,0x08,0x61,0x08,0x61,0x08,0x61,0x08,0x41,0x08,0x61,0x08,0x62,0x10,0x62,0x10,0x62,0x10,0x00,0x00,
	0x41,0x08,0x41,0x08,0x87,0xC5,0x87,0xFF,0xE7,0xFE,0xE7,0xFE,0x07,0xFF,0x27,0xFF,0x27,0xFF,0xE7,0xF6,
	0xC7,0xF6,0xC7,0xF6,0xC7,0xF6,0xC7,0xF6,0xC6,0xF6,0xC6,0xF6,0xC6,0xF6,0xC6,0xF6,0xC6,0xF6,0xC6,0xF6,
	0xC6,0xF6,0xC6,0xF6,0xC6,0xF6,0xC6,0xF6,0xC6,0xF6,0xC6,0xF6,0xC6,0xF6,0xC7,0xF6,0xE7,0xF6,0x87,0xEE,
	0x6A,0xDE,0x07,0xD6,0x07,0xFF,0x48,0xFF,0x48,0xFF,0x29,0xFF,0x08,0xFF,0x07,0xFF,0xAA,0xFF,0x65,0x52,
	0x01,0x00,0x20,0x08,0x20,0x00,0x62,0x10,0x62,0x08,0x41,0x08,0x00,0x00,0x00,0x00,0x00,0x00,0x00,0x00,
	0x00,0x00,0x00,0x00,0x00,0x00,0x00,0x00,0x00,0x00,0x00,0x00,0x00,0x00,0x00,0x00,0x00,0x00,0x00,0x00,
	0x00,0x00,0x41,0x08,0x62,0x10,0x62,0x10,0x21,0x08,0xE7,0xAC,0x4A,0xFF,0xE9,0xF6,0xCB,0xEE,0x8A,0x9C,
	0x4D,0xB5,0x8E,0xBD,0x6E,0xB5,0x8E,0xBD,0x4C,0xBD,0xCA,0xEE,0x2B,0xFF,0xAC,0xE6,0x6C,0xBD,0xCD,0xC5,
	0xC5,0x39,0x00,0x00,0x20,0x00,0x00,0x00,0x00,0x00,0xE4,0x20,0x8A,0x52,0x6E,0x6B,0x55,0xAD,0x4D,0x6B,
	0xCB,0x5A,0x52,0x8C,0xAB,0x52,0x82,0x10,0x00,0x00,0x00,0x00,0x00,0x00,0x00,0x00,0x00,0x00,0x00,0x00,
	0x00,0x00,0x00,0x00,0x00,0x00,0x00,0x00,0x00,0x00,0x00,0x00,0x00,0x00,0x25,0x29,0x2D,0x6B,0xF4,0x9C,
	0x69,0x4A,0xF0,0x7B,0xF4,0x9C,0x2C,0x63,0x28,0x42,0xA3,0x18,0x00,0x00,0x20,0x00,0x00,0x00,0x03,0x4A,
	0x08,0xFF,0x68,0xFF,0xA6,0x83,0x00,0x00,0x00,0x00,0x20,0x08,0x20,0x08,0x20,0x08,0x20,0x08,0x20,0x00,
	0x00,0x00,0x00,0x00,0xA4,0x62,0x28,0xFF,0x6B,0xFF,0x67,0x73,0x00,0x00,0x62,0x08,0x41,0x08,0x41,0x08,
	0x41,0x08,0x41,0x08,0x42,0x08,0x41,0x08,0x41,0x08,0x41,0x08,0x41,0x08,0x41,0x08,0x62,0x08,0x62,0x08,
	0x61,0x10,0x61,0x08,0x61,0x08,0x61,0x08,0x62,0x10,0x41,0x08,0x61,0x08,0x41,0x08,0x82,0x10,0x20,0x00,
	0x00,0x00,0x84,0x5A,0xE7,0xB4,0xA4,0x62,0xC2,0x41,0x82,0x39,0x03,0x4A,0x04,0x73,0xE6,0xB4,0xE7,0xFE,
	0xE7,0xF6,0xC7,0xF6,0xE7,0xF6,0xE7,0xF6,0xC7,0xF6,0xC7,0xF6,0xC7,0xF6,0xC7,0xF6,0xC6,0xF6,0xC7,0xF6,
	0xC6,0xF6,0xC6,0xF6,0xC6,0xF6,0xC7,0xF6,0xC7,0xF6,0xE7,0xF6,0xC7,0xF6,0xC7,0xF6,0xE7,0xF6,0xC6,0xF6,
	0x6A,0xDE,0x08,0xD6,0x27,0xDE,0x87,0xA4,0xC4,0x6A,0x03,0x4A,0xE3,0x49,0x83,0x5A,0x45,0x94,0xC8,0xAC,
	0x61,0x10,0x00,0x00,0x41,0x08,0x62,0x10,0x41,0x08,0x00,0x00,0x00,0x00,0x00,0x00,0x00,0x00,0x00,0x00,
	0x00,0x00,0x00,0x00,0x00,0x00,0x00,0x00,0x00,0x00,0x00,0x00,0x20,0x00,0x00,0x00,0x20,0x00,0x00,0x00,
	0x00,0x00,0x00,0x00,0x41,0x08,0x82,0x10,0x00,0x00,0x26,0xBD,0x88,0xFF,0x29,0xFF,0x4A,0xFF,0xCC,0xFF,
	0xCD,0xFF,0xCD,0xFF,0xCD,0xFF,0xAD,0xFF,0xAC,0xFF,0x2B,0xF7,0x0B,0xF7,0x4B,0xFF,0xAB,0xFF,0xEC,0xFF,
	0x44,0x52,0x00,0x00,0x20,0x00,0x00,0x00,0x00,0x00,0xE3,0x20,0x8A,0x52,0x4E,0x6B,0x55,0xAD,0x4D,0x6B,
	0xCB,0x5A,0x72,0x8C,0xAB,0x52,0x82,0x10,0x00,0x00,0x00,0x00,0x00,0x00,0x00,0x00,0x00,0x00,0x00,0x00,
	0x00,0x00,0x00,0x00,0x00,0x00,0x00,0x00,0x00,0x00,0x00,0x00,0x00,0x00,0x45,0x29,0x2D,0x6B,0x14,0xA5,
	0x69,0x4A,0xF0,0x7B,0xF4,0x9C,0x2C,0x63,0x28,0x42,0xA3,0x18,0x00,0x00,0x20,0x00,0x00,0x00,0xC2,0x41,
	0xE7,0xFE,0x48,0xFF,0xA8,0xA4,0x82,0x10,0x21,0x08,0x00,0x00,0x00,0x00,0x00,0x00,0x00,0x00,0x00,0x00,
	0x20,0x00,0x00,0x00,0x86,0x83,0x49,0xFF,0x6A,0xFF,0xC6,0x62,0x00,0x00,0x61,0x08,0x42,0x08,0x41,0x08,
	0x41,0x08,0x41,0x08,0x41,0x08,0x42,0x08,0x41,0x08,0x41,0x08,0x41,0x08,0x41,0x08,0x41,0x08,0x61,0x08,
	0x41,0x08,0x41,0x08,0x61,0x08,0x61,0x08,0x61,0x08,0x61,0x08,0x41,0x08,0x41,0x08,0x82,0x10,0x21,0x08,
	0x21,0x08,0xC2,0x20,0x00,0x00,0x00,0x00,0x00,0x00,0x00,0x00,0x00,0x00,0x00,0x00,0x00,0x00,0x23,0x52,
	0x87,0xEE,0xE7,0xF6,0xE7,0xFE,0x27,0xFF,0x27,0xFF,0x07,0xFF,0xE7,0xF6,0xC7,0xF6,0xC7,0xF6,0xE7,0xF6,
	0xC7,0xF6,0xE7,0xF6,0xC7,0xF6,0xE7,0xF6,0xE7,0xF6,0x07,0xFF,0x27,0xFF,0x27,0xFF,0x07,0xFF,0xE6,0xF6,
	0x88,0xDE,0x6A,0xE6,0x82,0x39,0x00,0x00,0x00,0x00,0x00,0x00,0x00,0x00,0x00,0x00,0x00,0x00,0xA1,0x18,
	0x82,0x10,0x00,0x00,0x41,0x08,0x62,0x10,0x21,0x08,0x00,0x00,0x00,0x00,0x00,0x00,0x00,0x00,0x00,0x00,
	0x00,0x00,0x00,0x00,0x00,0x00,0x00,0x00,0x00,0x00,0x00,0x00,0x00,0x00,0x00,0x00,0x00,0x00,0x00,0x00,
	0x00,0x00,0x00,0x00,0x20,0x00,0x82,0x10,0x00,0x00,0xA5,0x8B,0xA7,0xCD,0x47,0xC5,0x67,0xC5,0x47,0xC5,
	0x47,0xC5,0x68,0xC5,0x68,0xC5,0x48,0xC5,0xA8,0xCD,0xE9,0xF6,0x0A,0xF7,0xAA,0xEE,0x89,0xC5,0x89,0xC5,
	0x83,0x39,0x00,0x00,0x20,0x00,0x00,0x00,0x00,0x00,0xE4,0x20,0x8A,0x52,0x6E,0x6B,0x55,0xAD,0x4D,0x6B,
	0xEC,0x5A,0x72,0x8C,0xAB,0x52,0x82,0x10,0x00,0x00,0x00,0x00,0x00,0x00,0x00,0x00,0x00,0x00,0x00,0x00,
	0x00,0x00,0x00,0x00,0x00,0x00,0x00,0x00,0x00,0x00,0x00,0x00,0x00,0x00,0x25,0x29,0x2D,0x6B,0x14,0xA5,
	0x6A,0x52,0xEF,0x7B,0x14,0xA5,0x2C,0x63,0x08,0x42,0xC3,0x18,0x00,0x00,0x00,0x00,0x00,0x00,0x41,0x08,
	0xC7,0xD5,0x47,0xFF,0x0B,0xF7,0x4C,0xB5,0x6A,0x73,0x68,0x52,0xC7,0x39,0xA6,0x39,0xC6,0x39,0x27,0x42,
	0xE8,0x62,0xAA,0x9C,0xEC,0xF6,0x48,0xFF,0x8A,0xEE,0xE2,0x20,0x20,0x00,0x62,0x08,0x41,0x08,0x41,0x08,
	0x41,0x08,0x62,0x08,0x41,0x08,0x41,0x08,0x41,0x08,0x41,0x08,0x41,0x08,0x41,0x08,0x61,0x08,0x41,0x08,
	0x41,0x08,0x41,0x08,0x61,0x08,0x61,0x08,0x61,0x08,0x61,0x08,0x41,0x08,0x41,0x08,0x62,0x10,0x41,0x08,
	0x41,0x08,0x21,0x00,0x61,0x10,0x82,0x10,0x82,0x10,0x82,0x10,0x82,0x10,0x82,0x10,0x81,0x10,0x00,0x00,
	0x24,0x73,0x88,0xFF,0x27,0xE6,0x67,0xC5,0x46,0xBD,0xC7,0xD5,0xE8,0xFE,0x47,0xFF,0xC7,0xF6,0xC7,0xF6,
	0xC7,0xF6,0xE7,0xF6,0xE7,0xF6,0x07,0xFF,0x28,0xFF,0x47,0xE6,0x86,0xC5,0x87,0xCD,0x07,0xDE,0x27,0xFF,
	0x27,0xDE,0xEB,0xCD,0xA4,0x5A,0x01,0x00,0x82,0x10,0x62,0x10,0x62,0x10,0x81,0x10,0x82,0x10,0x41,0x00,
	0x41,0x08,0x21,0x08,0x41,0x08,0x62,0x10,0x21,0x08,0x00,0x00,0x20,0x00,0x00,0x00,0x8E,0x73,0xDB,0xDE,
	0xBA,0xD6,0x58,0xC6,0x99,0xCE,0x28,0x42,0x00,0x00,0x65,0x29,0x96,0xB5,0xDB,0xDE,0xB2,0x94,0x82,0x10,
	0x00,0x00,0x00,0x00,0x20,0x00,0x62,0x10,0x21,0x08,0x00,0x00,0x00,0x00,0x00,0x00,0x00,0x00,0x00,0x00,
	0x00,0x00,0x00,0x00,0x00,0x00,0x00,0x00,0x41,0x08,0xC8,0xD5,0x69,0xFF,0x28,0xB5,0x00,0x00,0x00,0x00,
	0x00,0x00,0x20,0x00,0x00,0x00,0x00,0x00,0x00,0x00,0x04,0x21,0x8A,0x52,0x6E,0x73,0x55,0xAD,0x2D,0x6B,
	0xEC,0x62,0x72,0x94,0xAB,0x52,0x82,0x10,0x00,0x00,0x00,0x00,0x00,0x00,0x00,0x00,0x00,0x00,0x00,0x00,
	0x00,0x00,0x00,0x00,0x00,0x00,0x00,0x00,0x00,0x00,0x00,0x00,0x00,0x00,0x45,0x29,0x2D,0x6B,0xF4,0xA4,
	0x8A,0x52,0xCF,0x7B,0x14,0xA5,0x2C,0x63,0x28,0x42,0xC3,0x18,0x00,0x00,0x00,0x00,0x00,0x00,0x00,0x00,
	0xA3,0x41,0x67,0xE6,0x47,0xFF,0x6A,0xFF,0x4C,0xFF,0xED,0xEE,0xAE,0xE6,0x8E,0xDE,0xAE,0xDE,0xEE,0xEE,
	0x4E,0xFF,0xAC,0xFF,0x69,0xFF,0xCA,0xEE,0x44,0x52,0x00,0x00,0x41,0x08,0x41,0x08,0x41,0x08,0x41,0x08,
	0x41,0x08,0x41,0x08,0x62,0x08,0x41,0x08,0x41,0x08,0x41,0x08,0x41,0x08,0x41,0x08,0x61,0x08,0x61,0x08,
	0x41,0x08,0x41,0x08,0x41,0x08,0x61,0x08,0x41,0x08,0x61,0x08,0x61,0x08,0x61,0x08,0x62,0x10,0x62,0x10,
	0x41,0x08,0x61,0x08,0x62,0x10,0x62,0x10,0x62,0x10,0x62,0x10,0x62,0x10,0x62,0x10,0x62,0x10,0x41,0x08,
	0x02,0x21,0x25,0x73,0xC2,0x18,0x01,0x00,0x00,0x00,0x41,0x08,0x83,0x39,0xA6,0xAC,0x28,0xFF,0xC7,0xF6,
	0xC7,0xF6,0xC7,0xF6,0x27,0xFF,0x08,0xDE,0xA4,0x5A,0xA2,0x18,0x21,0x00,0x21,0x00,0x81,0x18,0x64,0x52,
	0x64,0x52,0xA7,0x7B,0x08,0xAD,0x01,0x00,0x82,0x10,0x62,0x10,0x62,0x10,0x62,0x10,0x62,0x10,0x62,0x10,
	0x41,0x08,0x41,0x08,0x82,0x10,0x62,0x10,0x21,0x08,0x00,0x00,0x00,0x00,0x00,0x00,0xA6,0x31,0x2C,0x63,
	0x8A,0x52,0xDB,0xDE,0x3C,0xE7,0xC3,0x18,0xE3,0x18,0x9D,0xEF,0x96,0xB5,0x2D,0x6B,0x1C,0xE7,0xF7,0xBD,
	0x00,0x00,0x00,0x00,0x21,0x00,0x62,0x08,0x41,0x08,0x00,0x00,0x00,0x00,0x00,0x00,0x00,0x00,0x00,0x00,
	0x00,0x00,0x00,0x00,0x00,0x00,0x00,0x00,0x00,0x00,0xE7,0xD5,0xC7,0xFF,0x48,0xBD,0x00,0x00,0x00,0x00,
	0x20,0x00,0x20,0x00,0x00,0x00,0x00,0x00,0x00,0x00,0x04,0x21,0xAA,0x52,0x6E,0x73,0x56,0xAD,0x2D,0x63,
	0xEC,0x62,0x72,0x8C,0xAB,0x52,0x82,0x10,0x00,0x00,0x00,0x00,0x00,0x00,0x00,0x00,0x00,0x00,0x00,0x00,
	0x00,0x00,0x00,0x00,0x00,0x00,0x00,0x00,0x00,0x00,0x00,0x00,0x00,0x00,0x04,0x21,0x2D,0x63,0xF4,0x9C,
	0x8A,0x52,0xAF,0x7B,0xF4,0x9C,0x2C,0x63,0x28,0x42,0xC3,0x18,0x00,0x00,0x00,0x00,0x00,0x00,0x00,0x00,
	0x00,0x00,0x02,0x21,0x25,0x9C,0x07,0xDE,0xC8,0xF6,0x49,0xFF,0x69,0xFF,0x89,0xFF,0x89,0xFF,0x69,0xFF,
	0x09,0xFF,0x48,0xDE,0x66,0xA4,0x43,0x31,0x00,0x00,0x21,0x08,0x41,0x08,0x41,0x08,0x41,0x08,0x41,0x08,
	0x41,0x08,0x41,0x08,0x41,0x08,0x41,0x08,0x41,0x08,0x41,0x08,0x41,0x08,0x41,0x08,0x41,0x08,0x41,0x08,
	0x41,0x08,0x61,0x08,0x61,0x08,0x41,0x08,0x41,0x08,0x61,0x08,0x61,0x08,0x41,0x08,0x61,0x08,0x82,0x10,
	0x41,0x08,0x61,0x08,0x61,0x08,0x62,0x10,0x62,0x10,0x62,0x10,0x62,0x10,0x62,0x10,0x62,0x10,0x62,0x10,
	0x41,0x08,0x01,0x00,0x41,0x08,0x62,0x10,0x62,0x10,0x41,0x08,0x00,0x00,0x00,0x00,0x65,0x7B,0x28,0xFF,
	0xC7,0xF6,0x27,0xFF,0xA7,0xCD,0xC2,0x20,0x00,0x00,0x41,0x08,0x61,0x08,0x61,0x08,0x41,0x08,0x01,0x00,
	0x00,0x00,0xC4,0x39,0x0A,0xD6,0xE2,0x20,0x62,0x08,0x82,0x10,0x62,0x10,0x62,0x10,0x62,0x10,0x61,0x08,
	0x41,0x08,0x62,0x08,0x82,0x10,0x62,0x10,0x20,0x00,0x00,0x00,0x00,0x00,0x00,0x00,0x00,0x00,0x00,0x00,
	0x2C,0x63,0x5C,0xE7,0xC3,0x18,0x00,0x00,0x10,0x84,0x7D,0xEF,0x00,0x00,0x00,0x00,0x86,0x31,0xFF,0xFF,
	0xA6,0x31,0x00,0x00,0x21,0x08,0x41,0x08,0x41,0x08,0x41,0x08,0x41,0x08,0x41,0x08,0x41,0x08,0x21,0x08,
	0x21,0x08,0x41,0x08,0x41,0x08,0x20,0x00,0x20,0x00,0xA6,0xA4,0x08,0xD6,0xE7,0x8B,0x00,0x00,0x20,0x00,
	0x21,0x08,0x20,0x00,0x00,0x00,0x00,0x00,0x00,0x00,0x04,0x21,0xAA,0x52,0x6E,0x73,0x56,0xAD,0x2D,0x63,
	0xEC,0x62,0x52,0x8C,0xAB,0x52,0x82,0x10,0x00,0x00,0x00,0x00,0x00,0x00,0x00,0x00,0x00,0x00,0x00,0x00,
	0x00,0x00,0x00,0x00,0x00,0x00,0x00,0x00,0x00,0x00,0x00,0x00,0x00,0x00,0x04,0x21,0x0D,0x63,0xF4,0x9C,
	0xAA,0x52,0xAF,0x73,0x14,0xA5,0x2C,0x63,0x28,0x42,0xC3,0x18,0x00,0x00,0x00,0x00,0x00,0x00,0x00,0x00,
	0x00,0x00,0x00,0x00,0x00,0x00,0x81,0x10,0x62,0x31,0x23,0x52,0xA4,0x62,0xC4,0x6A,0xA4,0x62,0x44,0x52,
	0x83,0x39,0x81,0x18,0x00,0x00,0x00,0x00,0x20,0x08,0x41,0x08,0x41,0x08,0x41,0x08,0x41,0x08,0x41,0x08,
	0x41,0x08,0x41,0x08,0x41,0x08,0x41,0x08,0x41,0x08,0x41,0x08,0x41,0x08,0x41,0x08,0x41,0x08,0x41,0x08,
	0x41,0x08,0x41,0x08,0x41,0x08,0x41,0x08,0x41,0x08,0x41,0x08,0x41,0x08,0x41,0x08,0x41,0x08,0x82,0x10,
	0x62,0x08,0x61,0x08,0x61,0x08,0x62,0x10,0x62,0x10,0x62,0x10,0x62,0x10,0x61,0x08,0x62,0x10,0x62,0x10,
	0x62,0x10,0x82,0x10,0x82,0x10,0x62,0x10,0x62,0x10,0x62,0x10,0x82,0x10,0x62,0x10,0x00,0x00,0xE6,0x8B,
	0x69,0xFF,0x68,0xE6,0x22,0x29,0x01,0x00,0x82,0x10,0x62,0x10,0x62,0x10,0x62,0x10,0x62,0x10,0x82,0x10,
	0x82,0x10,0x42,0x08,0xAA,0xC5,0xC4,0x62,0x01,0x00,0x82,0x10,0x62,0x10,0x62,0x10,0x62,0x10,0x61,0x08,
	0x41,0x08,0x82,0x10,0x62,0x10,0x62,0x08,0x20,0x00,0x00,0x00,0x00,0x00,0x00,0x00,0x20,0x00,0x61,0x08,
	0xBA,0xD6,0x9E,0xF7,0x96,0xB5,0x62,0x10,0x34,0xA5,0x38,0xC6,0x00,0x00,0x21,0x08,0x61,0x08,0xBE,0xF7,
	0xCB,0x5A,0x00,0x00,0x21,0x08,0x61,0x08,0x41,0x08,0x41,0x08,0x41,0x08,0x41,0x08,0x41,0x08,0x41,0x08,
	0x41,0x08,0x41,0x08,0x41,0x08,0x41,0x08,0x00,0x00,0x00,0x00,0x00,0x00,0x00,0x00,0x00,0x00,0x21,0x08,
	0x21,0x08,0x21,0x08,0x00,0x00,0x00,0x00,0x00,0x00,0x04,0x21,0xAA,0x52,0x6E,0x73,0x76,0xAD,0x0C,0x63,
	0x0D,0x63,0x52,0x8C,0x8B,0x52,0x82,0x10,0x00,0x00,0x00,0x00,0x00,0x00,0x00,0x00,0x00,0x00,0x00,0x00,
	0x00,0x00,0x00,0x00,0x00,0x00,0x00,0x00,0x00,0x00,0x00,0x00,0x00,0x00,0x04,0x21,0x0D,0x63,0xF4,0xA4,
	0xAB,0x52,0x8E,0x73,0x14,0xA5,0x2D,0x63,0x29,0x42,0xC3,0x18,0x00,0x00,0x00,0x00,0x00,0x00,0x00,0x00,
	0x00,0x00,0x00,0x00,0x00,0x00,0x00,0x00,0x00,0x00,0x00,0x00,0x00,0x00,0x00,0x00,0x00,0x00,0x00,0x00,
	0x00,0x00,0x00,0x00,0x00,0x00,0x20,0x08,0x41,0x08,0x41,0x08,0x41,0x08,0x41,0x08,0x41,0x08,0x41,0x08,
	0x41,0x08,0x41,0x08,0x41,0x08,0x41,0x08,0x41,0x08,0x41,0x08,0x41,0x08,0x41,0x08,0x41,0x08,0x41,0x08,
	0x41,0x08,0x41,0x08,0x61,0x08,0x41,0x08,0x41,0x08,0x41,0x08,0x41,0x08,0x41,0x08,0x41,0x08,0x62,0x10,
	0xA3,0x18,0x41,0x08,0x61,0x08,0x61,0x08,0x62,0x10,0x62,0x10,0x62,0x10,0x62,0x10,0x61,0x08,0x62,0x10,
	0x62,0x10,0x62,0x10,0x62,0x10,0x62,0x10,0x62,0x10,0x62,0x10,0x62,0x10,0x62,0x10,0x61,0x08,0x41,0x08,
	0x29,0xDE,0x86,0x83,0x00,0x00,0x82,0x10,0x62,0x10,0x62,0x10,0x62,0x10,0x62,0x10,0x62,0x10,0x62,0x10,
	0x82,0x10,0x01,0x00,0xC8,0x7B,0xE8,0xAC,0x01,0x00,0x62,0x10,0x62,0x10,0x62,0x10,0x62,0x10,0x61,0x08,
	0x61,0x08,0x82,0x10,0x62,0x10,0x62,0x10,0x20,0x00,0x00,0x00,0x00,0x00,0x00,0x00,0x00,0x00,0x00,0x00,
	0x41,0x08,0x04,0x21,0xBE,0xF7,0xCF,0x7B,0x30,0x84,0xFB,0xDE,0x00,0x00,0x00,0x00,0xA2,0x10,0xFF,0xFF,
	0x69,0x4A,0x00,0x00,0x21,0x08,0x62,0x08,0x41,0x08,0x41,0x08,0x41,0x08,0x41,0x08,0x41,0x08,0x41,0x08,
	0x41,0x08,0x41,0x08,0x41,0x08,0x41,0x08,0x20,0x00,0x00,0x00,0x00,0x00,0x00,0x00,0x21,0x08,0x21,0x08,
	0x21,0x08,0x20,0x00,0x00,0x00,0x00,0x00,0x00,0x00,0x04,0x21,0xAB,0x52,0x8F,0x73,0x76,0xAD,0xEC,0x62,
	0x2D,0x6B,0x52,0x8C,0x8A,0x52,0x82,0x10,0x00,0x00,0x00,0x00,0x00,0x00,0x00,0x00,0x00,0x00,0x00,0x00,
	0x00,0x00,0x00,0x00,0x00,0x00,0x00,0x00,0x00,0x00,0x00,0x00,0x00,0x00,0x04,0x21,0x0D,0x63,0xF4,0x9C,
	0xAB,0x52,0x6E,0x6B,0x14,0xA5,0x2D,0x63,0x29,0x42,0xC3,0x18,0x00,0x00,0x00,0x00,0x00,0x00,0x20,0x00,
	0x40,0x00,0x21,0x08,0x20,0x00,0x20,0x00,0x20,0x00,0x20,0x00,0x20,0x00,0x20,0x08,0x20,0x08,0x20,0x00,
	0x20,0x00,0x20,0x00,0x21,0x08,0x41,0x08,0x41,0x08,0x41,0x08,0x41,0x08,0x41,0x08,0x41,0x08,0x41,0x08,
	0x41,0x08,0x41,0x08,0x41,0x08,0x41,0x08,0x41,0x08,0x41,0x08,0x41,0x08,0x62,0x08,0x41,0x08,0x41,0x08,
	0x41,0x08,0x41,0x08,0x41,0x08,0x61,0x08,0x41,0x08,0x41,0x08,0x41,0x08,0x61,0x08,0x41,0x08,0x61,0x08,
	0xC3,0x18,0x62,0x10,0x61,0x08,0x61,0x08,0x61,0x08,0x61,0x08,0x62,0x10,0x61,0x08,0x61,0x08,0x61,0x08,
	0x62,0x10,0x62,0x10,0x62,0x10,0x62,0x10,0x62,0x10,0x62,0x10,0x62,0x10,0x62,0x10,0x82,0x10,0x21,0x00,
	0x04,0x4A,0x23,0x29,0x41,0x08,0x62,0x10,0x61,0x08,0x61,0x08,0x62,0x10,0x61,0x08,0x62,0x10,0x62,0x10,
	0x62,0x10,0x21,0x08,0xA4,0x31,0x0A,0xCE,0xE2,0x18,0x41,0x08,0x61,0x10,0x61,0x08,0x62,0x10,0x41,0x08,
	0xA3,0x18,0x83,0x10,0x62,0x10,0x62,0x10,0x21,0x08,0x00,0x00,0x00,0x00,0x00,0x00,0x8A,0x52,0x28,0x42,
	0x20,0x00,0xA3,0x18,0x7D,0xEF,0xEF,0x7B,0x86,0x31,0xFF,0xFF,0x89,0x4A,0x21,0x08,0x92,0x94,0xBE,0xF7,
	0x82,0x10,0x00,0x00,0x21,0x08,0x41,0x08,0x41,0x08,0x41,0x08,0x41,0x08,0x41,0x08,0x41,0x08,0x41,0x08,
	0x41,0x08,0x41,0x08,0x41,0x08,0x41,0x08,0x41,0x08,0x21,0x08,0x20,0x00,0x20,0x00,0x21,0x08,0x41,0x08,
	0x21,0x08,0x20,0x00,0x00,0x00,0x00,0x00,0x00,0x00,0x24,0x21,0xAB,0x52,0x8E,0x73,0x76,0xAD,0xEC,0x5A,
	0x4D,0x6B,0x51,0x8C,0x8A,0x52,0x82,0x10,0x00,0x00,0x00,0x00,0x00,0x00,0x00,0x00,0x00,0x00,0x00,0x00,
	0x00,0x00,0x00,0x00,0x00,0x00,0x00,0x00,0x00,0x00,0x00,0x00,0x00,0x00,0x04,0x21,0xEC,0x62,0xD4,0x9C,
	0xCC,0x5A,0x6E,0x6B,0x14,0xA5,0x2C,0x63,0x29,0x42,0xC3,0x18,0x00,0x00,0x00,0x00,0x00,0x00,0x00,0x00,
	0x00,0x00,0x21,0x08,0x20,0x00,0x21,0x08,0x21,0x08,0x21,0x08,0x21,0x08,0x21,0x08,0x21,0x08,0x21,0x08,
	0x21,0x08,0x41,0x08,0x41,0x08,0x41,0x08,0x41,0x08,0x41,0x08,0x41,0x08,0x41,0x08,0x41,0x08,0x41,0x08,
	0x41,0x08,0x41,0x08,0x41,0x08,0x41,0x08,0x41,0x08,0x41,0x08,0x41,0x08,0x41,0x08,0x41,0x08,0x41,0x08,
	0x41,0x08,0x41,0x08,0x41,0x08,0x41,0x08,0x41,0x08,0x41,0x08,0x41,0x08,0x61,0x08,0x61,0x08,0x41,0x08,
	0xA2,0x10,0xC3,0x18,0x61,0x08,0x61,0x08,0x61,0x08,0x61,0x08,0x61,0x08,0x61,0x08,0x61,0x08,0x61,0x08,
	0x62,0x08,0x62,0x10,0x62,0x10,0x62,0x10,0x62,0x08,0x62,0x10,0x62,0x10,0x62,0x10,0x61,0x08,0x61,0x08,
	0x21,0x00,0x42,0x08,0x62,0x08,0x61,0x08,0x62,0x08,0x61,0x08,0x61,0x08,0x62,0x10,0x62,0x08,0x62,0x10,
	0x62,0x10,0x62,0x10,0x42,0x08,0x8A,0xBD,0xA4,0x5A,0x00,0x00,0x82,0x10,0x61,0x08,0x62,0x08,0x82,0x10,
	0xC3,0x18,0x62,0x10,0x62,0x10,0x62,0x10,0x21,0x08,0x00,0x00,0x00,0x00,0x00,0x00,0x71,0x8C,0x9D,0xEF,
	0x7D,0xEF,0xBE,0xF7,0x18,0xC6,0xA3,0x18,0x00,0x00,0x10,0x84,0x9E,0xF7,0x7D,0xEF,0x5C,0xE7,0x69,0x4A,
	0x00,0x00,0x00,0x00,0x01,0x00,0x42,0x08,0x41,0x08,0x41,0x08,0x41,0x08,0x41,0x08,0x41,0x08,0x41,0x08,
	0x41,0x08,0x41,0x08,0x41,0x08,0x41,0x08,0x41,0x08,0x41,0x08,0x41,0x08,0x41,0x08,0x41,0x08,0x41,0x08,
	0x00,0x00,0x00,0x00,0x00,0x00,0x00,0x00,0x00,0x00,0x25,0x21,0xAB,0x52,0x8E,0x73,0x76,0xAD,0xCB,0x5A,
	0x4E,0x6B,0x31,0x8C,0x6A,0x4A,0x82,0x10,0x00,0x00,0x00,0x00,0x00,0x00,0x00,0x00,0x00,0x00,0x00,0x00,
	0x00,0x00,0x00,0x00,0x00,0x00,0x00,0x00,0x00,0x00,0x00,0x00,0x00,0x00,0xE4,0x20,0xEC,0x5A,0xD3,0x9C,
	0xEC,0x62,0x2D,0x63,0x14,0xA5,0x2C,0x63,0x29,0x42,0xC3,0x18,0x00,0x00,0x00,0x00,0x00,0x00,0x04,0x21,
	0xAA,0x52,0x21,0x08,0x21,0x08,0x21,0x08,0x21,0x08,0x41,0x08,0x41,0x08,0x41,0x08,0x41,0x08,0x41,0x08,
	0x41,0x08,0x41,0x08,0x41,0x08,0x41,0x08,0x41,0x08,0x41,0x08,0x41,0x08,0x41,0x08,0x41,0x08,0x41,0x08,
	0x41,0x08,0x41,0x08,0x41,0x08,0x41,0x08,0x41,0x08,0x41,0x08,0x41,0x08,0x41,0x08,0x41,0x08,0x41,0x08,
	0x41,0x08,0x41,0x08,0x41,0x08,0x41,0x08,0x41,0x08,0x41,0x08,0x41,0x08,0x41,0x08,0x41,0x08,0x41,0x08,
	0x41,0x08,0xE4,0x20,0x82,0x10,0x61,0x08,0x61,0x08,0x61,0x08,0x61,0x08,0x61,0x08,0x61,0x08,0x61,0x08,
	0x61,0x08,0x62,0x08,0x62,0x10,0x62,0x08,0x61,0x08,0x61,0x08,0x61,0x08,0x61,0x08,0x61,0x08,0x62,0x08,
	0x61,0x10,0x62,0x10,0x62,0x10,0x61,0x08,0x62,0x10,0x62,0x10,0x62,0x08,0x61,0x08,0x61,0x08,0x62,0x08,
	0x62,0x10,0x82,0x10,0x01,0x00,0xA8,0x7B,0xC7,0xA4,0x00,0x00,0x61,0x08,0x61,0x08,0x61,0x08,0xE4,0x20,
	0xA3,0x10,0x62,0x08,0x62,0x08,0x62,0x08,0x21,0x08,0x00,0x00,0x00,0x00,0x00,0x00,0x00,0x00,0xE3,0x18,
	0x08,0x42,0xC6,0x31,0x00,0x00,0x00,0x00,0x00,0x00,0x00,0x00,0x24,0x21,0x08,0x42,0x82,0x10,0x00,0x00,
	0x00,0x00,0x00,0x00,0x20,0x00,0x41,0x08,0x41,0x08,0x41,0x08,0x41,0x08,0x41,0x08,0x41,0x08,0x41,0x08,
	0x41,0x08,0x41,0x08,0x41,0x08,0x41,0x08,0x41,0x08,0x41,0x08,0x41,0x08,0x41,0x08,0x41,0x08,0x00,0x00,
	0x25,0x29,0xCB,0x5A,0x00,0x00,0x00,0x00,0x00,0x00,0x25,0x29,0xAB,0x52,0x8E,0x73,0x76,0xAD,0xAB,0x52,
	0x6E,0x6B,0x31,0x84,0x6A,0x4A,0x82,0x10,0x00,0x00,0x00,0x00,0x00,0x00,0x00,0x00,0x00,0x00,0x00,0x00,
	0x00,0x00,0x00,0x00,0x00,0x00,0x00,0x00,0x00,0x00,0x00,0x00,0x00,0x00,0xE4,0x18,0xCB,0x5A,0xB3,0x94,
	0x0D,0x63,0x0C,0x63,0x14,0xA5,0x0C,0x63,0x29,0x42,0xE4,0x20,0x00,0x00,0x00,0x00,0x08,0x42,0xB2,0x94,
	0x69,0x4A,0x00,0x00,0x41,0x08,0x21,0x08,0x41,0x08,0x41,0x08,0x21,0x08,0x41,0x08,0x41,0x08,0x41,0x08,
	0x41,0x08,0x41,0x08,0x41,0x08,0x41,0x08,0x41,0x08,0x41,0x08,0x41,0x08,0x41,0x08,0x41,0x08,0x41,0x08,
	0x41,0x08,0x21,0x08,0x41,0x08,0x41,0x08,0x41,0x08,0x41,0x08,0x41,0x08,0x41,0x08,0x41,0x08,0x41,0x08,
	0x61,0x08,0x41,0x08,0x41,0x08,0x41,0x08,0x41,0x08,0x41,0x08,0x41,0x08,0x41,0x08,0x41,0x08,0x41,0x08,
	0x41,0x08,0x82,0x10,0x04,0x21,0x61,0x08,0x61,0x08,0x61,0x08,0x41,0x08,0x41,0x08,0x41,0x08,0x61,0x08,
	0x61,0x08,0x61,0x08,0x61,0x08,0x61,0x08,0x61,0x08,0x61,0x08,0x41,0x08,0x41,0x08,0x61,0x08,0x61,0x08,
	0x62,0x10,0x61,0x08,0x61,0x08,0x62,0x10,0x62,0x10,0x62,0x10,0x62,0x10,0x62,0x08,0x41,0x08,0x62,0x08,
	0x61,0x08,0x61,0x08,0x21,0x00,0x84,0x31,0xEA,0xCD,0xC1,0x18,0x41,0x00,0x61,0x08,0xA3,0x18,0xE4,0x20,
	0x41,0x08,0x62,0x08,0x62,0x08,0x62,0x08,0x41,0x08,0x00,0x00,0x00,0x00,0x20,0x00,0x41,0x08,0x00,0x00,
	0x00,0x00,0x00,0x00,0x20,0x08,0x20,0x00,0x00,0x00,0x20,0x00,0x00,0x00,0x00,0x00,0x00,0x00,0x20,0x00,
	0x00,0x00,0x00,0x00,0x41,0x08,0x62,0x08,0x41,0x08,0x41,0x08,0x41,0x08,0x41,0x08,0x41,0x08,0x41,0x08,
	0x41,0x08,0x41,0x08,0x41,0x08,0x41,0x08,0x41,0x08,0x21,0x08,0x41,0x08,0x41,0x08,0x41,0x08,0x21,0x08,
	0x82,0x10,0x6D,0x6B,0x8E,0x73,0xC3,0x18,0x00,0x00,0x25,0x29,0xAB,0x52,0x8F,0x73,0x56,0xAD,0x8A,0x52,
	0x8F,0x73,0x11,0x84,0x49,0x4A,0x21,0x08,0x00,0x00,0x00,0x00,0x00,0x00,0x00,0x00,0x00,0x00,0x00,0x00,
	0x00,0x00,0x00,0x00,0x00,0x00,0x00,0x00,0x00,0x00,0x00,0x00,0x00,0x00,0xE4,0x18,0xAB,0x5A,0x93,0x94,
	0x4D,0x6B,0xEB,0x5A,0x14,0xA5,0x2D,0x63,0x49,0x4A,0x04,0x21,0x00,0x00,0x82,0x10,0x6A,0x4A,0x61,0x08,
	0x00,0x00,0x21,0x08,0x21,0x08,0x21,0x08,0x21,0x08,0x41,0x08,0x21,0x08,0x41,0x08,0x21,0x08,0x21,0x08,
	0x41,0x08,0x41,0x08,0x21,0x08,0x41,0x08,0x41,0x08,0x41,0x08,0x41,0x08,0x41,0x08,0x41,0x08,0x41,0x08,
	0x41,0x08,0x41,0x08,0x41,0x08,0x41,0x08,0x41,0x08,0x41,0x08,0x41,0x08,0x41,0x08,0x41,0x08,0x42,0x08,
	0x41,0x08,0x41,0x08,0x41,0x08,0x41,0x08,0x41,0x08,0x41,0x08,0x41,0x08,0x41,0x08,0x41,0x08,0x41,0x08,
	0x41,0x08,0x21,0x08,0xC3,0x18,0xE4,0x20,0x41,0x08,0x61,0x08,0x61,0x08,0x61,0x08,0x42,0x08,0x62,0x08,
	0x62,0x08,0x41,0x08,0x41,0x08,0x61,0x08,0x61,0x08,0x41,0x08,0x41,0x08,0x62,0x08,0x62,0x08,0x62,0x08,
	0x61,0x08,0x61,0x08,0x61,0x08,0x62,0x10,0x62,0x08,0x62,0x08,0x62,0x10,0x62,0x08,0x62,0x08,0x62,0x08,
	0x61,0x08,0x61,0x08,0x61,0x08,0x21,0x00,0x49,0xB5,0xA4,0x5A,0x00,0x00,0xA2,0x10,0x25,0x21,0x82,0x10,
	0x41,0x08,0x41,0x08,0x41,0x08,0x41,0x08,0xA3,0x10,0x61,0x08,0x00,0x00,0x00,0x00,0x00,0x00,0x20,0x00,
	0x20,0x08,0x20,0x00,0x00,0x00,0x00,0x00,0x00,0x00,0x00,0x00,0x20,0x00,0x20,0x08,0x00,0x00,0x00,0x00,
	0x00,0x00,0x82,0x10,0xC4,0x18,0x41,0x08,0x41,0x08,0x41,0x08,0x41,0x08,0x41,0x08,0x41,0x08,0x41,0x08,
	0x41,0x08,0x41,0x08,0x41,0x08,0x41,0x08,0x41,0x08,0x41,0x08,0x21,0x08,0x41,0x08,0x21,0x08,0x21,0x08,
	0x00,0x00,0x00,0x00,0x45,0x29,0x65,0x29,0x00,0x00,0x45,0x29,0xAB,0x52,0x8F,0x73,0x55,0xAD,0x69,0x4A,
	0xAF,0x7B,0x10,0x84,0x09,0x42,0x00,0x00,0x00,0x00,0x00,0x00,0x00,0x00,0x00,0x00,0x00,0x00,0x00,0x00,
	0x00,0x00,0x00,0x00,0x00,0x00,0x00,0x00,0x00,0x00,0x00,0x00,0x00,0x00,0xA3,0x18,0xAB,0x52,0x72,0x94,
	0x6E,0x73,0xAB,0x52,0x35,0xA5,0x2D,0x63,0x49,0x4A,0x04,0x21,0x00,0x00,0x00,0x00,0x00,0x00,0x00,0x00,
	0x21,0x08,0x21,0x08,0x21,0x08,0x21,0x08,0x21,0x08,0x41,0x08,0x41,0x08,0x21,0x08,0x21,0x08,0x41,0x08,
	0x41,0x08,0x21,0x08,0x41,0x08,0x21,0x08,0x21,0x08,0x21,0x08,0x41,0x08,0x41,0x08,0x41,0x08,0x41,0x08,
	0x41,0x08,0x41,0x08,0x41,0x08,0x41,0x08,0x41,0x08,0x41,0x08,0x41,0x08,0x41,0x08,0x41,0x08,0x41,0x08,
	0x41,0x08,0x41,0x08,0x41,0x08,0x41,0x08,0x41,0x08,0x41,0x08,0x41,0x08,0x41,0x08,0x41,0x08,0x41,0x08,
	0x41,0x08,0x41,0x08,0x41,0x08,0x25,0x21,0xE4,0x18,0x41,0x08,0x61,0x08,0x41,0x08,0x41,0x08,0x61,0x08,
	0x61,0x08,0x41,0x08,0x41,0x08,0x61,0x08,0x61,0x08,0x41,0x08,0x41,0x08,0x62,0x08,0x62,0x08,0x62,0x08,
	0x42,0x08,0x62,0x08,0x62,0x08,0x62,0x08,0x62,0x08,0x62,0x10,0x62,0x10,0x62,0x08,0x62,0x08,0x62,0x08,
	0x61,0x08,0x61,0x08,0x61,0x08,0x00,0x00,0xA7,0x73,0xA6,0xA4,0x00,0x00,0x45,0x29,0xA3,0x10,0x41,0x08,
	0x41,0x08,0x41,0x08,0x41,0x08,0x41,0x08,0x62,0x08,0x86,0x31,0x45,0x29,0xE4,0x18,0xC4,0x18,0xC3,0x20,
	0xE3,0x18,0xE3,0x18,0xE3,0x18,0xE4,0x20,0xE3,0x20,0xE4,0x20,0xC4,0x18,0xC3,0x20,0xE4,0x18,0xE3,0x18,
	0x45,0x29,0xA7,0x39,0x62,0x10,0x41,0x08,0x41,0x08,0x41,0x08,0x41,0x08,0x41,0x08,0x41,0x08,0x41,0x08,
	0x21,0x08,0x41,0x08,0x41,0x08,0x41,0x08,0x41,0x08,0x41,0x08,0x41,0x08,0x41,0x08,0x41,0x08,0x21,0x08,
	0x20,0x00,0x20,0x00,0x00,0x00,0x00,0x00,0x00,0x00,0x45,0x29,0xAB,0x52,0x8F,0x73,0x35,0xA5,0x49,0x4A,
	0xD0,0x7B,0xCF,0x7B,0xE8,0x41,0x00,0x00,0x00,0x00,0x00,0x00,0x00,0x00,0x00,0x00,0x00,0x00,0x00,0x00,
	0x00,0x00,0x00,0x00,0x00,0x00,0x00,0x00,0x00,0x00,0x00,0x00,0x00,0x00,0x41,0x08,0x6A,0x52,0x52,0x8C,
	0xAF,0x73,0x6A,0x4A,0x35,0xA5,0x4D,0x6B,0x49,0x4A,0x04,0x21,0x00,0x00,0x00,0x00,0x00,0x00,0x00,0x00,
	0x00,0x00,0x20,0x00,0x20,0x00,0x21,0x08,0x21,0x08,0x21,0x08,0x41,0x08,0x21,0x08,0x41,0x08,0x21,0x08,
	0x41,0x08,0x41,0x08,0x41,0x08,0x21,0x08,0x21,0x08,0x21,0x08,0x41,0x08,0x41,0x08,0x41,0x08,0x41,0x08,
	0x41,0x08,0x41,0x08,0x41,0x08,0x41,0x08,0x41,0x08,0x41,0x08,0x41,0x08,0x41,0x08,0x41,0x08,0x41,0x08,
	0x41,0x08,0x41,0x08,0x41,0x08,0x41,0x08,0x41,0x08,0x41,0x08,0x41,0x08,0x41,0x08,0x41,0x08,0x41,0x08,
	0x41,0x08,0x41,0x08,0x41,0x08,0x41,0x08,0x66,0x29,0xE4,0x18,0x21,0x08,0x21,0x00,0x20,0x00,0x20,0x00,
	0x20,0x00,0x20,0x00,0x20,0x00,0x20,0x00,0x20,0x00,0x20,0x00,0x20,0x00,0x21,0x00,0x20,0x00,0x20,0x00,
	0x21,0x00,0x20,0x00,0x21,0x00,0x21,0x00,0x20,0x00,0x20,0x00,0x20,0x00,0x21,0x00,0x21,0x00,0x20,0x00,
	0x20,0x00,0x20,0x00,0x21,0x08,0x00,0x00,0x43,0x29,0xC9,0xCD,0x64,0x31,0xA4,0x18,0x41,0x08,0x41,0x08,
	0x41,0x08,0x41,0x08,0x41,0x08,0x41,0x08,0x41,0x08,0x62,0x08,0x45,0x29,0xC7,0x39,0xC8,0x39,0xC8,0x39,
	0xC8,0x39,0xC8,0x39,0xC8,0x39,0xE8,0x41,0xC8,0x41,0xC7,0x39,0xC8,0x39,0xC8,0x39,0xC8,0x39,0xA7,0x39,
	0x46,0x29,0x62,0x08,0x21,0x08,0x41,0x08,0x41,0x08,0x41,0x08,0x41,0x08,0x41,0x08,0x41,0x08,0x41,0x08,
	0x21,0x08,0x41,0x08,0x21,0x08,0x21,0x08,0x21,0x08,0x21,0x08,0x41,0x08,0x21,0x08,0x41,0x08,0x21,0x08,
	0x20,0x00,0x00,0x00,0x00,0x00,0x00,0x00,0x00,0x00,0x65,0x29,0xAB,0x52,0x8F,0x73,0x14,0xA5,0x08,0x42,
	0x11,0x84,0x8F,0x73,0xE8,0x41,0x00,0x00,0x00,0x00,0x00,0x00,0x00,0x00,0x00,0x00,0x00,0x00,0x00,0x00,
	0x00,0x00,0x00,0x00,0x00,0x00,0x00,0x00,0x00,0x00,0x00,0x00,0x00,0x00,0x41,0x08,0x49,0x4A,0x31,0x84,
	0xF0,0x7B,0x08,0x42,0x14,0xA5,0x4D,0x6B,0x49,0x4A,0x24,0x21,0x00,0x00,0x00,0x00,0x00,0x00,0x00,0x00,
	0x00,0x00,0x20,0x00,0x20,0x00,0x21,0x08,0x41,0x08,0x41,0x08,0x41,0x08,0x21,0x08,0x21,0x08,0x41,0x08,
	0x41,0x08,0x41,0x08,0x41,0x08,0x41,0x08,0x21,0x08,0x41,0x08,0x41,0x08,0x41,0x08,0x41,0x08,0x41,0x08,
	0x41,0x08,0x41,0x08,0x41,0x08,0x41,0x08,0x41,0x08,0x41,0x08,0x41,0x08,0x41,0x08,0x41,0x08,0x41,0x08,
	0x41,0x08,0x41,0x08,0x61,0x08,0x41,0x08,0x41,0x08,0x41,0x08,0x41,0x08,0x41,0x08,0x41,0x08,0x41,0x08,
	0x41,0x08,0x21,0x08,0x41,0x08,0x41,0x08,0x62,0x10,0xC3,0x18,0x00,0x00,0x00,0x00,0x00,0x00,0x00,0x00,
	0x00,0x00,0x00,0x00,0x00,0x00,0x00,0x00,0x00,0x00,0x00,0x00,0x00,0x00,0x00,0x00,0x00,0x00,0x00,0x00,
	0x00,0x00,0x00,0x00,0x00,0x00,0x00,0x00,0x00,0x00,0x00,0x00,0x00,0x00,0x00,0x00,0x00,0x00,0x00,0x00,
	0x00,0x00,0x00,0x00,0x00,0x00,0x00,0x00,0x00,0x00,0x49,0xB5,0xC4,0x62,0x01,0x00,0x61,0x08,0x41,0x08,
	0x41,0x08,0x41,0x08,0x41,0x08,0x41,0x08,0x41,0x08,0x41,0x08,0x00,0x00,0x20,0x00,0x20,0x00,0x21,0x00,
	0x20,0x00,0x20,0x00,0x21,0x08,0x21,0x00,0x21,0x00,0x21,0x00,0x00,0x00,0x20,0x00,0x21,0x00,0x20,0x00,
	0x00,0x00,0x41,0x08,0x41,0x08,0x41,0x08,0x41,0x08,0x41,0x08,0x41,0x08,0x41,0x08,0x41,0x08,0x41,0x08,
	0x21,0x08,0x21,0x08,0x21,0x08,0x21,0x08,0x21,0x08,0x21,0x08,0x21,0x08,0x21,0x08,0x21,0x08,0x21,0x08,
	0x00,0x00,0x00,0x00,0x00,0x00,0x00,0x00,0x00,0x00,0x66,0x31,0xAB,0x52,0x8F,0x73,0xF4,0x9C,0x08,0x42,
	0x31,0x8C,0x6E,0x73,0xC7,0x39,0x00,0x00,0x00,0x00,0x00,0x00,0x00,0x00,0x00,0x00,0x00,0x00,0x00,0x00,
	0x00,0x00,0x00,0x00,0x00,0x00,0x00,0x00,0x00,0x00,0x00,0x00,0x00,0x00,0x41,0x08,0x29,0x4A,0xF0,0x7B,
	0x31,0x84,0xC7,0x39,0xF4,0x9C,0x4E,0x6B,0x49,0x4A,0x25,0x21,0x00,0x00,0x00,0x00,0x00,0x00,0x00,0x00,
	0x00,0x00,0x00,0x00,0x20,0x00,0x21,0x08,0x21,0x08,0x21,0x08,0x21,0x08,0x41,0x08,0x41,0x08,0x21,0x08,
	0x41,0x08,0x41,0x08,0x41,0x08,0x21,0x08,0x21,0x08,0x41,0x08,0x41,0x08,0x41,0x08,0x41,0x08,0x41,0x08,
	0x41,0x08,0x41,0x08,0x41,0x08,0x41,0x08,0x41,0x08,0x41,0x08,0x41,0x08,0x41,0x08,0x41,0x08,0x41,0x08,
	0x41,0x08,0x41,0x08,0x41,0x08,0x41,0x08,0x41,0x08,0x41,0x08,0x41,0x08,0x41,0x08,0x41,0x08,0x41,0x08,
	0x41,0x08,0x41,0x08,0x41,0x08,0x41,0x08,0x21,0x08,0x00,0x00,0x00,0x00,0x00,0x00,0x00,0x00,0x00,0x00,
	0x00,0x00,0x00,0x00,0x00,0x00,0x00,0x00,0x00,0x00,0x00,0x00,0x00,0x00,0x00,0x00,0x00,0x00,0x00,0x00,
	0x00,0x00,0x00,0x00,0x00,0x00,0x00,0x00,0x00,0x00,0x00,0x00,0x00,0x00,0x00,0x00,0x00,0x00,0x00,0x00,
	0x00,0x00,0x00,0x00,0x00,0x00,0x20,0x08,0x00,0x00,0x47,0x6B,0xA7,0xA4,0x00,0x00,0x61,0x08,0x41,0x08,
	0x41,0x08,0x41,0x08,0x41,0x08,0x41,0x08,0x41,0x08,0x41,0x08,0x41,0x08,0x41,0x08,0x41,0x08,0x61,0x08,
	0x61,0x08,0x61,0x08,0x61,0x08,0x61,0x08,0x62,0x08,0x62,0x08,0x62,0x08,0x61,0x08,0x62,0x08,0x62,0x08,
	0x41,0x08,0x41,0x08,0x41,0x08,0x41,0x08,0x41,0x08,0x41,0x08,0x41,0x08,0x41,0x08,0x41,0x08,0x41,0x08,
	0x41,0x08,0x21,0x08,0x21,0x08,0x21,0x08,0x21,0x08,0x21,0x08,0x21,0x08,0x21,0x08,0x21,0x08,0x21,0x08,
	0x00,0x00,0x00,0x00,0x00,0x00,0x00,0x00,0x00,0x00,0x86,0x31,0xAB,0x52,0xAF,0x73,0xB3,0x94,0xE8,0x41,
	0x72,0x8C,0x4D,0x6B,0xA7,0x39,0x00,0x00,0x00,0x00,0x00,0x00,0x00,0x00,0x00,0x00,0x00,0x00,0x00,0x00,
	0x00,0x00,0x00,0x00,0x00,0x00,0x00,0x00,0x00,0x00,0x00,0x00,0x00,0x00,0x21,0x00,0xE8,0x41,0xAF,0x7B,
	0x52,0x8C,0xC7,0x39,0xD3,0x9C,0x6E,0x73,0x69,0x4A,0x45,0x29,0x00,0x00,0x00,0x00,0x00,0x00,0x00,0x00,
	0x00,0x00,0x20,0x00,0x20,0x00,0x21,0x08,0x21,0x08,0x21,0x08,0x21,0x08,0x41,0x08,0x21,0x08,0x21,0x08,
	0x21,0x08,0x41,0x08,0x41,0x08,0x21,0x08,0x41,0x08,0x41,0x08,0x41,0x08,0x41,0x08,0x41,0x08,0x21,0x08,
	0x21,0x08,0x21,0x08,0x21,0x08,0x20,0x00,0x21,0x08,0x21,0x08,0x21,0x08,0x40,0x08,0x20,0x08,0x21,0x08,
	0x21,0x08,0x20,0x00,0x20,0x08,0x41,0x08,0x41,0x08,0x41,0x08,0x41,0x08,0x41,0x08,0x41,0x08,0x41,0x08,
	0x41,0x08,0x41,0x08,0x41,0x08,0x41,0x08,0x21,0x00,0x00,0x00,0x00,0x00,0x00,0x00,0x00,0x00,0x00,0x00,
	0x00,0x00,0x00,0x00,0x20,0x00,0x20,0x00,0x00,0x00,0x00,0x00,0x00,0x00,0x00,0x00,0x20,0x00,0x00,0x00,
	0x00,0x00,0x00,0x00,0x00,0x00,0x20,0x00,0x20,0x00,0x20,0x00,0x40,0x00,0x20,0x00,0x20,0x00,0x20,0x00,
	0x20,0x00,0x00,0x00,0x00,0x00,0x20,0x00,0x00,0x00,0x03,0x21,0xA9,0xC5,0xA1,0x18,0x21,0x00,0x41,0x08,
	0x41,0x08,0x41,0x08,0x41,0x08,0x41,0x08,0x41,0x08,0x41,0x08,0x41,0x08,0x41,0x08,0x41,0x08,0x41,0x08,
	0x41,0x08,0x41,0x08,0x41,0x08,0x41,0x08,0x41,0x08,0x41,0x08,0x41,0x08,0x41,0x08,0x41,0x08,0x40,0x08,
	0x21,0x08,0x41,0x08,0x41,0x08,0x41,0x08,0x41,0x08,0x41,0x08,0x41,0x08,0x41,0x08,0x21,0x08,0x41,0x08,
	0x41,0x08,0x21,0x08,0x21,0x08,0x21,0x08,0x21,0x08,0x21,0x08,0x21,0x08,0x21,0x08,0x21,0x08,0x20,0x00,
	0x20,0x00,0x00,0x00,0x00,0x00,0x00,0x00,0x20,0x00,0x86,0x31,0xAB,0x52,0xAF,0x7B,0x51,0x8C,0x08,0x42,
	0x72,0x8C,0x0D,0x63,0x25,0x29,0x00,0x00,0x00,0x00,0x00,0x00,0x00,0x00,0x00,0x00,0x00,0x00,0x00,0x00,
	0x00,0x00,0x00,0x00,0x00,0x00,0x00,0x00,0x00,0x00,0x00,0x00,0x00,0x00,0x00,0x00,0x86,0x31,0x6E,0x73,
	0x93,0x94,0xC7,0x39,0x72,0x8C,0x8E,0x73,0x69,0x4A,0x45,0x29,0x20,0x00,0x00,0x00,0x00,0x00,0x00,0x00,
	0x20,0x00,0x00,0x00,0x00,0x00,0x21,0x08,0x21,0x08,0x21,0x08,0x21,0x08,0x21,0x08,0x21,0x08,0x41,0x08,
	0x41,0x08,0x41,0x08,0x41,0x08,0x41,0x08,0x41,0x08,0x41,0x08,0x41,0x08,0x41,0x08,0x41,0x08,0xC3,0x18,
	0xE4,0x20,0xE4,0x18,0xE4,0x20,0xE4,0x20,0xE4,0x20,0xC4,0x20,0xE4,0x18,0xC3,0x18,0xE4,0x20,0xE4,0x20,
	0xE4,0x20,0xE4,0x20,0xC3,0x18,0x41,0x08,0x21,0x08,0x41,0x08,0x41,0x08,0x41,0x08,0x41,0x08,0x21,0x08,
	0x41,0x08,0x41,0x08,0x41,0x08,0x41,0x08,0x20,0x00,0x00,0x00,0x00,0x00,0x00,0x00,0x00,0x00,0x00,0x00,
	0x00,0x00,0x00,0x00,0x00,0x00,0x00,0x00,0x00,0x00,0x00,0x00,0x00,0x00,0x00,0x00,0x00,0x00,0x00,0x00,
	0x00,0x00,0x00,0x00,0x00,0x00,0x00,0x00,0x00,0x00,0x00,0x00,0x00,0x00,0x00,0x00,0x00,0x00,0x00,0x00,
	0x00,0x00,0x00,0x00,0x00,0x00,0x00,0x00,0x00,0x00,0x00,0x00,0x09,0xAD,0xA4,0x62,0x00,0x00,0x61,0x08,
	0x41,0x08,0x41,0x08,0x41,0x08,0x41,0x08,0x41,0x08,0x41,0x08,0x41,0x08,0x41,0x08,0x41,0x08,0x62,0x10,
	0xE4,0x18,0x04,0x21,0x04,0x21,0x04,0x21,0x05,0x21,0x25,0x21,0x05,0x21,0x05,0x21,0x25,0x21,0x04,0x21,
	0x04,0x21,0x04,0x21,0x82,0x10,0x41,0x08,0x41,0x08,0x41,0x08,0x21,0x08,0x21,0x08,0x21,0x08,0x21,0x08,
	0x41,0x08,0x41,0x08,0x21,0x08,0x21,0x08,0x21,0x08,0x21,0x08,0x21,0x08,0x41,0x08,0x21,0x08,0x00,0x00,
	0x20,0x00,0x00,0x00,0x00,0x00,0x00,0x00,0x21,0x00,0xA7,0x31,0xAB,0x52,0xD0,0x7B,0xF0,0x7B,0x29,0x4A,
	0x72,0x8C,0xCC,0x5A,0xE4,0x20,0x00,0x00,0x00,0x00,0x00,0x00,0x00,0x00,0x00,0x00,0x00,0x00,0x00,0x00,
	0x00,0x00,0x00,0x00,0x00,0x00,0x00,0x00,0x00,0x00,0x00,0x00,0x00,0x00,0x00,0x00,0x66,0x31,0x2D,0x6B,
	0xB3,0x94,0xC7,0x39,0xEF,0x7B,0xAF,0x73,0x6A,0x4A,0x65,0x29,0x21,0x08,0x00,0x00,0x00,0x00,0x00,0x00,
	0x00,0x00,0xC3,0x18,0xE4,0x18,0x20,0x00,0x21,0x08,0x21,0x08,0x21,0x08,0x21,0x08,0x21,0x08,0x21,0x08,
	0x41,0x08,0x41,0x08,0x21,0x08,0x41,0x08,0x41,0x08,0x41,0x08,0x41,0x08,0x41,0x08,0x00,0x00,0x65,0x52,
	0xCD,0xBD,0x8D,0xB5,0xAE,0xBD,0xAE,0xBD,0xAE,0xBD,0xAE,0xBD,0xAE,0xBD,0xAE,0xBD,0xAE,0xBD,0xAE,0xBD,
	0xAE,0xBD,0xEF,0xC5,0x89,0x73,0x21,0x08,0x41,0x08,0x21,0x08,0x21,0x08,0x41,0x08,0x21,0x08,0x41,0x08,
	0x41,0x08,0x41,0x08,0x41,0x08,0x41,0x08,0x20,0x00,0x00,0x00,0x00,0x00,0x00,0x00,0x00,0x00,0x20,0x00,
	0x00,0x00,0x28,0x42,0xAE,0x73,0xAA,0x52,0x00,0x00,0x20,0x00,0x00,0x00,0x45,0x29,0x0C,0x63,0x00,0x00,
	0x20,0x00,0x00,0x00,0x69,0x4A,0x8E,0x73,0x69,0x4A,0x04,0x21,0x6D,0x6B,0xCF,0x7B,0xCF,0x7B,0x4D,0x6B,
	0x65,0x29,0x00,0x00,0x20,0x00,0x00,0x00,0x20,0x00,0x00,0x00,0x06,0x63,0xA7,0xA4,0x00,0x00,0x41,0x08,
	0x41,0x08,0x41,0x08,0x41,0x08,0x41,0x08,0x41,0x08,0x41,0x08,0x41,0x08,0x41,0x08,0x41,0x08,0x62,0x10,
	0xAB,0x9C,0xEF,0xC5,0xAF,0xBD,0xCF,0xBD,0xCF,0xBD,0xEF,0xBD,0xCF,0xBD,0xCF,0xBD,0xCE,0xBD,0xAE,0xBD,
	0xCE,0xC5,0xAC,0x9C,0x82,0x10,0x41,0x08,0x41,0x08,0x41,0x08,0x21,0x08,0x21,0x08,0x21,0x08,0x21,0x08,
	0x21,0x08,0x41,0x08,0x21,0x08,0x21,0x08,0x21,0x08,0x21,0x08,0x21,0x08,0x21,0x08,0x21,0x08,0x66,0x29,
	0x00,0x00,0x00,0x00,0x00,0x00,0x00,0x00,0x41,0x08,0xA7,0x39,0xAB,0x52,0xF0,0x7B,0x6E,0x6B,0x6A,0x4A,
	0x52,0x8C,0xAB,0x52,0xE4,0x18,0x00,0x00,0x00,0x00,0x00,0x00,0x00,0x00,0x00,0x00,0x00,0x00,0x00,0x00,
	0x00,0x00,0x00,0x00,0x00,0x00,0x00,0x00,0x00,0x00,0x00,0x00,0x00,0x00,0x00,0x00,0xE4,0x20,0xEC,0x62,
	0xB3,0x94,0x08,0x42,0x4D,0x6B,0xD0,0x7B,0x6A,0x4A,0x86,0x31,0x41,0x08,0x00,0x00,0x00,0x00,0x00,0x00,
	0x86,0x31,0x35,0xA5,0x65,0x29,0x20,0x00,0x21,0x08,0x21,0x08,0x21,0x08,0x41,0x08,0x21,0x08,0x41,0x08,
	0x41,0x08,0x21,0x08,0x21,0x08,0x21,0x08,0x41,0x08,0x41,0x08,0x41,0x08,0x61,0x08,0x00,0x00,0x04,0x6B,
	0xEA,0xFF,0xAB,0xFF,0xCB,0xFF,0xCC,0xFF,0xCB,0xFF,0xCC,0xFF,0xCC,0xFF,0xCC,0xFF,0xCC,0xFF,0x8C,0xFF,
	0x4C,0xFF,0xCC,0xFF,0x88,0xA4,0x00,0x00,0x41,0x08,0x21,0x08,0x41,0x08,0x41,0x08,0x21,0x08,0x41,0x08,
	0x21,0x08,0x41,0x08,0x41,0x08,0x41,0x08,0x20,0x00,0x00,0x00,0x00,0x00,0x00,0x00,0x00,0x00,0x20,0x00,
	0x00,0x00,0x69,0x4A,0x18,0xC6,0x1C,0xE7,0x20,0x00,0x20,0x00,0x41,0x08,0xFB,0xDE,0xAE,0x73,0x00,0x00,
	0x00,0x00,0x00,0x00,0xAA,0x52,0x79,0xCE,0x18,0xC6,0xEB,0x5A,0xFF,0xFF,0xD3,0x9C,0x13,0x9D,0xFF,0xFF,
	0xAA,0x52,0x00,0x00,0x20,0x00,0x00,0x00,0x20,0x00,0x00,0x00,0xC2,0x18,0xC9,0xC5,0xC1,0x20,0x21,0x00,
	0x41,0x08,0x41,0x08,0x41,0x08,0x41,0x08,0x21,0x08,0x21,0x08,0x41,0x08,0x41,0x08,0x41,0x08,0x61,0x10,
	0x6A,0xDE,0xAD,0xFF,0xAD,0xFF,0xED,0xFF,0xED,0xFF,0xED,0xFF,0xEC,0xFF,0xCC,0xFF,0xCC,0xFF,0xAB,0xFF,
	0xEB,0xFF,0x4A,0xDE,0x21,0x08,0x41,0x08,0x41,0x08,0x41,0x08,0x21,0x08,0x21,0x08,0x21,0x08,0x21,0x08,
	0x21,0x08,0x21,0x08,0x21,0x08,0x21,0x08,0x21,0x08,0x21,0x08,0x21,0x08,0x41,0x08,0x00,0x00,0xAE,0x73,
	0x10,0x84,0x20,0x00,0x00,0x00,0x00,0x00,0x41,0x08,0xC7,0x39,0xAB,0x52,0x10,0x7C,0xCC,0x5A,0xCB,0x5A,
	0x11,0x84,0x49,0x4A,0x41,0x08,0x00,0x00,0x00,0x00,0x00,0x00,0x00,0x00,0x00,0x00,0x00,0x00,0x00,0x00,
	0x00,0x00,0x00,0x00,0x00,0x00,0x00,0x00,0x00,0x00,0x00,0x00,0x00,0x00,0x00,0x00,0xA3,0x10,0xAB,0x5A,
	0x72,0x94,0x8B,0x52,0xAB,0x52,0xF0,0x7B,0x6A,0x4A,0x86,0x31,0x41,0x08,0x00,0x00,0x00,0x00,0xC7,0x39,
	0x72,0x8C,0x04,0x21,0x00,0x00,0x20,0x00,0x21,0x08,0x21,0x08,0x21,0x08,0x21,0x08,0x21,0x08,0x21,0x08,
	0x21,0x08,0x21,0x08,0x21,0x08,0x21,0x08,0x41,0x08,0x21,0x08,0x41,0x08,0x41,0x08,0x00,0x00,0xE3,0x41,
	0x47,0xB5,0xE6,0xB4,0x07,0xB5,0x07,0xB5,0x07,0xB5,0x27,0xB5,0x07,0xB5,0x27,0xB5,0x08,0xB5,0x68,0xE6,
	0xE9,0xF6,0x49,0xFF,0x67,0xA4,0x00,0x00,0x41,0x08,0x41,0x08,0x21,0x08,0x21,0x08,0x21,0x08,0x21,0x08,
	0x41,0x08,0x21,0x08,0x41,0x08,0x41,0x08,0x20,0x00,0x00,0x00,0x00,0x00,0x00,0x00,0x00,0x00,0x00,0x00,
	0x20,0x00,0x00,0x00,0x08,0x42,0xBA,0xD6,0x20,0x00,0x00,0x00,0x55,0xAD,0x95,0xAD,0x00,0x00,0x00,0x00,
	0x86,0x31,0x9A,0xD6,0x00,0x00,0x8A,0x52,0x18,0xC6,0x86,0x31,0x8D,0x6B,0x00,0x00,0x28,0x42,0xDB,0xDE,
	0x21,0x08,0x00,0x00,0x00,0x00,0x00,0x00,0x00,0x00,0x00,0x00,0x00,0x00,0x08,0xAD,0xA4,0x62,0x00,0x00,
	0x41,0x08,0x41,0x08,0x41,0x08,0x41,0x08,0x41,0x08,0x41,0x08,0x41,0x08,0x41,0x08,0x21,0x00,0x02,0x21,
	0xA9,0xEE,0x4A,0xFF,0xE9,0xD5,0x87,0x9C,0x87,0xA4,0x87,0xA4,0x87,0xA4,0x87,0xA4,0x66,0xA4,0x66,0x9C,
	0x86,0xA4,0x86,0x83,0x21,0x00,0x41,0x08,0x41,0x08,0x21,0x08,0x21,0x08,0x21,0x08,0x21,0x08,0x21,0x08,
	0x21,0x08,0x21,0x08,0x21,0x08,0x21,0x08,0x21,0x08,0x21,0x08,0x21,0x00,0x21,0x00,0x21,0x00,0x00,0x00,
	0x8A,0x52,0x8E,0x73,0x82,0x10,0x00,0x00,0x62,0x10,0xC7,0x39,0xAB,0x52,0x10,0x84,0x49,0x4A,0x4D,0x6B,
	0xD0,0x7B,0x29,0x42,0x41,0x08,0x00,0x00,0x00,0x00,0x00,0x00,0x00,0x00,0x00,0x00,0x00,0x00,0x00,0x00,
	0x00,0x00,0x00,0x00,0x00,0x00,0x00,0x00,0x00,0x00,0x00,0x00,0x00,0x00,0x00,0x00,0x82,0x10,0x6A,0x4A,
	0x31,0x84,0x2D,0x63,0x08,0x42,0xF0,0x83,0x6A,0x4A,0xA6,0x31,0x61,0x08,0x00,0x00,0x00,0x00,0xE7,0x39,
	0x41,0x08,0x00,0x00,0x20,0x00,0x00,0x00,0x21,0x08,0x21,0x08,0x21,0x08,0x21,0x08,0x21,0x08,0x21,0x08,
	0x21,0x08,0x41,0x08,0x21,0x08,0x21,0x08,0x21,0x08,0x21,0x08,0x21,0x08,0x21,0x08,0x20,0x00,0x00,0x00,
	0x00,0x00,0x00,0x00,0x00,0x00,0x00,0x00,0x00,0x00,0x00,0x00,0x00,0x00,0x00,0x00,0xA1,0x18,0x69,0xE6,
	0x08,0xF7,0x09,0xFF,0x44,0x52,0x00,0x00,0x41,0x08,0x21,0x08,0x21,0x08,0x21,0x08,0x41,0x08,0x41,0x08,
	0x21,0x08,0x41,0x08,0x41,0x08,0x41,0x08,0x20,0x00,0x00,0x00,0x00,0x00,0x00,0x00,0x00,0x00,0x00,0x00,
	0x20,0x00,0x00,0x00,0xAA,0x52,0xFB,0xDE,0x00,0x00,0xEB,0x5A,0x79,0xCE,0x00,0x00,0x14,0xA5,0xE4,0x20,
	0x82,0x10,0x92,0x94,0x41,0x08,0x0C,0x63,0x79,0xCE,0x00,0x00,0x00,0x00,0x00,0x00,0x59,0xCE,0x10,0x84,
	0x00,0x00,0x20,0x00,0x00,0x00,0x00,0x00,0x00,0x00,0x20,0x00,0x00,0x00,0xE5,0x62,0xC7,0xA4,0x00,0x00,
	0x41,0x08,0x41,0x08,0x41,0x08,0x41,0x08,0x21,0x08,0x41,0x08,0x41,0x08,0x61,0x08,0x00,0x00,0xE3,0x41,
	0x2A,0xFF,0x6A,0xFF,0x85,0x5A,0x00,0x00,0x00,0x00,0x00,0x00,0x00,0x00,0x00,0x00,0x00,0x00,0x00,0x00,
	0x00,0x00,0x00,0x00,0x00,0x00,0x41,0x08,0x41,0x08,0x41,0x08,0x21,0x08,0x21,0x08,0x21,0x08,0x21,0x08,
	0x21,0x08,0x21,0x08,0x21,0x08,0x21,0x08,0x21,0x08,0x21,0x08,0x21,0x00,0x21,0x00,0x20,0x00,0x20,0x00,
	0x00,0x00,0x24,0x21,0xA2,0x10,0x00,0x00,0x82,0x10,0xE8,0x39,0xAB,0x52,0xF0,0x7B,0xC7,0x39,0xAF,0x73,
	0x6E,0x6B,0xA7,0x39,0x00,0x00,0x00,0x00,0x00,0x00,0x00,0x00,0x00,0x00,0x00,0x00,0x00,0x00,0x00,0x00,
	0x00,0x00,0x00,0x00,0x00,0x00,0x00,0x00,0x00,0x00,0x00,0x00,0x00,0x00,0x00,0x00,0x20,0x00,0xE8,0x41,
	0xD0,0x7B,0xD0,0x7B,0x86,0x31,0xCF,0x7B,0x8A,0x52,0xA6,0x31,0x82,0x10,0x00,0x00,0x00,0x00,0x00,0x00,
	0x00,0x00,0x00,0x00,0x00,0x00,0x20,0x00,0x20,0x00,0x21,0x08,0x21,0x08,0x41,0x08,0x21,0x08,0x21,0x08,
	0x21,0x08,0x21,0x08,0x21,0x08,0x41,0x08,0x21,0x08,0x21,0x08,0x21,0x08,0x21,0x08,0x20,0x00,0x00,0x00,
	0x00,0x00,0x00,0x00,0x00,0x00,0x00,0x00,0x00,0x00,0x00,0x00,0x20,0x00,0x00,0x00,0x87,0xA4,0x4A,0xFF,
	0x28,0xFF,0xE7,0xB4,0x00,0x00,0x20,0x00,0x21,0x08,0x21,0x08,0x21,0x08,0x21,0x08,0x21,0x08,0x41,0x08,
	0x41,0x08,0x41,0x08,0x41,0x08,0x41,0x08,0x20,0x00,0x00,0x00,0x00,0x00,0x00,0x00,0x00,0x00,0x00,0x00,
	0x20,0x00,0x00,0x00,0xAA,0x52,0x99,0xCE,0xE3,0x18,0xFF,0xFF,0x38,0xC6,0x71,0x8C,0xBE,0xF7,0x96,0xB5,
	0x24,0x21,0x00,0x00,0x00,0x00,0x0C,0x63,0x59,0xCE,0x00,0x00,0x20,0x00,0x85,0x29,0x7D,0xEF,0xC3,0x18,
	0x00,0x00,0x00,0x00,0x00,0x00,0x00,0x00,0x00,0x00,0x00,0x00,0x00,0x00,0x02,0x19,0xA9,0xC5,0xC1,0x20,
	0x01,0x00,0x41,0x08,0x41,0x08,0x41,0x08,0x21,0x08,0x41,0x08,0x41,0x08,0x41,0x08,0x00,0x00,0xA4,0x5A,
	0x69,0xFF,0xEA,0xF6,0x43,0x31,0x00,0x00,0x00,0x00,0x00,0x00,0x00,0x00,0x00,0x00,0x00,0x00,0x00,0x00,
	0x00,0x00,0x20,0x00,0x21,0x08,0x21,0x08,0x21,0x08,0x21,0x08,0x21,0x08,0x21,0x08,0x21,0x08,0x20,0x00,
	0x21,0x00,0x21,0x08,0x21,0x08,0x21,0x08,0x21,0x08,0x21,0x08,0x21,0x08,0x21,0x08,0x20,0x00,0x00,0x00,
	0x00,0x00,0x00,0x00,0x00,0x00,0x00,0x00,0xA3,0x10,0xE8,0x39,0xCB,0x5A,0x8E,0x73,0xA7,0x31,0xF0,0x7B,
	0x0C,0x63,0x45,0x29,0x00,0x00,0x00,0x00,0x00,0x00,0x00,0x00,0x00,0x00,0x00,0x00,0x00,0x00,0x00,0x00,
	0x00,0x00,0x00,0x00,0x00,0x00,0x00,0x00,0x00,0x00,0x00,0x00,0x00,0x00,0x00,0x00,0x00,0x00,0xA7,0x39,
	0x4E,0x6B,0x51,0x8C,0x66,0x31,0x6E,0x6B,0xCB,0x5A,0xA7,0x31,0x82,0x10,0x00,0x00,0x00,0x00,0x00,0x00,
	0x00,0x00,0x00,0x00,0x00,0x00,0x20,0x00,0x20,0x00,0x20,0x00,0x21,0x08,0x21,0x08,0x21,0x08,0x21,0x08,
	0x21,0x08,0x21,0x08,0x21,0x08,0x41,0x08,0x21,0x08,0x21,0x08,0x21,0x08,0x21,0x08,0x20,0x00,0x20,0x00,
	0x20,0x00,0x20,0x00,0x20,0x00,0x20,0x00,0x20,0x00,0x20,0x08,0x00,0x00,0xC3,0x41,0x2A,0xFF,0x08,0xF7,
	0xC9,0xF6,0x43,0x31,0x00,0x00,0x41,0x08,0x41,0x08,0x21,0x08,0x21,0x08,0x21,0x08,0x21,0x08,0x41,0x08,
	0x21,0x08,0x21,0x08,0x21,0x08,0x41,0x08,0x21,0x08,0x00,0x00,0x00,0x00,0x00,0x00,0x00,0x00,0x00,0x00,
	0x40,0x00,0x00,0x00,0xAA,0x52,0xFB,0xDE,0xC3,0x18,0xAE,0x73,0xEF,0x7B,0x50,0x84,0xDE,0xF7,0x14,0xA5,
	0x08,0x42,0xB2,0x94,0x41,0x08,0x2C,0x63,0xBA,0xD6,0x00,0x00,0x00,0x00,0x95,0xAD,0x55,0xAD,0x00,0x00,
	0x20,0x00,0x00,0x00,0x00,0x00,0x00,0x00,0x00,0x00,0x00,0x00,0x00,0x00,0x00,0x00,0xE8,0xAC,0xC4,0x62,
	0x00,0x00,0x41,0x08,0x41,0x08,0x21,0x08,0x21,0x08,0x41,0x08,0x41,0x08,0x61,0x08,0x00,0x00,0x85,0x7B,
	0x8A,0xFF,0xAB,0xEE,0xE5,0x41,0x87,0x52,0x4A,0x6B,0x8A,0x73,0x6A,0x73,0xE9,0x62,0x27,0x4A,0x24,0x21,
	0x41,0x08,0x20,0x00,0x41,0x08,0x21,0x08,0x21,0x08,0x21,0x08,0x21,0x08,0x21,0x08,0x21,0x00,0x21,0x08,
	0x21,0x00,0x21,0x08,0x21,0x08,0x41,0x08,0x21,0x08,0x21,0x08,0x21,0x08,0x20,0x00,0x00,0x00,0x00,0x00,
	0x00,0x00,0x00,0x00,0x00,0x00,0x00,0x00,0xC3,0x18,0x08,0x42,0xEC,0x62,0x0C,0x63,0xC7,0x39,0x10,0x84,
	0xAB,0x5A,0xA3,0x18,0x00,0x00,0x00,0x00,0x00,0x00,0x00,0x00,0x00,0x00,0x00,0x00,0x00,0x00,0x00,0x00,
	0x00,0x00,0x00,0x00,0x00,0x00,0x00,0x00,0x00,0x00,0x00,0x00,0x00,0x00,0x00,0x00,0x00,0x00,0x25,0x21,
	0xEC,0x5A,0x51,0x8C,0xE7,0x39,0x8A,0x52,0xEC,0x5A,0xC7,0x39,0xA2,0x18,0x00,0x00,0x00,0x00,0x00,0x00,
	0x00,0x00,0x00,0x00,0x00,0x00,0x00,0x00,0x20,0x00,0x20,0x00,0x21,0x08,0x21,0x08,0x21,0x08,0x21,0x08,
	0x21,0x08,0x21,0x08,0x21,0x08,0x21,0x08,0x21,0x08,0x21,0x08,0x21,0x08,0x21,0x08,0x21,0x08,0x20,0x00,
	0x21,0x08,0x20,0x00,0x21,0x08,0x21,0x08,0x21,0x08,0x21,0x08,0x41,0x08,0x48,0xBD,0x49,0xFF,0x49,0xFF,
	0xC6,0x8B,0x00,0x00,0x20,0x08,0x21,0x08,0x21,0x08,0x21,0x08,0x41,0x08,0x21,0x08,0x21,0x08,0x21,0x08,
	0x21,0x08,0x21,0x08,0x21,0x08,0x41,0x08,0x41,0x08,0x00,0x00,0x00,0x00,0x00,0x00,0x00,0x00,0x20,0x00,
	0x40,0x00,0x00,0x00,0x08,0x42,0x96,0xB5,0x00,0x00,0x00,0x00,0x00,0x00,0x00,0x00,0xB6,0xB5,0xE4,0x20,
	0xE3,0x18,0x79,0xCE,0x61,0x08,0x69,0x4A,0x55,0xAD,0x00,0x00,0x81,0x10,0x18,0xC6,0xA6,0x31,0x00,0x00,
	0x20,0x00,0x20,0x00,0x20,0x00,0x20,0x00,0x00,0x00,0x00,0x00,0x00,0x00,0x00,0x00,0x06,0x6B,0xC7,0xAC,
	0x00,0x00,0x41,0x08,0x21,0x08,0x41,0x08,0x21,0x08,0x21,0x08,0x41,0x08,0x41,0x08,0x00,0x00,0x87,0xA4,
	0x69,0xFF,0xEA,0xF6,0xEC,0xEE,0x4E,0xFF,0x6E,0xFF,0x8E,0xFF,0x6F,0xFF,0x4F,0xF7,0xF0,0xEE,0x0F,0xCE,
	0xCA,0x83,0x04,0x21,0x41,0x08,0x41,0x08,0x41,0x08,0x21,0x08,0x21,0x08,0x21,0x08,0x21,0x00,0x21,0x00,
	0x21,0x08,0x21,0x08,0x21,0x08,0x21,0x08,0x21,0x08,0x21,0x00,0x20,0x00,0x20,0x00,0x00,0x00,0x00,0x00,
	0x00,0x00,0x00,0x00,0x00,0x00,0x00,0x00,0xE4,0x20,0x08,0x42,0x0D,0x63,0x29,0x42,0x49,0x4A,0xD0,0x7B,
	0x29,0x42,0x41,0x08,0x00,0x00,0x00,0x00,0x00,0x00,0x00,0x00,0x00,0x00,0x00,0x00,0x00,0x00,0x00,0x00,
	0x00,0x00,0x00,0x00,0x00,0x00,0x00,0x00,0x00,0x00,0x00,0x00,0x00,0x00,0x00,0x00,0x00,0x00,0x82,0x10,
	0x6A,0x4A,0x11,0x84,0xAB,0x5A,0xA7,0x39,0x0C,0x63,0xC7,0x39,0xC3,0x18,0x00,0x00,0x00,0x00,0x00,0x00,
	0x00,0x00,0x00,0x00,0x00,0x00,0x00,0x00,0x20,0x00,0x21,0x00,0x21,0x08,0x21,0x08,0x21,0x08,0x21,0x08,
	0x21,0x08,0x21,0x08,0x21,0x08,0x21,0x08,0x21,0x08,0x21,0x08,0x21,0x08,0x41,0x08,0x21,0x08,0x21,0x08,
	0x21,0x08,0x21,0x08,0x21,0x08,0x21,0x08,0x41,0x08,0x00,0x00,0xA4,0x5A,0x29,0xFF,0x08,0xFF,0x28,0xDE,
	0x81,0x10,0x00,0x00,0x21,0x08,0x21,0x08,0x21,0x08,0x21,0x08,0x41,0x08,0x21,0x08,0x21,0x08,0x21,0x08,
	0x21,0x08,0x21,0x08,0x21,0x08,0x21,0x08,0xA3,0x10,0x61,0x08,0x00,0x00,0x20,0x00,0x20,0x00,0x00,0x00,
	0x00,0x00,0x20,0x00,0x00,0x00,0x00,0x00,0x20,0x00,0x20,0x00,0x20,0x08,0x20,0x08,0x00,0x00,0x20,0x00,
	0x00,0x00,0x00,0x00,0x00,0x00,0x00,0x00,0x00,0x00,0x21,0x08,0x20,0x08,0x00,0x00,0x00,0x00,0x00,0x00,
	0x00,0x00,0x00,0x00,0x20,0x00,0x20,0x00,0x00,0x00,0x00,0x00,0x41,0x08,0x41,0x08,0x02,0x21,0xA9,0xC5,
	0xE1,0x20,0x01,0x00,0x41,0x08,0x21,0x08,0x21,0x08,0x41,0x08,0x41,0x08,0x41,0x08,0x00,0x00,0x47,0xBD,
	0xA9,0xFF,0x48,0xFF,0x69,0xFF,0x49,0xFF,0x09,0xFF,0xE9,0xF6,0xEA,0xF6,0x4A,0xFF,0x8B,0xFF,0x8C,0xFF,
	0x6E,0xFF,0x0B,0xAD,0xE3,0x18,0x41,0x08,0x41,0x08,0x21,0x08,0x21,0x08,0x21,0x00,0x21,0x00,0x21,0x00,
	0x21,0x08,0x21,0x08,0x21,0x08,0x21,0x08,0x21,0x08,0x21,0x00,0x20,0x00,0x20,0x00,0x00,0x00,0x00,0x00,
	0x00,0x00,0x00,0x00,0x00,0x00,0x00,0x00,0x04,0x21,0x08,0x42,0x2D,0x63,0x86,0x31,0xEC,0x5A,0x4D,0x6B,
	0xA7,0x39,0x00,0x00,0x00,0x00,0x00,0x00,0x00,0x00,0x00,0x00,0x00,0x00,0x00,0x00,0x00,0x00,0x00,0x00,
	0x00,0x00,0x00,0x00,0x00,0x00,0x00,0x00,0x00,0x00,0x00,0x00,0x00,0x00,0x00,0x00,0x00,0x00,0x21,0x08,
	0xE8,0x41,0x6E,0x73,0x8E,0x73,0x04,0x21,0xCB,0x5A,0xC7,0x39,0xE4,0x20,0x00,0x00,0x00,0x00,0x00,0x00,
	0x00,0x00,0x00,0x00,0x00,0x00,0x00,0x00,0x00,0x00,0x00,0x00,0x21,0x00,0x21,0x08,0x41,0x08,0x21,0x08,
	0x21,0x08,0x21,0x08,0x21,0x08,0x20,0x00,0x21,0x08,0x20,0x00,0x21,0x08,0x21,0x08,0x21,0x08,0x21,0x08,
	0x21,0x08,0x21,0x08,0x21,0x08,0x41,0x08,0x21,0x08,0x81,0x10,0xE8,0xD5,0x08,0xFF,0x28,0xFF,0xA5,0x62,
	0x00,0x00,0x20,0x00,0x20,0x08,0x21,0x00,0x21,0x08,0x21,0x08,0x21,0x08,0x21,0x08,0x21,0x08,0x21,0x08,
	0x21,0x08,0x21,0x08,0x21,0x08,0x21,0x08,0x62,0x10,0x66,0x31,0xE3,0x18,0x41,0x08,0x41,0x08,0x41,0x10,
	0x41,0x08,0x41,0x08,0x41,0x08,0x41,0x08,0x41,0x08,0x41,0x08,0x41,0x08,0x41,0x08,0x41,0x08,0x41,0x08,
	0x41,0x08,0x61,0x08,0x41,0x08,0x41,0x08,0x41,0x08,0x41,0x08,0x41,0x08,0x61,0x08,0x61,0x08,0x41,0x08,
	0x41,0x08,0x41,0x08,0x41,0x08,0x41,0x08,0x61,0x08,0x04,0x21,0x45,0x29,0x41,0x08,0x01,0x00,0x29,0xAD,
	0x04,0x6B,0x00,0x00,0x41,0x08,0x21,0x08,0x41,0x08,0x41,0x08,0x41,0x08,0x41,0x08,0x00,0x00,0x42,0x31,
	0x26,0x94,0x46,0x9C,0x04,0x6B,0x03,0x4A,0x83,0x39,0x42,0x31,0x83,0x39,0x23,0x4A,0xA5,0x83,0x28,0xDE,
	0x29,0xFF,0x8D,0xFF,0xE8,0x83,0x01,0x00,0x41,0x08,0x21,0x08,0x21,0x08,0x21,0x00,0x21,0x00,0x21,0x00,
	0x21,0x08,0x21,0x08,0x21,0x08,0x21,0x08,0x21,0x00,0x20,0x00,0x00,0x00,0x00,0x00,0x00,0x00,0x00,0x00,
	0x00,0x00,0x00,0x00,0x00,0x00,0x00,0x00,0x25,0x21,0x29,0x42,0xCB,0x5A,0x25,0x29,0x6E,0x6B,0xCB,0x5A,
	0x04,0x21,0x00,0x00,0x00,0x00,0x00,0x00,0x00,0x00,0x00,0x00,0x00,0x00,0x00,0x00,0x00,0x00,0x00,0x00,
	0x00,0x00,0x00,0x00,0x00,0x00,0x00,0x00,0x00,0x00,0x00,0x00,0x00,0x00,0x00,0x00,0x00,0x00,0x00,0x00,
	0x66,0x29,0xEC,0x5A,0xF0,0x7B,0x25,0x21,0x49,0x4A,0x08,0x42,0x04,0x21,0x20,0x00,0x00,0x00,0x00,0x00,
	0x00,0x00,0x00,0x00,0x00,0x00,0x00,0x00,0x41,0x08,0xAE,0x73,0x62,0x10,0x21,0x00,0x21,0x00,0x21,0x08,
	0x21,0x00,0x21,0x00,0x21,0x08,0x21,0x08,0x21,0x08,0x21,0x08,0x21,0x08,0x21,0x08,0x21,0x08,0x21,0x08,
	0x41,0x08,0x21,0x08,0x21,0x08,0x41,0x08,0x00,0x00,0x65,0x7B,0x29,0xFF,0x27,0xFF,0x47,0xBD,0x21,0x00,
	0x20,0x00,0x20,0x00,0x21,0x08,0x21,0x08,0x21,0x08,0x21,0x08,0x21,0x08,0x21,0x08,0x21,0x00,0x21,0x08,
	0x21,0x08,0x21,0x08,0x21,0x08,0x21,0x08,0x21,0x00,0x82,0x10,0xC7,0x39,0x29,0x42,0x29,0x42,0x29,0x42,
	0x09,0x42,0x09,0x42,0x29,0x42,0x08,0x42,0x08,0x42,0x08,0x42,0x08,0x42,0x08,0x42,0x08,0x42,0x08,0x42,
	0x08,0x42,0x08,0x42,0x08,0x42,0x08,0x42,0x08,0x42,0x08,0x42,0x09,0x42,0x29,0x42,0x29,0x42,0x29,0x42,
	0x29,0x42,0x29,0x42,0x08,0x42,0x08,0x42,0x08,0x42,0xA7,0x31,0x62,0x10,0x21,0x08,0x00,0x00,0x44,0x4A,
	0x64,0x52,0x00,0x00,0x41,0x08,0x21,0x08,0x21,0x08,0x21,0x08,0x41,0x08,0x41,0x08,0x20,0x00,0x00,0x00,
	0x00,0x00,0x00,0x00,0x00,0x00,0x00,0x00,0x00,0x00,0x00,0x00,0x00,0x00,0x00,0x00,0x00,0x00,0xE2,0x20,
	0xC7,0xD5,0x49,0xFF,0x4B,0xDE,0x82,0x10,0x21,0x00,0x21,0x08,0x21,0x08,0x21,0x08,0x21,0x00,0x21,0x00,
	0x21,0x08,0x21,0x08,0x21,0x08,0x21,0x08,0x00,0x00,0x65,0x31,0xAE,0x73,0x00,0x00,0x20,0x00,0x00,0x00,
	0x00,0x00,0x00,0x00,0x00,0x00,0x20,0x08,0x25,0x29,0x49,0x4A,0x08,0x42,0x86,0x31,0x6E,0x73,0x49,0x4A,
	0x82,0x10,0x00,0x00,0x00,0x00,0x00,0x00,0x00,0x00,0x00,0x00,0x00,0x00,0x00,0x00,0x00,0x00,0x00,0x00,
	0x00,0x00,0x00,0x00,0x00,0x00,0x00,0x00,0x00,0x00,0x00,0x00,0x00,0x00,0x00,0x00,0x00,0x00,0x00,0x00,
	0xA3,0x18,0x6A,0x52,0xAF,0x7B,0x08,0x42,0x65,0x29,0x49,0x4A,0x24,0x21,0x20,0x00,0x00,0x00,0x00,0x00,
	0x00,0x00,0x00,0x00,0x00,0x00,0x00,0x00,0x72,0x94,0x0C,0x63,0x00,0x00,0x21,0x08,0x21,0x00,0x21,0x00,
	0x21,0x08,0x21,0x08,0x21,0x08,0x21,0x08,0x20,0x00,0x20,0x00,0x21,0x08,0x21,0x08,0x20,0x00,0x20,0x00,
	0x20,0x00,0x21,0x08,0x21,0x08,0x00,0x00,0x02,0x21,0x68,0xE6,0x07,0xFF,0xE8,0xF6,0x83,0x39,0x00,0x00,
	0x20,0x00,0x20,0x00,0x21,0x08,0x21,0x08,0x21,0x08,0x21,0x08,0x21,0x08,0x21,0x08,0x21,0x08,0x21,0x08,
	0x21,0x08,0x21,0x08,0x21,0x08,0x21,0x08,0x41,0x08,0x21,0x08,0x20,0x08,0x41,0x08,0x61,0x08,0x61,0x08,
	0x61,0x08,0x61,0x08,0x61,0x10,0x61,0x08,0x61,0x08,0x62,0x08,0x61,0x08,0x41,0x08,0x62,0x08,0xC3,0x18,
	0x24,0x21,0x45,0x29,0x45,0x29,0xE4,0x18,0x62,0x10,0x41,0x08,0x41,0x08,0x61,0x08,0x61,0x08,0x61,0x10,
	0x61,0x08,0x61,0x08,0x41,0x08,0x61,0x08,0x41,0x08,0x20,0x00,0x21,0x08,0x21,0x08,0x21,0x08,0x01,0x00,
	0x01,0x00,0x21,0x08,0x21,0x08,0x21,0x08,0x21,0x08,0x21,0x08,0x41,0x08,0x41,0x08,0x21,0x08,0x00,0x00,
	0x00,0x00,0x20,0x00,0x20,0x08,0x20,0x08,0x20,0x08,0x20,0x00,0x20,0x08,0x20,0x08,0x40,0x08,0x00,0x00,
	0x85,0x83,0x89,0xFF,0xAA,0xEE,0x02,0x21,0x00,0x00,0x21,0x08,0x21,0x08,0x21,0x08,0x20,0x00,0x20,0x00,
	0x21,0x08,0x21,0x00,0x21,0x08,0x20,0x00,0x20,0x00,0x21,0x08,0x31,0x84,0x6D,0x6B,0x00,0x00,0x00,0x00,
	0x00,0x00,0x00,0x00,0x00,0x00,0x41,0x08,0x45,0x29,0x69,0x4A,0x24,0x21,0x49,0x4A,0x0C,0x63,0x86,0x31,
	0x00,0x00,0x00,0x00,0x00,0x00,0x00,0x00,0x00,0x00,0x00,0x00,0x00,0x00,0x00,0x00,0x00,0x00,0x00,0x00,
	0x00,0x00,0x00,0x00,0x00,0x00,0x00,0x00,0x00,0x00,0x00,0x00,0x00,0x00,0x00,0x00,0x00,0x00,0x00,0x00,
	0x21,0x08,0xE8,0x39,0x0D,0x63,0xEC,0x62,0xC3,0x18,0x08,0x42,0x45,0x29,0x41,0x08,0x00,0x00,0x00,0x00,
	0x00,0x00,0x00,0x00,0x21,0x08,0xAE,0x73,0xEC,0x62,0x00,0x00,0x00,0x00,0x20,0x00,0x20,0x00,0x20,0x00,
	0x20,0x00,0x21,0x08,0x21,0x08,0x20,0x00,0x20,0x00,0x20,0x00,0x20,0x00,0x21,0x08,0x20,0x00,0x20,0x00,
	0x20,0x00,0x20,0x08,0x41,0x08,0x00,0x00,0x26,0x94,0x28,0xFF,0x07,0xFF,0x26,0x9C,0x00,0x00,0x20,0x00,
	0x20,0x00,0x20,0x00,0x21,0x00,0x21,0x08,0x21,0x08,0x21,0x08,0x21,0x08,0x21,0x08,0x21,0x08,0x21,0x08,
	0x21,0x08,0x21,0x08,0x21,0x08,0x21,0x08,0x21,0x08,0x21,0x08,0x41,0x08,0x21,0x08,0x21,0x08,0x21,0x08,
	0x21,0x08,0x21,0x08,0x21,0x08,0x41,0x08,0x41,0x08,0x21,0x00,0x62,0x08,0xE6,0x41,0xCB,0x7B,0x2E,0xAD,
	0xCF,0xC5,0x0F,0xC6,0xEF,0xC5,0x4E,0xB5,0x6C,0x94,0xE9,0x62,0x86,0x31,0xA2,0x10,0x41,0x08,0x41,0x08,
	0x41,0x08,0x41,0x08,0x41,0x08,0x21,0x08,0x41,0x08,0x41,0x08,0x21,0x08,0x21,0x08,0x21,0x08,0x41,0x08,
	0x21,0x08,0x21,0x08,0x21,0x08,0x21,0x08,0x21,0x08,0x21,0x08,0x41,0x08,0x21,0x08,0x41,0x08,0xC4,0x18,
	0x83,0x10,0x01,0x00,0x00,0x00,0x00,0x00,0x00,0x00,0x00,0x00,0x00,0x00,0x00,0x00,0x21,0x00,0xC2,0x18,
	0x48,0xBD,0x68,0xFF,0x29,0xDE,0x61,0x10,0x00,0x00,0x21,0x00,0x21,0x08,0x21,0x08,0x20,0x08,0x21,0x08,
	0x41,0x08,0x41,0x08,0x21,0x08,0x20,0x00,0x00,0x00,0x00,0x00,0x00,0x00,0xCF,0x7B,0x69,0x4A,0x00,0x00,
	0x00,0x00,0x00,0x00,0x00,0x00,0x61,0x08,0x86,0x31,0xE8,0x41,0xC3,0x18,0xEC,0x62,0x8A,0x52,0x04,0x21,
	0x00,0x00,0x00,0x00,0x00,0x00,0x00,0x00,0x00,0x00,0x00,0x00,0x00,0x00,0x00,0x00,0x00,0x00,0x00,0x00,
	0x00,0x00,0x00,0x00,0x00,0x00,0x00,0x00,0x00,0x00,0x00,0x00,0x00,0x00,0x00,0x00,0x00,0x00,0x00,0x00,
	0x00,0x00,0xE4,0x20,0x8A,0x52,0x6E,0x6B,0x25,0x21,0x24,0x21,0x66,0x29,0x41,0x08,0x00,0x00,0x00,0x00,
	0x00,0x00,0x00,0x00,0xA2,0x10,0x28,0x42,0x00,0x00,0x00,0x00,0x00,0x00,0x00,0x00,0x00,0x00,0x20,0x00,
	0x20,0x00,0x20,0x00,0x21,0x08,0x20,0x00,0x00,0x00,0x21,0x08,0x20,0x00,0x20,0x00,0x20,0x00,0x20,0x00,
	0x20,0x00,0x40,0x08,0x00,0x00,0xA3,0x39,0xC8,0xF6,0xC6,0xF6,0x28,0xE6,0xC2,0x18,0x00,0x00,0x20,0x00,
	0x20,0x00,0x20,0x00,0x20,0x00,0x21,0x08,0x21,0x08,0x21,0x08,0x21,0x08,0x21,0x00,0x21,0x00,0x21,0x08,
	0x21,0x08,0x21,0x08,0x21,0x08,0x21,0x00,0x21,0x08,0x21,0x08,0x41,0x08,0x21,0x08,0x21,0x08,0x21,0x08,
	0x21,0x08,0x21,0x08,0x21,0x08,0x21,0x08,0x21,0x08,0xE3,0x18,0x2A,0x8C,0xAE,0xE6,0x6E,0xFF,0xAD,0xFF,
	0xCD,0xFF,0xCC,0xFF,0xCC,0xFF,0xCD,0xFF,0xAD,0xFF,0x2D,0xF7,0x8E,0xDE,0xA7,0x5A,0x21,0x08,0x41,0x08,
	0x41,0x08,0x41,0x08,0x21,0x08,0x21,0x08,0x41,0x08,0x21,0x08,0x21,0x08,0x21,0x08,0x21,0x08,0x21,0x08,
	0x21,0x08,0x21,0x08,0x41,0x08,0x21,0x08,0x21,0x08,0x21,0x08,0x41,0x08,0x21,0x08,0xA2,0x18,0xEB,0xAC,
	0x0C,0xAD,0x8A,0x73,0x67,0x4A,0xA6,0x39,0x65,0x29,0x65,0x31,0xA6,0x39,0x47,0x4A,0x69,0x73,0xAA,0xC5,
	0x09,0xF7,0x68,0xFF,0xE7,0x93,0x00,0x00,0x41,0x08,0x21,0x08,0x21,0x08,0x21,0x08,0x21,0x08,0x20,0x00,
	0x00,0x00,0x00,0x00,0x00,0x00,0x20,0x00,0x00,0x00,0x00,0x00,0x00,0x00,0x00,0x00,0x08,0x42,0x20,0x00,
	0x00,0x00,0x00,0x00,0x00,0x00,0x62,0x10,0x87,0x31,0xE4,0x20,0x66,0x29,0xEC,0x5A,0xE8,0x39,0x41,0x08,
	0x00,0x00,0x00,0x00,0x00,0x00,0x00,0x00,0x00,0x00,0x00,0x00,0x00,0x00,0x00,0x00,0x00,0x00,0x00,0x00,
	0x00,0x00,0x00,0x00,0x00,0x00,0x00,0x00,0x00,0x00,0x00,0x00,0x00,0x00,0x00,0x00,0x00,0x00,0x00,0x00,
	0x00,0x00,0x41,0x08,0xE8,0x41,0x0C,0x63,0x49,0x4A,0x41,0x08,0x45,0x29,0x62,0x10,0x00,0x00,0x00,0x00,
	0x00,0x00,0x00,0x00,0x00,0x00,0x00,0x00,0x00,0x00,0x00,0x00,0x00,0x00,0x00,0x00,0x00,0x00,0x00,0x00,
	0x20,0x00,0x20,0x00,0x20,0x00,0x20,0x00,0x21,0x08,0x20,0x00,0x20,0x00,0x20,0x00,0x00,0x00,0x20,0x00,
	0x20,0x00,0x20,0x00,0x41,0x08,0x46,0xBD,0x06,0xFF,0x06,0xFF,0xC5,0x6A,0x00,0x00,0x20,0x00,0x00,0x00,
	0x20,0x00,0x20,0x00,0x20,0x00,0x20,0x00,0x21,0x08,0x21,0x08,0x21,0x08,0x21,0x08,0x21,0x00,0x20,0x00,
	0x20,0x00,0x20,0x00,0x20,0x00,0x21,0x08,0x20,0x00,0x20,0x00,0x21,0x08,0x21,0x08,0x21,0x08,0x21,0x08,
	0x21,0x08,0x21,0x08,0x41,0x08,0x21,0x08,0xE3,0x18,0x4B,0xB5,0x8D,0xFF,0x8A,0xFF,0x09,0xFF,0xA8,0xCD,
	0xA7,0xAC,0x46,0x9C,0x86,0xA4,0x07,0xB5,0xE8,0xD5,0x08,0xFF,0x2B,0xFF,0x43,0x29,0x00,0x00,0x41,0x08,
	0x21,0x08,0x21,0x08,0x21,0x08,0x21,0x08,0x21,0x08,0x21,0x00,0x21,0x00,0x21,0x08,0x21,0x08,0x21,0x08,
	0x21,0x00,0x21,0x00,0x21,0x08,0x21,0x08,0x21,0x08,0x21,0x08,0x41,0x08,0x00,0x00,0xE5,0x6A,0xEB,0xFF,
	0x8B,0xFF,0x4C,0xFF,0xED,0xEE,0x8D,0xE6,0x6D,0xDE,0x8E,0xDE,0x8E,0xDE,0xCD,0xEE,0x4C,0xFF,0x69,0xFF,
	0x49,0xFF,0x48,0xC5,0x61,0x10,0x00,0x00,0x20,0x00,0x41,0x08,0x20,0x00,0x21,0x08,0x00,0x00,0x41,0x08,
	0xEB,0x5A,0x8D,0x6B,0x24,0x21,0x00,0x00,0x00,0x00,0x00,0x00,0x00,0x00,0x00,0x00,0x00,0x00,0x00,0x00,
	0x00,0x00,0x00,0x00,0x00,0x00,0xA3,0x18,0x45,0x29,0x41,0x08,0x49,0x4A,0x6A,0x4A,0x04,0x21,0x00,0x00,
	0x00,0x00,0x00,0x00,0x00,0x00,0x00,0x00,0x00,0x00,0x00,0x00,0x00,0x00,0x00,0x00,0x00,0x00,0x00,0x00,
	0x00,0x00,0x00,0x00,0x00,0x00,0x00,0x00,0x00,0x00,0x00,0x00,0x00,0x00,0x00,0x00,0x00,0x00,0x00,0x00,
	0x00,0x00,0x00,0x00,0x25,0x21,0x6A,0x4A,0xCC,0x5A,0xA3,0x18,0x62,0x10,0x62,0x10,0x00,0x00,0x00,0x00,
	0x00,0x00,0x00,0x00,0x00,0x00,0x00,0x00,0x00,0x00,0x00,0x00,0x00,0x00,0x00,0x00,0x00,0x00,0x00,0x00,
	0x20,0x00,0x00,0x00,0x00,0x00,0x20,0x00,0x20,0x00,0x20,0x00,0x20,0x00,0x00,0x00,0x00,0x00,0x00,0x00,
	0x20,0x00,0x00,0x00,0x04,0x4A,0x48,0xE6,0x26,0xE6,0xE7,0xBC,0x41,0x08,0x00,0x00,0x20,0x00,0x20,0x00,
	0x20,0x00,0x00,0x00,0x20,0x00,0x20,0x00,0x21,0x00,0x21,0x08,0x21,0x08,0x21,0x00,0x20,0x00,0x20,0x00,
	0x20,0x00,0x20,0x00,0x20,0x00,0x20,0x00,0x20,0x00,0x20,0x00,0x20,0x00,0x20,0x00,0x21,0x08,0x21,0x08,
	0x21,0x08,0x21,0x08,0x41,0x08,0x21,0x08,0x48,0x9C,0x8C,0xFF,0x29,0xFF,0xE7,0xB4,0xA3,0x39,0x41,0x08,
	0x00,0x00,0x00,0x00,0x00,0x00,0x00,0x00,0x61,0x10,0xC3,0x41,0x04,0x4A,0x00,0x00,0x20,0x00,0x21,0x08,
	0x21,0x08,0x21,0x08,0x21,0x08,0x21,0x00,0x21,0x08,0x21,0x00,0x21,0x08,0x21,0x08,0x21,0x08,0x21,0x08,
	0x21,0x08,0x21,0x08,0x21,0x00,0x21,0x08,0x21,0x00,0x21,0x00,0x41,0x08,0x00,0x00,0x83,0x39,0x26,0x94,
	0x67,0xCD,0x68,0xEE,0x08,0xFF,0x48,0xFF,0x69,0xFF,0x89,0xFF,0x69,0xFF,0x49,0xFF,0xE8,0xFE,0xE8,0xD5,
	0x85,0x83,0x41,0x10,0x00,0x00,0x00,0x00,0x20,0x00,0x00,0x00,0x20,0x00,0x00,0x00,0x45,0x29,0x79,0xCE,
	0xF7,0xBD,0x54,0xA5,0x48,0x42,0x00,0x00,0x20,0x00,0x00,0x00,0x00,0x00,0x00,0x00,0x00,0x00,0x00,0x00,
	0x00,0x00,0x00,0x00,0x00,0x00,0x82,0x10,0x41,0x08,0x04,0x21,0x8A,0x52,0x87,0x31,0x00,0x00,0x00,0x00,
	0x00,0x00,0x00,0x00,0x00,0x00,0x00,0x00,0x00,0x00,0x00,0x00,0x00,0x00,0x00,0x00,0x00,0x00,0x00,0x00,
	0x00,0x00,0x00,0x00,0x00,0x00,0x00,0x00,0x00,0x00,0x00,0x00,0x00,0x00,0x00,0x00,0x00,0x00,0x00,0x00,
	0x00,0x00,0x00,0x00,0x21,0x00,0xC7,0x39,0x8A,0x52,0xE8,0x41,0x00,0x00,0x00,0x00,0x00,0x00,0x00,0x00,
	0x00,0x00,0x00,0x00,0x00,0x00,0x00,0x00,0x00,0x00,0x00,0x00,0x00,0x00,0x00,0x00,0x00,0x00,0x00,0x00,
	0x00,0x00,0x08,0x42,0x82,0x10,0x00,0x00,0x20,0x00,0x20,0x00,0x20,0x00,0x20,0x00,0x20,0x00,0x20,0x00,
	0x20,0x00,0x00,0x00,0x41,0x08,0x81,0x10,0x81,0x10,0x21,0x08,0x00,0x00,0x00,0x00,0x20,0x00,0x20,0x00,
	0x20,0x00,0x20,0x00,0x20,0x00,0x00,0x00,0x21,0x08,0x21,0x08,0x21,0x08,0x21,0x00,0x21,0x00,0x20,0x00,
	0x20,0x00,0x20,0x00,0x20,0x00,0x21,0x08,0x21,0x08,0x20,0x00,0x20,0x00,0x20,0x00,0x20,0x00,0x21,0x08,
	0x21,0x08,0x41,0x08,0x01,0x00,0xC3,0x39,0x0A,0xF7,0x69,0xFF,0xC7,0xAC,0x00,0x00,0x00,0x00,0x00,0x00,
	0x00,0x00,0x00,0x00,0x00,0x00,0x00,0x00,0x00,0x00,0x00,0x00,0x00,0x00,0x20,0x00,0x20,0x00,0x21,0x08,
	0x21,0x08,0x21,0x08,0x21,0x08,0x21,0x00,0x21,0x08,0x21,0x00,0x21,0x00,0x21,0x08,0x20,0x00,0x21,0x00,
	0x21,0x08,0x21,0x08,0x21,0x08,0x21,0x00,0x21,0x00,0x21,0x08,0x21,0x08,0x00,0x00,0x00,0x00,0x00,0x00,
	0x20,0x00,0x02,0x21,0xE3,0x49,0xA4,0x62,0x24,0x7B,0x65,0x7B,0x24,0x7B,0x84,0x62,0xA3,0x39,0x41,0x08,
	0x00,0x00,0x00,0x00,0x20,0x00,0x00,0x00,0x21,0x08,0xE8,0x41,0x62,0x10,0x00,0x00,0x38,0xC6,0x51,0x8C,
	0x00,0x00,0x00,0x00,0x00,0x00,0x20,0x00,0x00,0x00,0x00,0x00,0x00,0x00,0x00,0x00,0x00,0x00,0x00,0x00,
	0x00,0x00,0x00,0x00,0x00,0x00,0x00,0x00,0x20,0x00,0xE8,0x39,0x29,0x42,0xA3,0x18,0x00,0x00,0x00,0x00,
	0x00,0x00,0x00,0x00,0x00,0x00,0x00,0x00,0x00,0x00,0x00,0x00,0x00,0x00,0x00,0x00,0x00,0x00,0x00,0x00,
	0x00,0x00,0x00,0x00,0x00,0x00,0x00,0x00,0x00,0x00,0x00,0x00,0x00,0x00,0x00,0x00,0x00,0x00,0x00,0x00,
	0x00,0x00,0x00,0x00,0x00,0x00,0xC3,0x18,0x09,0x42,0x6A,0x4A,0xC3,0x18,0x00,0x00,0x00,0x00,0x00,0x00,
	0x00,0x00,0x00,0x00,0x00,0x00,0x00,0x00,0x00,0x00,0x00,0x00,0x00,0x00,0x00,0x00,0x00,0x00,0x00,0x00,
	0xE7,0x39,0xF3,0x9C,0x41,0x08,0x20,0x00,0x20,0x00,0x00,0x00,0x00,0x00,0x20,0x00,0x00,0x00,0x20,0x00,
	0x20,0x00,0x00,0x00,0x00,0x00,0x00,0x00,0x00,0x00,0x00,0x00,0x00,0x00,0x00,0x00,0x20,0x00,0x20,0x00,
	0x20,0x00,0x20,0x00,0x20,0x00,0x00,0x00,0x21,0x00,0x21,0x08,0x21,0x00,0x21,0x08,0x21,0x08,0x21,0x08,
	0x20,0x00,0x20,0x00,0x20,0x00,0x20,0x00,0x20,0x00,0x20,0x00,0x21,0x08,0x20,0x00,0x20,0x00,0x21,0x08,
	0x21,0x08,0x61,0x08,0x00,0x00,0x06,0x8C,0x8A,0xFF,0xA9,0xEE,0xA2,0x18,0x00,0x00,0x64,0x29,0x67,0x52,
	0x08,0x63,0x49,0x6B,0xE8,0x62,0x88,0x52,0xA5,0x31,0x82,0x10,0x00,0x00,0x20,0x08,0x21,0x08,0x21,0x08,
	0x20,0x00,0x21,0x08,0x21,0x08,0x21,0x00,0x21,0x08,0x20,0x00,0x21,0x08,0x20,0x00,0x20,0x00,0x21,0x00,
	0x21,0x08,0x21,0x08,0x21,0x00,0x21,0x08,0x21,0x00,0x21,0x08,0x20,0x00,0x20,0x00,0x20,0x00,0x20,0x00,
	0x00,0x00,0x00,0x00,0x00,0x00,0x00,0x00,0x00,0x00,0x00,0x00,0x00,0x00,0x00,0x00,0x00,0x00,0x00,0x00,
	0x00,0x00,0x00,0x00,0x00,0x00,0x20,0x00,0xAE,0x73,0xCF,0x7B,0xAE,0x73,0x45,0x29,0xDA,0xD6,0xA2,0x10,
	0x20,0x00,0x61,0x08,0x00,0x00,0x00,0x00,0x00,0x00,0x00,0x00,0x00,0x00,0x00,0x00,0x00,0x00,0x00,0x00,
	0x00,0x00,0x00,0x00,0x00,0x00,0x00,0x00,0xE4,0x18,0x08,0x42,0x65,0x29,0x20,0x00,0x00,0x00,0x00,0x00,
	0x00,0x00,0x00,0x00,0x00,0x00,0x00,0x00,0x00,0x00,0x00,0x00,0x00,0x00,0x00,0x00,0x00,0x00,0x00,0x00,
	0x00,0x00,0x00,0x00,0x00,0x00,0x00,0x00,0x00,0x00,0x00,0x00,0x00,0x00,0x00,0x00,0x00,0x00,0x00,0x00,
	0x00,0x00,0x00,0x00,0x00,0x00,0x00,0x00,0x24,0x21,0x29,0x42,0xC7,0x39,0x21,0x08,0x00,0x00,0x00,0x00,
	0x00,0x00,0x00,0x00,0x00,0x00,0x00,0x00,0x00,0x00,0x00,0x00,0x00,0x00,0x00,0x00,0x00,0x00,0x82,0x10,
	0x14,0xA5,0xE3,0x18,0x00,0x00,0x20,0x00,0x00,0x00,0x00,0x00,0x00,0x00,0x20,0x00,0x20,0x00,0x21,0x08,
	0x20,0x00,0x20,0x00,0x00,0x00,0x00,0x00,0x00,0x00,0x00,0x00,0x00,0x00,0x00,0x00,0x20,0x00,0x20,0x00,
	0x20,0x00,0x20,0x00,0x20,0x00,0x20,0x00,0x21,0x08,0x21,0x00,0x21,0x00,0x21,0x00,0x21,0x00,0x20,0x00,
	0x20,0x00,0x20,0x00,0x00,0x00,0x20,0x00,0x20,0x00,0x21,0x08,0x21,0x08,0x20,0x00,0x20,0x00,0x21,0x08,
	0x21,0x08,0x41,0x08,0x00,0x00,0x67,0xC5,0xAA,0xFF,0xC8,0xAC,0xC2,0x18,0xAA,0x9C,0x6C,0xDE,0x2D,0xF7,
	0x6D,0xFF,0x6D,0xFF,0x4E,0xFF,0x0E,0xF7,0x8E,0xDE,0x4D,0xAD,0x68,0x52,0x62,0x08,0x20,0x08,0x21,0x08,
	0x21,0x00,0x20,0x00,0x20,0x00,0x21,0x08,0x21,0x08,0x21,0x08,0x21,0x08,0x21,0x08,0x20,0x00,0x20,0x00,
	0x20,0x00,0x20,0x00,0x20,0x00,0x20,0x00,0x21,0x00,0x21,0x08,0x21,0x08,0x20,0x00,0x20,0x00,0x20,0x00,
	0x00,0x00,0x00,0x00,0x00,0x00,0x20,0x00,0x20,0x00,0x20,0x00,0x20,0x00,0x20,0x00,0x20,0x00,0x00,0x00,
	0x24,0x21,0x2C,0x63,0xA6,0x31,0x00,0x00,0xB2,0x94,0xA3,0x18,0x10,0x84,0x86,0x31,0xFB,0xDE,0xC7,0x39,
	0x00,0x00,0x00,0x00,0x00,0x00,0x0C,0x63,0x61,0x08,0x00,0x00,0x00,0x00,0x00,0x00,0x00,0x00,0x00,0x00,
	0x00,0x00,0x00,0x00,0x00,0x00,0x41,0x08,0xA7,0x31,0x66,0x29,0x21,0x08,0x00,0x00,0x00,0x00,0x00,0x00,
	0x00,0x00,0x00,0x00,0x00,0x00,0x00,0x00,0x00,0x00,0x00,0x00,0x00,0x00,0x00,0x00,0x00,0x00,0x00,0x00,
	0x00,0x00,0x00,0x00,0x00,0x00,0x00,0x00,0x00,0x00,0x00,0x00,0x00,0x00,0x00,0x00,0x00,0x00,0x00,0x00,
	0x00,0x00,0x00,0x00,0x00,0x00,0x00,0x00,0x21,0x08,0x65,0x29,0x08,0x42,0x04,0x21,0x00,0x00,0x00,0x00,
	0x00,0x00,0x00,0x00,0x00,0x00,0x00,0x00,0x00,0x00,0x00,0x00,0x00,0x00,0x00,0x00,0x00,0x00,0x0C,0x63,
	0xE8,0x41,0x00,0x00,0x20,0x00,0x00,0x00,0x00,0x00,0x20,0x00,0x00,0x00,0x20,0x00,0x20,0x00,0x00,0x00,
	0x00,0x00,0x20,0x00,0x00,0x00,0x00,0x00,0x00,0x00,0x00,0x00,0x00,0x00,0x20,0x00,0x21,0x00,0x21,0x00,
	0x21,0x00,0x20,0x00,0x00,0x00,0x20,0x00,0x20,0x00,0x20,0x00,0x21,0x00,0x21,0x00,0x21,0x00,0x20,0x00,
	0x20,0x00,0x20,0x00,0x20,0x00,0x20,0x00,0x20,0x00,0x20,0x00,0x20,0x00,0x21,0x08,0x20,0x00,0x20,0x00,
	0x21,0x08,0x00,0x00,0x41,0x08,0x08,0xD6,0x69,0xFF,0x2A,0xDE,0x4B,0xDE,0xCB,0xFF,0x8A,0xFF,0x2A,0xFF,
	0xC9,0xF6,0xC9,0xF6,0x09,0xFF,0x4A,0xFF,0x8A,0xFF,0x6C,0xFF,0xCD,0xEE,0xC7,0x5A,0x21,0x08,0x20,0x00,
	0x20,0x08,0x21,0x08,0x20,0x08,0x20,0x00,0x21,0x08,0x21,0x08,0x20,0x00,0x21,0x08,0x21,0x00,0x21,0x08,
	0x21,0x00,0x20,0x00,0x21,0x08,0x21,0x08,0x20,0x00,0x21,0x00,0x21,0x08,0x21,0x08,0x21,0x08,0x21,0x08,
	0x20,0x00,0x00,0x00,0x00,0x00,0x00,0x00,0x00,0x00,0x00,0x00,0x00,0x00,0x20,0x00,0x00,0x00,0x49,0x4A,
	0xFB,0xDE,0x34,0xA5,0x3C,0xE7,0x0C,0x63,0x86,0x31,0x92,0x94,0x49,0x4A,0x00,0x00,0x51,0x8C,0x1B,0xDF,
	0x49,0x4A,0x86,0x31,0x95,0xAD,0x96,0xB5,0x41,0x08,0x00,0x00,0x00,0x00,0x00,0x00,0x00,0x00,0x00,0x00,
	0x00,0x00,0x00,0x00,0x00,0x00,0x25,0x29,0x66,0x29,0x21,0x08,0x00,0x00,0x00,0x00,0x00,0x00,0x00,0x00,
	0x00,0x00,0x00,0x00,0x00,0x00,0x00,0x00,0x00,0x00,0x00,0x00,0x00,0x00,0x00,0x00,0x00,0x00,0x00,0x00,
	0x00,0x00,0x00,0x00,0x00,0x00,0x00,0x00,0x00,0x00,0x00,0x00,0x00,0x00,0x00,0x00,0x00,0x00,0x00,0x00,
	0x00,0x00,0x00,0x00,0x00,0x00,0x00,0x00,0x00,0x00,0x21,0x08,0x66,0x31,0xC7,0x39,0x82,0x10,0x00,0x00,
	0x00,0x00,0x00,0x00,0x00,0x00,0x00,0x00,0x00,0x00,0x00,0x00,0x00,0x00,0x00,0x00,0x00,0x00,0xC3,0x18,
	0x00,0x00,0x00,0x00,0x00,0x00,0x00,0x00,0x00,0x00,0x20,0x00,0x00,0x00,0x20,0x00,0x20,0x00,0xA6,0x31,
	0x62,0x10,0x00,0x00,0x20,0x00,0x20,0x00,0x20,0x00,0x20,0x00,0x00,0x00,0x00,0x00,0x20,0x00,0x21,0x00,
	0x21,0x00,0x20,0x00,0x00,0x00,0x20,0x00,0x00,0x00,0x20,0x00,0x21,0x00,0x21,0x00,0x21,0x00,0x20,0x00,
	0x00,0x00,0x20,0x00,0x20,0x00,0x20,0x00,0x00,0x00,0x20,0x00,0x20,0x00,0x20,0x00,0x20,0x00,0x20,0x00,
	0x21,0x08,0x00,0x00,0x40,0x08,0x07,0xD6,0x29,0xFF,0x29,0xFF,0x6A,0xFF,0xA8,0xCD,0x86,0x83,0xE3,0x49,
	0x43,0x29,0x22,0x29,0x83,0x31,0x84,0x62,0xC6,0xAC,0xC8,0xF6,0x49,0xFF,0x4B,0xDE,0xC2,0x20,0x00,0x00,
	0x20,0x00,0x20,0x00,0x20,0x00,0x20,0x00,0x21,0x08,0x21,0x08,0x20,0x00,0x20,0x00,0x20,0x00,0x20,0x00,
	0x20,0x00,0x20,0x00,0x21,0x00,0x21,0x08,0x20,0x00,0x20,0x00,0x20,0x00,0x20,0x00,0x20,0x00,0x20,0x00,
	0x20,0x00,0x20,0x00,0x20,0x00,0x20,0x00,0x00,0x00,0x00,0x00,0x20,0x00,0x20,0x08,0x00,0x00,0xD6,0xB5,
	0xAE,0x73,0x00,0x00,0x6A,0x52,0x9D,0xEF,0xE4,0x20,0x00,0x00,0x00,0x00,0x00,0x00,0x00,0x00,0x0F,0x7C,
	0x9A,0xD6,0x79,0xCE,0x92,0x94,0x61,0x08,0x00,0x00,0x00,0x00,0x00,0x00,0x00,0x00,0x00,0x00,0x00,0x00,
	0x00,0x00,0x00,0x00,0xA2,0x10,0x04,0x21,0x20,0x00,0x00,0x00,0x00,0x00,0x00,0x00,0x00,0x00,0x00,0x00,
	0x00,0x00,0x00,0x00,0x00,0x00,0x00,0x00,0x00,0x00,0x00,0x00,0x00,0x00,0x00,0x00,0x00,0x00,0x00,0x00,
	0x00,0x00,0x00,0x00,0x00,0x00,0x00,0x00,0x00,0x00,0x00,0x00,0x00,0x00,0x00,0x00,0x00,0x00,0x00,0x00,
	0x00,0x00,0x00,0x00,0x00,0x00,0x00,0x00,0x00,0x00,0x00,0x00,0x21,0x08,0x66,0x29,0x86,0x31,0x21,0x08,
	0x00,0x00,0x00,0x00,0x00,0x00,0x00,0x00,0x00,0x00,0x00,0x00,0x00,0x00,0x00,0x00,0x00,0x00,0x00,0x00,
	0x00,0x00,0x00,0x00,0x00,0x00,0x00,0x00,0x00,0x00,0x00,0x00,0x20,0x00,0x00,0x00,0x86,0x31,0xDF,0xFF,
	0x55,0xAD,0x00,0x00,0x20,0x00,0x00,0x00,0x00,0x00,0x20,0x00,0x20,0x00,0x20,0x00,0x20,0x00,0x21,0x00,
	0x21,0x08,0x21,0x00,0x21,0x00,0x20,0x00,0x00,0x00,0x00,0x00,0x20,0x00,0x20,0x00,0x20,0x00,0x20,0x00,
	0x00,0x00,0x20,0x00,0x20,0x00,0x00,0x00,0x00,0x00,0x00,0x00,0x00,0x00,0x20,0x00,0x20,0x00,0x20,0x00,
	0x20,0x00,0x20,0x00,0x00,0x00,0x46,0xC5,0x28,0xFF,0x29,0xFF,0xE8,0xAC,0x61,0x10,0x00,0x00,0x00,0x00,
	0x00,0x00,0x00,0x00,0x00,0x00,0x00,0x00,0x00,0x00,0xA6,0x83,0x08,0xFF,0x4A,0xFF,0x65,0x52,0x00,0x00,
	0x20,0x00,0x20,0x00,0x20,0x00,0x21,0x08,0x20,0x00,0x20,0x00,0x20,0x00,0x20,0x00,0x20,0x00,0x20,0x00,
	0x20,0x00,0x20,0x00,0x20,0x00,0x21,0x00,0x20,0x00,0x20,0x00,0x20,0x00,0x20,0x00,0x20,0x00,0x20,0x00,
	0x20,0x00,0x21,0x08,0x20,0x00,0x20,0x00,0x20,0x00,0x00,0x00,0x20,0x00,0x20,0x00,0x00,0x00,0x59,0xCE,
	0x0C,0x63,0x21,0x08,0x00,0x00,0xF7,0xBD,0xCF,0x7B,0x00,0x00,0x41,0x08,0x00,0x00,0x00,0x00,0x00,0x00,
	0x20,0x00,0x41,0x08,0x00,0x00,0x00,0x00,0x00,0x00,0x00,0x00,0x00,0x00,0x00,0x00,0x00,0x00,0x00,0x00,
	0x00,0x00,0x41,0x08,0xC3,0x18,0x00,0x00,0x00,0x00,0x00,0x00,0x00,0x00,0x00,0x00,0x00,0x00,0x00,0x00,
	0x00,0x00,0x00,0x00,0x00,0x00,0x00,0x00,0x00,0x00,0x00,0x00,0x00,0x00,0x00,0x00,0x00,0x00,0x00,0x00,
	0x00,0x00,0x00,0x00,0x00,0x00,0x00,0x00,0x00,0x00,0x00,0x00,0x00,0x00,0x00,0x00,0x00,0x00,0x00,0x00,
	0x00,0x00,0x00,0x00,0x00,0x00,0x00,0x00,0x00,0x00,0x00,0x00,0x00,0x00,0x21,0x00,0x66,0x29,0x45,0x29,
	0x00,0x00,0x00,0x00,0x00,0x00,0x00,0x00,0x00,0x00,0x00,0x00,0x00,0x00,0x00,0x00,0x00,0x00,0x00,0x00,
	0x00,0x00,0x00,0x00,0x00,0x00,0x00,0x00,0x00,0x00,0x00,0x00,0x20,0x00,0x00,0x00,0x34,0xA5,0xFF,0xFF,
	0x71,0x8C,0x00,0x00,0x20,0x00,0x00,0x00,0x00,0x00,0x00,0x00,0x20,0x00,0x20,0x00,0x21,0x00,0x21,0x00,
	0x21,0x00,0x21,0x00,0x21,0x00,0x20,0x00,0x00,0x00,0x00,0x00,0x20,0x00,0x20,0x00,0x00,0x00,0x00,0x00,
	0x20,0x00,0x20,0x00,0x00,0x00,0x00,0x00,0x00,0x00,0x00,0x00,0x20,0x00,0x20,0x00,0x00,0x00,0x20,0x00,
	0x20,0x00,0x20,0x08,0x00,0x00,0x64,0x83,0x27,0xFF,0x49,0xFF,0xC5,0x62,0x00,0x00,0x20,0x08,0x20,0x00,
	0x20,0x00,0x20,0x00,0x20,0x00,0x20,0x08,0x00,0x00,0x62,0x31,0x08,0xFF,0x49,0xFF,0xC5,0x62,0x00,0x00,
	0x40,0x08,0x20,0x00,0x20,0x00,0x20,0x00,0x20,0x00,0x20,0x00,0x21,0x08,0x20,0x00,0x21,0x08,0x20,0x00,
	0x20,0x00,0x20,0x00,0x20,0x08,0x21,0x08,0x20,0x00,0x20,0x00,0x21,0x08,0x20,0x00,0x20,0x00,0x21,0x08,
	0x21,0x08,0x20,0x00,0x21,0x08,0x20,0x00,0x20,0x00,0x20,0x00,0x20,0x00,0x41,0x08,0x00,0x00,0xF0,0x83,
	0xF7,0xBD,0x00,0x00,0x00,0x00,0xB2,0x94,0x51,0x8C,0x00,0x00,0x20,0x00,0x20,0x00,0x20,0x00,0x20,0x00,
	0x00,0x00,0x00,0x00,0x20,0x00,0x00,0x00,0x00,0x00,0x00,0x00,0x00,0x00,0x00,0x00,0x00,0x00,0x00,0x00,
	0x21,0x08,0xE4,0x20,0x20,0x00,0x00,0x00,0x00,0x00,0x00,0x00,0x00,0x00,0x00,0x00,0x00,0x00,0x00,0x00,
	0x00,0x00,0x00,0x00,0x00,0x00,0x00,0x00,0x00,0x00,0x00,0x00,0x00,0x00,0x00,0x00,0x00,0x00,0x00,0x00,
	0x00,0x00,0x00,0x00,0x00,0x00,0x00,0x00,0x00,0x00,0x00,0x00,0x00,0x00,0x00,0x00,0x00,0x00,0x00,0x00,
	0x00,0x00,0x00,0x00,0x00,0x00,0x00,0x00,0x00,0x00,0x00,0x00,0x00,0x00,0x00,0x00,0x21,0x00,0x66,0x29,
	0x04,0x21,0x00,0x00,0x00,0x00,0x00,0x00,0x00,0x00,0x00,0x00,0x00,0x00,0x00,0x00,0x00,0x00,0x00,0x00,
	0x00,0x00,0x00,0x00,0x00,0x00,0x00,0x00,0x00,0x00,0x00,0x00,0x00,0x00,0xA6,0x31,0xDE,0xFF,0x5C,0xE7,
	0xC3,0x18,0x00,0x00,0x20,0x00,0x00,0x00,0x00,0x00,0x00,0x00,0x00,0x00,0x00,0x00,0x00,0x00,0x20,0x00,
	0x20,0x00,0x00,0x00,0x20,0x00,0x00,0x00,0x20,0x00,0x00,0x00,0x00,0x00,0x00,0x00,0x20,0x00,0x00,0x00,
	0x20,0x00,0x20,0x00,0x00,0x00,0x00,0x00,0x00,0x00,0x00,0x00,0x20,0x00,0x00,0x00,0x00,0x00,0x00,0x00,
	0x00,0x00,0x20,0x00,0x00,0x00,0xC1,0x20,0xE7,0xE5,0x07,0xFF,0xA9,0xCD,0xC5,0x39,0x83,0x10,0x21,0x00,
	0x00,0x00,0x00,0x00,0x20,0x00,0x41,0x08,0xA2,0x18,0x46,0x9C,0x49,0xFF,0xC8,0xF6,0x63,0x31,0x00,0x00,
	0x20,0x00,0x00,0x00,0x00,0x00,0x20,0x00,0x20,0x00,0x00,0x00,0x20,0x00,0x20,0x00,0x21,0x08,0x21,0x08,
	0x21,0x08,0x20,0x00,0x21,0x08,0x21,0x08,0x20,0x00,0x21,0x00,0x21,0x08,0x21,0x08,0x20,0x00,0x00,0x00,
	0x00,0x00,0x61,0x08,0x41,0x08,0x21,0x08,0x20,0x00,0x20,0x00,0x20,0x00,0x20,0x00,0x00,0x00,0xA3,0x18,
	0xFB,0xDE,0x71,0x8C,0xEB,0x5A,0x9A,0xD6,0x49,0x4A,0x00,0x00,0x20,0x00,0x00,0x00,0x00,0x00,0x00,0x00,
	0x00,0x00,0x00,0x00,0x00,0x00,0x00,0x00,0x00,0x00,0x00,0x00,0x00,0x00,0x00,0x00,0x00,0x00,0x20,0x00,
	0x04,0x21,0x62,0x08,0x00,0x00,0x00,0x00,0x00,0x00,0x00,0x00,0x00,0x00,0x00,0x00,0x00,0x00,0x00,0x00,
	0x00,0x00,0x00,0x00,0x00,0x00,0x00,0x00,0x00,0x00,0x00,0x00,0x00,0x00,0x00,0x00,0x00,0x00,0x00,0x00,
	0x00,0x00,0x00,0x00,0x00,0x00,0x00,0x00,0x00,0x00,0x00,0x00,0x00,0x00,0x00,0x00,0x00,0x00,0x00,0x00,
	0x00,0x00,0x00,0x00,0x00,0x00,0x00,0x00,0x00,0x00,0x00,0x00,0x00,0x00,0x00,0x00,0x00,0x00,0x21,0x08,
	0x66,0x31,0x04,0x21,0x00,0x00,0x00,0x00,0x00,0x00,0x00,0x00,0x00,0x00,0x00,0x00,0x00,0x00,0x00,0x00,
	0x00,0x00,0x00,0x00,0x00,0x00,0x00,0x00,0x00,0x00,0x00,0x00,0x00,0x00,0xAE,0x73,0x9E,0xF7,0x10,0x84,
	0x00,0x00,0x20,0x00,0x00,0x00,0x00,0x00,0x00,0x00,0x00,0x00,0x00,0x00,0x62,0x10,0xC7,0x39,0x00,0x00,
	0x20,0x00,0x00,0x00,0x00,0x00,0x00,0x00,0x00,0x00,0x00,0x00,0x00,0x00,0x00,0x00,0x00,0x00,0x20,0x00,
	0x00,0x00,0x00,0x00,0x20,0x00,0x00,0x00,0x00,0x00,0x00,0x00,0x00,0x00,0x20,0x00,0x20,0x00,0x20,0x00,
	0x00,0x00,0x20,0x00,0x20,0x00,0x00,0x00,0xA4,0x6A,0x66,0xF6,0xA7,0xFE,0x2A,0xE6,0x29,0x94,0xC8,0x62,
	0x27,0x4A,0x07,0x42,0x67,0x52,0x48,0x73,0x69,0xBD,0xE9,0xFE,0x07,0xFF,0x87,0xAC,0x00,0x00,0x00,0x00,
	0x20,0x00,0x00,0x00,0x00,0x00,0x00,0x00,0x00,0x00,0x00,0x00,0x20,0x00,0x20,0x00,0x20,0x00,0x20,0x00,
	0x20,0x00,0x20,0x00,0x21,0x00,0x21,0x00,0x20,0x00,0x20,0x00,0x20,0x00,0x20,0x00,0x41,0x08,0xE3,0x18,
	0x44,0x21,0x04,0x21,0xE3,0x18,0xA3,0x18,0x20,0x00,0x20,0x00,0x00,0x00,0x00,0x00,0x20,0x00,0x00,0x00,
	0x86,0x31,0x55,0xAD,0x18,0xC6,0x89,0x4A,0x00,0x00,0x00,0x00,0x00,0x00,0x00,0x00,0x00,0x00,0x00,0x00,
	0x00,0x00,0x00,0x00,0x00,0x00,0x00,0x00,0x00,0x00,0x00,0x00,0x00,0x00,0x00,0x00,0x00,0x00,0x04,0x21,
	0xE4,0x20,0x00,0x00,0x00,0x00,0x00,0x00,0x00,0x00,0x00,0x00,0x00,0x00,0x00,0x00,0x00,0x00,0x00,0x00,
	0x00,0x00,0x00,0x00,0x00,0x00,0x00,0x00,0x00,0x00,0x00,0x00,0x00,0x00,0x00,0x00,0x00,0x00,0x00,0x00,
};

const lv_img_dsc_t face_batman_410_dial_img_preview = {
    .header.magic = LV_IMAGE_HEADER_MAGIC,
    .header.w = 160,
    .header.h = 160,
    .data_size = sizeof(face_batman_410_dial_img_preview_data),
    .header.cf = LV_COLOR_FORMAT_RGB565,
    .data = face_batman_410_dial_img_preview_data};
