// Cogs (12 o'clock mechanical window) gear artwork for classic_410.
// Hi-res chrome renders (cogs_src/gear_{a,b,c}_hi.jpg) masked to the
// procedurally-correct meshing silhouette (tools/facegen/mask_cogs_hi.py),
// downscaled, and baked to LVGL image data here (tools/facegen/bake_cogs_to_c.py).
// Watchface: classic_410

#include "../classic_410.h"

#ifdef ENABLE_FACE_CLASSIC_410

#ifndef LV_ATTRIBUTE_MEM_ALIGN
#define LV_ATTRIBUTE_MEM_ALIGN
#endif


const LV_ATTRIBUTE_MEM_ALIGN uint8_t classic_410_gear_a_data[] = {
	//RGB565 data with alpha
	0x00,0x00,0x00,0x00,0x00,0x00,0x00,0x00,0x00,0x00,0x00,0x00,0x00,0x00,0x00,0x00,0x00,0x00,0x00,0x00,
	0x00,0x00,0x00,0x00,0x00,0x00,0x00,0x00,0x00,0x00,0x00,0x00,0x00,0x00,0x00,0x00,0x00,0x00,0x00,0x00,
	0x00,0x00,0x00,0x00,0x00,0x00,0x00,0x00,0x00,0x00,0x00,0x00,0xFF,0xFF,0xFF,0xBF,0x55,0xAD,0x00,0x00,
	0x00,0x00,0x00,0x00,0x00,0x00,0x00,0x00,0x00,0x00,0x00,0x00,0xFF,0xFF,0x00,0x00,0x1C,0xDF,0x5D,0xEF,
	0x1C,0xDF,0x1C,0xDF,0x7D,0xEF,0x1C,0xDF,0x00,0x00,0xFF,0xFF,0x00,0x00,0x00,0x00,0x00,0x00,0x00,0x00,
	0x00,0x00,0x00,0x00,0x00,0x00,0x55,0xAD,0xF7,0xBD,0xFF,0xFF,0x00,0x00,0x00,0x00,0x00,0x00,0x00,0x00,
	0x00,0x00,0x00,0x00,0x00,0x00,0x00,0x00,0x00,0x00,0x00,0x00,0x00,0x00,0x00,0x00,0x00,0x00,0x00,0x00,
	0x00,0x00,0x00,0x00,0x00,0x00,0x00,0x00,0x00,0x00,0x00,0x00,0x00,0x00,0x00,0x00,0x00,0x00,0x00,0x00,
	0x00,0x00,0x00,0x00,0x00,0x00,0x00,0x00,0x00,0x00,0x00,0x00,0x00,0x00,0x00,0x00,0x00,0x00,0x00,0x00,
	0x00,0x00,0x00,0x00,0x00,0x00,0x00,0x00,0x00,0x00,0x00,0x00,0x00,0x00,0x00,0x00,0x00,0x00,0x00,0x00,
	0x00,0x00,0x00,0x00,0x00,0x00,0x00,0x00,0x00,0x00,0x00,0x00,0xFF,0xFF,0xFF,0xFF,0x00,0x00,0x00,0x00,
	0x00,0x00,0xFF,0xFF,0x00,0x00,0x00,0x00,0x00,0x00,0x00,0x00,0x00,0x00,0x00,0x00,0xFF,0xFF,0x00,0x00,
	0x7E,0xEF,0xFF,0xFF,0xDF,0xF7,0xDF,0xF7,0xFF,0xFF,0xBE,0xEF,0x00,0x00,0xFF,0xFF,0x00,0x00,0x00,0x00,
	0x00,0x00,0x00,0x00,0x00,0x00,0x00,0x00,0xFF,0xFF,0x00,0x00,0x00,0x00,0x00,0x00,0xFF,0x7F,0x55,0xAD,
	0x00,0x00,0x00,0x00,0x00,0x00,0x00,0x00,0x00,0x00,0x00,0x00,0x00,0x00,0x00,0x00,0x00,0x00,0x00,0x00,
	0x00,0x00,0x00,0x00,0x00,0x00,0x00,0x00,0x00,0x00,0x00,0x00,0x00,0x00,0x00,0x00,0x00,0x00,0x00,0x00,
	0x00,0x00,0x00,0x00,0x00,0x00,0x00,0x00,0x00,0x00,0x00,0x00,0x00,0x00,0x00,0x00,0x00,0x00,0x00,0x00,
	0x00,0x00,0x00,0x00,0x00,0x00,0x00,0x00,0x00,0x00,0x00,0x00,0x00,0x00,0x00,0x00,0x00,0x00,0x00,0x00,
	0x00,0x00,0x00,0x00,0x00,0x00,0x00,0x00,0x00,0x00,0x00,0x00,0x00,0x00,0x00,0x00,0x00,0x00,0x00,0x00,
	0xFF,0xFF,0x5D,0xE7,0xBB,0xD6,0x00,0x00,0xFF,0xFF,0x00,0x00,0x00,0x00,0x00,0x00,0x00,0x00,0x00,0x00,
	0xFF,0xFF,0x00,0x00,0x59,0xC6,0xD7,0xB5,0x55,0xA5,0x55,0xA5,0xB6,0xB5,0xF7,0xBD,0x00,0x00,0xFF,0xFF,
	0x00,0x00,0x00,0x00,0x00,0x00,0x00,0x00,0x00,0x00,0xFF,0xFF,0x00,0x00,0xBB,0xD6,0x3C,0xE7,0xFF,0xFF,
	0x00,0x00,0x00,0x00,0x00,0x00,0x00,0x00,0x00,0x00,0x00,0x00,0x00,0x00,0x00,0x00,0x00,0x00,0x00,0x00,
	0x00,0x00,0x00,0x00,0x00,0x00,0x00,0x00,0x00,0x00,0x00,0x00,0x00,0x00,0x00,0x00,0x00,0x00,0x00,0x00,
	0x00,0x00,0x00,0x00,0x00,0x00,0x00,0x00,0x00,0x00,0x00,0x00,0x00,0x00,0x00,0x00,0x00,0x00,0x00,0x00,
	0x00,0x00,0x00,0x00,0x00,0x00,0x00,0x00,0x00,0x00,0x00,0x00,0x00,0x00,0x00,0x00,0x00,0x00,0x00,0x00,
	0x00,0x00,0x00,0x00,0x00,0x00,0x00,0x00,0x00,0x00,0x00,0x00,0x00,0x00,0x00,0x00,0xFF,0xFF,0xFF,0xFF,
	0x7D,0xEF,0x1C,0xDF,0xDB,0xD6,0x5D,0xE7,0x7E,0xEF,0x1C,0xDF,0x00,0x00,0xFF,0xFF,0x00,0x00,0x00,0x00,
	0x00,0x00,0xFF,0xFF,0x00,0x00,0xFF,0xFF,0xB6,0xAD,0x31,0x84,0x10,0x7C,0x10,0x7C,0x31,0x84,0x14,0x9D,
	0xDB,0xDE,0x00,0x00,0x00,0x00,0x00,0x00,0x00,0x00,0x00,0x00,0xFF,0xFF,0x00,0x00,0x3D,0xE7,0x9E,0xEF,
	0x7D,0xE7,0xDB,0xD6,0xFB,0xDE,0x3C,0xE7,0xFF,0xFF,0xFF,0xFF,0x00,0x00,0x00,0x00,0x00,0x00,0x00,0x00,
	0x00,0x00,0x00,0x00,0x00,0x00,0x00,0x00,0x00,0x00,0x00,0x00,0x00,0x00,0x00,0x00,0x00,0x00,0x00,0x00,
	0x00,0x00,0x00,0x00,0x00,0x00,0x00,0x00,0x00,0x00,0x00,0x00,0x00,0x00,0x00,0x00,0x00,0x00,0x00,0x00,
	0x00,0x00,0x00,0x00,0x00,0x00,0x00,0x00,0x00,0x00,0x00,0x00,0x00,0x00,0x00,0x00,0x00,0x00,0x00,0x00,
	0x00,0x00,0x00,0x00,0x00,0x00,0x00,0x00,0x00,0x00,0x00,0x00,0x00,0x00,0x00,0x00,0x00,0x00,0x00,0x00,
	0xFF,0xFF,0x00,0x00,0x7A,0xCE,0x7E,0xEF,0xDB,0xD6,0x9A,0xCE,0x18,0xBE,0x35,0xA5,0xF3,0x9C,0x55,0xAD,
	0xFF,0xFF,0x00,0x00,0x00,0x00,0xFF,0xFF,0x00,0x00,0x9E,0xEF,0x96,0xAD,0x31,0x84,0x51,0x84,0x51,0x84,
	0x31,0x84,0x14,0x9D,0xF8,0xBD,0x00,0x00,0xEF,0x7B,0x00,0x00,0x00,0x00,0xFF,0xFF,0x55,0xAD,0xFF,0xFF,
	0x96,0xB5,0xF7,0xBD,0x79,0xCE,0xDB,0xD6,0x7E,0xEF,0x9A,0xCE,0x00,0x00,0xFF,0xFF,0x00,0x00,0x00,0x00,
	0x00,0x00,0x00,0x00,0x00,0x00,0x00,0x00,0x00,0x00,0x00,0x00,0x00,0x00,0x00,0x00,0x00,0x00,0x00,0x00,
	0x00,0x00,0x00,0x00,0x00,0x00,0x00,0x00,0x00,0x00,0x00,0x00,0x00,0x00,0x00,0x00,0x00,0x00,0x00,0x00,
	0x00,0x00,0x00,0x00,0x00,0x00,0x00,0x00,0x00,0x00,0x00,0x00,0x00,0x00,0x00,0x00,0x00,0x00,0x00,0x00,
	0x00,0x00,0x00,0x00,0x00,0x00,0x00,0x00,0x00,0x00,0x00,0x00,0x00,0x00,0x00,0x00,0x00,0x00,0x00,0x00,
	0x00,0x00,0x00,0x00,0xF7,0xBD,0x00,0x00,0xD7,0xB5,0xDB,0xD6,0xF8,0xBD,0x96,0xB5,0x76,0xAD,0x76,0xAD,
	0x14,0x9D,0x00,0x00,0xEF,0x7B,0x00,0x00,0x00,0x00,0xFF,0xFF,0x00,0x00,0xFC,0xDE,0x96,0xAD,0x10,0x7C,
	0x51,0x84,0x51,0x84,0x10,0x84,0x35,0xA5,0xB7,0xB5,0x00,0x00,0x55,0xAD,0x00,0x00,0x00,0x00,0xF7,0xBD,
	0x00,0x00,0x38,0xC6,0x76,0xAD,0x14,0xA5,0x55,0xAD,0xB7,0xB5,0x9A,0xCE,0xD7,0xB5,0x00,0x00,0xF7,0xBD,
	0x00,0x00,0x00,0x00,0x00,0x00,0x00,0x00,0x00,0x00,0x00,0x00,0x00,0x00,0x00,0x00,0x00,0x00,0x00,0x00,
	0x00,0x00,0x00,0x00,0x00,0x00,0x00,0x00,0x00,0x00,0x00,0x00,0x00,0x00,0x00,0x00,0x00,0x00,0x00,0x00,
	0x00,0x00,0x00,0x00,0x00,0x00,0x00,0x00,0x00,0x00,0x00,0x00,0x00,0x00,0x00,0x00,0x00,0x00,0x00,0x00,
	0x00,0x00,0x00,0x00,0x00,0x00,0x00,0x00,0x00,0x00,0x00,0x00,0x00,0x00,0x00,0x00,0x00,0x00,0x00,0x00,
	0x00,0x00,0x00,0x00,0x00,0x00,0x00,0x00,0xF7,0x7B,0x00,0x00,0x35,0xA5,0x39,0xC6,0x18,0xBE,0xD7,0xB5,
	0x96,0xB5,0x76,0xAD,0x35,0xA5,0xB7,0xB5,0x00,0x00,0xFF,0xFF,0x00,0x00,0xF7,0xBD,0x00,0x00,0xBB,0xD6,
	0x75,0xAD,0x10,0x7C,0x51,0x84,0x51,0x84,0x30,0x84,0x34,0x9D,0xB7,0xB5,0x00,0x00,0xF7,0xBD,0x00,0x00,
	0xFF,0xFF,0x00,0x00,0x5D,0xEF,0x96,0xB5,0xF4,0x9C,0x55,0xA5,0x76,0xAD,0xB7,0xB5,0xF7,0xBD,0x92,0x94,
	0x00,0x00,0xEF,0x7B,0x00,0x00,0x00,0x00,0x00,0x00,0x00,0x00,0x00,0x00,0x00,0x00,0x00,0x00,0x00,0x00,
	0x00,0x00,0x00,0x00,0x00,0x00,0x00,0x00,0x00,0x00,0x00,0x00,0x00,0x00,0x00,0x00,0x00,0x00,0x00,0x00,
	0x00,0x00,0x00,0x00,0x00,0x00,0x00,0x00,0x00,0x00,0x00,0x00,0x00,0x00,0x00,0x00,0x00,0x00,0x00,0x00,
	0x00,0x00,0x00,0x00,0x00,0x00,0x00,0x00,0x00,0x00,0x00,0x00,0x00,0x00,0x00,0x00,0xEF,0x7B,0xEF,0x7B,
	0x00,0x00,0x00,0x00,0x00,0x00,0x00,0x00,0x00,0x00,0x00,0x00,0x55,0xAD,0x00,0x00,0x72,0x8C,0xD7,0xB5,
	0x39,0xC6,0xD7,0xB5,0xB7,0xB5,0x96,0xAD,0x76,0xAD,0x55,0xA5,0x00,0x00,0x55,0xAD,0x00,0x00,0x55,0xAD,
	0x00,0x00,0x9A,0xCE,0x14,0x9D,0x10,0x7C,0x51,0x84,0x31,0x84,0x30,0x84,0xF3,0x94,0xB6,0xB5,0x00,0x00,
	0x55,0xAD,0x00,0x00,0x55,0xAD,0x00,0x00,0x18,0xC6,0x55,0xA5,0x14,0xA5,0x55,0xA5,0x76,0xAD,0xD7,0xB5,
	0x96,0xB5,0x51,0x8C,0x00,0x00,0x55,0xAD,0x00,0x00,0x00,0x00,0x00,0x00,0x00,0x00,0x00,0x00,0x00,0x00,
	0xEF,0x7B,0xEF,0x7B,0x00,0x00,0x00,0x00,0x00,0x00,0x00,0x00,0x00,0x00,0x00,0x00,0x00,0x00,0x00,0x00,
	0x00,0x00,0x00,0x00,0x00,0x00,0x00,0x00,0x00,0x00,0x00,0x00,0x00,0x00,0x00,0x00,0x00,0x00,0x00,0x00,
	0x00,0x00,0x00,0x00,0x00,0x00,0x00,0x00,0x00,0x00,0x00,0x00,0x00,0x00,0x00,0x00,0x00,0x00,0xFF,0x7F,
	0x00,0x00,0x00,0x00,0xFF,0xFF,0xFF,0xFF,0x00,0x00,0x00,0x00,0x00,0x00,0x00,0x00,0xFF,0xFF,0x00,0x00,
	0x71,0x8C,0x75,0xAD,0x79,0xCE,0xF8,0xBD,0xD7,0xB5,0x96,0xB5,0x55,0xAD,0x76,0xAD,0xD7,0xB5,0x00,0x00,
	0xF7,0xBD,0xF7,0xBD,0xFF,0xFF,0x59,0xC6,0xB2,0x94,0x30,0x84,0x31,0x84,0x31,0x84,0x31,0x84,0x92,0x8C,
	0x96,0xAD,0xFF,0xFF,0xF7,0xBD,0xFB,0xBE,0x00,0x00,0xDB,0xD6,0xD7,0xB5,0xD3,0x94,0x35,0xA5,0x55,0xAD,
	0x96,0xAD,0x18,0xBE,0x55,0xA5,0xEF,0x7B,0x00,0x00,0xFF,0xFF,0x00,0x00,0x00,0x00,0x00,0x00,0x00,0x00,
	0xFF,0xFF,0xFF,0xFF,0x00,0x00,0x00,0x00,0xEF,0x7B,0x00,0x00,0x00,0x00,0x00,0x00,0x00,0x00,0x00,0x00,
	0x00,0x00,0x00,0x00,0x00,0x00,0x00,0x00,0x00,0x00,0x00,0x00,0x00,0x00,0x00,0x00,0x00,0x00,0x00,0x00,
	0x00,0x00,0x00,0x00,0x00,0x00,0x00,0x00,0x00,0x00,0x00,0x00,0x00,0x00,0x00,0x00,0x00,0x00,0x00,0x00,
	0xF7,0xBD,0x00,0x00,0xFF,0xFF,0xD7,0xBD,0x00,0x00,0x00,0x00,0x55,0xAD,0x00,0x00,0x00,0x00,0x00,0x00,
	0x00,0x00,0x00,0x00,0x00,0x00,0x34,0x9D,0x9A,0xCE,0x18,0xBE,0xF7,0xB5,0xB7,0xB5,0x96,0xAD,0x55,0xA5,
	0x76,0xAD,0xFB,0xDE,0x00,0x00,0x00,0x00,0x9F,0xF7,0x39,0xC6,0x51,0x8C,0x31,0x84,0x31,0x84,0x31,0x84,
	0x31,0x84,0x51,0x84,0x76,0xAD,0x9A,0xD6,0x00,0x00,0x00,0x00,0xFF,0xEF,0x39,0xC6,0xF3,0x9C,0x14,0xA5,
	0x55,0xA5,0x76,0xAD,0xB6,0xB5,0x38,0xC6,0xF4,0x9C,0x00,0x00,0x00,0x00,0x00,0x00,0x00,0x00,0x00,0x00,
	0x00,0x00,0x55,0xAD,0x00,0x00,0x00,0x00,0xB6,0xB5,0x3C,0xE7,0x00,0x00,0xF7,0xBD,0x00,0x00,0x00,0x00,
	0x00,0x00,0x00,0x00,0x00,0x00,0x00,0x00,0x00,0x00,0x00,0x00,0x00,0x00,0x00,0x00,0x00,0x00,0x00,0x00,
	0x00,0x00,0x00,0x00,0x00,0x00,0x00,0x00,0x00,0x00,0x00,0x00,0x00,0x00,0x00,0x00,0x00,0x00,0x00,0x00,
	0x00,0x00,0xEF,0x7B,0x00,0x00,0xFF,0xFF,0xD7,0xB5,0x55,0xAD,0x55,0xAD,0xD3,0x8C,0x00,0x00,0xF7,0xBD,
	0x00,0x00,0x00,0x00,0x00,0x00,0x55,0xAD,0x00,0x00,0xD3,0x94,0x7A,0xCE,0x59,0xC6,0xF8,0xBD,0xD7,0xB5,
	0x96,0xAD,0x55,0xA5,0x76,0xAD,0xD7,0xB5,0x9A,0xCE,0x38,0xC6,0xF8,0xBD,0xB6,0xB5,0x10,0x84,0x51,0x84,
	0x31,0x84,0x31,0x84,0x51,0x84,0x10,0x7C,0x55,0xA5,0x96,0xB5,0x18,0xBE,0x9A,0xCE,0x9A,0xCE,0x76,0xAD,
	0xB2,0x94,0x34,0xA5,0x55,0xAD,0x96,0xAD,0xD7,0xB5,0x39,0xC6,0xD3,0x94,0x00,0x00,0x55,0xAD,0x00,0x00,
	0x00,0x00,0x00,0x00,0xF7,0xBD,0x00,0x00,0x59,0xCE,0x76,0xAD,0x96,0xAD,0xB7,0xB5,0x5C,0xE7,0x00,0x00,
	0xEF,0x7B,0x00,0x00,0x00,0x00,0x00,0x00,0x00,0x00,0x00,0x00,0x00,0x00,0x00,0x00,0x00,0x00,0x00,0x00,
	0x00,0x00,0x00,0x00,0x00,0x00,0x00,0x00,0x00,0x00,0x00,0x00,0x00,0x00,0x00,0x00,0x00,0x00,0x00,0x00,
	0x00,0x00,0x00,0x00,0xEF,0x7B,0xFF,0xFF,0xFF,0xFF,0x96,0xB5,0xF3,0x9C,0x96,0xB5,0x1C,0xDF,0xD7,0xB5,
	0xF4,0x9C,0x00,0x00,0x55,0xAD,0xFF,0xFF,0x00,0x00,0xF7,0x7D,0x00,0x00,0x92,0x94,0x39,0xC6,0x79,0xC6,
	0x18,0xBE,0xD7,0xB5,0x96,0xB5,0x76,0xAD,0x35,0xA5,0x76,0xAD,0xFB,0xDE,0x3D,0xE7,0x18,0xBE,0x72,0x8C,
	0x31,0x84,0x31,0x84,0x31,0x84,0x31,0x84,0x31,0x84,0x31,0x84,0x51,0x84,0x96,0xAD,0x1C,0xDF,0x1C,0xDF,
	0x96,0xAD,0xB2,0x94,0x14,0x9D,0x35,0xA5,0x76,0xAD,0x96,0xB5,0xF8,0xBD,0x18,0xBE,0x71,0x8C,0x00,0x00,
	0xEF,0x7B,0x00,0x00,0xFF,0xFF,0x55,0xAD,0x00,0x00,0x18,0xBE,0x18,0xBE,0xDB,0xD6,0x55,0xA5,0x34,0xA5,
	0x75,0xAD,0x5D,0xEF,0xFF,0xFF,0xEF,0x7B,0x00,0x00,0x00,0x00,0x00,0x00,0x00,0x00,0x00,0x00,0x00,0x00,
	0x00,0x00,0x00,0x00,0x00,0x00,0x00,0x00,0x00,0x00,0x00,0x00,0x00,0x00,0x00,0x00,0x00,0x00,0x00,0x00,
	0x00,0x00,0x00,0x00,0x00,0x00,0xFF,0xFF,0x00,0x00,0xFF,0xFF,0x34,0xA5,0x92,0x8C,0x96,0xB5,0xDB,0xD6,
	0x3D,0xE7,0x5D,0xE7,0x39,0xC6,0x76,0xAD,0x00,0x00,0x00,0x00,0x55,0xAD,0x55,0xAD,0x55,0xAD,0x72,0x8C,
	0xB6,0xB5,0x9A,0xCE,0x18,0xBE,0xF8,0xBD,0xB7,0xB5,0x96,0xAD,0x55,0xA5,0x14,0x9D,0xD3,0x94,0xB2,0x94,
	0x72,0x8C,0x51,0x8C,0x51,0x84,0x31,0x84,0x31,0x84,0x31,0x84,0x31,0x84,0x51,0x84,0x51,0x84,0x31,0x84,
	0x51,0x8C,0x72,0x8C,0xB2,0x94,0xF3,0x9C,0x14,0x9D,0x55,0xA5,0x76,0xAD,0xB6,0xB5,0x38,0xC6,0x96,0xAD,
	0x10,0x84,0x55,0xAD,0x55,0xAD,0x55,0xAD,0x00,0x00,0x00,0x00,0x39,0xC6,0x39,0xC6,0x1C,0xDF,0x3D,0xE7,
	0xBB,0xD6,0x55,0xA5,0xB2,0x94,0xF3,0x9C,0xFF,0xFF,0x00,0x00,0xFF,0xFF,0x00,0x00,0x00,0x00,0x00,0x00,
	0x00,0x00,0x00,0x00,0x00,0x00,0x00,0x00,0x00,0x00,0x00,0x00,0x00,0x00,0x00,0x00,0x00,0x00,0x00,0x00,
	0x00,0x00,0x00,0x00,0x00,0x00,0x00,0x00,0x00,0x00,0x00,0x00,0x55,0xAD,0x1F,0x00,0xF0,0x7B,0xF8,0xBD,
	0xFB,0xDE,0x1C,0xDF,0x1C,0xDF,0x3C,0xDF,0x5D,0xE7,0xBB,0xD6,0xB7,0xB5,0x9A,0xD6,0x00,0x00,0xF7,0xBD,
	0x00,0x00,0xF7,0xBD,0x39,0xC6,0x7A,0xCE,0x39,0xC6,0x18,0xBE,0xD7,0xB5,0x96,0xB5,0x55,0xAD,0x35,0xA5,
	0x14,0x9D,0xD3,0x94,0x92,0x94,0x71,0x8C,0x51,0x84,0x31,0x84,0x30,0x84,0x30,0x84,0x31,0x84,0x31,0x84,
	0x51,0x84,0x71,0x8C,0x72,0x8C,0x92,0x94,0xD3,0x94,0xF3,0x9C,0x34,0xA5,0x55,0xAD,0x96,0xB5,0xD7,0xB5,
	0x38,0xBE,0xB7,0xB5,0x34,0xA5,0x00,0x00,0xF7,0xBD,0x00,0x00,0xFF,0xFF,0x59,0xC6,0xBA,0xCE,0x1C,0xDF,
	0x1C,0xDF,0x1C,0xDF,0x3C,0xDF,0xDB,0xD6,0xB7,0xB5,0xCF,0x7B,0x00,0x00,0x55,0xAD,0x00,0x00,0x00,0x00,
	0x00,0x00,0x00,0x00,0x00,0x00,0x00,0x00,0x00,0x00,0x00,0x00,0x00,0x00,0x00,0x00,0x00,0x00,0x00,0x00,
	0x00,0x00,0x00,0x00,0x00,0x00,0x00,0x00,0x00,0x00,0x00,0x00,0x00,0x00,0x00,0x00,0xFF,0xFF,0xFF,0xFF,
	0xD6,0xB5,0xD3,0x9C,0x3D,0xE7,0x1C,0xDF,0x3C,0xDF,0x3C,0xDF,0x3C,0xDF,0x5D,0xE7,0xFC,0xDE,0xF7,0xBD,
	0xF8,0xB5,0x00,0x00,0x75,0xAD,0x55,0xA5,0xDB,0xD6,0x9A,0xCE,0x59,0xC6,0x38,0xBE,0xF7,0xBD,0xB7,0xB5,
	0x75,0xAD,0x35,0xA5,0x14,0x9D,0xD3,0x9C,0xB3,0x94,0xB2,0x94,0x92,0x8C,0x72,0x8C,0x72,0x8C,0x72,0x8C,
	0x72,0x8C,0x92,0x8C,0x92,0x8C,0x72,0x8C,0x72,0x8C,0x92,0x94,0xD3,0x94,0xF4,0x9C,0x35,0xA5,0x76,0xAD,
	0xB7,0xB5,0xF7,0xBD,0x38,0xC6,0x59,0xC6,0x14,0x9D,0x35,0xA5,0x00,0x00,0x1C,0xDF,0x39,0xC6,0xBB,0xD6,
	0x1C,0xDF,0x1C,0xDF,0x1C,0xDF,0x1C,0xDF,0xFC,0xDE,0x5D,0xE7,0xF4,0x9C,0x51,0x8C,0xFF,0xFF,0xFF,0xFF,
	0x00,0x00,0x00,0x00,0x00,0x00,0x00,0x00,0x00,0x00,0x00,0x00,0x00,0x00,0x00,0x00,0x00,0x00,0x00,0x00,
	0x00,0x00,0x00,0x00,0x00,0x00,0x00,0x00,0x00,0x00,0x00,0x00,0x00,0x00,0x00,0x00,0x00,0x00,0x00,0x00,
	0x00,0x00,0xAA,0x52,0x00,0x00,0xA7,0x39,0x96,0xAD,0x7D,0xE7,0x1C,0xDF,0x3C,0xDF,0x3D,0xE7,0x3C,0xDF,
	0x5D,0xE7,0x3C,0xDF,0x18,0xBE,0xFC,0xDE,0x3C,0xDF,0x7A,0xCE,0xDB,0xD6,0x9A,0xCE,0x79,0xCE,0x39,0xC6,
	0xF8,0xBD,0xB7,0xB5,0xB6,0xB5,0xB6,0xB5,0x75,0xAD,0xD3,0x9C,0xB2,0x94,0x72,0x8C,0x51,0x84,0x30,0x84,
	0x30,0x84,0x30,0x84,0x30,0x84,0x31,0x84,0x51,0x84,0x71,0x8C,0x92,0x8C,0xF3,0x9C,0x34,0xA5,0x34,0xA5,
	0x55,0xA5,0x96,0xAD,0xD7,0xB5,0xF8,0xBD,0x39,0xC6,0x7A,0xCE,0x39,0xC6,0xDB,0xD6,0x1C,0xDF,0x39,0xC6,
	0xDB,0xD6,0x3C,0xDF,0x1C,0xDF,0x1C,0xDF,0x1C,0xDF,0x1C,0xDF,0x5D,0xE7,0xD7,0xB5,0xE7,0x39,0x00,0x00,
	0xAA,0x52,0x00,0x00,0x00,0x00,0x00,0x00,0x00,0x00,0x00,0x00,0x00,0x00,0x00,0x00,0x00,0x00,0x00,0x00,
	0x00,0x00,0x00,0x00,0x00,0x00,0x00,0x00,0x00,0x00,0x00,0x00,0x00,0x00,0x00,0x00,0x00,0x00,0x00,0x00,
	0x00,0x00,0x00,0x00,0x00,0x00,0x00,0x00,0x55,0xAD,0x00,0x00,0x2D,0x63,0xDB,0xD6,0x3D,0xE7,0x1C,0xDF,
	0x3C,0xDF,0x3D,0xE7,0x3D,0xE7,0x3D,0xE7,0x3D,0xE7,0x3D,0xE7,0xFB,0xDE,0xFC,0xDE,0xDB,0xD6,0xBA,0xD6,
	0x9A,0xCE,0x59,0xC6,0x18,0xBE,0xF7,0xBD,0xB6,0xB5,0x75,0xAD,0x35,0xA5,0x14,0x9D,0xB6,0x95,0x00,0x00,
	0x00,0x00,0x00,0x00,0x00,0x00,0x00,0x00,0x00,0x00,0x00,0x00,0x00,0x00,0x92,0x94,0xB2,0x8C,0xD3,0x94,
	0xF4,0x9C,0x34,0xA5,0x75,0xAD,0x96,0xB5,0xD7,0xBD,0x18,0xBE,0x59,0xC6,0x7A,0xCE,0xBB,0xD6,0xBB,0xD6,
	0xFB,0xDE,0xFB,0xDE,0x1C,0xDF,0x1C,0xDF,0x1C,0xDF,0x3C,0xDF,0x1C,0xDF,0x3D,0xE7,0xFC,0xDE,0x6D,0x6B,
	0x00,0x00,0x55,0xAD,0x00,0x00,0x00,0x00,0x00,0x00,0x00,0x00,0x00,0x00,0x00,0x00,0x00,0x00,0x00,0x00,
	0x00,0x00,0x00,0x00,0x00,0x00,0x00,0x00,0x00,0x00,0x00,0x00,0x00,0x00,0x00,0x00,0x00,0x00,0x00,0x00,
	0x00,0x00,0x00,0x00,0x00,0x00,0x00,0x00,0x00,0x00,0x00,0x00,0xEF,0x7B,0xFF,0xFF,0x28,0x42,0x51,0x84,
	0x5D,0xE7,0x1C,0xDF,0x3C,0xDF,0x3D,0xE7,0x3D,0xE7,0x3D,0xE7,0x3C,0xDF,0x3C,0xE7,0x1C,0xDF,0xFC,0xDE,
	0xFB,0xDE,0xDB,0xD6,0xBA,0xCE,0x79,0xCE,0x39,0xC6,0x59,0xCE,0xB7,0xB5,0x00,0x00,0x00,0x00,0x00,0x00,
	0x00,0x00,0xEF,0x7B,0xEF,0x7B,0xEF,0x7B,0xEF,0x7B,0xEF,0x7B,0xEF,0x7B,0xEF,0x7B,0xEF,0x7B,0x00,0x00,
	0x00,0x00,0x00,0x00,0x00,0x00,0x55,0xAD,0xD7,0xB5,0xB6,0xB5,0xF7,0xBD,0x39,0xC6,0x79,0xCE,0x9A,0xCE,
	0xBB,0xD6,0xDB,0xD6,0xFC,0xDE,0x1C,0xDF,0x1C,0xDF,0x1C,0xDF,0x1C,0xDF,0x1C,0xDF,0x1C,0xDF,0x5D,0xE7,
	0x92,0x8C,0x65,0x29,0xFF,0xFF,0xEF,0x7B,0x00,0x00,0x00,0x00,0x00,0x00,0x00,0x00,0x00,0x00,0x00,0x00,
	0x00,0x00,0x00,0x00,0x00,0x00,0x00,0x00,0x00,0x00,0x00,0x00,0x00,0x00,0x00,0x00,0x00,0x00,0x00,0x00,
	0x00,0x00,0xFF,0xFF,0x00,0x00,0x00,0x00,0x00,0x00,0x00,0x00,0x00,0x00,0x00,0x00,0x00,0x00,0x08,0x42,
	0x00,0x00,0xCB,0x5A,0x96,0xAD,0x7D,0xE7,0x1C,0xDF,0x3D,0xDF,0x3D,0xE7,0x3D,0xE7,0x3D,0xE7,0x3C,0xDF,
	0x3C,0xDF,0x1C,0xDF,0xFC,0xDE,0xDB,0xD6,0xBB,0xD6,0x9A,0xCE,0x59,0xC6,0x59,0xC6,0xB7,0xB5,0x92,0x94,
	0xD3,0x9C,0xFF,0xFF,0x00,0x00,0x00,0x00,0x00,0x00,0x00,0x00,0x00,0x00,0x00,0x00,0x00,0x00,0x00,0x00,
	0x00,0x00,0x00,0x00,0xEF,0x7B,0xD3,0x9C,0x92,0x94,0x35,0xA5,0xB6,0xB5,0xD7,0xB5,0x18,0xBE,0x59,0xC6,
	0x9A,0xCE,0xBB,0xD6,0xDB,0xD6,0xFB,0xDE,0x1C,0xDF,0x1C,0xDF,0x1C,0xDF,0x1C,0xDF,0x3C,0xDF,0x1C,0xDF,
	0x5D,0xE7,0xF7,0xBD,0xAB,0x5A,0x00,0x00,0x08,0x42,0x00,0x00,0x00,0x00,0x00,0x00,0x00,0x00,0x00,0x00,
	0x00,0x00,0x00,0x00,0xFF,0xFF,0x00,0x00,0x00,0x00,0x00,0x00,0x00,0x00,0x00,0x00,0x00,0x00,0x00,0x00,
	0x00,0x00,0x00,0x00,0x00,0x00,0x00,0x00,0x00,0x00,0xF7,0xBD,0xFF,0xFF,0xFF,0xFF,0x00,0x00,0x00,0x00,
	0x00,0x00,0x00,0x00,0xAA,0x52,0xEF,0x7B,0x6D,0x6B,0x9A,0xCE,0x3D,0xE7,0x1C,0xDF,0x3D,0xE7,0x3D,0xE7,
	0x3D,0xE7,0x3D,0xE7,0x3C,0xDF,0x3C,0xDF,0x1C,0xDF,0xFB,0xDE,0xDB,0xD6,0xBA,0xCE,0x79,0xCE,0x38,0xC6,
	0x18,0xBE,0x75,0xAD,0x00,0x00,0x55,0xAD,0x00,0x00,0x00,0x00,0x00,0x00,0x00,0x00,0x00,0x00,0x00,0x00,
	0x00,0x00,0x00,0x00,0x00,0x00,0x00,0x00,0x55,0xAD,0x00,0x00,0xB7,0xB5,0x96,0xB5,0x96,0xB5,0xF7,0xBD,
	0x39,0xC6,0x7A,0xCE,0xBA,0xCE,0xDB,0xD6,0xFB,0xDE,0x1C,0xDF,0x1C,0xDF,0x3C,0xDF,0x1C,0xDF,0x3C,0xDF,
	0x1C,0xDF,0x3D,0xE7,0xDB,0xD6,0x8E,0x73,0xA5,0x52,0xAA,0x52,0x00,0x00,0x00,0x00,0x00,0x00,0x00,0x00,
	0xFF,0xFF,0xFF,0xFF,0xF7,0xBD,0x00,0x00,0x00,0x00,0x00,0x00,0x00,0x00,0x00,0x00,0x00,0x00,0x00,0x00,
	0x00,0x00,0x00,0x00,0x00,0x00,0x00,0x00,0x00,0x00,0x5D,0xEF,0x2C,0x63,0x00,0x00,0x00,0x00,0x00,0x00,
	0xEF,0x7B,0xF7,0xBD,0xFF,0xFF,0xFF,0xFF,0xAA,0x52,0x00,0x00,0x28,0x42,0xD3,0x94,0x5D,0xE7,0x1C,0xDF,
	0x3C,0xDF,0x3D,0xE7,0x3D,0xE7,0x3D,0xE7,0x3D,0xE7,0x3C,0xDF,0x1C,0xDF,0x1C,0xDF,0xFB,0xDE,0xBB,0xD6,
	0x9A,0xCE,0x59,0xC6,0x59,0xCE,0x34,0xA5,0x00,0x00,0xF7,0xBD,0x00,0x00,0x00,0x00,0x00,0x00,0x00,0x00,
	0x00,0x00,0x00,0x00,0x00,0x00,0x00,0x00,0x00,0x00,0x00,0x00,0xF7,0xBD,0x00,0x00,0xB7,0xB5,0xD7,0xBD,
	0xB6,0xB5,0x18,0xBE,0x59,0xC6,0x9A,0xCE,0xDB,0xD6,0xFB,0xDE,0xFC,0xDE,0x1C,0xDF,0x1C,0xDF,0x1C,0xDF,
	0x3C,0xDF,0x1C,0xDF,0x1C,0xDF,0x5D,0xE7,0x34,0xA5,0x08,0x42,0x00,0x00,0xAA,0x52,0xFF,0xFF,0xFF,0xFF,
	0xF7,0xBD,0xEF,0x7B,0x00,0x00,0x00,0x00,0x00,0x00,0xD3,0x9C,0xDB,0xDE,0x00,0x00,0x00,0x00,0x00,0x00,
	0x00,0x00,0x00,0x00,0x00,0x00,0x00,0x00,0x00,0x00,0xEF,0x7B,0xFF,0xFF,0x18,0xC6,0xB7,0xB5,0x9A,0xCE,
	0x5D,0xE7,0xFF,0xFF,0x00,0x00,0x00,0x00,0x00,0x00,0x00,0x00,0x9A,0xD6,0x00,0x00,0x18,0xBE,0xF7,0xBD,
	0x1C,0xDF,0x1C,0xDF,0x1C,0xDF,0x3C,0xDF,0x3D,0xE7,0x3D,0xE7,0x3D,0xE7,0x3D,0xE7,0x3C,0xDF,0x1C,0xDF,
	0xFC,0xDE,0xDB,0xD6,0xBA,0xD6,0x79,0xC6,0x59,0xC6,0x75,0xAD,0x2F,0x63,0x00,0x00,0x00,0x00,0x00,0x00,
	0x00,0x00,0x00,0x00,0x00,0x00,0x00,0x00,0x00,0x00,0x00,0x00,0x00,0x00,0x00,0x00,0x00,0x00,0x59,0xCE,
	0x96,0xB5,0xB6,0xB5,0xF7,0xBD,0x38,0xC6,0x7A,0xCE,0xBA,0xD6,0xDB,0xD6,0xFC,0xDE,0x1C,0xDF,0x1C,0xDF,
	0x3C,0xDF,0x3C,0xDF,0x3C,0xDF,0x1C,0xDF,0x1C,0xDF,0x1C,0xDF,0xB6,0xB5,0xB7,0xB5,0x00,0x00,0x9A,0xD6,
	0x00,0x00,0x00,0x00,0x00,0x00,0x00,0x00,0xFF,0xFF,0x5D,0xE7,0x9A,0xCE,0x72,0x8C,0x75,0xAD,0xFF,0xFF,
	0xEF,0x7B,0x00,0x00,0x00,0x00,0x00,0x00,0x00,0x00,0x00,0x00,0xFF,0xFF,0x00,0x00,0x1C,0xDF,0x59,0xC6,
	0x59,0xC6,0x9A,0xCE,0xBB,0xD6,0xBA,0xD6,0xFB,0xD6,0x3C,0xDF,0xBE,0xF7,0xFF,0xFF,0x00,0x00,0xCF,0x7B,
	0x14,0x9D,0xDB,0xD6,0xFC,0xDE,0x1C,0xDF,0x1C,0xDF,0x1C,0xDF,0x3C,0xDF,0x3D,0xE7,0x3D,0xE7,0x3D,0xE7,
	0x3D,0xE7,0x3C,0xDF,0x1C,0xDF,0xFB,0xDE,0xDB,0xD6,0x9A,0xCE,0x39,0xC6,0x18,0xC6,0xF4,0x9C,0x00,0x00,
	0x55,0xAD,0x00,0x00,0x00,0x00,0x00,0x00,0x00,0x00,0x00,0x00,0x00,0x00,0x00,0x00,0x00,0x00,0xFF,0xFF,
	0x00,0x00,0xF8,0xBD,0xD7,0xB5,0xB6,0xB5,0x18,0xBE,0x59,0xC6,0x9A,0xCE,0xDB,0xD6,0xFB,0xDE,0x1C,0xDF,
	0x1C,0xDF,0x3C,0xDF,0x3C,0xDF,0x3C,0xDF,0x1C,0xDF,0x1C,0xDF,0xFC,0xDE,0x1C,0xDF,0x9A,0xCE,0xD3,0x9C,
	0x6D,0x63,0x00,0x00,0xFF,0xFF,0xBE,0xF7,0x3C,0xDF,0xDB,0xD6,0x9A,0xCE,0xDB,0xD6,0x7A,0xCE,0xD3,0x94,
	0x55,0xA5,0xDB,0xDE,0x00,0x00,0xFF,0xFF,0x00,0x00,0x00,0x00,0x00,0x00,0x00,0x00,0xEF,0x7B,0x20,0x00,
	0x38,0xC6,0x59,0xC6,0x38,0xC6,0xD7,0xBD,0xF7,0xBD,0x18,0xC6,0x9A,0xCE,0xDB,0xD6,0xBB,0xD6,0xDB,0xD6,
	0xFC,0xDE,0xBB,0xD6,0x9A,0xCE,0xDB,0xD6,0xFB,0xDE,0xFC,0xDE,0x1C,0xDF,0x1C,0xDF,0x1C,0xDF,0x3C,0xDF,
	0x3D,0xE7,0x3D,0xE7,0x3D,0xE7,0x3C,0xDF,0x1C,0xDF,0x1C,0xDF,0xFB,0xD6,0xBA,0xD6,0x79,0xCE,0x59,0xCE,
	0x55,0xAD,0x00,0x00,0x55,0xAD,0x00,0x00,0x00,0x00,0x00,0x00,0x00,0x00,0x00,0x00,0x00,0x00,0x00,0x00,
	0x00,0x00,0x55,0xAD,0x00,0x00,0xD7,0xB5,0xD7,0xBD,0xD7,0xBD,0x38,0xC6,0x7A,0xCE,0xBB,0xD6,0xFB,0xD6,
	0x1C,0xDF,0x1C,0xDF,0x1C,0xDF,0x3C,0xDF,0x1C,0xDF,0x1C,0xDF,0x1C,0xDF,0xFC,0xDE,0xFC,0xDE,0xFB,0xDE,
	0xDB,0xD6,0x59,0xC6,0x7A,0xCE,0xFC,0xDE,0xDB,0xD6,0xBA,0xD6,0xDB,0xD6,0xBA,0xCE,0x59,0xC6,0x18,0xC6,
	0x38,0xC6,0x35,0xA5,0x14,0x9D,0xB6,0xB5,0x20,0x00,0xEF,0x7B,0x00,0x00,0x00,0x00,0x00,0x00,0xFF,0xFF,
	0x00,0x00,0x5D,0xEF,0x79,0xCE,0x59,0xC6,0xF7,0xBD,0x96,0xB5,0xD7,0xB5,0xD7,0xBD,0xF8,0xBD,0x38,0xC6,
	0x59,0xC6,0x9A,0xCE,0xFC,0xDE,0xFB,0xDE,0xBB,0xD6,0xDB,0xD6,0xDB,0xD6,0xDB,0xD6,0x3C,0xE7,0x3D,0xE7,
	0x1C,0xDF,0x1C,0xDF,0x3C,0xDF,0x3D,0xE7,0x3D,0xE7,0x3D,0xE7,0x3C,0xDF,0x1C,0xDF,0xFC,0xDE,0xDB,0xD6,
	0x7A,0xCE,0x59,0xC6,0x96,0xB5,0x30,0x84,0x00,0x00,0xFF,0xFF,0x00,0x00,0x00,0x00,0x00,0x00,0x00,0x00,
	0x00,0x00,0x00,0x00,0xFF,0xFF,0x00,0x00,0x5A,0xC6,0xB6,0xB5,0xB6,0xB5,0xF8,0xBD,0x59,0xC6,0x9A,0xCE,
	0xDB,0xD6,0xFC,0xDE,0x1C,0xDF,0x1C,0xDF,0x1C,0xDF,0x1C,0xDF,0x1C,0xDF,0xFC,0xDE,0x3D,0xE7,0x3C,0xE7,
	0xDB,0xD6,0xDB,0xD6,0xDB,0xD6,0xDB,0xD6,0xFC,0xDE,0xFC,0xDE,0xBA,0xD6,0x79,0xC6,0x59,0xC6,0x39,0xC6,
	0x18,0xC6,0xF7,0xBD,0xF7,0xBD,0xB6,0xB5,0xF3,0x9C,0xB6,0xB5,0x1B,0xDF,0x00,0x00,0xFF,0xFF,0x00,0x00,
	0x00,0x00,0xFF,0xFF,0xEF,0x7B,0x18,0xC6,0x39,0xC6,0x7A,0xCE,0x96,0xAD,0x76,0xAD,0x96,0xB5,0xB7,0xB5,
	0xD7,0xBD,0xF7,0xBD,0x18,0xC6,0x38,0xC6,0x59,0xC6,0x79,0xC6,0x9A,0xCE,0xBA,0xCE,0xBA,0xD6,0x3C,0xDF,
	0xDB,0xD6,0xFB,0xDE,0x9E,0xEF,0x5D,0xE7,0x1C,0xDF,0x1C,0xDF,0x3D,0xE7,0x3D,0xE7,0x3D,0xE7,0x3C,0xDF,
	0x1C,0xDF,0xFB,0xDE,0xBA,0xD6,0x79,0xC6,0x59,0xC6,0x34,0xA5,0x00,0x00,0xF7,0xBD,0x00,0x00,0x00,0x00,
	0x00,0x00,0x00,0x00,0x00,0x00,0x00,0x00,0xF7,0xBD,0x00,0x00,0xF8,0xBD,0xF8,0xBD,0xD7,0xB5,0x38,0xC6,
	0x9A,0xCE,0xDB,0xD6,0xFB,0xDE,0x1C,0xDF,0x1C,0xDF,0x3C,0xDF,0x1C,0xDF,0x1C,0xDF,0x5D,0xE7,0x9E,0xEF,
	0xFB,0xDE,0xDB,0xD6,0x3C,0xDF,0xBB,0xD6,0xBB,0xD6,0x9A,0xCE,0x9A,0xCE,0x7A,0xCE,0x59,0xC6,0x59,0xC6,
	0x38,0xC6,0x18,0xC6,0xF7,0xBD,0xD7,0xBD,0xB7,0xB5,0xD7,0xBD,0x96,0xAD,0x35,0xA5,0x97,0xB5,0xEF,0x7B,
	0xFF,0xFF,0x00,0x00,0x00,0x00,0x00,0x00,0xFF,0xFF,0x00,0x00,0x00,0x00,0x8E,0x73,0xEF,0x7B,0x35,0xA5,
	0x96,0xB5,0x76,0xAD,0x96,0xB5,0xB7,0xB5,0xF7,0xBD,0x18,0xBE,0x38,0xC6,0x59,0xC6,0x79,0xCE,0x7A,0xCE,
	0xBB,0xD6,0xFB,0xD6,0xBA,0xCE,0x79,0xBE,0xB2,0x94,0xB7,0xB5,0x5D,0xE7,0x3C,0xDF,0x1C,0xDF,0x3D,0xE7,
	0x3D,0xE7,0x3D,0xE7,0x1C,0xDF,0x1C,0xDF,0xDB,0xD6,0x9A,0xCE,0x7A,0xCE,0x76,0xAD,0x00,0x00,0xFF,0xFF,
	0x00,0x00,0x00,0x00,0x00,0x00,0x00,0x00,0x00,0x00,0x00,0x00,0xFF,0xFF,0x00,0x00,0xD7,0xB5,0xF7,0xBD,
	0x18,0xBE,0x79,0xCE,0xBB,0xD6,0xFB,0xD6,0x1C,0xDF,0x1C,0xDF,0x3C,0xDF,0x1C,0xDF,0x1C,0xDF,0x5D,0xE7,
	0xD7,0xB5,0xB2,0x94,0x79,0xCE,0xBA,0xD6,0xFC,0xDE,0xDB,0xD6,0x9A,0xCE,0x9A,0xCE,0x7A,0xCE,0x59,0xC6,
	0x59,0xC6,0x38,0xC6,0xF8,0xBD,0xF7,0xBD,0xB7,0xB5,0xD7,0xBD,0x96,0xB5,0x10,0x84,0x6D,0x6B,0x00,0x00,
	0x00,0x00,0x00,0x00,0x00,0x00,0x00,0x00,0x00,0x00,0x00,0x00,0x00,0x00,0xFF,0xFF,0x00,0x00,0x00,0x00,
	0xAB,0x52,0x6D,0x6B,0xB2,0x94,0x75,0xAD,0x75,0xAD,0x76,0xAD,0xB6,0xB5,0xD7,0xBD,0xF7,0xBD,0x18,0xC6,
	0x38,0xC6,0x59,0xC6,0xFB,0xDE,0x9A,0xCE,0x00,0x00,0x00,0x00,0x00,0x00,0xAB,0x5A,0xD3,0x94,0x3C,0xDF,
	0x5D,0xE7,0x1C,0xDF,0x3D,0xE7,0x3D,0xE7,0x3C,0xDF,0x1C,0xDF,0xFB,0xDE,0xBA,0xD6,0x79,0xCE,0xD7,0xB5,
	0xD4,0x9C,0x00,0x00,0xEF,0x7B,0x00,0x00,0x00,0x00,0x00,0x00,0x00,0x00,0xEF,0x7B,0x00,0x00,0x5A,0xCE,
	0xD7,0xB5,0xD7,0xBD,0x39,0xC6,0x9A,0xCE,0xDB,0xD6,0x1C,0xDF,0x1C,0xDF,0x1C,0xE7,0x1C,0xDF,0x3D,0xE7,
	0x3D,0xE7,0xD3,0x94,0x69,0x4A,0x00,0x00,0x00,0x00,0x00,0x00,0x9A,0xCE,0x1C,0xDF,0x7A,0xCE,0x79,0xC6,
	0x59,0xC6,0x38,0xC6,0x18,0xBE,0xF7,0xBD,0xD7,0xB5,0xB6,0xB5,0xD7,0xB5,0x14,0x9D,0x4D,0x6B,0x28,0x42,
	0x00,0x00,0x00,0x00,0xFF,0xFF,0x00,0x00,0x00,0x00,0x00,0x00,0x00,0x00,0x00,0x00,0x00,0x00,0x00,0x00,
	0x00,0x00,0xEF,0x7B,0x00,0x00,0x6D,0x6B,0x4D,0x6B,0x30,0x84,0x14,0x9D,0x55,0xAD,0x55,0xAD,0x96,0xB5,
	0xB6,0xB5,0xD7,0xBD,0xF8,0xBD,0x79,0xCE,0x59,0xC6,0x00,0x00,0x5F,0xAD,0xFF,0x7F,0xFF,0xFF,0x00,0x00,
	0x69,0x4A,0x30,0x84,0xDB,0xD6,0x7D,0xE7,0x1C,0xDF,0x3C,0xDF,0x3C,0xDF,0x3C,0xDF,0x1C,0xDF,0xDB,0xD6,
	0x9A,0xCE,0x79,0xCE,0x55,0xA5,0x00,0x00,0xF7,0xBD,0x00,0x00,0x00,0x00,0x00,0x00,0x00,0x00,0xF7,0xBD,
	0x00,0x00,0xF8,0xBD,0x18,0xBE,0x18,0xBE,0x7A,0xCE,0xDB,0xD6,0xFC,0xDE,0x1C,0xDF,0x3C,0xDF,0x1C,0xDF,
	0x5D,0xE7,0x1C,0xDF,0x10,0x84,0xA7,0x39,0x00,0x00,0xFF,0xFF,0xFF,0x7B,0xFF,0xFF,0x00,0x00,0x79,0xCE,
	0xBA,0xD6,0x39,0xC6,0x18,0xC6,0xF7,0xBD,0xD7,0xBD,0xB6,0xB5,0xB7,0xB5,0x76,0xAD,0x31,0x84,0xEC,0x5A,
	0xAA,0x5A,0x00,0x00,0xEF,0x7B,0x00,0x00,0x00,0x00,0x00,0x00,0x00,0x00,0x00,0x00,0x00,0x00,0x00,0x00,
	0x00,0x00,0x00,0x00,0x00,0x00,0x00,0x00,0x08,0x42,0x00,0x00,0xFF,0xFF,0x8E,0x6B,0x8E,0x73,0x92,0x94,
	0x55,0xA5,0x55,0xAD,0x76,0xAD,0x96,0xB5,0xB7,0xB5,0x38,0xC6,0x18,0xC6,0x00,0x00,0x55,0xAD,0x00,0x00,
	0x00,0x00,0xEF,0x7B,0x00,0x00,0xC7,0x39,0x8E,0x73,0x79,0xCE,0x7E,0xEF,0x1C,0xDF,0x3C,0xDF,0x3C,0xDF,
	0x1C,0xDF,0xFC,0xDE,0xBB,0xD6,0x9A,0xCE,0x96,0xAD,0x00,0x00,0xFF,0xFF,0x00,0x00,0x00,0x00,0x00,0x00,
	0x00,0x00,0xFF,0xFF,0x00,0x00,0xD7,0xB5,0x18,0xBE,0x59,0xC6,0xBB,0xD6,0xFB,0xDE,0x1C,0xDF,0x1C,0xDF,
	0x1C,0xDF,0x7E,0xEF,0x9A,0xCE,0x6D,0x6B,0x03,0x21,0x00,0x00,0x08,0x42,0x00,0x00,0x00,0x00,0xFF,0xAF,
	0x00,0x00,0x59,0xC6,0x79,0xCE,0xF8,0xBD,0xF7,0xBD,0xD7,0xB5,0x96,0xB5,0x96,0xB5,0x14,0x9D,0x8E,0x73,
	0x0C,0x63,0xFF,0xFF,0x00,0x00,0x08,0x42,0x00,0x00,0x00,0x00,0x00,0x00,0x00,0x00,0x00,0x00,0x00,0x00,
	0x00,0x00,0x00,0x00,0x00,0x00,0x00,0x00,0x00,0x00,0x00,0x00,0x00,0x00,0xEF,0x7B,0x00,0x00,0x00,0x00,
	0xCF,0x7B,0x2C,0x63,0xB2,0x94,0x34,0xA5,0x34,0xA5,0x55,0xAD,0xD7,0xB5,0x96,0xB5,0x00,0x00,0xFF,0xFF,
	0x00,0x00,0x00,0x00,0x00,0x00,0x00,0x00,0x08,0x42,0x00,0x00,0x00,0x00,0xEB,0x62,0xD7,0xB5,0x7D,0xE7,
	0x1C,0xDF,0x3C,0xDF,0x3C,0xDF,0x1C,0xDF,0xDB,0xD6,0x9A,0xCE,0xF8,0xBD,0xF3,0x9C,0x55,0xAD,0x9A,0xD6,
	0xF7,0xBD,0xF7,0xBD,0x9A,0xD6,0x55,0xAD,0x38,0xBE,0xF7,0xBD,0x18,0xBE,0x9A,0xCE,0xFB,0xD6,0x1C,0xDF,
	0x1C,0xDF,0x1C,0xDF,0x7E,0xEF,0xD7,0xBD,0xCB,0x5A,0x00,0x00,0x00,0x00,0x08,0x42,0x00,0x00,0x00,0x00,
	0x00,0x00,0x00,0x00,0xFF,0xFF,0x00,0x00,0xD7,0xBD,0x18,0xC6,0xB6,0xB5,0x96,0xAD,0x75,0xAD,0x14,0xA5,
	0x2C,0x63,0x6D,0x6B,0x00,0x00,0x00,0x00,0xEF,0x7B,0x00,0x00,0x00,0x00,0x00,0x00,0x00,0x00,0x00,0x00,
	0x00,0x00,0x00,0x00,0x00,0x00,0x00,0x00,0x00,0x00,0x00,0x00,0x00,0x00,0x00,0x00,0x00,0x00,0x00,0x00,
	0x00,0x00,0xD3,0x9C,0x00,0x00,0x72,0x8C,0x92,0x94,0xD3,0x9C,0xF3,0x9C,0x14,0x9D,0x96,0xB5,0x55,0xAD,
	0x00,0x00,0xF7,0xBD,0x00,0x00,0x00,0x00,0x00,0x00,0x00,0x00,0x00,0x00,0xEF,0x7B,0x00,0x00,0x00,0x00,
	0x8A,0x52,0xF4,0x9C,0x5D,0xE7,0x5D,0xE7,0x1C,0xDF,0x3C,0xDF,0x1C,0xDF,0xDB,0xD6,0xBA,0xD6,0x55,0xAD,
	0x00,0x00,0x00,0x00,0x00,0x00,0x00,0x00,0x00,0x00,0x00,0x00,0xF8,0xBD,0x59,0xC6,0x59,0xCE,0xDB,0xD6,
	0x1C,0xDF,0x1C,0xDF,0x3D,0xE7,0x7E,0xEF,0x14,0x9D,0x29,0x42,0x00,0x00,0x00,0x00,0xEF,0x7B,0x00,0x00,
	0x00,0x00,0x00,0x00,0x00,0x00,0x00,0x00,0xF7,0xBD,0x00,0x00,0x96,0xB5,0xD7,0xBD,0x55,0xAD,0x55,0xA5,
	0x55,0xA5,0xB2,0x94,0x71,0x8C,0x00,0x00,0x2C,0x63,0x00,0x00,0x00,0x00,0x00,0x00,0x00,0x00,0x00,0x00,
	0x00,0x00,0x00,0x00,0x00,0x00,0x00,0x00,0x00,0x00,0xFF,0xFF,0xFF,0x7B,0x55,0xAD,0xFF,0xFF,0xF7,0xBD,
	0xFF,0xBF,0xF7,0xBD,0xF7,0xBD,0xEF,0x7B,0xA5,0x28,0xF8,0xBD,0x55,0xAD,0x71,0x8C,0xB2,0x94,0xF3,0x9C,
	0xF3,0x9C,0x55,0xAD,0x00,0x00,0xFF,0xFF,0x00,0x00,0x00,0x00,0x00,0x00,0x00,0x00,0x00,0x00,0x00,0x00,
	0x00,0x00,0x55,0xAD,0x00,0x00,0x86,0x31,0x51,0x8C,0x1C,0xDF,0x7D,0xE7,0x1C,0xDF,0x1C,0xDF,0xFB,0xDE,
	0xDB,0xD6,0xD7,0xBD,0x9A,0xCE,0x7D,0xEF,0xFB,0xDE,0xBB,0xD6,0x3D,0xE7,0xDB,0xDE,0xD7,0xB5,0x59,0xCE,
	0xBA,0xD6,0xFC,0xDE,0x1C,0xDF,0x5D,0xE7,0x3D,0xE7,0x92,0x8C,0x45,0x29,0x00,0x00,0x55,0xAD,0x00,0x00,
	0x00,0x00,0x00,0x00,0x00,0x00,0x00,0x00,0x00,0x00,0x00,0x00,0xFF,0xFF,0x00,0x00,0x55,0xAD,0x55,0xA5,
	0x35,0xA5,0xF4,0x9C,0xF3,0x9C,0x14,0xA5,0x76,0xAD,0xC7,0x49,0xEF,0x7B,0xF7,0xBD,0xF7,0xBD,0xF7,0xBD,
	0xF7,0xBD,0xFF,0xFF,0x55,0xAD,0xEF,0x7B,0xFF,0xFF,0x00,0x00,0x00,0x00,0x00,0x00,0x00,0x00,0x00,0x00,
	0x00,0x00,0x00,0x00,0x00,0x00,0x00,0x00,0x00,0x00,0x00,0x00,0x55,0xA5,0xF8,0xBD,0xD3,0x94,0x51,0x84,
	0x72,0x8C,0xF3,0x9C,0xB2,0x94,0x00,0x00,0x55,0xAD,0x00,0x00,0x00,0x00,0x00,0x00,0x00,0x00,0x00,0x00,
	0x00,0x00,0x00,0x00,0x00,0x00,0x00,0x00,0xEF,0x7B,0x00,0x00,0x00,0x00,0xAF,0x73,0xBA,0xD6,0x7D,0xE7,
	0x1C,0xDF,0x1C,0xDF,0xDB,0xD6,0x59,0xC6,0xD7,0xBD,0x76,0xAD,0x92,0x8C,0x51,0x8C,0x14,0xA5,0x76,0xAD,
	0xD7,0xB5,0x9A,0xCE,0xFB,0xDE,0x1C,0xDF,0x7D,0xE7,0xDB,0xD6,0xCF,0x7B,0x00,0x00,0x00,0x00,0xEF,0x7B,
	0x00,0x00,0x00,0x00,0x00,0x00,0x00,0x00,0x00,0x00,0x00,0x00,0x00,0x00,0x00,0x00,0x00,0x00,0x55,0xAD,
	0x00,0x00,0xF3,0x9C,0x34,0xA5,0xD3,0x94,0xB2,0x94,0xF3,0x9C,0x76,0xAD,0x34,0xA5,0x00,0x00,0x00,0x00,
	0x00,0x00,0x00,0x00,0x00,0x00,0x00,0x00,0x00,0x00,0x00,0x00,0x00,0x00,0x00,0x00,0xFF,0xFF,0x77,0xAD,
	0xDB,0xD6,0xFF,0xFF,0xFF,0xFF,0x9E,0xEF,0x5D,0xE7,0x1C,0xDF,0xDB,0xD6,0xBB,0xD6,0x59,0xC6,0xF3,0x9C,
	0xF0,0x7B,0x30,0x84,0x31,0x84,0x92,0x94,0x51,0x8C,0x00,0x00,0xEF,0x7B,0x00,0x00,0x00,0x00,0x00,0x00,
	0x00,0x00,0x00,0x00,0x00,0x00,0x00,0x00,0x00,0x00,0x00,0x00,0x00,0x00,0xAA,0x52,0x00,0x00,0x00,0x00,
	0x0C,0x63,0x18,0xBE,0x5D,0xE7,0x1C,0xDF,0x1C,0xDF,0xBA,0xD6,0xD7,0xB5,0x92,0x94,0x8E,0x73,0x6E,0x6B,
	0x30,0x84,0x55,0xA5,0x59,0xC6,0xDB,0xD6,0x1C,0xDF,0x5D,0xE7,0x38,0xC6,0x0C,0x63,0x00,0x00,0x00,0x00,
	0xAA,0x52,0x00,0x00,0x00,0x00,0x00,0x00,0x00,0x00,0x00,0x00,0x00,0x00,0x00,0x00,0x00,0x00,0x00,0x00,
	0x00,0x00,0xEF,0x7B,0x00,0x00,0xB2,0x94,0xF3,0x9C,0x72,0x8C,0x72,0x8C,0x51,0x8C,0x14,0x9D,0x18,0xBE,
	0x9A,0xCE,0xBB,0xD6,0xDB,0xD6,0x1C,0xDF,0x3D,0xE7,0x9E,0xEF,0xFF,0xFF,0xDB,0xDE,0xD7,0xBD,0xFF,0xFF,
	0x38,0xC6,0x79,0xCE,0xD7,0xB5,0x55,0xAD,0x55,0xA5,0x34,0xA5,0xF3,0x9C,0xB3,0x94,0x72,0x8C,0x51,0x84,
	0xEF,0x7B,0xAE,0x73,0xEF,0x7B,0xEF,0x7B,0x10,0x7C,0x10,0x84,0x30,0x84,0x00,0x00,0xEF,0x7B,0x00,0x00,
	0x00,0x00,0x00,0x00,0x00,0x00,0x00,0x00,0x00,0x00,0x00,0x00,0x00,0x00,0x00,0x00,0x00,0x00,0x00,0x00,
	0x00,0x78,0xFF,0xFF,0x00,0x00,0xAB,0x5A,0xBA,0xD6,0x5D,0xE7,0x1C,0xDF,0xFB,0xDE,0x59,0xC6,0x34,0xA5,
	0xCF,0x7B,0xAE,0x73,0x92,0x94,0xF7,0xBD,0xBB,0xD6,0x1C,0xDF,0x5D,0xE7,0xDB,0xD6,0x4D,0x63,0x00,0x00,
	0xFF,0xFF,0x00,0x00,0x00,0x00,0x00,0x00,0x00,0x00,0x00,0x00,0x00,0x00,0x00,0x00,0x00,0x00,0x00,0x00,
	0x00,0x00,0x00,0x00,0x00,0x00,0xEF,0x7B,0x00,0x00,0x71,0x8C,0x51,0x8C,0x51,0x8C,0x31,0x84,0x31,0x84,
	0x10,0x7C,0x31,0x84,0x92,0x94,0xD3,0x9C,0x14,0x9D,0x34,0xA5,0x55,0xA5,0x55,0xAD,0x75,0xAD,0x76,0xAD,
	0x59,0xCE,0xD7,0xB5,0x18,0xBE,0xDB,0xD6,0x14,0x9D,0x2C,0x63,0x4D,0x6B,0x4D,0x6B,0x4D,0x6B,0x6D,0x6B,
	0x6D,0x6B,0x8E,0x73,0xAE,0x73,0xAF,0x73,0xAF,0x73,0xAF,0x73,0xEF,0x7B,0xCF,0x7B,0xEF,0x7B,0x00,0x00,
	0x00,0x00,0x00,0x00,0x00,0x00,0x00,0x00,0x00,0x00,0x00,0x00,0x00,0x00,0x00,0x00,0x00,0x00,0x00,0x00,
	0x00,0x00,0x00,0x00,0x00,0x00,0xEF,0x7B,0xFF,0xFF,0xF7,0xBD,0x7A,0xCE,0x1C,0xDF,0x1C,0xDF,0x3C,0xDF,
	0xBB,0xD6,0xD7,0xBD,0x10,0x84,0xAF,0x73,0x35,0xA5,0x7A,0xCE,0x1C,0xDF,0x3C,0xDF,0x3C,0xDF,0x9A,0xCE,
	0xF4,0x9C,0xFF,0xFF,0xEF,0x7B,0x00,0x00,0x00,0x00,0x00,0x00,0x00,0x00,0x00,0x00,0x00,0x00,0x00,0x00,
	0x00,0x00,0x00,0x00,0x00,0x00,0x00,0x00,0x00,0x00,0x00,0x00,0x00,0x00,0xEF,0x7B,0x10,0x84,0x30,0x84,
	0x10,0x7C,0xF0,0x7B,0xEF,0x7B,0xCF,0x7B,0xCF,0x7B,0xAF,0x73,0xAE,0x73,0x8E,0x73,0x8E,0x73,0x8E,0x73,
	0x6E,0x6B,0x92,0x8C,0xBB,0xD6,0xB6,0xB5,0x18,0xBE,0xBB,0xD6,0xD3,0x94,0x8E,0x6B,0xAE,0x73,0xAE,0x73,
	0x8E,0x73,0x8E,0x73,0x8E,0x73,0x8E,0x73,0x8E,0x73,0x8E,0x73,0x8E,0x73,0xAE,0x73,0xEF,0x7B,0xAE,0x73,
	0x00,0x00,0xAA,0x52,0x00,0x00,0x00,0x00,0x00,0x00,0x00,0x00,0x00,0x00,0x00,0x00,0x00,0x00,0x00,0x00,
	0x00,0x00,0x00,0x00,0x00,0x00,0x00,0x00,0xFF,0xFF,0xFF,0xFF,0x1B,0xC7,0x39,0xC6,0x59,0xC6,0x79,0xCE,
	0xDB,0xD6,0x3C,0xDF,0x5D,0xE7,0x76,0xAD,0x8E,0x6B,0x6D,0x6B,0x35,0xA5,0x3C,0xDF,0x3C,0xDF,0xFB,0xD6,
	0x9A,0xCE,0x59,0xCE,0x75,0xAD,0x55,0xAD,0xFF,0xFF,0x00,0x00,0x00,0x00,0x00,0x00,0x00,0x00,0x00,0x00,
	0x00,0x00,0x00,0x00,0x00,0x00,0x00,0x00,0x00,0x00,0x00,0x00,0x00,0x00,0x00,0x00,0xAA,0x52,0x00,0x00,
	0xCF,0x7B,0x10,0x84,0xCF,0x7B,0xCF,0x73,0xCF,0x73,0xAF,0x73,0xAF,0x73,0xCF,0x73,0xCF,0x73,0xAF,0x73,
	0xAF,0x73,0xCF,0x7B,0xAF,0x73,0x51,0x8C,0xBA,0xD6,0xD7,0xB5,0x18,0xC6,0xDB,0xD6,0x92,0x94,0x6D,0x6B,
	0x8E,0x73,0x8E,0x73,0x8E,0x73,0x8E,0x73,0x8E,0x73,0x8E,0x73,0xAE,0x73,0xAE,0x73,0x8E,0x73,0x8E,0x73,
	0xEF,0x7B,0xAE,0x73,0x00,0x00,0xEF,0x7B,0x00,0x00,0x00,0x00,0x00,0x00,0x00,0x00,0x00,0x00,0x00,0x00,
	0x00,0x00,0x00,0x00,0x00,0x00,0x00,0x00,0x00,0x00,0x00,0x00,0xFF,0xFF,0x00,0x00,0xFB,0xD6,0xD7,0xBD,
	0xB2,0x94,0x75,0xAD,0x18,0xC6,0xFC,0xDE,0x34,0xA5,0x2D,0x63,0x6D,0x6B,0xCF,0x7B,0x8E,0x73,0x14,0xA5,
	0xFC,0xDE,0x39,0xC6,0xB6,0xB5,0x14,0x9D,0x96,0xAD,0x18,0xBE,0x00,0x00,0xFF,0xFF,0x00,0x00,0x00,0x00,
	0x00,0x00,0x00,0x00,0x00,0x00,0x00,0x00,0x00,0x00,0x00,0x00,0x00,0x00,0x00,0x00,0x00,0x00,0x00,0x00,
	0xEF,0x7B,0x00,0x00,0xAE,0x73,0xF0,0x7B,0xAE,0x73,0xAE,0x73,0x8E,0x73,0x8E,0x73,0xAE,0x73,0xAE,0x73,
	0xAE,0x73,0xAE,0x73,0xAE,0x73,0xAE,0x73,0x8E,0x73,0x10,0x84,0xBB,0xD6,0xF7,0xBD,0x38,0xC6,0x59,0xCE,
	0x51,0x8C,0x10,0x84,0xEF,0x7B,0xCF,0x7B,0xAF,0x73,0xAE,0x73,0xAE,0x73,0xAE,0x73,0xAE,0x73,0xAE,0x73,
	0xAE,0x73,0xAE,0x73,0xF0,0x7B,0xCF,0x73,0xEF,0x7B,0xEF,0x7B,0xEF,0x7B,0xEF,0x7B,0x55,0xAD,0x55,0xAD,
	0x55,0xAD,0x55,0xAD,0xEF,0x7B,0xF7,0x7D,0xF7,0xBD,0xF7,0xBD,0xF7,0xBD,0xF7,0xBD,0xF7,0xBD,0xF7,0xBD,
	0x59,0xC6,0xB3,0x94,0x8E,0x73,0xF0,0x7B,0x92,0x94,0x14,0xA5,0x0C,0x63,0x6D,0x6B,0xF4,0x9C,0xB6,0xB5,
	0x10,0x84,0x2D,0x6B,0xF3,0x9C,0xB3,0x94,0x30,0x84,0xCF,0x7B,0x72,0x8C,0x96,0xB5,0xF7,0xBD,0xF7,0xBD,
	0xF7,0xBD,0xF7,0xBD,0xF7,0xBD,0xF7,0xBD,0xF7,0xBD,0xEF,0x7B,0x55,0xAD,0x55,0xAD,0x55,0xAD,0x55,0xAD,
	0xEF,0x7B,0xEF,0x7B,0xEF,0x7B,0xEF,0x7B,0x8E,0x73,0xCF,0x7B,0x8E,0x73,0x8E,0x73,0x8E,0x73,0x8E,0x73,
	0x8E,0x73,0x8E,0x73,0xAE,0x73,0xAE,0x73,0xAF,0x73,0xCF,0x7B,0xCF,0x7B,0xCF,0x7B,0x39,0xC6,0x18,0xBE,
	0x00,0x00,0xB2,0x94,0x4D,0x6B,0xAE,0x73,0xCF,0x7B,0xEF,0x7B,0x10,0x84,0x10,0x84,0xEF,0x7B,0xEF,0x7B,
	0xCF,0x7B,0xCF,0x7B,0xCF,0x7B,0xCF,0x7B,0x30,0x84,0xCF,0x7B,0x00,0x00,0x00,0x00,0x00,0x00,0x00,0x00,
	0x00,0x00,0x00,0x00,0x00,0x00,0x00,0x00,0x00,0x00,0x00,0x00,0x00,0x00,0x00,0x00,0x00,0x00,0x00,0x00,
	0x00,0x00,0x00,0x00,0x59,0xC6,0x71,0x8C,0xAE,0x73,0xAE,0x73,0x8E,0x73,0xF0,0x7B,0xAE,0x73,0xF5,0x7B,
	0x00,0x00,0x00,0x00,0xFF,0xFF,0xAE,0x73,0xEF,0x7B,0x8E,0x73,0x8E,0x73,0x8E,0x73,0x31,0x84,0x56,0xAD,
	0x00,0x00,0x00,0x00,0x00,0x00,0x00,0x00,0x00,0x00,0x00,0x00,0x00,0x00,0x00,0x00,0x00,0x00,0x00,0x00,
	0x00,0x00,0x00,0x00,0x00,0x00,0x00,0x00,0x00,0x00,0x00,0x00,0xAE,0x73,0xEF,0x7B,0x8E,0x73,0x8E,0x73,
	0x8E,0x73,0xAE,0x73,0xAF,0x73,0xAF,0x73,0xAF,0x73,0xAE,0x73,0x6D,0x6B,0x4D,0x6B,0x0C,0x63,0xCB,0x5A,
	0xB2,0x8C,0x00,0x00,0x00,0x00,0x00,0x00,0x00,0x00,0x00,0x00,0x2C,0x63,0x8E,0x73,0xAE,0x73,0xAE,0x73,
	0xAE,0x73,0xEF,0x7B,0x10,0x84,0x10,0x84,0x10,0x84,0x10,0x84,0x51,0x8C,0x10,0x84,0x30,0x84,0x30,0x84,
	0x31,0x84,0xB2,0x94,0x14,0xA5,0x55,0xAD,0x75,0xAD,0x96,0xAD,0x96,0xB5,0x96,0xAD,0x96,0xAD,0x96,0xB5,
	0xB6,0xB5,0xB6,0xB5,0xB7,0xB5,0xB7,0xB5,0x55,0xA5,0xD3,0x9C,0xB3,0x94,0xF3,0x9C,0x14,0xA5,0x76,0xAD,
	0xB3,0x94,0x00,0x00,0xFF,0xFF,0xFF,0xFF,0x00,0x00,0x14,0x9D,0xB6,0xB5,0x92,0x94,0x92,0x94,0x71,0x8C,
	0x71,0x8C,0xD3,0x94,0x96,0xAD,0x96,0xB5,0xB6,0xB5,0xB6,0xB5,0xB7,0xB5,0xB7,0xB5,0xB7,0xB5,0xB7,0xB5,
	0xB7,0xB5,0x96,0xB5,0x96,0xAD,0x55,0xA5,0x14,0xA5,0x92,0x8C,0xCF,0x7B,0xCF,0x7B,0xAF,0x73,0xF0,0x7B,
	0xAE,0x73,0xAE,0x73,0xAF,0x73,0xAF,0x73,0x6D,0x6B,0x4D,0x6B,0x4D,0x6B,0x4D,0x6B,0x4D,0x6B,0x2C,0x63,
	0x00,0x00,0x00,0x00,0x00,0x00,0x00,0x00,0x00,0x00,0xEF,0x7B,0x08,0x42,0xAA,0x52,0x00,0x00,0x00,0x00,
	0x00,0x00,0x00,0x00,0x10,0x84,0xAE,0x73,0x4D,0x6B,0x10,0x84,0x51,0x8C,0x51,0x8C,0x51,0x8C,0x51,0x8C,
	0x51,0x8C,0x71,0x8C,0x71,0x8C,0x92,0x94,0xB2,0x94,0xD3,0x9C,0xF3,0x9C,0x14,0x9D,0x34,0xA5,0x34,0xA5,
	0x55,0xA5,0x75,0xAD,0x76,0xAD,0x96,0xB5,0xB6,0xB5,0xB7,0xB5,0x96,0xB5,0xD7,0xB5,0x18,0xBE,0x59,0xC6,
	0xBB,0xD6,0xDB,0xD6,0xD3,0x94,0xCB,0x52,0x00,0x00,0x00,0x00,0x8A,0x52,0x55,0xAD,0xBB,0xD6,0x18,0xBE,
	0xB6,0xB5,0x75,0xAD,0x34,0xA5,0x14,0x9D,0x35,0xA5,0x14,0xA5,0x14,0x9D,0xF4,0x9C,0xF3,0x9C,0xD3,0x94,
	0xB3,0x94,0xB2,0x94,0x92,0x8C,0x72,0x8C,0x71,0x8C,0x51,0x84,0x30,0x84,0xF0,0x7B,0xCF,0x7B,0xCF,0x7B,
	0xCF,0x7B,0xCF,0x7B,0xCF,0x7B,0xCF,0x7B,0xAF,0x73,0x2C,0x63,0x2C,0x63,0x10,0x84,0x00,0x00,0x00,0x00,
	0x00,0x00,0x00,0x00,0xAA,0x52,0x08,0x42,0xEF,0x7B,0x00,0x00,0x00,0x00,0x00,0x00,0x00,0x00,0x00,0x00,
	0x00,0x00,0xAA,0x52,0xEF,0x7B,0xAA,0x52,0x00,0x00,0x32,0x84,0x10,0x84,0x30,0x84,0x92,0x94,0x92,0x8C,
	0x92,0x94,0xB2,0x94,0xB2,0x94,0xD2,0x94,0xD3,0x9C,0xD3,0x9C,0xF3,0x9C,0x14,0x9D,0x14,0xA5,0x34,0xA5,
	0x34,0xA5,0x55,0xA5,0x75,0xAD,0x96,0xAD,0x96,0xB5,0xD7,0xB5,0xF7,0xBD,0x38,0xC6,0x59,0xC6,0x9A,0xCE,
	0xBB,0xD6,0xFB,0xDE,0x1C,0xDF,0x1C,0xDF,0x59,0xC6,0x96,0xAD,0x59,0xC6,0x38,0xC6,0xB7,0xB5,0xBB,0xD6,
	0x1C,0xDF,0xDB,0xD6,0x9A,0xCE,0x38,0xC6,0xF7,0xBD,0xB7,0xB5,0x76,0xAD,0x55,0xA5,0x14,0xA5,0xF4,0x9C,
	0xD3,0x9C,0xB2,0x94,0x92,0x94,0x72,0x8C,0x71,0x8C,0x51,0x8C,0x51,0x8C,0x31,0x84,0x30,0x84,0x30,0x84,
	0x30,0x84,0x10,0x84,0x10,0x84,0xF0,0x7B,0xEF,0x7B,0xEF,0x7B,0xCF,0x7B,0x10,0x84,0x14,0xA5,0x00,0x00,
	0xAA,0x52,0x08,0x42,0xAA,0x52,0x00,0x00,0x00,0x00,0x00,0x00,0x00,0x00,0x00,0x00,0x00,0x00,0x00,0x00,
	0x00,0x00,0x00,0x00,0x00,0x00,0x00,0x00,0x00,0x00,0x55,0xAD,0x59,0xCE,0x00,0x00,0xF7,0xBD,0x55,0xAD,
	0x92,0x94,0xD3,0x9C,0xD3,0x9C,0xF3,0x9C,0xF3,0x9C,0x14,0x9D,0x34,0xA5,0x34,0xA5,0x55,0xA5,0x55,0xAD,
	0x76,0xAD,0x96,0xB5,0xB6,0xB5,0xD7,0xB5,0xF7,0xBD,0x18,0xBE,0x38,0xC6,0x59,0xC6,0x9A,0xCE,0x9A,0xCE,
	0xDB,0xD6,0x1C,0xDF,0x1C,0xDF,0x1C,0xDF,0xFC,0xDE,0xBB,0xD6,0xD7,0xBD,0x14,0xA5,0x55,0xA5,0xD7,0xB5,
	0x59,0xC6,0xFB,0xD6,0x1C,0xDF,0x1C,0xDF,0xDB,0xD6,0xBB,0xD6,0x9A,0xD6,0x59,0xC6,0x18,0xBE,0xF7,0xBD,
	0xB6,0xB5,0x96,0xAD,0x75,0xAD,0x55,0xA5,0x34,0xA5,0xF4,0x9C,0xD3,0x9C,0xD3,0x94,0xB2,0x94,0x92,0x94,
	0x92,0x8C,0x71,0x8C,0x51,0x8C,0x51,0x8C,0x31,0x84,0x30,0x84,0x30,0x84,0xF0,0x7B,0x92,0x94,0xB6,0xB5,
	0x45,0x29,0xD9,0x9C,0x55,0xAD,0x00,0x00,0x00,0x00,0x00,0x00,0x00,0x00,0x00,0x00,0x00,0x00,0x00,0x00,
	0x00,0x00,0x00,0x00,0x00,0x00,0x00,0x00,0x00,0x00,0xFF,0xFF,0xFF,0xFF,0x00,0x00,0x00,0x00,0x7E,0xE7,
	0xF8,0xBD,0x34,0xA5,0xF3,0x9C,0x14,0xA5,0x14,0xA5,0x34,0xA5,0x55,0xA5,0x55,0xAD,0x76,0xAD,0x96,0xB5,
	0xB6,0xB5,0xB7,0xB5,0xD7,0xBD,0xF7,0xBD,0x18,0xC6,0x38,0xC6,0x59,0xC6,0x79,0xCE,0x9A,0xCE,0xBB,0xD6,
	0xBB,0xD6,0x1C,0xDF,0x5D,0xE7,0x9A,0xCE,0xDB,0xD6,0x3C,0xDF,0xBA,0xD6,0x38,0xC6,0x14,0xA5,0xAF,0x73,
	0x0C,0x63,0xAE,0x73,0x55,0xAD,0x7A,0xCE,0xFB,0xDE,0xFC,0xDE,0x3D,0xE7,0xFB,0xDE,0x9A,0xCE,0xFB,0xD6,
	0xBA,0xD6,0x59,0xC6,0x38,0xC6,0xF7,0xBD,0xD7,0xB5,0xB6,0xB5,0x96,0xAD,0x55,0xAD,0x55,0xA5,0x34,0xA5,
	0x14,0x9D,0xF3,0x9C,0xD3,0x9C,0xB2,0x94,0xB2,0x94,0x92,0x94,0x72,0x8C,0x71,0x8C,0x51,0x8C,0x31,0x84,
	0x72,0x8C,0x55,0xAD,0x79,0xCE,0x00,0x00,0x00,0x00,0xFF,0xFF,0xFF,0xFF,0x00,0x00,0x00,0x00,0x00,0x00,
	0x00,0x00,0x00,0x00,0x00,0x00,0x00,0x00,0x00,0x00,0xFF,0xFF,0xFF,0xFF,0x00,0x00,0x00,0x00,0xFF,0xFF,
	0xFC,0xDE,0x39,0xC6,0x55,0xAD,0x14,0xA5,0x55,0xA5,0x55,0xAD,0x55,0xAD,0x76,0xAD,0x96,0xB5,0xB6,0xB5,
	0xB7,0xB5,0xD7,0xBD,0xF8,0xBD,0x18,0xC6,0x38,0xC6,0x59,0xC6,0x59,0xCE,0x7A,0xCE,0x9A,0xCE,0xBB,0xD6,
	0xDB,0xD6,0xDB,0xD6,0x5D,0xE7,0xDB,0xD6,0x71,0x8C,0xAA,0x52,0x8E,0x73,0xD7,0xBD,0xBA,0xD6,0x96,0xB5,
	0x72,0x8C,0x8E,0x73,0x6D,0x6B,0xCF,0x7B,0xF3,0x9C,0x18,0xBE,0xBB,0xD6,0x7D,0xE7,0x7A,0xCE,0xAE,0x73,
	0xEB,0x5A,0x51,0x8C,0x9A,0xCE,0xFC,0xDE,0x79,0xCE,0x59,0xC6,0x38,0xC6,0x18,0xBE,0xD7,0xBD,0xB7,0xB5,
	0x96,0xB5,0x76,0xAD,0x55,0xAD,0x35,0xA5,0x14,0xA5,0x14,0x9D,0xF3,0x9C,0xD3,0x94,0xB2,0x94,0xB2,0x94,
	0x92,0x94,0x72,0x8C,0x51,0x8C,0xB2,0x94,0x96,0xB5,0x18,0xBE,0x9A,0xCE,0x00,0x00,0x00,0x00,0xFF,0xFF,
	0xFF,0xFF,0x00,0x00,0x00,0x00,0x00,0x00,0x00,0x00,0xFF,0xFF,0x08,0x42,0x00,0x00,0x00,0x00,0xBF,0xF7,
	0xBB,0xD6,0x18,0xBE,0xD7,0xBD,0x35,0xA5,0x55,0xA5,0x75,0xAD,0x76,0xAD,0x96,0xB5,0xB6,0xB5,0xB7,0xB5,
	0xD7,0xBD,0xF7,0xBD,0x18,0xBE,0x38,0xC6,0x59,0xC6,0x59,0xCE,0x79,0xCE,0x9A,0xCE,0xBA,0xCE,0xBB,0xD6,
	0xDB,0xD6,0xDB,0xD6,0x3C,0xDF,0x5D,0xE7,0x96,0xAD,0x0C,0x63,0x00,0x00,0x00,0x00,0x0C,0x63,0x4D,0x6B,
	0xD3,0x94,0x14,0x9D,0x30,0x84,0x6D,0x6B,0x6D,0x6B,0xAE,0x73,0x92,0x94,0xB6,0xB5,0x9A,0xCE,0x76,0xAD,
	0x0C,0x63,0x65,0x29,0x00,0x00,0x60,0x08,0x6D,0x6B,0x75,0xAD,0xFB,0xDE,0xDB,0xD6,0x79,0xCE,0x59,0xCE,
	0x38,0xC6,0x18,0xC6,0xF7,0xBD,0xD7,0xB5,0xB6,0xB5,0x76,0xAD,0x75,0xAD,0x55,0xA5,0x34,0xA5,0x14,0xA5,
	0xF4,0x9C,0xF3,0x9C,0xD3,0x9C,0xB2,0x94,0xB2,0x94,0x72,0x8C,0x72,0x8C,0x34,0xA5,0x76,0xAD,0xF8,0xBD,
	0x9A,0xCE,0x00,0x00,0x00,0x00,0xEF,0x7B,0xFF,0xFF,0x00,0x00,0x00,0x00,0x00,0x00,0x00,0x00,0xFF,0xFF,
	0x59,0xC6,0xD7,0xBD,0xB7,0xB5,0x35,0xA5,0x55,0xA5,0x76,0xAD,0x96,0xAD,0x96,0xB5,0xB6,0xB5,0xD7,0xBD,
	0xF7,0xBD,0xF7,0xBD,0x18,0xBE,0x38,0xC6,0x59,0xC6,0x59,0xCE,0x79,0xCE,0x9A,0xCE,0xBA,0xD6,0xBB,0xD6,
	0xDB,0xD6,0xDB,0xD6,0xFB,0xDE,0x5D,0xE7,0xBA,0xD6,0x10,0x84,0xE7,0x39,0x00,0x00,0x00,0x00,0x2C,0x63,
	0x00,0x00,0xEF,0x7B,0x6D,0x6B,0xAE,0x73,0x10,0x84,0x4D,0x6B,0x6D,0x6B,0x8E,0x73,0x51,0x8C,0x75,0xAD,
	0xCF,0x7B,0xCB,0x5A,0xCB,0x5A,0x00,0x00,0x2C,0x63,0x00,0x00,0x00,0x00,0x89,0x52,0x30,0x84,0x59,0xC6,
	0xFB,0xDE,0x9A,0xCE,0x79,0xCE,0x59,0xCE,0x38,0xC6,0x18,0xC6,0xF7,0xBD,0xD7,0xB5,0xB6,0xB5,0x96,0xB5,
	0x75,0xAD,0x55,0xAD,0x35,0xA5,0x14,0xA5,0x14,0x9D,0xF3,0x9C,0xD3,0x9C,0xB3,0x94,0xB2,0x94,0x72,0x8C,
	0x72,0x8C,0x14,0x9D,0x55,0xAD,0xD7,0xB5,0x3C,0xE7,0x00,0x00,0x00,0x00,0x00,0x00,0xFF,0xFF,0x30,0x7C,
	0xEF,0x7B,0x55,0xA5,0xD7,0xB5,0x55,0xA5,0x55,0xAD,0x76,0xAD,0x96,0xB5,0xB6,0xB5,0xB7,0xB5,0xD7,0xBD,
	0xF7,0xBD,0x18,0xBE,0x18,0xC6,0x38,0xC6,0x59,0xC6,0x59,0xCE,0x79,0xCE,0x9A,0xCE,0x9A,0xCE,0xBA,0xD6,
	0xDB,0xD6,0xDB,0xD6,0xDB,0xD6,0x3C,0xE7,0x3C,0xDF,0x55,0xAD,0x0C,0x63,0x00,0x08,0x00,0x00,0x55,0xAD,
	0x00,0x00,0x00,0x00,0xEF,0x7B,0x00,0x00,0x00,0x00,0x8E,0x73,0xF0,0x7B,0x8E,0x73,0x6D,0x6B,0x6E,0x6B,
	0x72,0x8C,0xD3,0x94,0x69,0x4A,0x00,0x00,0x00,0x00,0xEF,0x7B,0x00,0x00,0x00,0x00,0x55,0xAD,0x00,0x00,
	0x86,0x31,0x2D,0x6B,0x35,0xA5,0xDB,0xD6,0xDB,0xD6,0x79,0xCE,0x79,0xCE,0x59,0xC6,0x38,0xC6,0x18,0xC6,
	0xF7,0xBD,0xD7,0xB5,0xB6,0xB5,0x96,0xB5,0x75,0xAD,0x55,0xAD,0x35,0xA5,0x34,0xA5,0x14,0x9D,0xF3,0x9C,
	0xD3,0x9C,0xD3,0x9C,0xB2,0x94,0x92,0x8C,0x72,0x8C,0x14,0xA5,0xB2,0x94,0x35,0xA5,0xF7,0xBD,0xFF,0xFF,
	0x00,0x00,0xF3,0x9C,0x8E,0x73,0xAE,0x73,0x96,0xB5,0x76,0xAD,0x96,0xB5,0xB6,0xB5,0xB7,0xB5,0xD7,0xBD,
	0xF7,0xBD,0xF7,0xBD,0x18,0xC6,0x38,0xC6,0x39,0xC6,0x59,0xCE,0x79,0xCE,0x9A,0xCE,0x9A,0xD6,0xBA,0xD6,
	0xBB,0xD6,0xDB,0xD6,0xDB,0xD6,0xFB,0xDE,0x5D,0xE7,0x79,0xCE,0xEF,0x7B,0x28,0x4A,0x00,0x00,0x00,0x00,
	0xAA,0x52,0x00,0x00,0x00,0x00,0x00,0x00,0x00,0x00,0x00,0x00,0x2C,0x63,0x00,0x00,0x92,0x94,0x8E,0x73,
	0x6D,0x6B,0x6E,0x6B,0x51,0x8C,0x55,0xA5,0x00,0x00,0x2C,0x63,0x00,0x00,0x00,0x00,0x00,0x00,0x00,0x00,
	0x00,0x00,0xAA,0x52,0x00,0x00,0x00,0x00,0xAA,0x52,0x10,0x84,0x38,0xC6,0xFB,0xDE,0x9A,0xCE,0x79,0xCE,
	0x59,0xCE,0x39,0xC6,0x38,0xC6,0x17,0xBE,0xF7,0xBD,0xD7,0xB5,0xB6,0xB5,0x96,0xB5,0x75,0xAD,0x55,0xAD,
	0x35,0xA5,0x34,0xA5,0x14,0xA5,0xF4,0x9C,0xF3,0x9C,0xD3,0x9C,0xB2,0x94,0x92,0x94,0x8E,0x6B,0x18,0xBE,
	0x75,0xAD,0x00,0x00,0x00,0x00,0x96,0xB5,0xCF,0x73,0x0C,0x63,0x75,0xAD,0xB6,0xB5,0xB6,0xB5,0xD7,0xB5,
	0xD7,0xBD,0x18,0xBE,0x38,0xC6,0x59,0xCE,0x79,0xCE,0x59,0xCE,0x59,0xCE,0x79,0xCE,0x9A,0xCE,0xBA,0xCE,
	0xBA,0xD6,0xDB,0xD6,0xDB,0xD6,0xDB,0xD6,0x3C,0xDF,0xFC,0xDE,0x34,0xA5,0x0C,0x63,0xA7,0x39,0x00,0x00,
	0x55,0xAD,0x00,0x00,0x00,0x00,0x00,0x00,0x00,0x00,0x00,0x00,0x00,0x00,0xFF,0xFF,0x00,0x00,0x1B,0xDF,
	0x30,0x84,0x4D,0x6B,0x6D,0x6B,0x6E,0x6B,0xF0,0x7B,0xF3,0x9C,0x9A,0xC6,0x00,0x00,0xFF,0xFF,0x00,0x00,
	0x00,0x00,0x00,0x00,0x00,0x00,0x00,0x00,0xFF,0xFF,0xAA,0x52,0x00,0x00,0xAA,0x52,0x4D,0x6B,0x14,0x9D,
	0xBA,0xD6,0xDB,0xD6,0x79,0xCE,0x79,0xCE,0x59,0xCE,0x38,0xC6,0x18,0xC6,0xF8,0xBD,0xD7,0xBD,0xB7,0xB5,
	0xB6,0xB5,0xB6,0xB5,0x96,0xB5,0x55,0xAD,0x55,0xA5,0x14,0xA5,0x14,0x9D,0xF3,0x9C,0xF3,0x9C,0x92,0x94,
	0xCF,0x7B,0xF7,0xBD,0x14,0xA5,0x00,0x00,0x00,0x00,0x1C,0xE7,0xF0,0x7B,0xAA,0x52,0xF4,0x9C,0x59,0xC6,
	0x18,0xBE,0x38,0xC6,0x18,0xC6,0x18,0xBE,0xF7,0xBD,0x96,0xB5,0xB6,0xB5,0x79,0xCE,0x9A,0xCE,0x9A,0xCE,
	0xBA,0xCE,0xBA,0xD6,0xDB,0xD6,0xDB,0xD6,0xDB,0xD6,0x3C,0xDF,0x39,0xC6,0xCF,0x7B,0x8A,0x52,0x00,0x00,
	0x00,0x00,0x08,0x42,0x00,0x00,0x00,0x00,0x00,0x00,0x00,0x00,0x00,0x00,0x00,0x00,0x00,0x00,0x55,0xAD,
	0x00,0x00,0x76,0xAD,0xF0,0x7B,0x2D,0x63,0x6D,0x6B,0x8E,0x6B,0xCF,0x7B,0xF3,0x9C,0xB7,0xB5,0x00,0x00,
	0x55,0xAD,0x00,0x00,0x00,0x00,0x00,0x00,0x00,0x00,0x00,0x00,0x00,0x00,0x00,0x00,0x08,0x42,0x00,0x00,
	0x00,0x00,0xEB,0x5A,0xEF,0x7B,0x18,0xBE,0xDB,0xD6,0x9A,0xCE,0x79,0xCE,0x79,0xCE,0x59,0xC6,0x38,0xC6,
	0x18,0xBE,0xF7,0xBD,0xF7,0xBD,0x75,0xAD,0x55,0xAD,0x76,0xAD,0x96,0xB5,0x76,0xAD,0x75,0xAD,0x55,0xA5,
	0x55,0xAD,0x51,0x8C,0x51,0x84,0x75,0xAD,0xF3,0x9C,0x00,0x00,0x00,0x00,0xFF,0xFF,0x71,0x8C,0xEB,0x5A,
	0xF0,0x7B,0x14,0x9D,0x71,0x8C,0x10,0x7C,0xAE,0x73,0x6D,0x6B,0x4D,0x6B,0x2C,0x63,0x4D,0x6B,0x51,0x84,
	0x9A,0xCE,0xBA,0xD6,0xBA,0xD6,0xBB,0xD6,0xDB,0xD6,0xBB,0xD6,0x1C,0xDF,0xD7,0xBD,0xEC,0x62,0xAB,0x5A,
	0x00,0x00,0xEF,0x7B,0xEF,0x7B,0x00,0x00,0x00,0x00,0x00,0x00,0x00,0x00,0x00,0x00,0x00,0x00,0x00,0x00,
	0x00,0x00,0xEF,0x7B,0x00,0x00,0xD3,0x9C,0xCF,0x73,0x4D,0x6B,0x6D,0x6B,0x8E,0x6B,0xAF,0x73,0xD3,0x94,
	0x55,0xAD,0x00,0x00,0xF7,0xBD,0x00,0x00,0x00,0x00,0x00,0x00,0x00,0x00,0x00,0x00,0x00,0x00,0x00,0x00,
	0x00,0x00,0xEF,0x7B,0xEF,0x7B,0x00,0x00,0x0B,0x63,0x4D,0x6B,0xD7,0xB5,0xFB,0xDE,0x9A,0xCE,0x9A,0xCE,
	0x79,0xCE,0x59,0xC6,0x38,0xC6,0x38,0xC6,0x30,0x84,0x2C,0x63,0x6D,0x6B,0x8E,0x6B,0xAE,0x73,0xEF,0x7B,
	0x30,0x84,0x71,0x8C,0xF3,0x9C,0xCF,0x7B,0xF3,0x9C,0x14,0xA5,0x59,0xCE,0x00,0x00,0x00,0x00,0x00,0x00,
	0x34,0xA5,0x2C,0x63,0xEC,0x62,0x49,0x4A,0x49,0x4A,0x8A,0x4A,0xEA,0x52,0xEF,0x7B,0x00,0x00,0x00,0x00,
	0x51,0x84,0x0C,0x63,0xB2,0x94,0xFB,0xDE,0xBA,0xCE,0xDB,0xD6,0xBB,0xD6,0xFB,0xD6,0x1C,0xDF,0x72,0x8C,
	0x00,0x00,0x00,0x00,0x08,0x42,0x00,0x00,0x00,0x00,0x00,0x00,0x00,0x00,0x00,0x00,0x00,0x00,0x00,0x00,
	0x00,0x00,0x00,0x00,0x00,0x00,0x00,0x00,0xFF,0xFF,0x71,0x8C,0x6D,0x6B,0x4D,0x6B,0x6D,0x6B,0x8E,0x6B,
	0xAE,0x73,0x71,0x8C,0x14,0xA5,0x55,0xAD,0x00,0x00,0x00,0x00,0x00,0x00,0x00,0x00,0x00,0x00,0x00,0x00,
	0x00,0x00,0x00,0x00,0x00,0x00,0x00,0x00,0x00,0x00,0x08,0x42,0x00,0x00,0x00,0x00,0x92,0x8C,0xFC,0xDE,
	0xBB,0xD6,0x9A,0xCE,0x9A,0xCE,0x79,0xC6,0x9A,0xCE,0xD3,0x9C,0xEC,0x5A,0xAF,0x73,0x00,0x00,0x00,0x00,
	0xEF,0x7B,0x8A,0x52,0x8A,0x52,0xAA,0x52,0xAB,0x5A,0xAA,0x52,0x51,0x8C,0x34,0xA5,0x00,0x00,0xEF,0x7B,
	0x00,0x00,0x00,0x00,0x00,0x00,0x00,0x00,0x00,0x00,0x00,0x00,0x00,0x00,0x00,0x00,0x00,0x00,0x00,0x00,
	0x00,0x00,0x2C,0x63,0x00,0x00,0x51,0x8C,0x55,0xAD,0xDB,0xD6,0xBB,0xD6,0xBB,0xD6,0xDB,0xD6,0xFC,0xDE,
	0xBB,0xD6,0x00,0x00,0xFF,0xFF,0xEF,0x7B,0x00,0x00,0x00,0x00,0x00,0x00,0x00,0x00,0x00,0x00,0x00,0x00,
	0x00,0x00,0x00,0x00,0x00,0x00,0x00,0x00,0xEF,0x7B,0x00,0x00,0xB7,0xB5,0x30,0x84,0x2D,0x63,0x6D,0x6B,
	0x6D,0x6B,0x6D,0x6B,0xAE,0x73,0x30,0x84,0x14,0x9D,0x35,0xA5,0x00,0x00,0xEF,0x7B,0x00,0x00,0x00,0x00,
	0x00,0x00,0x00,0x00,0x00,0x00,0x00,0x00,0x00,0x00,0x00,0x00,0x00,0x00,0x00,0x00,0xEF,0x7B,0xFF,0xFF,
	0x00,0x00,0xBB,0xD6,0xFB,0xDE,0xBA,0xD6,0x9A,0xCE,0x7A,0xCE,0x9A,0xCE,0x35,0xA5,0x92,0x8C,0x00,0x00,
	0xD3,0x64,0x00,0x00,0x00,0x00,0x00,0x00,0x00,0x00,0x00,0x00,0x00,0x00,0x00,0x00,0x00,0x00,0x00,0x00,
	0x00,0x00,0x00,0x00,0x00,0x00,0x00,0x00,0x55,0xAD,0xEF,0x7B,0xEF,0x7B,0xAA,0x52,0xAA,0x52,0xEF,0x7B,
	0xFF,0xFF,0x00,0x00,0x00,0x00,0x59,0xCE,0x00,0x00,0x18,0xC6,0xBA,0xD6,0xBB,0xD6,0xBB,0xD6,0xDB,0xD6,
	0xDB,0xD6,0x1C,0xDF,0xBB,0xD6,0x00,0x00,0x59,0xCE,0x00,0x00,0x00,0x00,0x00,0x00,0x00,0x00,0x00,0x00,
	0x00,0x00,0x00,0x00,0x00,0x00,0x00,0x00,0x00,0x00,0x00,0x00,0xF7,0xBD,0x00,0x00,0x14,0x9D,0xF0,0x7B,
	0x2C,0x63,0x6D,0x6B,0x6D,0x6B,0x6D,0x6B,0xAF,0x73,0x10,0x84,0x14,0xA5,0x34,0xA5,0x00,0x00,0xF7,0xBD,
	0x00,0x00,0x00,0x00,0x00,0x00,0x00,0x00,0x00,0x00,0x00,0x00,0x00,0x00,0x00,0x00,0x00,0x00,0x00,0x00,
	0x00,0x00,0x59,0xCE,0x00,0x00,0xDB,0xD6,0x1C,0xDF,0xDB,0xD6,0xBA,0xD6,0x9A,0xCE,0x9A,0xCE,0x39,0xC6,
	0x55,0xAD,0x00,0x00,0x59,0xCE,0x00,0x00,0x00,0x00,0xFF,0xFF,0xEF,0x7B,0xAA,0x52,0xAA,0x52,0x08,0x42,
	0xEF,0x7B,0x55,0xAD,0x00,0x00,0x00,0x00,0x00,0x00,0x00,0x00,0x00,0x00,0x00,0x00,0x00,0x00,0x00,0x00,
	0x00,0x00,0x00,0x00,0x00,0x00,0x00,0x00,0x55,0xAD,0x00,0x00,0x5A,0xCE,0x59,0xC6,0xBB,0xD6,0xBB,0xD6,
	0xBB,0xD6,0xBB,0xD6,0xBB,0xD6,0xBB,0xD6,0x1C,0xDF,0x9A,0xCE,0x00,0x00,0x59,0xCE,0x00,0x00,0x00,0x00,
	0x00,0x00,0x00,0x00,0x00,0x00,0x00,0x00,0x00,0x00,0x00,0x00,0x00,0x00,0x00,0x00,0xEF,0x7B,0x00,0x00,
	0xB3,0x94,0x8E,0x73,0x4D,0x6B,0x4D,0x6B,0x4D,0x6B,0x6D,0x6B,0xAF,0x73,0x10,0x7C,0xD3,0x9C,0x34,0xA5,
	0x00,0x00,0xFF,0xFF,0x00,0x00,0x00,0x00,0x00,0x00,0x00,0x00,0x00,0x00,0x00,0x00,0x00,0x00,0x00,0x00,
	0x00,0x00,0x00,0x00,0x59,0xCE,0x00,0x00,0xDB,0xD6,0x5D,0xE7,0xFB,0xD6,0xDB,0xD6,0xDB,0xD6,0xBA,0xD6,
	0xBA,0xCE,0x9A,0xCE,0xD7,0xBD,0x55,0xA5,0x00,0x00,0x55,0xAD,0x00,0x00,0x00,0x00,0x00,0x00,0x00,0x00,
	0x00,0x00,0x00,0x00,0x00,0x00,0x00,0x00,0x00,0x00,0x00,0x00,0x00,0x00,0x00,0x00,0x00,0x00,0x00,0x00,
	0x00,0x00,0x00,0x00,0x00,0x00,0x00,0x00,0x00,0x00,0xFF,0xFF,0x00,0x00,0xBA,0xD6,0x39,0xC6,0xDB,0xD6,
	0xBA,0xD6,0xBB,0xD6,0xBB,0xD6,0xBB,0xD6,0xBA,0xD6,0x9A,0xCE,0xBB,0xD6,0xBB,0xD6,0x59,0xC6,0x00,0x00,
	0x59,0xCE,0x00,0x00,0x00,0x00,0x00,0x00,0x00,0x00,0x00,0x00,0x00,0x00,0x00,0x00,0x00,0x00,0xFF,0xFF,
	0x00,0x00,0xBA,0xD6,0x51,0x8C,0x2D,0x63,0x4D,0x6B,0x4D,0x6B,0x4D,0x6B,0x6D,0x6B,0xAE,0x73,0x10,0x7C,
	0x72,0x8C,0x14,0x9D,0x92,0x94,0x00,0x00,0xFF,0xFF,0x00,0x00,0x00,0x00,0x00,0x00,0x00,0x00,0x00,0x00,
	0x00,0x00,0x00,0x00,0x00,0x00,0x59,0xCE,0x00,0x00,0xDB,0xD6,0x1C,0xDF,0x1C,0xDF,0xDB,0xD6,0xDB,0xD6,
	0xDB,0xD6,0xDB,0xD6,0xBA,0xD6,0x9A,0xD6,0xBA,0xD6,0xB7,0xB5,0x75,0xAD,0x00,0x00,0xFF,0xFF,0x00,0x00,
	0x00,0x00,0x00,0x00,0x00,0x00,0x00,0x00,0x00,0x00,0x00,0x00,0x00,0x00,0x00,0x00,0x00,0x00,0x00,0x00,
	0x00,0x00,0x00,0x00,0x00,0x00,0x00,0x00,0x00,0x00,0x00,0x00,0xEF,0x7B,0x00,0x00,0xBA,0xD6,0x38,0xC6,
	0xDB,0xD6,0xBA,0xD6,0xBA,0xD6,0xBA,0xD6,0xBA,0xD6,0xBA,0xCE,0x9A,0xCE,0x9A,0xCE,0x7A,0xCE,0x9A,0xCE,
	0x9A,0xCE,0x38,0xC6,0x00,0x00,0x59,0xCE,0x00,0x00,0x00,0x00,0x00,0x00,0x00,0x00,0x00,0x00,0x00,0x00,
	0x00,0x00,0x55,0xAD,0x00,0x00,0x76,0xAD,0x31,0x84,0x2C,0x63,0x4D,0x6B,0x4D,0x6B,0x6D,0x6B,0x6D,0x6B,
	0xAE,0x73,0xF0,0x7B,0x51,0x84,0x34,0xA5,0x14,0x9D,0x00,0x00,0x55,0xAD,0x00,0x00,0x00,0x00,0x00,0x00,
	0x00,0x00,0x00,0x00,0x00,0x00,0x00,0x00,0x59,0xCE,0x00,0x00,0xDB,0xD6,0x1C,0xDF,0x1C,0xDF,0xDB,0xD6,
	0xFB,0xDE,0xFB,0xD6,0xDB,0xD6,0xDB,0xD6,0xDB,0xD6,0xBA,0xD6,0x9A,0xCE,0xBA,0xD6,0xB6,0xB5,0xF3,0x9C,
	0xFF,0xFF,0xEF,0x7B,0x00,0x00,0x00,0x00,0x00,0x00,0x00,0x00,0x00,0x00,0x00,0x00,0x00,0x00,0x00,0x00,
	0x00,0x00,0x00,0x00,0x00,0x00,0x00,0x00,0x00,0x00,0x00,0x00,0x00,0x00,0xFF,0xFF,0x00,0x00,0xF7,0xBD,
	0x18,0xC6,0xDB,0xD6,0xBA,0xD6,0xBA,0xCE,0xBA,0xCE,0xBA,0xCE,0x9A,0xCE,0x9A,0xCE,0x9A,0xCE,0x79,0xCE,
	0x59,0xC6,0x39,0xC6,0x59,0xCE,0x39,0xC6,0xD7,0xBD,0x00,0x00,0x55,0xAD,0xEF,0x7B,0x00,0x00,0x00,0x00,
	0x00,0x00,0x00,0x00,0x00,0x00,0xEF,0x7B,0x00,0x00,0x14,0x9D,0xCF,0x7B,0x2D,0x63,0x4D,0x6B,0x4D,0x6B,
	0x6D,0x6B,0x6E,0x6B,0x8E,0x73,0xF0,0x7B,0x31,0x84,0x34,0xA5,0x14,0x9D,0x00,0x00,0xF7,0xBD,0x00,0x00,
	0x00,0x00,0x00,0x00,0x00,0x00,0x00,0x00,0xFF,0xFF,0x5F,0xAD,0x00,0x00,0xDB,0xD6,0x1C,0xDF,0x1C,0xDF,
	0xDB,0xD6,0xDB,0xD6,0xDB,0xD6,0xDB,0xD6,0xDB,0xD6,0xDB,0xD6,0xDB,0xD6,0xBB,0xD6,0xBA,0xD6,0xBA,0xCE,
	0xBB,0xD6,0x76,0xAD,0x08,0x42,0xEF,0x7B,0xFF,0xFF,0x00,0x00,0x00,0x00,0x00,0x00,0x00,0x00,0x00,0x00,
	0x00,0x00,0x00,0x00,0x00,0x00,0x00,0x00,0x00,0x00,0x00,0x00,0x00,0x00,0x00,0x00,0xFF,0xFF,0x55,0xAD,
	0x21,0x08,0x18,0xBE,0xDB,0xD6,0x9A,0xCE,0x9A,0xCE,0x9A,0xCE,0x9A,0xCE,0x9A,0xCE,0x7A,0xCE,0xBB,0xD6,
	0xBA,0xCE,0x7A,0xCE,0x7A,0xCE,0x38,0xC6,0xF8,0xBD,0x18,0xBE,0xF7,0xBD,0x96,0xB5,0x00,0x00,0x00,0x00,
	0xEF,0x7B,0x00,0x00,0x00,0x00,0x00,0x00,0x00,0x00,0x00,0x00,0xFF,0xFF,0x92,0x94,0x6D,0x6B,0x4D,0x6B,
	0x4D,0x6B,0x6D,0x6B,0x6D,0x6B,0x6D,0x6B,0x8E,0x73,0xCF,0x7B,0x31,0x84,0xD3,0x94,0x14,0xA5,0x08,0x42,
	0x00,0x00,0x00,0x00,0x00,0x00,0x00,0x00,0xFF,0xFF,0xF7,0xBD,0x00,0x00,0x00,0x00,0xFB,0xD6,0x1C,0xDF,
	0xFB,0xDE,0xDB,0xD6,0xFB,0xD6,0x1C,0xDF,0x3C,0xDF,0x3C,0xDF,0x1C,0xDF,0xDB,0xD6,0xDB,0xD6,0xDB,0xD6,
	0xBB,0xD6,0xBA,0xCE,0xBA,0xCE,0xBA,0xD6,0x55,0xAD,0x20,0x00,0x55,0xAD,0xFF,0x07,0x00,0x00,0x00,0x00,
	0x00,0x00,0x00,0x00,0x00,0x00,0x00,0x00,0x00,0x00,0x00,0x00,0x00,0x00,0x00,0x00,0x00,0x00,0x00,0x00,
	0xEF,0x7B,0x00,0x00,0x30,0x84,0x79,0xCE,0xBA,0xD6,0x7A,0xCE,0x9A,0xCE,0x7A,0xCE,0x79,0xCE,0xBA,0xCE,
	0xBA,0xD6,0x76,0xAD,0x30,0x84,0x10,0x84,0x34,0xA5,0x39,0xC6,0xF7,0xBD,0xB7,0xB5,0xB6,0xB5,0xD7,0xB5,
	0x55,0xAD,0x14,0x9D,0x00,0x00,0x00,0x00,0xEF,0x7B,0xFF,0xFF,0xFF,0xFF,0x00,0x00,0xDB,0xD6,0x51,0x8C,
	0x0C,0x63,0x4D,0x6B,0x4D,0x6B,0x6D,0x6B,0x6D,0x6B,0x6E,0x6B,0xAE,0x73,0xCF,0x7B,0x30,0x84,0x71,0x8C,
	0x35,0xA5,0x55,0xA5,0x00,0x00,0xFF,0xFF,0xFF,0xFF,0xF7,0xBD,0x00,0x00,0x00,0x00,0x9A,0xCE,0xDB,0xD6,
	0x3C,0xE7,0xDB,0xD6,0xDB,0xD6,0xDB,0xD6,0x1C,0xDF,0xD7,0xB5,0x92,0x8C,0xF3,0x9C,0x38,0xC6,0x3C,0xDF,
	0xFB,0xDE,0xBB,0xD6,0xBB,0xD6,0xBB,0xD6,0x9A,0xCE,0xBB,0xD6,0x7A,0xCE,0x8E,0x6B,0x00,0x00,0xEF,0x7B,
	0x00,0x00,0x00,0x00,0x00,0x00,0x00,0x00,0x00,0x00,0x00,0x00,0x00,0x00,0x00,0x00,0x00,0x00,0x00,0x00,
	0x00,0x00,0xAA,0x52,0x00,0x00,0x51,0x84,0x8E,0x73,0xF0,0x7B,0x9A,0xCE,0x7A,0xCE,0x79,0xC6,0x9A,0xCE,
	0xBB,0xD6,0xF7,0xBD,0x10,0x84,0xEC,0x62,0x2C,0x63,0x8E,0x73,0x6E,0x6B,0xF4,0x9C,0xF8,0xBD,0x96,0xB5,
	0x75,0xAD,0x35,0xA5,0x55,0xAD,0xF3,0x9C,0xB2,0x94,0x71,0x8C,0x00,0x00,0x00,0x00,0x92,0x94,0xAA,0x52,
	0x55,0xAD,0xEF,0x7B,0x2C,0x63,0x4D,0x6B,0x4D,0x6B,0x6D,0x6B,0x6D,0x6B,0x6E,0x6B,0x8E,0x73,0xCF,0x7B,
	0x10,0x84,0x51,0x8C,0x55,0xA5,0xB7,0xB5,0x55,0xAD,0xB6,0xB5,0x00,0x00,0x00,0x00,0xF7,0xBD,0x9A,0xCE,
	0xBA,0xD6,0x1C,0xDF,0xBA,0xD6,0xBB,0xD6,0xDB,0xD6,0x1C,0xDF,0xD7,0xB5,0x0C,0x63,0x0C,0x63,0x4D,0x6B,
	0x6D,0x6B,0xB3,0x94,0x9A,0xCE,0x1C,0xDF,0xDB,0xD6,0xBA,0xCE,0x9A,0xCE,0xDB,0xD6,0x31,0x84,0xAA,0x52,
	0x6E,0x6B,0x00,0x00,0xAA,0x52,0x00,0x00,0x00,0x00,0x00,0x00,0x00,0x00,0x00,0x00,0x00,0x00,0x00,0x00,
	0x00,0x00,0x00,0x00,0x00,0x00,0x55,0xAD,0x00,0x00,0xD7,0xBD,0x92,0x94,0x2D,0x63,0x92,0x8C,0xBB,0xD6,
	0x9A,0xCE,0x39,0xC6,0x92,0x8C,0xEB,0x5A,0xCB,0x5A,0xFF,0xFF,0x00,0x00,0x6C,0x4A,0x2C,0x63,0xF0,0x7B,
	0xD7,0xBD,0x76,0xAD,0x55,0xAD,0x34,0xA5,0xD3,0x9C,0xB3,0x94,0xB3,0x94,0x31,0x84,0x10,0x7C,0xAF,0x73,
	0x00,0x00,0x00,0x00,0x2D,0x6B,0x6D,0x6B,0x4D,0x6B,0x4D,0x6B,0x4D,0x6B,0x6D,0x6B,0x6D,0x6B,0x6E,0x6B,
	0x8E,0x73,0xCF,0x7B,0x10,0x84,0x51,0x8C,0xF3,0x9C,0xF3,0x9C,0x00,0x00,0x00,0x00,0xF7,0xB5,0x18,0xC6,
	0x39,0xC6,0xDB,0xD6,0x9A,0xCE,0x9A,0xCE,0xBA,0xD6,0xBB,0xD6,0xBB,0xD6,0x1C,0xDF,0x30,0x84,0xCB,0x5A,
	0xEF,0x7B,0x00,0x00,0xFF,0xFF,0x2C,0x63,0x8E,0x73,0x14,0xA5,0xDB,0xD6,0xFB,0xDE,0xFC,0xDE,0x14,0xA5,
	0x69,0x4A,0x8E,0x73,0x54,0xA5,0x00,0x00,0x55,0xAD,0x00,0x00,0x00,0x00,0x00,0x00,0x00,0x00,0x00,0x00,
	0x00,0x00,0x00,0x00,0x00,0x00,0x00,0x00,0x00,0x00,0xFF,0xFF,0xEF,0x7B,0x41,0x08,0x55,0xAD,0x51,0x8C,
	0x2D,0x63,0x55,0xA5,0x34,0xA5,0x0C,0x63,0x69,0x4A,0x59,0xCE,0x00,0x00,0x00,0x00,0x2C,0x63,0x00,0x00,
	0x5F,0xFE,0x76,0xAD,0xB7,0xB5,0x55,0xAD,0x35,0xA5,0xF4,0x9C,0xD3,0x94,0x72,0x8C,0x31,0x84,0x30,0x84,
	0x10,0x84,0xAF,0x73,0x8E,0x6B,0x4D,0x6B,0x4D,0x6B,0x4D,0x6B,0x2D,0x6B,0x4D,0x6B,0x4D,0x6B,0x6D,0x6B,
	0x6D,0x6B,0x6E,0x6B,0x8E,0x73,0xAF,0x73,0x10,0x7C,0x51,0x84,0xB2,0x94,0xF3,0x9C,0x34,0xA5,0x75,0xAD,
	0xB7,0xB5,0x59,0xC6,0x38,0xC6,0x38,0xC6,0x59,0xCE,0x9A,0xCE,0x9A,0xCE,0xBA,0xD6,0xBA,0xD6,0xFB,0xD6,
	0x55,0xA5,0xD9,0x9C,0x00,0x00,0x2C,0x63,0x00,0x00,0x00,0x00,0xD3,0x9C,0xAA,0x52,0xAE,0x73,0xB7,0xB5,
	0xF7,0xBD,0xAA,0x52,0x0C,0x63,0xB2,0x94,0x41,0x08,0xEF,0x7B,0xFF,0xFF,0x00,0x00,0x00,0x00,0x00,0x00,
	0x00,0x00,0x00,0x00,0x00,0x00,0x00,0x00,0x00,0x00,0x00,0x00,0x00,0x00,0x00,0x00,0xFF,0xFF,0x00,0x00,
	0xFF,0xFF,0x34,0xA5,0x72,0x8C,0x2D,0x63,0x49,0x4A,0x00,0x00,0x00,0x00,0x00,0x00,0xAA,0x52,0x00,0x00,
	0xFF,0xFF,0xEF,0x7B,0x7A,0xCE,0x38,0xC6,0x75,0xAD,0x55,0xA5,0x14,0xA5,0xD3,0x9C,0x92,0x94,0x51,0x8C,
	0x30,0x84,0xEF,0x7B,0xAE,0x73,0x8E,0x73,0xAE,0x73,0x8E,0x6B,0x4D,0x6B,0x2D,0x63,0x2D,0x6B,0x4D,0x6B,
	0x4D,0x6B,0x4D,0x6B,0x6D,0x6B,0x6E,0x6B,0x8E,0x73,0xAF,0x73,0xF0,0x7B,0x51,0x84,0x92,0x94,0xD3,0x9C,
	0x75,0xAD,0xB6,0xB5,0xB6,0xB5,0xB7,0xB5,0xF7,0xBD,0x18,0xC6,0x59,0xC6,0x79,0xCE,0x9A,0xCE,0xBA,0xCE,
	0xBA,0xD6,0xDB,0xD6,0x38,0xC6,0x55,0xAD,0xEF,0x7B,0x55,0xAD,0x00,0x00,0xAA,0x52,0x00,0x00,0x00,0x00,
	0x00,0x00,0xEB,0x5A,0x0C,0x63,0x0C,0x63,0x51,0x8C,0xFF,0xFF,0x00,0x00,0xEF,0x7B,0x00,0x00,0x00,0x00,
	0x00,0x00,0x00,0x00,0x00,0x00,0x00,0x00,0x00,0x00,0x00,0x00,0x00,0x00,0x00,0x00,0x00,0x00,0x00,0x00,
	0x00,0x00,0x55,0xAD,0x00,0x00,0xBA,0xD6,0xD3,0x9C,0xFF,0xFF,0x00,0x00,0x00,0x00,0xAA,0x52,0x00,0x00,
	0x00,0x00,0x00,0x00,0x55,0xAD,0x00,0x00,0x38,0xC6,0xF8,0xBD,0x55,0xA5,0x14,0xA5,0xF3,0x9C,0xB2,0x94,
	0x72,0x8C,0x51,0x84,0x30,0x84,0xCF,0x7B,0xAF,0x73,0x8E,0x6B,0x4D,0x6B,0x4D,0x6B,0x2D,0x63,0x2D,0x63,
	0x2D,0x6B,0x2D,0x6B,0x4D,0x6B,0x4D,0x6B,0x6D,0x6B,0x6E,0x6B,0x8E,0x73,0xCF,0x73,0xF0,0x7B,0x31,0x84,
	0x72,0x8C,0xD3,0x94,0x14,0x9D,0x55,0xA5,0x76,0xAD,0xD7,0xBD,0x18,0xC6,0x59,0xCE,0x59,0xC6,0x59,0xCE,
	0x79,0xCE,0x9A,0xCE,0xBA,0xCE,0xDB,0xD6,0xDB,0xD6,0x55,0xAD,0x00,0x00,0x55,0xAD,0x00,0x00,0x00,0x00,
	0x00,0x00,0xAA,0x52,0x00,0x00,0x00,0x00,0x00,0x00,0xEF,0x7B,0xF6,0xBD,0x00,0x00,0x55,0xAD,0x00,0x00,
	0x00,0x00,0x00,0x00,0x00,0x00,0x00,0x00,0x00,0x00,0x00,0x00,0x00,0x00,0x00,0x00,0x00,0x00,0x00,0x00,
	0x00,0x00,0x00,0x00,0x00,0x00,0x00,0x00,0xFF,0xFF,0x00,0x00,0x00,0x00,0x00,0x00,0xAA,0x52,0x00,0x00,
	0x00,0x00,0x00,0x00,0x00,0x00,0xFF,0xFF,0x00,0x00,0x3C,0xE7,0xF8,0xBD,0x75,0xAD,0x34,0xA5,0xF3,0x9C,
	0xB3,0x94,0x92,0x94,0x71,0x8C,0xF0,0x7B,0x6D,0x6B,0x2D,0x63,0x4D,0x6B,0x6D,0x6B,0x4D,0x6B,0x4D,0x6B,
	0x2D,0x63,0x2D,0x63,0x2D,0x63,0x2D,0x6B,0x4D,0x6B,0x4D,0x6B,0x4D,0x6B,0x6D,0x6B,0x8E,0x73,0xAF,0x73,
	0xEF,0x7B,0x30,0x84,0x71,0x8C,0xB2,0x94,0xF4,0x9C,0x34,0xA5,0x96,0xAD,0x55,0xA5,0x71,0x8C,0xB2,0x94,
	0xD7,0xBD,0x79,0xCE,0x59,0xCE,0x7A,0xCE,0x9A,0xCE,0xBA,0xCE,0xDB,0xD6,0x96,0xB5,0x75,0xAD,0x00,0x00,
	0xFF,0xFF,0x00,0x00,0x00,0x00,0x00,0x00,0x00,0x00,0xAA,0x52,0x00,0x00,0x00,0x00,0x00,0x00,0xFF,0xFF,
	0x00,0x00,0x00,0x00,0x00,0x00,0x00,0x00,0x00,0x00,0x00,0x00,0x00,0x00,0x00,0x00,0x00,0x00,0x00,0x00,
	0x00,0x00,0x00,0x00,0x00,0x00,0x00,0x00,0x00,0x00,0x00,0x00,0x00,0x00,0xFF,0xFF,0xEF,0x7B,0x00,0x00,
	0x00,0x00,0x00,0x00,0x00,0x00,0x00,0x00,0x00,0x00,0xF7,0xBD,0x00,0x00,0x79,0xCE,0x18,0xBE,0x34,0xA5,
	0x14,0x9D,0xD3,0x9C,0x92,0x94,0x71,0x8C,0x10,0x84,0x0C,0x63,0x2C,0x63,0xCF,0x7B,0x8E,0x73,0x6D,0x6B,
	0x4D,0x6B,0x2D,0x63,0x2D,0x63,0x2C,0x63,0x2D,0x63,0x2D,0x63,0x4D,0x6B,0x4D,0x6B,0x6D,0x6B,0x6E,0x6B,
	0x8E,0x73,0xAF,0x73,0xEF,0x7B,0x10,0x84,0x71,0x8C,0xB2,0x94,0xF3,0x9C,0x55,0xA5,0x14,0xA5,0x2C,0x63,
	0x2C,0x63,0x4D,0x6B,0x6D,0x6B,0xD7,0xBD,0x79,0xCE,0x59,0xCE,0x9A,0xCE,0x9A,0xCE,0xDB,0xD6,0x7A,0xCE,
	0x34,0xA5,0x00,0x00,0xF7,0xBD,0x00,0x00,0x00,0x00,0x00,0x00,0x00,0x00,0x00,0x00,0x00,0x00,0xE8,0x43,
	0xFF,0xFF,0x00,0x00,0x00,0x00,0x00,0x00,0x00,0x00,0x00,0x00,0x00,0x00,0x00,0x00,0x00,0x00,0x00,0x00,
	0x00,0x00,0x00,0x00,0x00,0x00,0x00,0x00,0x00,0x00,0x00,0x00,0x00,0x00,0x00,0x00,0x00,0x00,0x00,0x00,
	0x00,0x00,0x00,0x00,0x00,0x00,0x00,0x00,0x00,0x00,0x00,0x00,0x00,0x00,0xEF,0x7B,0x00,0x00,0x18,0xBE,
	0x96,0xB5,0xF3,0x9C,0xD3,0x9C,0xB2,0x94,0x72,0x8C,0x31,0x84,0x6D,0x6B,0x4D,0x6B,0x55,0xAD,0xCB,0x5A,
	0x6D,0x6B,0xAE,0x73,0x6E,0x6B,0x2C,0x63,0x2C,0x63,0x2C,0x63,0x2C,0x63,0x2D,0x63,0x2D,0x6B,0x4D,0x6B,
	0x2D,0x63,0x0C,0x63,0x6D,0x6B,0xAF,0x73,0xCF,0x7B,0x10,0x84,0x51,0x8C,0x92,0x94,0xD3,0x9C,0x55,0xAD,
	0x10,0x84,0xAB,0x5A,0xEC,0x5A,0x9A,0xFE,0x4D,0x6B,0xEF,0x7B,0x59,0xC6,0x59,0xCE,0x79,0xCE,0x9A,0xCE,
	0xBA,0xCE,0xDB,0xD6,0x55,0xA5,0x00,0x00,0xEF,0x7B,0x00,0x00,0x00,0x00,0x00,0x00,0x00,0x00,0x00,0x00,
	0x00,0x00,0x00,0x00,0x00,0x00,0x00,0x00,0x00,0x00,0x00,0x00,0x00,0x00,0x00,0x00,0x00,0x00,0x00,0x00,
	0x00,0x00,0x00,0x00,0x00,0x00,0x00,0x00,0x00,0x00,0x00,0x00,0x00,0x00,0x00,0x00,0x00,0x00,0x00,0x00,
	0x00,0x00,0x00,0x00,0x00,0x00,0x00,0x00,0x00,0x00,0x00,0x00,0x00,0x00,0x00,0x00,0x55,0xAD,0x00,0x00,
	0xDE,0xF7,0x18,0xBE,0xF3,0x9C,0xD3,0x9C,0xB2,0x94,0x92,0x8C,0x71,0x8C,0x8E,0x73,0x2C,0x63,0x00,0x00,
	0x00,0x00,0x00,0x00,0x00,0x00,0x10,0x84,0xAF,0x73,0x0C,0x63,0x0C,0x63,0x0C,0x63,0x2D,0x63,0x2D,0x63,
	0x6D,0x6B,0x4D,0x6B,0x8E,0x6B,0xEF,0x7B,0x6D,0x6B,0x8E,0x6B,0xEF,0x7B,0x10,0x84,0x51,0x8C,0x92,0x94,
	0xD3,0x94,0x75,0xAD,0x72,0x8C,0x00,0x00,0x00,0x00,0x00,0x00,0x20,0x00,0x6D,0x6B,0x71,0x8C,0x9A,0xCE,
	0x59,0xCE,0x79,0xCE,0x9A,0xCE,0xBA,0xD6,0xF8,0xBD,0x55,0xAD,0x00,0x00,0x55,0xAD,0x00,0x00,0x00,0x00,
	0x00,0x00,0x00,0x00,0x00,0x00,0x00,0x00,0x00,0x00,0x00,0x00,0x00,0x00,0x00,0x00,0x00,0x00,0x00,0x00,
	0x00,0x00,0x00,0x00,0x00,0x00,0x00,0x00,0x00,0x00,0x00,0x00,0x00,0x00,0x00,0x00,0x00,0x00,0x00,0x00,
	0x00,0x00,0x00,0x00,0x00,0x00,0x00,0x00,0x00,0x00,0x00,0x00,0x00,0x00,0x00,0x00,0x00,0x00,0x00,0x00,
	0xEF,0x7B,0x00,0x00,0x35,0xA5,0x35,0xA5,0x14,0x9D,0xD3,0x94,0x92,0x94,0x72,0x8C,0xAF,0x73,0x0C,0x63,
	0xFF,0xFF,0x00,0x00,0xEF,0x7B,0xEF,0x7B,0x55,0xAD,0x31,0x84,0x8E,0x73,0x0C,0x63,0x0C,0x63,0x0C,0x63,
	0x2C,0x63,0x2D,0x63,0xAF,0x73,0x0C,0x63,0x2D,0x6B,0x8E,0x73,0x8E,0x73,0x4D,0x6B,0xCF,0x7B,0x10,0x7C,
	0x51,0x84,0x92,0x8C,0xB3,0x94,0x55,0xAD,0x92,0x94,0xAA,0x52,0xEF,0x7B,0xEF,0x7B,0x00,0x00,0xFF,0xFF,
	0x2D,0x63,0xF3,0x9C,0x9A,0xD6,0x59,0xCE,0x79,0xCE,0xFB,0xDE,0x59,0xC6,0x71,0x8C,0x00,0x00,0xEF,0x7B,
	0x00,0x00,0x00,0x00,0x00,0x00,0x00,0x00,0x00,0x00,0x00,0x00,0x00,0x00,0x00,0x00,0x00,0x00,0x00,0x00,
	0x00,0x00,0x00,0x00,0x00,0x00,0x00,0x00,0x00,0x00,0x00,0x00,0x00,0x00,0x00,0x00,0x00,0x00,0x00,0x00,
	0x00,0x00,0x00,0x00,0x00,0x00,0x00,0x00,0x00,0x00,0x00,0x00,0x00,0x00,0x00,0x00,0x00,0x00,0x00,0x00,
	0x00,0x00,0x00,0x00,0x00,0x00,0x49,0x4A,0xEF,0x7B,0x8E,0x6B,0xAE,0x73,0x92,0x8C,0xB2,0x94,0xEF,0x7B,
	0xEB,0x5A,0x51,0x8C,0x00,0x00,0xEF,0x7B,0x00,0x00,0xEF,0x7B,0x00,0x00,0x10,0x84,0x8E,0x73,0x0C,0x63,
	0x0C,0x63,0x0C,0x63,0x0C,0x63,0x6D,0x6B,0xAE,0x73,0x8E,0x73,0x00,0x00,0x00,0x00,0x16,0xA5,0x4D,0x6B,
	0xAF,0x73,0xF0,0x7B,0x31,0x84,0x72,0x8C,0xB2,0x94,0x55,0xAD,0x72,0x8C,0x00,0x00,0xEF,0x7B,0x00,0x00,
	0xEF,0x7B,0x00,0x00,0x75,0xAD,0x2C,0x63,0x75,0xAD,0xBB,0xD6,0x9A,0xD6,0x35,0xA5,0x0C,0x63,0x8A,0x4A,
	0x24,0x21,0x00,0x00,0x00,0x00,0x00,0x00,0x00,0x00,0x00,0x00,0x00,0x00,0x00,0x00,0x00,0x00,0x00,0x00,
	0x00,0x00,0x00,0x00,0x00,0x00,0x00,0x00,0x00,0x00,0x00,0x00,0x00,0x00,0x00,0x00,0x00,0x00,0x00,0x00,
	0x00,0x00,0x00,0x00,0x00,0x00,0x00,0x00,0x00,0x00,0x00,0x00,0x00,0x00,0x00,0x00,0x00,0x00,0x00,0x00,
	0x00,0x00,0x00,0x00,0x00,0x00,0x55,0xAD,0x00,0x00,0x38,0xC6,0x55,0xA5,0x92,0x94,0xCF,0x7B,0x4D,0x6B,
	0xAE,0x73,0xEB,0x5A,0x0C,0x63,0x00,0x00,0xEF,0x7B,0x00,0x00,0x00,0x00,0xEF,0x7B,0x00,0x00,0x10,0x84,
	0x6E,0x6B,0xEC,0x5A,0x0C,0x63,0x0C,0x63,0x0C,0x63,0xCF,0x7B,0x8E,0x73,0x00,0x00,0x6D,0x6B,0x6D,0x6B,
	0x00,0x00,0x6D,0x6B,0xAE,0x73,0x10,0x7C,0x31,0x84,0x71,0x8C,0x92,0x94,0x55,0xAD,0x71,0x8C,0x00,0x00,
	0xEF,0x7B,0x00,0x00,0x00,0x00,0xEF,0x7B,0x00,0x00,0x6D,0x6B,0x4D,0x6B,0x96,0xB5,0xF0,0x7B,0x8A,0x52,
	0xCB,0x5A,0x30,0x84,0x96,0xB5,0x00,0x00,0x55,0xAD,0x00,0x00,0x00,0x00,0x00,0x00,0x00,0x00,0x00,0x00,
	0x00,0x00,0x00,0x00,0x00,0x00,0x00,0x00,0x00,0x00,0x00,0x00,0x00,0x00,0x00,0x00,0x00,0x00,0x00,0x00,
	0x00,0x00,0x00,0x00,0x00,0x00,0x00,0x00,0x00,0x00,0x00,0x00,0x00,0x00,0x00,0x00,0x00,0x00,0x00,0x00,
	0x00,0x00,0x00,0x00,0x00,0x00,0x00,0x00,0x00,0x00,0x00,0x00,0xEF,0x7B,0xFF,0xFF,0x7D,0xEF,0x75,0xAD,
	0xF3,0x9C,0x92,0x94,0x8E,0x73,0xA9,0x52,0x00,0x00,0xAA,0x52,0x00,0x00,0x00,0x00,0x00,0x00,0xEF,0x7B,
	0x00,0x00,0x10,0x7C,0x6E,0x6B,0xEC,0x5A,0x0C,0x63,0x0C,0x63,0x0C,0x63,0xAF,0x73,0x8E,0x73,0x00,0x00,
	0xAA,0x52,0x55,0xAD,0x00,0x00,0x10,0x7C,0x6D,0x6B,0xEF,0x7B,0x30,0x84,0x71,0x8C,0x92,0x94,0x35,0xA5,
	0x71,0x8C,0x00,0x00,0xEF,0x7B,0x00,0x00,0x00,0x00,0x00,0x00,0xAA,0x52,0x00,0x00,0x4D,0x6B,0xEB,0x5A,
	0xCB,0x5A,0x8E,0x73,0xD3,0x94,0x5C,0xE7,0xFF,0xFF,0xEF,0x7B,0x00,0x00,0x00,0x00,0x00,0x00,0x00,0x00,
	0x00,0x00,0x00,0x00,0x00,0x00,0x00,0x00,0x00,0x00,0x00,0x00,0x00,0x00,0x00,0x00,0x00,0x00,0x00,0x00,
	0x00,0x00,0x00,0x00,0x00,0x00,0x00,0x00,0x00,0x00,0x00,0x00,0x00,0x00,0x00,0x00,0x00,0x00,0x00,0x00,
	0x00,0x00,0x00,0x00,0x00,0x00,0x00,0x00,0x00,0x00,0x00,0x00,0x00,0x00,0x00,0x00,0x00,0x00,0x00,0x00,
	0x00,0x00,0xFF,0xFF,0x38,0xC6,0x34,0xA5,0x34,0xA5,0x00,0x00,0xEF,0x7B,0x00,0x00,0x00,0x00,0x00,0x00,
	0x00,0x00,0xEF,0x7B,0x00,0x00,0xEF,0x7B,0x6D,0x6B,0xEC,0x5A,0x0C,0x63,0xEC,0x5A,0x6E,0x6B,0xAE,0x73,
	0xAA,0x52,0x00,0x00,0x00,0x00,0x00,0x00,0x00,0x00,0xFF,0xFF,0x4D,0x6B,0xCF,0x7B,0x30,0x84,0x51,0x8C,
	0x92,0x8C,0x34,0xA5,0x51,0x8C,0x00,0x00,0xFF,0xFF,0x00,0x00,0x00,0x00,0x00,0x00,0x00,0x00,0x08,0x42,
	0x00,0x00,0x4D,0x6B,0x30,0x84,0xD6,0xB5,0xFF,0xFF,0x00,0x00,0x00,0x00,0x00,0x00,0x00,0x00,0x00,0x00,
	0x00,0x00,0x00,0x00,0x00,0x00,0x00,0x00,0x00,0x00,0x00,0x00,0x00,0x00,0x00,0x00,0x00,0x00,0x00,0x00,
	0x00,0x00,0x00,0x00,0x00,0x00,0x00,0x00,0x00,0x00,0x00,0x00,0x00,0x00,0x00,0x00,0x00,0x00,0x00,0x00,
	0x00,0x00,0x00,0x00,0x00,0x00,0x00,0x00,0x00,0x00,0x00,0x00,0x00,0x00,0x00,0x00,0x00,0x00,0x00,0x00,
	0x00,0x00,0x00,0x00,0xFF,0xFF,0x00,0x00,0x00,0x00,0xFF,0xFF,0x00,0x00,0xEF,0x7B,0x00,0x00,0x00,0x00,
	0x00,0x00,0x00,0x00,0x00,0x00,0xEF,0x7B,0x00,0x00,0xEF,0x7B,0x6D,0x6B,0x0C,0x63,0x0C,0x63,0xEC,0x5A,
	0xCF,0x73,0xAE,0x73,0x00,0x00,0xEF,0x7B,0x00,0x00,0x00,0x00,0xEF,0x7B,0x00,0x00,0x8E,0x73,0xAE,0x73,
	0x30,0x84,0x51,0x8C,0x92,0x94,0x55,0xAD,0x72,0x8C,0x00,0x00,0xFF,0xFF,0x00,0x00,0x00,0x00,0x00,0x00,
	0x00,0x00,0x00,0x00,0xEF,0x7B,0x00,0x00,0xFF,0xFF,0x00,0x00,0x00,0x00,0x55,0xAD,0x00,0x00,0x00,0x00,
	0x00,0x00,0x00,0x00,0x00,0x00,0x00,0x00,0x00,0x00,0x00,0x00,0x00,0x00,0x00,0x00,0x00,0x00,0x00,0x00,
	0x00,0x00,0x00,0x00,0x00,0x00,0x00,0x00,0x00,0x00,0x00,0x00,0x00,0x00,0x00,0x00,0x00,0x00,0x00,0x00,
	0x00,0x00,0x00,0x00,0x00,0x00,0x00,0x00,0x00,0x00,0x00,0x00,0x00,0x00,0x00,0x00,0x00,0x00,0x00,0x00,
	0x00,0x00,0x00,0x00,0x00,0x00,0x00,0x00,0x00,0x00,0xFF,0xFF,0xEF,0x7B,0x00,0x00,0xEF,0x7B,0x00,0x00,
	0x00,0x00,0x00,0x00,0x00,0x00,0x00,0x00,0x00,0x00,0xEF,0x7B,0x00,0x00,0x8E,0x73,0x0C,0x63,0xAB,0x52,
	0xCB,0x52,0x0C,0x63,0x8E,0x73,0x6D,0x6B,0x00,0x00,0xEF,0x7B,0x00,0x00,0x00,0x00,0xEF,0x7B,0x00,0x00,
	0x51,0x8C,0x4D,0x6B,0x10,0x84,0x30,0x84,0x10,0x84,0x10,0x84,0x8E,0x6B,0x00,0x00,0xEF,0x7B,0x00,0x00,
	0x00,0x00,0x00,0x00,0x00,0x00,0x00,0x00,0x00,0x00,0xEF,0x7B,0x00,0x00,0xEF,0x7B,0xFF,0xFF,0x00,0x00,
	0x00,0x00,0x00,0x00,0x00,0x00,0x00,0x00,0x00,0x00,0x00,0x00,0x00,0x00,0x00,0x00,0x00,0x00,0x00,0x00,
	0x00,0x00,0x00,0x00,0x00,0x00,0x00,0x00,0x00,0x00,0x00,0x00,0x00,0x00,0x00,0x00,0x00,0x00,0x00,0x00,
	0x00,0x00,0x00,0x00,0x00,0x00,0x00,0x00,0x00,0x00,0x00,0x00,0x00,0x00,0x00,0x00,0x00,0x00,0x00,0x00,
	0x00,0x00,0x00,0x00,0x00,0x00,0x00,0x00,0x00,0x00,0x00,0x00,0x00,0x00,0x00,0x00,0x00,0x00,0xFF,0xFF,
	0x00,0x00,0x00,0x00,0x00,0x00,0x00,0x00,0x00,0x00,0x00,0x00,0x00,0x00,0xEF,0x7B,0x00,0x00,0x10,0x84,
	0x30,0x84,0xAE,0x73,0x4D,0x6B,0x6D,0x6B,0x6D,0x6B,0x00,0x00,0xAA,0x52,0x00,0x00,0x00,0x00,0x00,0x00,
	0x00,0x00,0xAA,0x52,0x00,0x00,0x6D,0x6B,0x4D,0x6B,0x0C,0x63,0xEC,0x5A,0x2C,0x63,0x0C,0x63,0x00,0x00,
	0xEF,0x7B,0x00,0x00,0x00,0x00,0x00,0x00,0x00,0x00,0x00,0x00,0x00,0x00,0x00,0x00,0xFF,0xFF,0x00,0x00,
	0x00,0x00,0x00,0x00,0x00,0x00,0x00,0x00,0x00,0x00,0x00,0x00,0x00,0x00,0x00,0x00,0x00,0x00,0x00,0x00,
	0x00,0x00,0x00,0x00,0x00,0x00,0x00,0x00,0x00,0x00,0x00,0x00,0x00,0x00,0x00,0x00,0x00,0x00,0x00,0x00,
	0x00,0x00,0x00,0x00,0x00,0x00,0x00,0x00,0x00,0x00,0x00,0x00,0x00,0x00,0x00,0x00,0x00,0x00,0x00,0x00,
	0x00,0x00,0x00,0x00,0x00,0x00,0x00,0x00,0x00,0x00,0x00,0x00,0x00,0x00,0x00,0x00,0x00,0x00,0x00,0x00,
	0x00,0x00,0x00,0x00,0x00,0x00,0x00,0x00,0x00,0x00,0x00,0x00,0x00,0x00,0x00,0x00,0x00,0x00,0xEF,0x7B,
	0x00,0x00,0x55,0xA5,0x34,0xA5,0xB2,0x94,0x92,0x94,0x92,0x94,0x30,0x84,0x00,0x00,0x55,0xAD,0x00,0x00,
	0x00,0x00,0x00,0x00,0x00,0x00,0x55,0xAD,0x00,0x00,0x0F,0x7C,0xCF,0x7B,0xCF,0x7B,0x30,0x84,0xB2,0x94,
	0xF3,0x9C,0x00,0x00,0xEF,0x7B,0x00,0x00,0x00,0x00,0x00,0x00,0x00,0x00,0x00,0x00,0x00,0x00,0x00,0x00,
	0x00,0x00,0x00,0x00,0x00,0x00,0x00,0x00,0x00,0x00,0x00,0x00,0x00,0x00,0x00,0x00,0x00,0x00,0x00,0x00,
	0x00,0x00,0x00,0x00,0x00,0x00,0x00,0x00,0x00,0x00,0x00,0x00,0x00,0x00,0x00,0x00,0x00,0x00,0x00,0x00,
	0x00,0x00,0x00,0x00,0x00,0x00,0x00,0x00,0x00,0x00,0x00,0x00,0x00,0x00,0x00,0x00,0x00,0x00,0x00,0x00,
	0x00,0x00,0x00,0x00,0x00,0x00,0x00,0x00,0x00,0x00,0x00,0x00,0x00,0x00,0x00,0x00,0x00,0x00,0x00,0x00,
	0x00,0x00,0x00,0x00,0x00,0x00,0x00,0x00,0x00,0x00,0x00,0x00,0x00,0x00,0x00,0x00,0x00,0x00,0x00,0x00,
	0x00,0x00,0x00,0x00,0x00,0x00,0xFF,0xFF,0xFF,0xFF,0xBA,0xD6,0xF7,0xBD,0x55,0xA5,0xEF,0x7B,0x00,0x00,
	0x00,0x00,0x00,0x00,0x00,0x00,0x00,0x00,0x00,0x00,0x00,0x00,0x00,0x00,0xEC,0x62,0x34,0xA5,0xD7,0xBD,
	0x79,0xCE,0xFF,0xFF,0xFF,0xFF,0x00,0x00,0x00,0x00,0x00,0x00,0x00,0x00,0x00,0x00,0x00,0x00,0x00,0x00,
	0x00,0x00,0x00,0x00,0x00,0x00,0x00,0x00,0x00,0x00,0x00,0x00,0x00,0x00,0x00,0x00,0x00,0x00,0x00,0x00,
	0x00,0x00,0x00,0x00,0x00,0x00,0x00,0x00,0x00,0x00,0x00,0x00,0x00,0x00,0x00,0x00,0x00,0x00,0x00,0x00,
	0x00,0x00,0x00,0x00,0x00,0x00,0x00,0x00,0x00,0x00,0x00,0x00,0x00,0x00,0x00,0x00,0x00,0x00,0x00,0x00,
	0x00,0x00,0x00,0x00,0x00,0x00,0x00,0x00,0x00,0x00,0x00,0x00,0x00,0x00,0x02,0x04,0x03,0x00,0x00,0x00,
	0x00,0x00,0x00,0x00,0x03,0x00,0x4F,0xD2,0xCE,0xCE,0xD2,0x4F,0x00,0x03,0x00,0x00,0x00,0x00,0x00,0x00,
	0x00,0x03,0x04,0x02,0x00,0x00,0x00,0x00,0x00,0x00,0x00,0x00,0x00,0x00,0x00,0x00,0x00,0x00,0x00,0x00,
	0x00,0x00,0x00,0x00,0x00,0x00,0x00,0x00,0x00,0x00,0x00,0x00,0x00,0x00,0x00,0x00,0x00,0x00,0x00,0x00,
	0x00,0x00,0x00,0x00,0x00,0x00,0x00,0x00,0x00,0x00,0x00,0x00,0x00,0x00,0x03,0x02,0x00,0x00,0x00,0x01,
	0x00,0x00,0x00,0x00,0x00,0x00,0x04,0x00,0x8D,0xFF,0xFF,0xFF,0xFF,0x8D,0x00,0x04,0x00,0x00,0x00,0x00,
	0x00,0x00,0x01,0x00,0x00,0x00,0x02,0x03,0x00,0x00,0x00,0x00,0x00,0x00,0x00,0x00,0x00,0x00,0x00,0x00,
	0x00,0x00,0x00,0x00,0x00,0x00,0x00,0x00,0x00,0x00,0x00,0x00,0x00,0x00,0x00,0x00,0x00,0x00,0x00,0x00,
	0x00,0x00,0x00,0x00,0x00,0x00,0x00,0x00,0x00,0x00,0x00,0x00,0x00,0x00,0x00,0x00,0x00,0x00,0x23,0x84,
	0x8B,0x00,0x02,0x00,0x00,0x00,0x00,0x00,0x02,0x00,0xBA,0xFD,0xFA,0xFA,0xFD,0xBA,0x00,0x02,0x00,0x00,
	0x00,0x00,0x00,0x02,0x00,0x8B,0x84,0x23,0x00,0x00,0x00,0x00,0x00,0x00,0x00,0x00,0x00,0x00,0x00,0x00,
	0x00,0x00,0x00,0x00,0x00,0x00,0x00,0x00,0x00,0x00,0x00,0x00,0x00,0x00,0x00,0x00,0x00,0x00,0x00,0x00,
	0x00,0x00,0x00,0x00,0x00,0x00,0x00,0x00,0x00,0x00,0x00,0x00,0x00,0x00,0x00,0x00,0x01,0x01,0x4E,0xB1,
	0xF6,0xFF,0xFF,0x44,0x00,0x03,0x00,0x00,0x00,0x01,0x00,0x07,0xE1,0xFF,0xFD,0xFD,0xFF,0xE1,0x07,0x00,
	0x01,0x00,0x00,0x00,0x03,0x00,0x44,0xFF,0xFF,0xF6,0xB1,0x4E,0x01,0x01,0x00,0x00,0x00,0x00,0x00,0x00,
	0x00,0x00,0x00,0x00,0x00,0x00,0x00,0x00,0x00,0x00,0x00,0x00,0x00,0x00,0x00,0x00,0x00,0x00,0x00,0x00,
	0x00,0x00,0x00,0x00,0x00,0x00,0x00,0x00,0x00,0x00,0x00,0x00,0x00,0x00,0x00,0x00,0x00,0x00,0x02,0x00,
	0xCB,0xFF,0xFE,0xF9,0xFD,0xD8,0x08,0x03,0x01,0x00,0x00,0x02,0x00,0x25,0xFC,0xFF,0xFF,0xFF,0xFF,0xFC,
	0x25,0x00,0x02,0x00,0x00,0x01,0x03,0x08,0xD8,0xFD,0xF9,0xFE,0xFF,0xCB,0x00,0x02,0x00,0x00,0x00,0x00,
	0x00,0x00,0x00,0x00,0x00,0x00,0x00,0x00,0x00,0x00,0x00,0x00,0x00,0x00,0x00,0x00,0x00,0x00,0x00,0x00,
	0x00,0x00,0x00,0x00,0x00,0x00,0x00,0x00,0x00,0x00,0x00,0x00,0x00,0x00,0x00,0x00,0x00,0x00,0x00,0x00,
	0x04,0x00,0x8F,0xFC,0xFA,0xFF,0xFB,0xFF,0x80,0x00,0x04,0x00,0x00,0x03,0x00,0x4F,0xFF,0xFC,0xFF,0xFF,
	0xFC,0xFF,0x4F,0x00,0x03,0x00,0x00,0x04,0x00,0x80,0xFF,0xFB,0xFF,0xFA,0xFC,0x8F,0x00,0x04,0x00,0x00,
	0x00,0x00,0x00,0x00,0x00,0x00,0x00,0x00,0x00,0x00,0x00,0x00,0x00,0x00,0x00,0x00,0x00,0x00,0x00,0x00,
	0x00,0x00,0x00,0x00,0x00,0x00,0x00,0x00,0x00,0x00,0x00,0x00,0x00,0x00,0x00,0x00,0x00,0x00,0x00,0x00,
	0x00,0x00,0x04,0x00,0x63,0xFF,0xFB,0xFF,0xFE,0xFC,0xF8,0x28,0x01,0x02,0x00,0x04,0x00,0x7E,0xFF,0xFB,
	0xFF,0xFF,0xFB,0xFF,0x7E,0x00,0x04,0x00,0x02,0x01,0x28,0xF8,0xFC,0xFE,0xFF,0xFB,0xFF,0x63,0x00,0x04,
	0x00,0x00,0x00,0x00,0x00,0x00,0x00,0x00,0x00,0x00,0x00,0x00,0x00,0x00,0x00,0x00,0x00,0x00,0x00,0x00,
	0x00,0x00,0x00,0x00,0x00,0x00,0x00,0x00,0x00,0x00,0x00,0x00,0x00,0x00,0x00,0x00,0x02,0x04,0x00,0x00,
	0x00,0x00,0x00,0x00,0x03,0x00,0x38,0xFF,0xFE,0xFF,0xFF,0xFC,0xFF,0xBD,0x00,0x03,0x00,0x03,0x00,0xAD,
	0xFF,0xFC,0xFF,0xFF,0xFC,0xFF,0xAD,0x00,0x03,0x00,0x03,0x00,0xBD,0xFF,0xFC,0xFF,0xFF,0xFE,0xFF,0x38,
	0x00,0x03,0x00,0x00,0x00,0x00,0x00,0x00,0x04,0x02,0x00,0x00,0x00,0x00,0x00,0x00,0x00,0x00,0x00,0x00,
	0x00,0x00,0x00,0x00,0x00,0x00,0x00,0x00,0x00,0x00,0x00,0x00,0x00,0x00,0x00,0x00,0x00,0x02,0x00,0x00,
	0x01,0x01,0x00,0x00,0x00,0x00,0x01,0x00,0x14,0xF1,0xFF,0xFE,0xFF,0xFF,0xFC,0xFF,0x5D,0x00,0x08,0x04,
	0x03,0xD7,0xFF,0xFD,0xFF,0xFF,0xFD,0xFF,0xD7,0x03,0x04,0x08,0x00,0x5D,0xFF,0xFC,0xFF,0xFF,0xFE,0xFF,
	0xF1,0x14,0x00,0x01,0x00,0x00,0x00,0x00,0x01,0x01,0x00,0x00,0x02,0x00,0x00,0x00,0x00,0x00,0x00,0x00,
	0x00,0x00,0x00,0x00,0x00,0x00,0x00,0x00,0x00,0x00,0x00,0x00,0x00,0x00,0x00,0x00,0x00,0x00,0x04,0x00,
	0x21,0x68,0x00,0x00,0x03,0x00,0x00,0x00,0x00,0x01,0x01,0xD0,0xFF,0xFD,0xFF,0xFF,0xFD,0xFD,0xE9,0x10,
	0x00,0x00,0x17,0xF7,0xFF,0xFE,0xFF,0xFF,0xFE,0xFF,0xF7,0x17,0x00,0x00,0x10,0xE9,0xFD,0xFD,0xFF,0xFF,
	0xFD,0xFF,0xD0,0x01,0x01,0x00,0x00,0x00,0x00,0x03,0x00,0x00,0x68,0x21,0x00,0x04,0x00,0x00,0x00,0x00,
	0x00,0x00,0x00,0x00,0x00,0x00,0x00,0x00,0x00,0x00,0x00,0x00,0x00,0x00,0x00,0x00,0x00,0x00,0x00,0x02,
	0x00,0x26,0xDA,0xFF,0xAC,0x14,0x00,0x04,0x00,0x00,0x00,0x03,0x00,0xA6,0xFF,0xFB,0xFF,0xFF,0xFF,0xFC,
	0xFF,0xA8,0x6A,0xA2,0xD0,0xFF,0xFF,0xFF,0xFF,0xFF,0xFF,0xFF,0xFF,0xD0,0xA2,0x6A,0xA8,0xFF,0xFC,0xFF,
	0xFF,0xFF,0xFB,0xFF,0xA6,0x00,0x03,0x00,0x00,0x00,0x04,0x00,0x14,0xAC,0xFF,0xDA,0x26,0x00,0x02,0x00,
	0x00,0x00,0x00,0x00,0x00,0x00,0x00,0x00,0x00,0x00,0x00,0x00,0x00,0x00,0x00,0x00,0x00,0x00,0x00,0x00,
	0x02,0x01,0x34,0xE6,0xFF,0xF9,0xFF,0xDC,0x3C,0x00,0x03,0x01,0x00,0x04,0x00,0x79,0xFF,0xFB,0xFF,0xFF,
	0xFF,0xFF,0xFE,0xFF,0xFF,0xFF,0xFF,0xFF,0xFF,0xFF,0xFF,0xFF,0xFF,0xFF,0xFF,0xFF,0xFF,0xFF,0xFF,0xFE,
	0xFF,0xFF,0xFF,0xFF,0xFB,0xFF,0x79,0x00,0x04,0x00,0x01,0x03,0x00,0x3C,0xDC,0xFF,0xF9,0xFF,0xE6,0x34,
	0x01,0x02,0x00,0x00,0x00,0x00,0x00,0x00,0x00,0x00,0x00,0x00,0x00,0x00,0x00,0x00,0x00,0x00,0x00,0x00,
	0x00,0x01,0x01,0x0F,0xEB,0xFF,0xFB,0xFF,0xFB,0xFF,0xFB,0x71,0x00,0x00,0x03,0x03,0x03,0x48,0xFF,0xFC,
	0xFF,0xFF,0xFF,0xFF,0xFF,0xFD,0xFB,0xFB,0xFD,0xFF,0xFF,0xFF,0xFF,0xFF,0xFF,0xFF,0xFF,0xFD,0xFB,0xFB,
	0xFD,0xFF,0xFF,0xFF,0xFF,0xFF,0xFC,0xFF,0x48,0x03,0x03,0x03,0x00,0x00,0x71,0xFB,0xFF,0xFB,0xFF,0xFB,
	0xFF,0xEB,0x0F,0x01,0x01,0x00,0x00,0x00,0x00,0x00,0x00,0x00,0x00,0x00,0x00,0x00,0x00,0x00,0x00,0x00,
	0x00,0x00,0x00,0x00,0x03,0x01,0x8D,0xFF,0xFC,0xFF,0xFF,0xFD,0xFE,0xFF,0xA8,0x11,0x00,0x04,0x00,0x30,
	0xFD,0xFE,0xFF,0xFF,0xFF,0xFF,0xFF,0xFF,0xFF,0xFE,0xFD,0xFC,0xFB,0xFB,0xFB,0xFB,0xFB,0xFB,0xFC,0xFD,
	0xFE,0xFF,0xFF,0xFF,0xFF,0xFF,0xFF,0xFF,0xFE,0xFD,0x30,0x00,0x04,0x00,0x11,0xA8,0xFF,0xFE,0xFD,0xFF,
	0xFF,0xFC,0xFF,0x8D,0x01,0x03,0x00,0x00,0x00,0x00,0x00,0x00,0x00,0x00,0x00,0x00,0x00,0x00,0x00,0x00,
	0x00,0x00,0x00,0x00,0x00,0x00,0x01,0x01,0x0B,0xE0,0xFE,0xFD,0xFF,0xFF,0xFE,0xFB,0xFF,0xD8,0x37,0x00,
	0x64,0xE2,0xFD,0xFE,0xFF,0xFF,0xFF,0xFF,0xFE,0xFC,0xFC,0xFF,0xFF,0xFF,0xFF,0xFF,0xFF,0xFF,0xFF,0xFF,
	0xFF,0xFF,0xFF,0xFC,0xFC,0xFE,0xFF,0xFF,0xFF,0xFF,0xFE,0xFD,0xE2,0x64,0x00,0x37,0xD8,0xFF,0xFB,0xFE,
	0xFF,0xFF,0xFD,0xFE,0xE0,0x0B,0x01,0x01,0x00,0x00,0x00,0x00,0x00,0x00,0x00,0x00,0x00,0x00,0x00,0x00,
	0x00,0x00,0x00,0x00,0x00,0x00,0x00,0x00,0x00,0x03,0x00,0x50,0xFF,0xFC,0xFF,0xFF,0xFF,0xFF,0xFB,0xFF,
	0xF4,0xC3,0xFF,0xFF,0xFF,0xFF,0xFF,0xFF,0xFF,0xFF,0xFF,0xFF,0xFF,0xFD,0xE0,0xBF,0xA4,0x91,0x85,0x85,
	0x91,0xA4,0xBF,0xE0,0xFD,0xFF,0xFF,0xFF,0xFF,0xFF,0xFF,0xFF,0xFF,0xFF,0xFF,0xFF,0xC3,0xF4,0xFF,0xFB,
	0xFF,0xFF,0xFF,0xFF,0xFC,0xFF,0x50,0x00,0x03,0x00,0x00,0x00,0x00,0x00,0x00,0x00,0x00,0x00,0x00,0x00,
	0x00,0x00,0x00,0x00,0x00,0x00,0x00,0x00,0x00,0x00,0x00,0x00,0x03,0x00,0xB3,0xFF,0xFC,0xFF,0xFF,0xFF,
	0xFF,0xFD,0xFF,0xFF,0xFD,0xFE,0xFF,0xFF,0xFF,0xFF,0xFE,0xFE,0xE7,0xA6,0x5D,0x29,0x07,0x00,0x00,0x00,
	0x00,0x00,0x00,0x00,0x00,0x07,0x29,0x5D,0xA6,0xE7,0xFE,0xFE,0xFF,0xFF,0xFF,0xFF,0xFE,0xFD,0xFF,0xFF,
	0xFD,0xFF,0xFF,0xFF,0xFF,0xFC,0xFF,0xB3,0x00,0x03,0x00,0x00,0x00,0x00,0x00,0x00,0x00,0x00,0x00,0x00,
	0x00,0x00,0x00,0x00,0x00,0x00,0x00,0x00,0x00,0x00,0x00,0x00,0x00,0x00,0x02,0x01,0x22,0xF5,0xFD,0xFE,
	0xFF,0xFF,0xFF,0xFF,0xFE,0xFC,0xFF,0xFF,0xFF,0xFF,0xFF,0xFF,0xFB,0xFF,0x83,0x00,0x00,0x00,0x00,0x02,
	0x04,0x04,0x04,0x04,0x04,0x04,0x02,0x00,0x00,0x00,0x00,0x83,0xFF,0xFB,0xFF,0xFF,0xFF,0xFF,0xFF,0xFF,
	0xFC,0xFE,0xFF,0xFF,0xFF,0xFF,0xFE,0xFD,0xF5,0x22,0x01,0x02,0x00,0x00,0x00,0x00,0x00,0x00,0x00,0x00,
	0x00,0x00,0x00,0x00,0x00,0x00,0x00,0x00,0x00,0x01,0x01,0x00,0x00,0x00,0x00,0x00,0x00,0x04,0x00,0x7A,
	0xFF,0xFC,0xFF,0xFF,0xFF,0xFF,0xFF,0xFF,0xFF,0xFF,0xFF,0xFF,0xFF,0xFF,0xFD,0xFF,0xD6,0x07,0x05,0x02,
	0x01,0x00,0x00,0x00,0x00,0x00,0x00,0x00,0x00,0x01,0x02,0x05,0x07,0xD6,0xFF,0xFD,0xFF,0xFF,0xFF,0xFF,
	0xFF,0xFF,0xFF,0xFF,0xFF,0xFF,0xFF,0xFF,0xFC,0xFF,0x7A,0x00,0x04,0x00,0x00,0x00,0x00,0x00,0x00,0x01,
	0x01,0x00,0x00,0x00,0x00,0x00,0x00,0x00,0x00,0x00,0x00,0x00,0x00,0x04,0x03,0x01,0x00,0x00,0x00,0x01,
	0x03,0x06,0xD7,0xFF,0xFD,0xFF,0xFF,0xFF,0xFF,0xFF,0xFF,0xFF,0xFF,0xFF,0xFF,0xFF,0xFF,0xFD,0xFF,0x3A,
	0x00,0x03,0x00,0x00,0x00,0x00,0x00,0x00,0x00,0x00,0x00,0x00,0x03,0x00,0x3A,0xFF,0xFD,0xFF,0xFF,0xFF,
	0xFF,0xFF,0xFF,0xFF,0xFF,0xFF,0xFF,0xFF,0xFF,0xFD,0xFF,0xD7,0x06,0x03,0x01,0x00,0x00,0x00,0x01,0x03,
	0x04,0x00,0x00,0x00,0x00,0x00,0x00,0x00,0x00,0x00,0x00,0x01,0x00,0x0E,0x05,0x00,0x00,0x00,0x02,0x04,
	0x02,0x01,0x03,0x00,0x3B,0xF9,0xFD,0xFF,0xFF,0xFF,0xFF,0xFF,0xFF,0xFF,0xFF,0xFF,0xFF,0xFF,0xFF,0xFB,
	0xFF,0x94,0x00,0x04,0x00,0x00,0x00,0x00,0x00,0x00,0x00,0x00,0x00,0x00,0x04,0x00,0x94,0xFF,0xFB,0xFF,
	0xFF,0xFF,0xFF,0xFF,0xFF,0xFF,0xFF,0xFF,0xFF,0xFF,0xFF,0xFD,0xF9,0x3B,0x00,0x03,0x01,0x02,0x04,0x02,
	0x00,0x00,0x00,0x05,0x0E,0x00,0x01,0x00,0x00,0x00,0x00,0x00,0x00,0x02,0x01,0xC1,0xDB,0x95,0x51,0x18,
	0x00,0x00,0x00,0x00,0x06,0x00,0x3F,0xF8,0xFD,0xFE,0xFF,0xFF,0xFF,0xFF,0xFF,0xFF,0xFF,0xFF,0xFF,0xFF,
	0xFF,0xFD,0xFF,0xE4,0x0A,0x00,0x01,0x00,0x00,0x00,0x00,0x00,0x00,0x00,0x00,0x01,0x00,0x0A,0xE4,0xFF,
	0xFD,0xFF,0xFF,0xFF,0xFF,0xFF,0xFF,0xFF,0xFF,0xFF,0xFF,0xFF,0xFE,0xFD,0xF8,0x3F,0x00,0x06,0x00,0x00,
	0x00,0x00,0x18,0x51,0x95,0xDB,0xC1,0x01,0x02,0x00,0x00,0x00,0x00,0x00,0x03,0x00,0x4A,0xFF,0xFF,0xFF,
	0xFF,0xEF,0xBA,0x76,0x33,0x06,0x00,0x17,0xEA,0xFF,0xFD,0xFF,0xFF,0xFF,0xFF,0xFF,0xFF,0xFF,0xFF,0xFF,
	0xFF,0xFF,0xFF,0xFF,0xFD,0xFF,0x4C,0x01,0x03,0x00,0x00,0x00,0x00,0x00,0x00,0x00,0x00,0x03,0x01,0x4C,
	0xFF,0xFD,0xFF,0xFF,0xFF,0xFF,0xFF,0xFF,0xFF,0xFF,0xFF,0xFF,0xFF,0xFF,0xFF,0xFD,0xFF,0xEA,0x17,0x00,
	0x06,0x33,0x76,0xBA,0xEF,0xFF,0xFF,0xFF,0xFF,0x4A,0x00,0x03,0x00,0x00,0x00,0x00,0x02,0x00,0xC4,0xFE,
	0xFA,0xFB,0xFC,0xFF,0xFF,0xFF,0xFF,0xDB,0x96,0xC1,0xFF,0xFD,0xFF,0xFF,0xFD,0xFD,0xFF,0xFF,0xFF,0xFF,
	0xFF,0xFF,0xFF,0xFF,0xFF,0xFF,0xFB,0xFE,0xA6,0x00,0x03,0x00,0x00,0x00,0x00,0x00,0x00,0x00,0x00,0x03,
	0x00,0xA6,0xFE,0xFB,0xFF,0xFF,0xFF,0xFF,0xFF,0xFF,0xFF,0xFF,0xFF,0xFF,0xFD,0xFD,0xFF,0xFF,0xFD,0xFF,
	0xC1,0x96,0xDB,0xFF,0xFF,0xFF,0xFF,0xFC,0xFB,0xFA,0xFE,0xC4,0x00,0x02,0x00,0x00,0x00,0x03,0x00,0x4E,
	0xFF,0xFA,0xFF,0xFF,0xFF,0xFE,0xFC,0xFB,0xFF,0xFF,0xFF,0xFF,0xFE,0xFF,0xFF,0xFE,0xFF,0xFF,0xFC,0xFF,
	0xFF,0xFF,0xFF,0xFF,0xFF,0xFF,0xFF,0xFF,0xFE,0xFF,0xEF,0x13,0x00,0x01,0x00,0x00,0x00,0x00,0x00,0x00,
	0x01,0x00,0x13,0xEF,0xFF,0xFE,0xFF,0xFF,0xFF,0xFF,0xFF,0xFF,0xFF,0xFF,0xFF,0xFC,0xFF,0xFF,0xFE,0xFF,
	0xFF,0xFE,0xFF,0xFF,0xFF,0xFF,0xFB,0xFC,0xFE,0xFF,0xFF,0xFF,0xFA,0xFF,0x4E,0x00,0x03,0x00,0x00,0x01,
	0x02,0x22,0xB8,0xFF,0xFD,0xFE,0xFF,0xFF,0xFF,0xFF,0xFF,0xFD,0xFB,0xFD,0xFF,0xFF,0xFD,0xFF,0xCA,0xD6,
	0xFF,0xFB,0xFF,0xFF,0xFF,0xFF,0xFF,0xFF,0xFF,0xFF,0xFF,0xFC,0xFF,0x5E,0x01,0x04,0x00,0x00,0x00,0x00,
	0x00,0x00,0x04,0x01,0x5E,0xFF,0xFC,0xFF,0xFF,0xFF,0xFF,0xFF,0xFF,0xFF,0xFF,0xFF,0xFB,0xFF,0xD6,0xCA,
	0xFF,0xFD,0xFF,0xFF,0xFD,0xFB,0xFD,0xFF,0xFF,0xFF,0xFF,0xFF,0xFE,0xFD,0xFF,0xB8,0x22,0x02,0x01,0x00,
	0x00,0x00,0x01,0x00,0x00,0x84,0xFF,0xFF,0xFC,0xFF,0xFF,0xFF,0xFF,0xFF,0xFF,0xFF,0xFF,0xFE,0xFD,0xEF,
	0x1A,0x10,0xB7,0xFF,0xFC,0xFE,0xFF,0xFF,0xFF,0xFF,0xFF,0xFF,0xFF,0xFC,0xFF,0xB8,0x00,0x02,0x00,0x00,
	0x00,0x00,0x00,0x00,0x02,0x00,0xB8,0xFF,0xFC,0xFF,0xFF,0xFF,0xFF,0xFF,0xFF,0xFF,0xFE,0xFC,0xFF,0xB7,
	0x10,0x1A,0xEF,0xFD,0xFE,0xFF,0xFF,0xFF,0xFF,0xFF,0xFF,0xFF,0xFF,0xFC,0xFF,0xFF,0x84,0x00,0x00,0x01,
	0x00,0x00,0x00,0x00,0x00,0x01,0x02,0x00,0x4F,0xEA,0xFF,0xFB,0xFF,0xFF,0xFF,0xFF,0xFF,0xFF,0xFF,0xFC,
	0xFF,0x64,0x00,0x01,0x00,0x86,0xFF,0xFF,0xFC,0xFF,0xFF,0xFF,0xFF,0xFF,0xFF,0xFE,0xFF,0xF7,0x1E,0x00,
	0x02,0x00,0x00,0x00,0x00,0x02,0x00,0x1E,0xF7,0xFF,0xFE,0xFF,0xFF,0xFF,0xFF,0xFF,0xFF,0xFC,0xFF,0xFF,
	0x86,0x00,0x01,0x00,0x64,0xFF,0xFC,0xFF,0xFF,0xFF,0xFF,0xFF,0xFF,0xFF,0xFB,0xFF,0xEA,0x4F,0x00,0x02,
	0x01,0x00,0x00,0x00,0x00,0x00,0x00,0x00,0x00,0x04,0x00,0x23,0xC3,0xFF,0xFC,0xFE,0xFF,0xFF,0xFF,0xFF,
	0xFC,0xFF,0xC4,0x00,0x03,0x02,0x02,0x00,0x54,0xEF,0xFF,0xFB,0xFF,0xFF,0xFF,0xFF,0xFF,0xFF,0xFB,0xFF,
	0x71,0x00,0x04,0x00,0x00,0x00,0x00,0x04,0x00,0x71,0xFF,0xFB,0xFF,0xFF,0xFF,0xFF,0xFF,0xFF,0xFB,0xFF,
	0xEF,0x54,0x00,0x02,0x02,0x03,0x00,0xC4,0xFF,0xFC,0xFF,0xFF,0xFF,0xFF,0xFE,0xFC,0xFF,0xC3,0x23,0x00,
	0x04,0x00,0x00,0x00,0x00,0x00,0x00,0x00,0x00,0x00,0x00,0x00,0x04,0x00,0x04,0x90,0xFF,0xFF,0xFE,0xFF,
	0xFF,0xFF,0xFD,0xFF,0x40,0x00,0x03,0x00,0x00,0x04,0x00,0x29,0xCD,0xFF,0xFB,0xFE,0xFF,0xFF,0xFF,0xFF,
	0xFC,0xFF,0xC9,0x00,0x01,0x00,0x00,0x00,0x00,0x01,0x00,0xC9,0xFF,0xFC,0xFF,0xFF,0xFF,0xFF,0xFE,0xFB,
	0xFF,0xCD,0x29,0x00,0x04,0x00,0x00,0x03,0x00,0x40,0xFF,0xFD,0xFF,0xFF,0xFF,0xFE,0xFF,0xFF,0x90,0x04,
	0x00,0x04,0x00,0x00,0x00,0x00,0x00,0x00,0x00,0x00,0x00,0x00,0x00,0x00,0x00,0x02,0x01,0x00,0x5B,0xE8,
	0xFD,0xFE,0xFF,0xFC,0xFF,0xC3,0x00,0x02,0x00,0x00,0x00,0x00,0x04,0x00,0x0A,0x9F,0xFF,0xFE,0xFD,0xFF,
	0xFF,0xFF,0xFF,0xFE,0xFD,0x2D,0x03,0x06,0x04,0x04,0x06,0x03,0x2D,0xFD,0xFE,0xFF,0xFF,0xFF,0xFF,0xFD,
	0xFE,0xFF,0x9F,0x0A,0x00,0x04,0x00,0x00,0x00,0x00,0x02,0x00,0xC3,0xFF,0xFC,0xFF,0xFE,0xFD,0xE8,0x5B,
	0x00,0x01,0x02,0x00,0x00,0x00,0x00,0x00,0x00,0x00,0x00,0x00,0x00,0x00,0x00,0x00,0x00,0x00,0x01,0x05,
	0x00,0xA3,0xFF,0xFB,0xFF,0xFC,0xFF,0x59,0x00,0x04,0x00,0x00,0x00,0x00,0x00,0x02,0x00,0x00,0x6D,0xFB,
	0xFF,0xFB,0xFF,0xFF,0xFF,0xFB,0xFF,0x84,0x00,0x00,0x00,0x00,0x00,0x00,0x84,0xFF,0xFB,0xFF,0xFF,0xFF,
	0xFB,0xFF,0xFB,0x6D,0x00,0x00,0x02,0x00,0x00,0x00,0x00,0x00,0x04,0x00,0x59,0xFF,0xFC,0xFF,0xFB,0xFF,
	0xA3,0x00,0x05,0x01,0x00,0x00,0x00,0x00,0x00,0x00,0x00,0x00,0x00,0x01,0x02,0x03,0x03,0x04,0x04,0x04,
	0x04,0x02,0x0D,0xE5,0xFF,0xFD,0xFE,0xFF,0xE8,0x0C,0x00,0x01,0x00,0x00,0x00,0x00,0x00,0x00,0x01,0x03,
	0x00,0x3D,0xDF,0xFF,0xFB,0xFF,0xFF,0xFD,0xFF,0xD7,0x3F,0x75,0x91,0x91,0x75,0x3F,0xD7,0xFF,0xFD,0xFF,
	0xFF,0xFB,0xFF,0xDF,0x3D,0x00,0x03,0x01,0x00,0x00,0x00,0x00,0x00,0x00,0x01,0x00,0x0C,0xE8,0xFF,0xFE,
	0xFD,0xFF,0xE5,0x0D,0x02,0x04,0x04,0x04,0x04,0x03,0x03,0x02,0x01,0x00,0x00,0x00,0x00,0x00,0x00,0x00,
	0x00,0x00,0x00,0x00,0x3B,0xFF,0xFD,0xFF,0xFB,0xFF,0xA1,0x00,0x03,0x00,0x00,0x00,0x00,0x00,0x00,0x00,
	0x00,0x00,0x04,0x00,0x18,0xB7,0xFF,0xFD,0xFF,0xFF,0xFF,0xFF,0xFF,0xFF,0xFF,0xFF,0xFF,0xFF,0xFF,0xFF,
	0xFF,0xFF,0xFD,0xFF,0xB7,0x18,0x00,0x04,0x00,0x00,0x00,0x00,0x00,0x00,0x00,0x00,0x00,0x03,0x00,0xA1,
	0xFF,0xFB,0xFF,0xFD,0xFF,0x3B,0x00,0x00,0x00,0x00,0x00,0x00,0x00,0x00,0x00,0x00,0x03,0x13,0x23,0x36,
	0x4C,0x64,0x7C,0x94,0xAB,0xC1,0xE3,0xFF,0xFE,0xFF,0xFC,0xFF,0x56,0x01,0x04,0x00,0x00,0x00,0x00,0x00,
	0x00,0x00,0x00,0x00,0x00,0x03,0x00,0x00,0x86,0xFF,0xFE,0xFE,0xFF,0xFF,0xFD,0xFB,0xFB,0xFB,0xFB,0xFD,
	0xFF,0xFF,0xFE,0xFE,0xFF,0x86,0x00,0x00,0x03,0x00,0x00,0x00,0x00,0x00,0x00,0x00,0x00,0x00,0x00,0x04,
	0x01,0x56,0xFF,0xFC,0xFF,0xFE,0xFF,0xE3,0xC1,0xAB,0x94,0x7C,0x64,0x4C,0x36,0x23,0x13,0x03,0x6A,0xEF,
	0xF9,0xFF,0xFF,0xFF,0xFF,0xFF,0xFF,0xFF,0xFF,0xFF,0xFF,0xFE,0xFF,0xF9,0x20,0x00,0x02,0x00,0x00,0x00,
	0x00,0x00,0x00,0x00,0x00,0x00,0x00,0x00,0x02,0x02,0x00,0x52,0xF7,0xFD,0xFE,0xFF,0xFF,0xFF,0xFF,0xFF,
	0xFF,0xFF,0xFF,0xFE,0xFD,0xF7,0x52,0x00,0x02,0x02,0x00,0x00,0x00,0x00,0x00,0x00,0x00,0x00,0x00,0x00,
	0x00,0x02,0x00,0x20,0xF9,0xFF,0xFE,0xFF,0xFF,0xFF,0xFF,0xFF,0xFF,0xFF,0xFF,0xFF,0xFF,0xF9,0xEF,0x6A,
	0x92,0xFF,0xFD,0xFE,0xFC,0xFB,0xFB,0xFB,0xFB,0xFC,0xFD,0xFF,0xFF,0xFD,0xFF,0xD9,0x02,0x00,0x00,0x00,
	0x00,0x00,0x00,0x00,0x00,0x00,0x00,0x00,0x00,0x00,0x00,0x04,0x01,0x4F,0xFB,0xFC,0xFF,0xFF,0xFF,0xFF,
	0xFE,0xFE,0xFF,0xFF,0xFF,0xFF,0xFC,0xFB,0x4F,0x01,0x04,0x00,0x00,0x00,0x00,0x00,0x00,0x00,0x00,0x00,
	0x00,0x00,0x00,0x00,0x00,0x02,0xD9,0xFF,0xFD,0xFF,0xFF,0xFD,0xFC,0xFB,0xFB,0xFB,0xFB,0xFC,0xFE,0xFD,
	0xFF,0x92,0xA5,0xFD,0xFB,0xFF,0xFF,0xFF,0xFF,0xFF,0xFF,0xFF,0xFF,0xFF,0xFF,0xFC,0xFF,0xB4,0x00,0x03,
	0x00,0x00,0x00,0x00,0x00,0x00,0x00,0x00,0x00,0x00,0x00,0x00,0x01,0x01,0x09,0xE2,0xFF,0xFD,0xFF,0xFF,
	0xFF,0xFC,0xFF,0xFF,0xFC,0xFF,0xFF,0xFF,0xFD,0xFF,0xE2,0x09,0x01,0x01,0x00,0x00,0x00,0x00,0x00,0x00,
	0x00,0x00,0x00,0x00,0x00,0x00,0x03,0x00,0xB4,0xFF,0xFC,0xFF,0xFF,0xFF,0xFF,0xFF,0xFF,0xFF,0xFF,0xFF,
	0xFF,0xFB,0xFD,0xA5,0xCA,0xFF,0xFA,0xFB,0xFD,0xFF,0xFF,0xFF,0xFF,0xFF,0xFF,0xFF,0xFF,0xFB,0xFF,0x95,
	0x00,0x04,0x00,0x00,0x00,0x00,0x00,0x00,0x00,0x00,0x00,0x00,0x00,0x00,0x03,0x00,0x4B,0xFF,0xFC,0xFF,
	0xFF,0xFF,0xFE,0xFF,0xF5,0xF5,0xFF,0xFE,0xFF,0xFF,0xFF,0xFC,0xFF,0x4B,0x00,0x03,0x00,0x00,0x00,0x00,
	0x00,0x00,0x00,0x00,0x00,0x00,0x00,0x00,0x04,0x00,0x95,0xFF,0xFB,0xFF,0xFF,0xFF,0xFF,0xFF,0xFF,0xFF,
	0xFF,0xFD,0xFB,0xFA,0xFF,0xCA,0xA9,0xF5,0xFF,0xFF,0xFF,0xFE,0xFB,0xFC,0xFE,0xFF,0xFF,0xFF,0xFF,0xFB,
	0xFF,0x81,0x02,0x06,0x02,0x02,0x03,0x03,0x03,0x03,0x04,0x04,0x04,0x04,0x04,0x04,0x08,0x04,0x8E,0xFE,
	0xFB,0xFF,0xFF,0xFD,0xFF,0xA0,0x1D,0x1D,0xA0,0xFF,0xFD,0xFF,0xFF,0xFB,0xFE,0x8E,0x04,0x08,0x04,0x04,
	0x04,0x04,0x04,0x04,0x03,0x03,0x03,0x03,0x02,0x02,0x06,0x02,0x81,0xFF,0xFB,0xFF,0xFF,0xFF,0xFF,0xFE,
	0xFC,0xFB,0xFE,0xFF,0xFF,0xFF,0xF5,0xA9,0x00,0x1F,0x5C,0xA3,0xE0,0xFF,0xFF,0xFF,0xFF,0xFC,0xFF,0xFF,
	0xFF,0xFB,0xFF,0x72,0x00,0x00,0x00,0x00,0x00,0x00,0x00,0x00,0x00,0x00,0x00,0x00,0x00,0x00,0x00,0x00,
	0xA7,0xFF,0xFB,0xFF,0xFE,0xFF,0xE4,0x06,0x00,0x00,0x06,0xE4,0xFF,0xFE,0xFF,0xFB,0xFF,0xA7,0x00,0x00,
	0x00,0x00,0x00,0x00,0x00,0x00,0x00,0x00,0x00,0x00,0x00,0x00,0x00,0x00,0x72,0xFF,0xFB,0xFF,0xFF,0xFF,
	0xFC,0xFF,0xFF,0xFF,0xFF,0xE0,0xA3,0x5C,0x1F,0x00,0x00,0x00,0x00,0x00,0x0A,0x3C,0x81,0xC5,0xF7,0xFF,
	0xFF,0xFF,0xFF,0xFB,0xFF,0x83,0x1B,0x26,0x28,0x2F,0x35,0x3C,0x43,0x4A,0x52,0x5A,0x61,0x69,0x71,0x79,
	0x82,0x89,0xDD,0xFF,0xFE,0xFF,0xFD,0xFF,0xD6,0x00,0x04,0x04,0x00,0xD6,0xFF,0xFD,0xFF,0xFE,0xFF,0xDD,
	0x89,0x82,0x79,0x71,0x69,0x61,0x5A,0x52,0x4A,0x43,0x3C,0x35,0x2F,0x28,0x26,0x1B,0x83,0xFF,0xFB,0xFF,
	0xFF,0xFF,0xFF,0xF7,0xC5,0x81,0x3C,0x0A,0x00,0x00,0x00,0x00,0x00,0x02,0x04,0x03,0x00,0x00,0x00,0x00,
	0x21,0x72,0xFE,0xFE,0xFE,0xFF,0xFF,0xF9,0xF6,0xFB,0xFF,0xFF,0xFF,0xFF,0xFF,0xFF,0xFF,0xFF,0xFF,0xFF,
	0xFF,0xFF,0xFF,0xFF,0xFF,0xFF,0xFF,0xFF,0xFF,0xFD,0xFD,0x5E,0x00,0x00,0x5E,0xFD,0xFD,0xFF,0xFF,0xFF,
	0xFF,0xFF,0xFF,0xFF,0xFF,0xFF,0xFF,0xFF,0xFF,0xFF,0xFF,0xFF,0xFF,0xFF,0xFF,0xFF,0xFB,0xF6,0xF9,0xFF,
	0xFF,0xFE,0xFE,0xFE,0x72,0x21,0x00,0x00,0x00,0x00,0x03,0x04,0x02,0x00,0x00,0x00,0x00,0x00,0x01,0x03,
	0x04,0x03,0x00,0x13,0xF9,0xFF,0xFE,0xFF,0xFF,0xFF,0xFF,0xFF,0xFF,0xFF,0xFE,0xFD,0xFD,0xFC,0xFC,0xFC,
	0xFB,0xFB,0xFB,0xFB,0xFB,0xFB,0xFE,0xFF,0xFF,0xFF,0xFF,0xFE,0xFF,0xFF,0xB9,0xB9,0xFF,0xFF,0xFE,0xFF,
	0xFF,0xFF,0xFF,0xFE,0xFB,0xFB,0xFB,0xFB,0xFB,0xFB,0xFC,0xFC,0xFC,0xFD,0xFD,0xFE,0xFF,0xFF,0xFF,0xFF,
	0xFF,0xFF,0xFF,0xFE,0xFF,0xF9,0x13,0x00,0x03,0x04,0x03,0x01,0x00,0x00,0x00,0x00,0x00,0x00,0x00,0x00,
	0x00,0x00,0x00,0x03,0x05,0x0C,0xE8,0xFF,0xFE,0xFF,0xFF,0xFF,0xFE,0xFE,0xFE,0xFF,0xFF,0xFF,0xFF,0xFF,
	0xFF,0xFF,0xFF,0xFF,0xFF,0xFF,0xFF,0xFF,0xFD,0xFC,0xFE,0xFF,0xFF,0xFF,0xFF,0xFF,0xFF,0xFF,0xFF,0xFF,
	0xFF,0xFF,0xFF,0xFE,0xFC,0xFD,0xFF,0xFF,0xFF,0xFF,0xFF,0xFF,0xFF,0xFF,0xFF,0xFF,0xFF,0xFF,0xFF,0xFE,
	0xFE,0xFE,0xFF,0xFF,0xFF,0xFE,0xFF,0xE8,0x0C,0x05,0x03,0x00,0x00,0x00,0x00,0x00,0x00,0x00,0x00,0x00,
	0x00,0x00,0x00,0x01,0x03,0x00,0x00,0x1F,0xE5,0xFE,0xFE,0xFF,0xFF,0xFF,0xFF,0xFF,0xFF,0xFF,0xFF,0xFF,
	0xFF,0xFF,0xFF,0xFF,0xFF,0xFF,0xFF,0xFF,0xFF,0xFC,0xFF,0xFF,0xFF,0xFD,0xFF,0xFF,0xFF,0xFF,0xFC,0xFC,
	0xFF,0xFF,0xFF,0xFF,0xFD,0xFF,0xFF,0xFF,0xFC,0xFF,0xFF,0xFF,0xFF,0xFF,0xFF,0xFF,0xFF,0xFF,0xFF,0xFF,
	0xFF,0xFF,0xFF,0xFF,0xFF,0xFF,0xFF,0xFE,0xFE,0xE5,0x1F,0x00,0x00,0x03,0x01,0x00,0x00,0x00,0x00,0x00,
	0x00,0x00,0x00,0x01,0x03,0x00,0x00,0x1E,0x8B,0xEF,0xFF,0xFE,0xFF,0xFF,0xFF,0xFF,0xFF,0xFF,0xFF,0xFF,
	0xFF,0xFF,0xFF,0xFF,0xFF,0xFF,0xFF,0xFF,0xFF,0xFE,0xFC,0xFF,0xE1,0x59,0xCD,0xFF,0xFA,0xFF,0xFF,0xFF,
	0xFF,0xFF,0xFF,0xFF,0xFF,0xFA,0xFF,0xCD,0x59,0xE1,0xFF,0xFC,0xFE,0xFF,0xFF,0xFF,0xFF,0xFF,0xFF,0xFF,
	0xFF,0xFF,0xFF,0xFF,0xFF,0xFF,0xFF,0xFF,0xFF,0xFF,0xFE,0xFF,0xEF,0x8B,0x1E,0x00,0x00,0x03,0x01,0x00,
	0x00,0x00,0x00,0x01,0x04,0x00,0x00,0x1E,0x8A,0xEF,0xFF,0xFF,0xFF,0xFF,0xFF,0xFF,0xFF,0xFF,0xFF,0xFF,
	0xFF,0xFF,0xFF,0xFF,0xFF,0xFF,0xFF,0xFF,0xFF,0xFF,0xFC,0xFF,0xFF,0xA0,0x15,0x00,0x22,0xD7,0xFF,0xFE,
	0xFD,0xFF,0xFF,0xFF,0xFF,0xFD,0xFE,0xFF,0xD7,0x22,0x00,0x15,0xA0,0xFF,0xFF,0xFC,0xFF,0xFF,0xFF,0xFF,
	0xFF,0xFF,0xFF,0xFF,0xFF,0xFF,0xFF,0xFF,0xFF,0xFF,0xFF,0xFF,0xFF,0xFF,0xFF,0xFF,0xEF,0x8A,0x1E,0x00,
	0x00,0x04,0x01,0x00,0x00,0x00,0x00,0x1E,0x8B,0xEF,0xFF,0xFF,0xFB,0xFE,0xFF,0xFF,0xFF,0xFF,0xFF,0xFF,
	0xFF,0xFF,0xFF,0xFF,0xFF,0xFF,0xFF,0xFF,0xFF,0xFF,0xFE,0xFC,0xFF,0xE6,0x56,0x00,0x00,0x05,0x00,0x14,
	0xA1,0xFE,0xFF,0xFE,0xFF,0xFF,0xFE,0xFF,0xFE,0xA1,0x14,0x00,0x05,0x00,0x00,0x56,0xE6,0xFF,0xFC,0xFE,
	0xFF,0xFF,0xFF,0xFF,0xFF,0xFF,0xFF,0xFF,0xFF,0xFF,0xFF,0xFF,0xFF,0xFF,0xFF,0xFF,0xFE,0xFB,0xFF,0xFF,
	0xEF,0x8B,0x1E,0x00,0x00,0x00,0x01,0x20,0x8A,0xEF,0xFF,0xFF,0xFB,0xFE,0xFF,0xFF,0xFF,0xFF,0xFF,0xFF,
	0xFF,0xFF,0xFF,0xFF,0xFF,0xFF,0xFF,0xFF,0xFF,0xFF,0xFF,0xFC,0xFF,0xFF,0xAA,0x1A,0x00,0x03,0x01,0x00,
	0x02,0x00,0x00,0x33,0xB6,0xFE,0xFD,0xFD,0xFE,0xB6,0x33,0x00,0x00,0x02,0x00,0x01,0x03,0x00,0x1A,0xAA,
	0xFF,0xFF,0xFC,0xFF,0xFF,0xFF,0xFF,0xFF,0xFF,0xFF,0xFF,0xFF,0xFF,0xFF,0xFF,0xFF,0xFF,0xFF,0xFF,0xFF,
	0xFE,0xFB,0xFF,0xFF,0xEF,0x8A,0x20,0x01,0x00,0xB2,0xFF,0xFF,0xFB,0xFE,0xFF,0xFF,0xFF,0xFF,0xFF,0xFF,
	0xFF,0xFF,0xFF,0xFF,0xFF,0xFF,0xFF,0xFF,0xFF,0xFF,0xFF,0xFE,0xFB,0xFF,0xEC,0x61,0x00,0x00,0x03,0x00,
	0x00,0x00,0x00,0x01,0x05,0x00,0xA5,0xFF,0xFB,0xFB,0xFF,0xA5,0x00,0x05,0x01,0x00,0x00,0x00,0x00,0x03,
	0x00,0x00,0x61,0xEC,0xFF,0xFB,0xFE,0xFF,0xFF,0xFF,0xFF,0xFF,0xFF,0xFF,0xFF,0xFF,0xFF,0xFF,0xFF,0xFF,
	0xFF,0xFF,0xFF,0xFF,0xFE,0xFB,0xFF,0xFF,0xB2,0x00,0x00,0x75,0xFB,0xFA,0xFF,0xFF,0xFF,0xFE,0xFE,0xFD,
	0xFD,0xFC,0xFD,0xFF,0xFF,0xFF,0xFF,0xFF,0xFF,0xFF,0xFF,0xFF,0xFC,0xFF,0xFF,0xB4,0x21,0x00,0x03,0x01,
	0x00,0x00,0x00,0x00,0x00,0x01,0x00,0x12,0xEF,0xFF,0xFE,0xFE,0xFF,0xEF,0x12,0x00,0x01,0x00,0x00,0x00,
	0x00,0x00,0x01,0x03,0x00,0x21,0xB4,0xFF,0xFF,0xFC,0xFF,0xFF,0xFF,0xFF,0xFF,0xFF,0xFF,0xFF,0xFF,0xFD,
	0xFC,0xFD,0xFD,0xFE,0xFE,0xFF,0xFF,0xFF,0xFA,0xFB,0x75,0x00,0x00,0x30,0xFD,0xFA,0xFB,0xFC,0xFE,0xFF,
	0xFF,0xFF,0xFF,0xFF,0xFF,0xFF,0xFF,0xFF,0xFF,0xFF,0xFF,0xFF,0xFE,0xFB,0xFF,0xF2,0x6B,0x00,0x00,0x04,
	0x00,0x00,0x00,0x00,0x00,0x00,0x00,0x03,0x00,0x48,0xFF,0xFD,0xFF,0xFF,0xFD,0xFF,0x48,0x00,0x03,0x00,
	0x00,0x00,0x00,0x00,0x00,0x00,0x04,0x00,0x00,0x6B,0xF2,0xFF,0xFB,0xFE,0xFF,0xFF,0xFF,0xFF,0xFF,0xFF,
	0xFF,0xFF,0xFF,0xFF,0xFF,0xFF,0xFF,0xFE,0xFC,0xFB,0xFA,0xFD,0x30,0x00,0x01,0x05,0xE8,0xFF,0xFF,0xFF,
	0xFF,0xFD,0xF1,0xE2,0xD2,0xBC,0xD8,0xFF,0xFE,0xFF,0xFF,0xFF,0xFF,0xFF,0xFF,0xFF,0xBD,0x29,0x00,0x02,
	0x02,0x00,0x00,0x00,0x00,0x00,0x00,0x00,0x00,0x04,0x00,0x90,0xFF,0xFB,0xFF,0xFF,0xFB,0xFF,0x90,0x00,
	0x04,0x00,0x00,0x00,0x00,0x00,0x00,0x00,0x00,0x02,0x02,0x00,0x29,0xBD,0xFF,0xFF,0xFF,0xFF,0xFF,0xFF,
	0xFF,0xFE,0xFF,0xD8,0xBC,0xD2,0xE2,0xF1,0xFD,0xFF,0xFF,0xFF,0xFF,0xE8,0x05,0x01,0x02,0x00,0x5F,0x7E,
	0x63,0x4F,0x3A,0x26,0x16,0x08,0x00,0x00,0x30,0xFF,0xFD,0xFF,0xFF,0xFF,0xFE,0xFE,0xF6,0x75,0x00,0x00,
	0x04,0x00,0x00,0x00,0x00,0x00,0x00,0x00,0x00,0x00,0x00,0x01,0x03,0xD5,0xFF,0xFD,0xFF,0xFF,0xFD,0xFF,
	0xD5,0x03,0x01,0x00,0x00,0x00,0x00,0x00,0x00,0x00,0x00,0x00,0x00,0x04,0x00,0x00,0x75,0xF6,0xFE,0xFE,
	0xFF,0xFF,0xFF,0xFD,0xFF,0x30,0x00,0x00,0x08,0x16,0x26,0x3A,0x4F,0x63,0x7E,0x5F,0x00,0x02,0x00,0x00,
	0x00,0x00,0x00,0x00,0x00,0x00,0x00,0x00,0x00,0x05,0x00,0xAA,0xFF,0xFC,0xFF,0xFE,0xFE,0xF4,0x33,0x00,
	0x02,0x02,0x00,0x00,0x00,0x00,0x00,0x00,0x00,0x00,0x00,0x00,0x02,0x00,0x2B,0xFD,0xFE,0xFF,0xFF,0xFF,
	0xFF,0xFE,0xFD,0x2B,0x00,0x02,0x00,0x00,0x00,0x00,0x00,0x00,0x00,0x00,0x00,0x00,0x02,0x02,0x00,0x33,
	0xF4,0xFE,0xFE,0xFF,0xFC,0xFF,0xAA,0x00,0x05,0x00,0x00,0x00,0x00,0x00,0x00,0x00,0x00,0x00,0x00,0x00,
	0x00,0x00,0x03,0x04,0x04,0x03,0x03,0x02,0x01,0x01,0x00,0x05,0x00,0x56,0xFF,0xFC,0xFF,0xFF,0xFC,0xFE,
	0x7F,0x00,0x05,0x00,0x00,0x00,0x00,0x00,0x00,0x00,0x00,0x00,0x00,0x00,0x04,0x00,0x6F,0xFF,0xFB,0xFF,
	0xFF,0xFF,0xFF,0xFB,0xFF,0x6F,0x00,0x04,0x00,0x00,0x00,0x00,0x00,0x00,0x00,0x00,0x00,0x00,0x00,0x05,
	0x00,0x7F,0xFE,0xFC,0xFF,0xFF,0xFC,0xFF,0x56,0x00,0x05,0x00,0x01,0x01,0x02,0x03,0x03,0x04,0x04,0x03,
	0x00,0x00,0x00,0x00,0x00,0x00,0x00,0x00,0x00,0x00,0x00,0x00,0x03,0x00,0x28,0xE5,0xFE,0xFE,0xFF,0xFF,
	0xFE,0xFD,0xFF,0x56,0x00,0x05,0x00,0x00,0x00,0x00,0x00,0x00,0x00,0x00,0x00,0x00,0x02,0x00,0xB7,0xFF,
	0xFC,0xFF,0xFF,0xFF,0xFF,0xFC,0xFF,0xB7,0x00,0x02,0x00,0x00,0x00,0x00,0x00,0x00,0x00,0x00,0x00,0x00,
	0x05,0x00,0x56,0xFF,0xFD,0xFE,0xFF,0xFF,0xFE,0xFE,0xE5,0x28,0x00,0x03,0x00,0x00,0x00,0x00,0x00,0x00,
	0x00,0x00,0x00,0x00,0x00,0x00,0x00,0x00,0x00,0x00,0x00,0x00,0x00,0x02,0x00,0x19,0xDD,0xFF,0xFD,0xFF,
	0xFF,0xFF,0xFF,0xFE,0xFD,0xF8,0x3D,0x00,0x05,0x00,0x00,0x00,0x00,0x00,0x00,0x00,0x00,0x01,0x00,0x13,
	0xF0,0xFF,0xFE,0xFF,0xFF,0xFF,0xFF,0xFE,0xFF,0xF0,0x13,0x00,0x01,0x00,0x00,0x00,0x00,0x00,0x00,0x00,
	0x00,0x05,0x00,0x3D,0xF8,0xFD,0xFE,0xFF,0xFF,0xFF,0xFF,0xFD,0xFF,0xDD,0x19,0x00,0x02,0x00,0x00,0x00,
	0x00,0x00,0x00,0x00,0x00,0x00,0x00,0x00,0x00,0x00,0x00,0x00,0x00,0x00,0x02,0x01,0x0D,0xCD,0xFF,0xFC,
	0xFF,0xFF,0xFF,0xFF,0xFF,0xFF,0xFD,0xFF,0xF1,0x3A,0x00,0x05,0x00,0x00,0x00,0x00,0x00,0x00,0x00,0x03,
	0x00,0x4E,0xFF,0xFC,0xFF,0xFF,0xFF,0xFF,0xFF,0xFF,0xFC,0xFF,0x4E,0x00,0x03,0x00,0x00,0x00,0x00,0x00,
	0x00,0x00,0x05,0x00,0x3A,0xF1,0xFF,0xFD,0xFF,0xFF,0xFF,0xFF,0xFF,0xFF,0xFC,0xFF,0xCD,0x0D,0x01,0x02,
	0x00,0x00,0x00,0x00,0x00,0x00,0x00,0x00,0x00,0x00,0x00,0x00,0x00,0x00,0x00,0x01,0x02,0x04,0xBA,0xFF,
	0xFB,0xFF,0xFF,0xFF,0xFF,0xFF,0xFF,0xFF,0xFF,0xFD,0xFF,0xF2,0x4D,0x00,0x03,0x02,0x00,0x00,0x00,0x00,
	0x00,0x04,0x00,0x97,0xFE,0xFB,0xFF,0xFF,0xFF,0xFF,0xFF,0xFF,0xFB,0xFE,0x97,0x00,0x04,0x00,0x00,0x00,
	0x00,0x00,0x02,0x03,0x00,0x4D,0xF2,0xFF,0xFD,0xFF,0xFF,0xFF,0xFF,0xFF,0xFF,0xFF,0xFF,0xFB,0xFF,0xBA,
	0x04,0x02,0x01,0x00,0x00,0x00,0x00,0x00,0x00,0x00,0x00,0x00,0x00,0x00,0x00,0x00,0x01,0x03,0x00,0xA6,
	0xFF,0xFB,0xFF,0xFF,0xFF,0xFF,0xFF,0xFD,0xFC,0xFD,0xFF,0xFF,0xFD,0xFF,0xFF,0x74,0x00,0x00,0x04,0x01,
	0x00,0x00,0x00,0x01,0x04,0xDA,0xFF,0xFD,0xFF,0xFF,0xFF,0xFF,0xFF,0xFF,0xFD,0xFF,0xDA,0x04,0x01,0x00,
	0x00,0x00,0x01,0x04,0x00,0x00,0x74,0xFF,0xFF,0xFD,0xFF,0xFF,0xFD,0xFC,0xFD,0xFF,0xFF,0xFF,0xFF,0xFF,
	0xFB,0xFF,0xA6,0x00,0x03,0x01,0x00,0x00,0x00,0x00,0x00,0x00,0x00,0x00,0x00,0x00,0x00,0x00,0x02,0x00,
	0x90,0xFF,0xFA,0xFF,0xFF,0xFF,0xFF,0xFD,0xFC,0xFF,0xFF,0xFF,0xFC,0xFF,0xFF,0xFE,0xFD,0xFF,0xB1,0x24,
	0x00,0x00,0x04,0x01,0x02,0x00,0x30,0xFE,0xFE,0xFF,0xFF,0xFF,0xFF,0xFF,0xFF,0xFF,0xFF,0xFE,0xFE,0x30,
	0x00,0x02,0x01,0x04,0x00,0x00,0x24,0xB1,0xFF,0xFD,0xFE,0xFF,0xFF,0xFC,0xFF,0xFF,0xFF,0xFC,0xFD,0xFF,
	0xFF,0xFF,0xFF,0xFA,0xFF,0x90,0x00,0x02,0x00,0x00,0x00,0x00,0x00,0x00,0x00,0x00,0x00,0x00,0x00,0x03,
	0x00,0x81,0xFF,0xFA,0xFF,0xFF,0xFF,0xFD,0xFC,0xFF,0xFF,0xD3,0x64,0xB9,0xFF,0xFD,0xFF,0xFF,0xFF,0xFC,
	0xFF,0xF1,0x7B,0x10,0x00,0x00,0x07,0x03,0x75,0xFF,0xFB,0xFF,0xFF,0xFF,0xFF,0xFF,0xFF,0xFF,0xFF,0xFB,
	0xFF,0x75,0x03,0x07,0x00,0x00,0x10,0x7B,0xF1,0xFF,0xFC,0xFF,0xFF,0xFF,0xFD,0xFF,0xB9,0x64,0xD3,0xFF,
	0xFF,0xFC,0xFD,0xFF,0xFF,0xFF,0xFA,0xFF,0x81,0x00,0x03,0x00,0x00,0x00,0x00,0x00,0x00,0x00,0x00,0x00,
	0x00,0x03,0x00,0x90,0xFF,0xFB,0xFF,0xFD,0xFC,0xFF,0xFF,0xD1,0x5F,0x06,0x00,0x0A,0xAF,0xFD,0xFD,0xFF,
	0xFF,0xFF,0xFC,0xFF,0xFF,0xE0,0x75,0x1C,0x00,0x00,0xBD,0xFF,0xFC,0xFF,0xFF,0xFF,0xFF,0xFF,0xFF,0xFF,
	0xFF,0xFC,0xFF,0xBD,0x00,0x00,0x1C,0x75,0xE0,0xFF,0xFF,0xFC,0xFF,0xFF,0xFF,0xFD,0xFD,0xAF,0x0A,0x00,
	0x06,0x5F,0xD1,0xFF,0xFF,0xFC,0xFD,0xFF,0xFB,0xFF,0x90,0x00,0x03,0x00,0x00,0x00,0x00,0x00,0x00,0x00,
	0x00,0x00,0x00,0x01,0x02,0x00,0xC0,0xFF,0xF9,0xFF,0xFF,0xD0,0x5E,0x05,0x00,0x00,0x05,0x00,0x05,0xE7,
	0xFF,0xFE,0xFF,0xFF,0xFF,0xFE,0xFC,0xFF,0xFF,0xF0,0xA6,0x61,0xF0,0xFF,0xFE,0xFF,0xFF,0xFF,0xFF,0xFF,
	0xFF,0xFF,0xFF,0xFE,0xFF,0xF0,0x61,0xA6,0xF0,0xFF,0xFF,0xFC,0xFE,0xFF,0xFF,0xFF,0xFE,0xFF,0xE7,0x05,
	0x00,0x05,0x00,0x00,0x05,0x5E,0xD0,0xFF,0xFF,0xF9,0xFF,0xC0,0x00,0x02,0x01,0x00,0x00,0x00,0x00,0x00,
	0x00,0x00,0x00,0x00,0x00,0x00,0x02,0x01,0x1B,0xEC,0xFF,0xCF,0x5E,0x04,0x00,0x00,0x03,0x01,0x03,0x02,
	0x45,0xFE,0xFD,0xFF,0xFF,0xFF,0xFF,0xFF,0xFF,0xFD,0xFB,0xFF,0xFF,0xFF,0xFF,0xFF,0xFF,0xFF,0xFF,0xFF,
	0xFF,0xFF,0xFF,0xFF,0xFF,0xFF,0xFF,0xFF,0xFF,0xFF,0xFF,0xFB,0xFD,0xFF,0xFF,0xFF,0xFF,0xFF,0xFF,0xFD,
	0xFE,0x45,0x02,0x03,0x01,0x03,0x00,0x00,0x04,0x5E,0xCF,0xFF,0xEC,0x1B,0x01,0x02,0x00,0x00,0x00,0x00,
	0x00,0x00,0x00,0x00,0x00,0x00,0x00,0x00,0x00,0x03,0x00,0x46,0x64,0x02,0x00,0x00,0x03,0x01,0x00,0x00,
	0x03,0x00,0xA6,0xFF,0xFB,0xFF,0xFF,0xFF,0xFF,0xFF,0xFD,0xFF,0xFF,0xFE,0xFB,0xFC,0xFF,0xFF,0xFF,0xFF,
	0xFF,0xFF,0xFF,0xFF,0xFF,0xFF,0xFF,0xFF,0xFF,0xFF,0xFC,0xFB,0xFE,0xFF,0xFF,0xFD,0xFF,0xFF,0xFF,0xFF,
	0xFF,0xFB,0xFF,0xA6,0x00,0x03,0x00,0x00,0x01,0x03,0x00,0x00,0x02,0x64,0x46,0x00,0x03,0x00,0x00,0x00,
	0x00,0x00,0x00,0x00,0x00,0x00,0x00,0x00,0x00,0x00,0x00,0x00,0x01,0x00,0x00,0x00,0x03,0x01,0x00,0x00,
	0x00,0x01,0x00,0x16,0xF1,0xFF,0xFE,0xFF,0xFF,0xFF,0xFF,0xFE,0xFF,0xFE,0xFB,0xFF,0xFF,0xFF,0xFF,0xFF,
	0xFF,0xFF,0xFF,0xFF,0xFF,0xFF,0xFF,0xFF,0xFF,0xFF,0xFF,0xFF,0xFF,0xFF,0xFF,0xFB,0xFE,0xFF,0xFE,0xFF,
	0xFF,0xFF,0xFF,0xFE,0xFF,0xF1,0x16,0x00,0x01,0x00,0x00,0x00,0x01,0x03,0x00,0x00,0x00,0x01,0x00,0x00,
	0x00,0x00,0x00,0x00,0x00,0x00,0x00,0x00,0x00,0x00,0x00,0x00,0x00,0x00,0x00,0x02,0x04,0x01,0x00,0x00,
	0x00,0x00,0x00,0x04,0x00,0x69,0xFF,0xFB,0xFF,0xFF,0xFF,0xFF,0xFD,0xFF,0xDC,0xFF,0xFF,0xFF,0xFF,0xFF,
	0xFF,0xFF,0xFF,0xFF,0xFF,0xFF,0xFF,0xFF,0xFF,0xFF,0xFF,0xFF,0xFF,0xFF,0xFF,0xFF,0xFF,0xFF,0xFF,0xDC,
	0xFF,0xFD,0xFF,0xFF,0xFF,0xFF,0xFB,0xFF,0x69,0x00,0x04,0x00,0x00,0x00,0x00,0x00,0x01,0x04,0x02,0x00,
	0x00,0x00,0x00,0x00,0x00,0x00,0x00,0x00,0x00,0x00,0x00,0x00,0x00,0x00,0x00,0x00,0x00,0x00,0x00,0x00,
	0x00,0x00,0x00,0x00,0x00,0x02,0x00,0xC8,0xFF,0xFC,0xFF,0xFF,0xFF,0xFA,0xFF,0x95,0x06,0x42,0x9D,0xF3,
	0xFE,0xFE,0xFF,0xFF,0xFF,0xFF,0xFF,0xFC,0xFB,0xFB,0xFC,0xFF,0xFF,0xFF,0xFF,0xFF,0xFE,0xFE,0xF3,0x9D,
	0x42,0x06,0x95,0xFF,0xFA,0xFF,0xFF,0xFF,0xFC,0xFF,0xC8,0x00,0x02,0x00,0x00,0x00,0x00,0x00,0x00,0x00,
	0x00,0x00,0x00,0x00,0x00,0x00,0x00,0x00,0x00,0x00,0x00,0x00,0x00,0x00,0x00,0x00,0x00,0x00,0x00,0x00,
	0x00,0x00,0x00,0x00,0x00,0x00,0x03,0x00,0x31,0xFE,0xFE,0xFF,0xFF,0xFF,0xFB,0xFF,0xA9,0x00,0x00,0x00,
	0x00,0xC6,0xFF,0xFC,0xFF,0xFF,0xFF,0xFF,0xFE,0xFF,0xFF,0xFF,0xFF,0xFE,0xFF,0xFF,0xFF,0xFF,0xFC,0xFF,
	0xC6,0x00,0x00,0x00,0x00,0xA9,0xFF,0xFB,0xFF,0xFF,0xFF,0xFE,0xFE,0x31,0x00,0x03,0x00,0x00,0x00,0x00,
	0x00,0x00,0x00,0x00,0x00,0x00,0x00,0x00,0x00,0x00,0x00,0x00,0x00,0x00,0x00,0x00,0x00,0x00,0x00,0x00,
	0x00,0x00,0x00,0x00,0x00,0x00,0x00,0x00,0x04,0x00,0x8F,0xFF,0xFB,0xFF,0xFF,0xFB,0xFF,0xBB,0x04,0x02,
	0x02,0x04,0x03,0xC7,0xFF,0xFC,0xFF,0xFF,0xFF,0xFD,0xFF,0x9D,0x71,0x71,0x9D,0xFF,0xFD,0xFF,0xFF,0xFF,
	0xFC,0xFF,0xC7,0x03,0x04,0x02,0x02,0x04,0xBB,0xFF,0xFB,0xFF,0xFF,0xFB,0xFF,0x8F,0x00,0x04,0x00,0x00,
	0x00,0x00,0x00,0x00,0x00,0x00,0x00,0x00,0x00,0x00,0x00,0x00,0x00,0x00,0x00,0x00,0x00,0x00,0x00,0x00,
	0x00,0x00,0x00,0x00,0x00,0x00,0x00,0x00,0x00,0x01,0x00,0x0E,0xE3,0xFD,0xFD,0xFF,0xFB,0xFF,0xCB,0x0D,
	0x01,0x02,0x00,0x02,0x00,0xC5,0xFF,0xFC,0xFF,0xFF,0xFE,0xFF,0xEF,0x0B,0x00,0x00,0x0B,0xEF,0xFF,0xFE,
	0xFF,0xFF,0xFC,0xFF,0xC5,0x00,0x02,0x00,0x02,0x01,0x0D,0xCB,0xFF,0xFB,0xFF,0xFD,0xFD,0xE3,0x0E,0x00,
	0x01,0x00,0x00,0x00,0x00,0x00,0x00,0x00,0x00,0x00,0x00,0x00,0x00,0x00,0x00,0x00,0x00,0x00,0x00,0x00,
	0x00,0x00,0x00,0x00,0x00,0x00,0x00,0x00,0x00,0x00,0x00,0x03,0x00,0x41,0xFF,0xFF,0xFB,0xFB,0xFF,0xDA,
	0x17,0x00,0x02,0x00,0x00,0x02,0x00,0xC3,0xFF,0xFC,0xFF,0xFF,0xFB,0xFF,0xA0,0x00,0x07,0x07,0x00,0xA0,
	0xFF,0xFB,0xFF,0xFF,0xFC,0xFF,0xC3,0x00,0x02,0x00,0x00,0x02,0x00,0x17,0xDA,0xFF,0xFB,0xFB,0xFF,0xFF,
	0x41,0x00,0x03,0x00,0x00,0x00,0x00,0x00,0x00,0x00,0x00,0x00,0x00,0x00,0x00,0x00,0x00,0x00,0x00,0x00,
	0x00,0x00,0x00,0x00,0x00,0x00,0x00,0x00,0x00,0x00,0x00,0x00,0x00,0x00,0x02,0x06,0x52,0xDC,0xFF,0xFF,
	0xE7,0x24,0x00,0x03,0x00,0x00,0x00,0x02,0x00,0xC3,0xFF,0xFC,0xFF,0xFF,0xFD,0xFF,0x3D,0x00,0x03,0x03,
	0x00,0x3D,0xFF,0xFD,0xFF,0xFF,0xFC,0xFF,0xC3,0x00,0x02,0x00,0x00,0x00,0x03,0x00,0x24,0xE7,0xFF,0xFF,
	0xDC,0x52,0x06,0x02,0x00,0x00,0x00,0x00,0x00,0x00,0x00,0x00,0x00,0x00,0x00,0x00,0x00,0x00,0x00,0x00,
	0x00,0x00,0x00,0x00,0x00,0x00,0x00,0x00,0x00,0x00,0x00,0x00,0x00,0x00,0x00,0x00,0x00,0x00,0x00,0x0F,
	0x90,0xE3,0x31,0x00,0x04,0x00,0x00,0x00,0x00,0x02,0x00,0xC3,0xFF,0xFC,0xFF,0xFD,0xFF,0xD3,0x03,0x01,
	0x00,0x00,0x01,0x03,0xD3,0xFF,0xFD,0xFF,0xFC,0xFF,0xC3,0x00,0x02,0x00,0x00,0x00,0x00,0x04,0x00,0x31,
	0xE3,0x90,0x0F,0x00,0x00,0x00,0x00,0x00,0x00,0x00,0x00,0x00,0x00,0x00,0x00,0x00,0x00,0x00,0x00,0x00,
	0x00,0x00,0x00,0x00,0x00,0x00,0x00,0x00,0x00,0x00,0x00,0x00,0x00,0x00,0x00,0x00,0x00,0x00,0x00,0x00,
	0x03,0x00,0x00,0x0F,0x00,0x02,0x00,0x00,0x00,0x00,0x00,0x02,0x00,0xC3,0xFF,0xFC,0xFF,0xFB,0xFF,0x74,
	0x00,0x04,0x00,0x00,0x04,0x00,0x74,0xFF,0xFB,0xFF,0xFC,0xFF,0xC3,0x00,0x02,0x00,0x00,0x00,0x00,0x00,
	0x02,0x00,0x0F,0x00,0x00,0x03,0x00,0x00,0x00,0x00,0x00,0x00,0x00,0x00,0x00,0x00,0x00,0x00,0x00,0x00,
	0x00,0x00,0x00,0x00,0x00,0x00,0x00,0x00,0x00,0x00,0x00,0x00,0x00,0x00,0x00,0x00,0x00,0x00,0x00,0x00,
	0x00,0x00,0x00,0x01,0x02,0x00,0x02,0x00,0x00,0x00,0x00,0x00,0x00,0x02,0x00,0xBF,0xFF,0xFC,0xFE,0xFF,
	0xF5,0x1C,0x00,0x02,0x00,0x00,0x02,0x00,0x1C,0xF5,0xFF,0xFE,0xFC,0xFF,0xBF,0x00,0x02,0x00,0x00,0x00,
	0x00,0x00,0x00,0x02,0x00,0x02,0x01,0x00,0x00,0x00,0x00,0x00,0x00,0x00,0x00,0x00,0x00,0x00,0x00,0x00,
	0x00,0x00,0x00,0x00,0x00,0x00,0x00,0x00,0x00,0x00,0x00,0x00,0x00,0x00,0x00,0x00,0x00,0x00,0x00,0x00,
	0x00,0x00,0x00,0x00,0x00,0x00,0x00,0x01,0x00,0x00,0x00,0x00,0x00,0x00,0x00,0x02,0x00,0xC1,0xFF,0xF9,
	0xF8,0xFD,0xAE,0x00,0x03,0x00,0x00,0x00,0x00,0x03,0x00,0xAE,0xFD,0xF8,0xF9,0xFF,0xC1,0x00,0x02,0x00,
	0x00,0x00,0x00,0x00,0x00,0x00,0x01,0x00,0x00,0x00,0x00,0x00,0x00,0x00,0x00,0x00,0x00,0x00,0x00,0x00,
	0x00,0x00,0x00,0x00,0x00,0x00,0x00,0x00,0x00,0x00,0x00,0x00,0x00,0x00,0x00,0x00,0x00,0x00,0x00,0x00,
	0x00,0x00,0x00,0x00,0x00,0x00,0x00,0x00,0x00,0x00,0x00,0x00,0x00,0x00,0x00,0x00,0x00,0x02,0x00,0xB1,
	0xFF,0xFF,0xFF,0xFF,0x48,0x01,0x03,0x00,0x00,0x00,0x00,0x03,0x01,0x48,0xFF,0xFF,0xFF,0xFF,0xB1,0x00,
	0x02,0x00,0x00,0x00,0x00,0x00,0x00,0x00,0x00,0x00,0x00,0x00,0x00,0x00,0x00,0x00,0x00,0x00,0x00,0x00,
	0x00,0x00,0x00,0x00,0x00,0x00,0x00,0x00,0x00,0x00,0x00,0x00,0x00,0x00,0x00,0x00,0x00,0x00,0x00,0x00,
	0x00,0x00,0x00,0x00,0x00,0x00,0x00,0x00,0x00,0x00,0x00,0x00,0x00,0x00,0x00,0x00,0x00,0x00,0x00,0x00,
	0x00,0x12,0x3A,0x68,0x9E,0xB4,0x08,0x00,0x01,0x00,0x00,0x00,0x00,0x01,0x00,0x08,0xB4,0x9E,0x68,0x3A,
	0x12,0x00,0x00,0x00,0x00,0x00,0x00,0x00,0x00,0x00,0x00,0x00,0x00,0x00,0x00,0x00,0x00,0x00,0x00,0x00,
	0x00,0x00,0x00,0x00,0x00,0x00,0x00,0x00,0x00,0x00,0x00,0x00,
};

const lv_img_dsc_t classic_410_gear_a_img = {
    .header.magic = LV_IMAGE_HEADER_MAGIC,
    .header.w = 82,
    .header.h = 82,
    .data_size = sizeof(classic_410_gear_a_data),
    .header.cf = LV_COLOR_FORMAT_NATIVE_WITH_ALPHA,
    .data = classic_410_gear_a_data};

const LV_ATTRIBUTE_MEM_ALIGN uint8_t classic_410_gear_b_data[] = {
	//RGB565 data with alpha
	0x00,0x00,0x00,0x00,0x00,0x00,0x00,0x00,0x00,0x00,0x00,0x00,0x00,0x00,0x00,0x00,0x00,0x00,0x00,0x00,
	0x00,0x00,0x00,0x00,0x00,0x00,0x00,0x00,0x00,0x00,0x00,0x00,0x00,0x00,0x00,0x00,0x00,0x00,0x00,0x00,
	0xFF,0xFF,0xF7,0xBD,0xFF,0xFF,0x00,0x00,0x00,0x00,0x00,0x00,0x00,0x00,0x00,0x00,0x00,0x00,0x00,0x00,
	0xF7,0xBD,0x00,0x00,0x76,0xAD,0x18,0xC6,0xB7,0xB5,0xB7,0xB5,0x38,0xC6,0x96,0xB5,0x00,0x00,0xF7,0xBD,
	0x00,0x00,0x00,0x00,0x00,0x00,0x00,0x00,0x00,0x00,0x00,0x00,0x00,0x00,0xFF,0xFF,0xF7,0xBD,0xFF,0xFF,
	0x00,0x00,0x00,0x00,0x00,0x00,0x00,0x00,0x00,0x00,0x00,0x00,0x00,0x00,0x00,0x00,0x00,0x00,0x00,0x00,
	0x00,0x00,0x00,0x00,0x00,0x00,0x00,0x00,0x00,0x00,0x00,0x00,0x00,0x00,0x00,0x00,0x00,0x00,0x00,0x00,
	0x00,0x00,0x00,0x00,0x00,0x00,0x00,0x00,0x00,0x00,0x00,0x00,0x00,0x00,0x00,0x00,0x00,0x00,0x00,0x00,
	0x00,0x00,0x00,0x00,0x00,0x00,0x00,0x00,0x00,0x00,0x00,0x00,0x00,0x00,0x00,0x00,0xFF,0xFF,0xFF,0xFF,
	0x00,0x00,0x00,0x00,0x00,0x00,0x00,0x00,0x00,0x00,0x00,0x00,0x00,0x00,0x00,0x00,0x00,0x00,0x00,0x00,
	0x5F,0xAD,0x00,0x00,0x59,0xC6,0x9A,0xCE,0x38,0xC6,0x38,0xC6,0x9A,0xD6,0x59,0xC6,0x00,0x00,0x5F,0xAD,
	0x00,0x00,0x00,0x00,0x00,0x00,0x00,0x00,0x00,0x00,0x00,0x00,0x00,0x00,0x00,0x00,0x00,0x00,0x00,0x00,
	0xFF,0xFF,0xFF,0xFF,0x00,0x00,0x00,0x00,0x00,0x00,0x00,0x00,0x00,0x00,0x00,0x00,0x00,0x00,0x00,0x00,
	0x00,0x00,0x00,0x00,0x00,0x00,0x00,0x00,0x00,0x00,0x00,0x00,0x00,0x00,0x00,0x00,0x00,0x00,0x00,0x00,
	0x00,0x00,0x00,0x00,0x00,0x00,0x00,0x00,0x00,0x00,0x00,0x00,0x00,0x00,0x00,0x00,0x00,0x00,0x00,0x00,
	0x00,0x00,0x00,0x00,0x00,0x00,0x00,0x00,0x00,0x00,0x00,0x00,0x00,0x00,0xFF,0xFF,0x00,0x00,0x00,0x00,
	0xFF,0xFF,0xFF,0xFF,0x5D,0xEF,0xFF,0xFF,0xFF,0xFF,0x00,0x00,0x00,0x00,0x00,0x00,0x00,0x00,0x00,0x00,
	0xFF,0xFF,0xFF,0xFF,0x38,0xC6,0xD7,0xB5,0x76,0xAD,0x76,0xAD,0xB7,0xB5,0xF7,0xBD,0xFF,0xFF,0xFF,0xFF,
	0x00,0x00,0x00,0x00,0x00,0x00,0x00,0x00,0x00,0x00,0xFF,0xFF,0xFF,0xFF,0x5D,0xEF,0xFF,0xFF,0xFF,0xFF,
	0x00,0x00,0x00,0x00,0xFF,0xFF,0x00,0x00,0x00,0x00,0x00,0x00,0x00,0x00,0x00,0x00,0x00,0x00,0x00,0x00,
	0x00,0x00,0x00,0x00,0x00,0x00,0x00,0x00,0x00,0x00,0x00,0x00,0x00,0x00,0x00,0x00,0x00,0x00,0x00,0x00,
	0x00,0x00,0x00,0x00,0x00,0x00,0x00,0x00,0x00,0x00,0x00,0x00,0x00,0x00,0x00,0x00,0x00,0x00,0x00,0x00,
	0x00,0x00,0x00,0x00,0x00,0x00,0x00,0x00,0x00,0x00,0x00,0x00,0xFF,0xFF,0x00,0x00,0xFF,0xFF,0xBE,0xF7,
	0xBA,0xD6,0x7A,0xCE,0x75,0xAD,0x00,0x00,0xF7,0xBD,0x00,0x00,0x00,0x00,0x00,0x00,0x00,0x00,0xFF,0xFF,
	0x00,0x00,0x79,0xCE,0xF4,0x9C,0xCF,0x7B,0xCF,0x73,0xAF,0x73,0xAF,0x73,0xB3,0x94,0x18,0xC6,0x00,0x00,
	0xFF,0xFF,0x00,0x00,0x00,0x00,0x00,0x00,0x00,0x00,0xF7,0xBD,0x00,0x00,0xD7,0xBD,0x1C,0xDF,0x1B,0xDF,
	0xBE,0xF7,0xFF,0xFF,0x00,0x00,0xFF,0xFF,0x00,0x00,0x00,0x00,0x00,0x00,0x00,0x00,0x00,0x00,0x00,0x00,
	0x00,0x00,0x00,0x00,0x00,0x00,0x00,0x00,0x00,0x00,0x00,0x00,0x00,0x00,0x00,0x00,0x00,0x00,0x00,0x00,
	0x00,0x00,0x00,0x00,0x00,0x00,0x00,0x00,0x00,0x00,0x00,0x00,0x00,0x00,0x00,0x00,0x00,0x00,0x00,0x00,
	0x00,0x00,0x00,0x00,0x00,0x00,0x00,0x00,0x00,0x00,0xFF,0xFF,0xFF,0xFF,0x3C,0xE7,0xBA,0xD6,0x18,0xC6,
	0x96,0xB5,0xB7,0xB5,0x1C,0xDF,0xBA,0xD6,0x00,0x00,0xF7,0xBD,0x00,0x00,0x00,0x00,0x00,0x00,0x55,0xAD,
	0x00,0x00,0xF7,0xBD,0x14,0xA5,0xF0,0x7B,0x10,0x7C,0xF0,0x7B,0xCF,0x7B,0xF3,0x9C,0xB7,0xB5,0x00,0x00,
	0x55,0xAD,0x00,0x00,0x00,0x00,0x00,0x00,0xF7,0xBD,0x00,0x00,0xFB,0xDE,0x5C,0xE7,0x59,0xC6,0x38,0xC6,
	0xBA,0xD6,0xFC,0xDE,0x3D,0xE7,0xFF,0xFF,0xFF,0xFF,0x00,0x00,0x00,0x00,0x00,0x00,0x00,0x00,0x00,0x00,
	0x00,0x00,0x00,0x00,0x00,0x00,0x00,0x00,0x00,0x00,0x00,0x00,0x00,0x00,0x00,0x00,0x00,0x00,0x00,0x00,
	0x00,0x00,0x00,0x00,0x00,0x00,0x00,0x00,0x00,0x00,0x00,0x00,0x00,0x00,0x00,0x00,0x00,0x00,0x00,0x00,
	0x00,0x00,0x00,0x00,0x00,0x00,0x00,0x00,0x00,0x00,0xFF,0xFF,0x00,0x00,0x96,0xB5,0xB6,0xB5,0xD7,0xBD,
	0xBB,0xD6,0xFB,0xDE,0x59,0xCE,0x39,0xC6,0xF8,0xBD,0x00,0x00,0xFF,0xFF,0x00,0x00,0x00,0x00,0xF7,0xBD,
	0x00,0x00,0xD7,0xB5,0x14,0xA5,0xF0,0x7B,0x10,0x7C,0xF0,0x7B,0xCF,0x7B,0xD3,0x9C,0x96,0xB5,0x00,0x00,
	0xF7,0xBD,0x00,0x00,0x00,0x00,0xFF,0xFF,0x00,0x00,0xBB,0xD6,0x59,0xCE,0xF7,0xBD,0xDB,0xDE,0xFB,0xDE,
	0x79,0xCE,0x59,0xC6,0x18,0xC6,0x00,0x00,0xFF,0xFF,0x00,0x00,0x00,0x00,0x00,0x00,0x00,0x00,0x00,0x00,
	0x00,0x00,0x00,0x00,0x00,0x00,0x00,0x00,0x00,0x00,0x00,0x00,0x00,0x00,0x00,0x00,0x00,0x00,0x00,0x00,
	0x00,0x00,0x00,0x00,0x00,0x00,0x00,0x00,0x00,0x00,0x00,0x00,0x00,0x00,0x00,0x00,0x00,0x00,0x00,0x00,
	0x00,0x00,0x00,0x00,0x00,0x00,0x00,0x00,0x00,0x00,0x00,0x00,0xFF,0xFF,0x00,0x00,0x79,0xCE,0x5D,0xE7,
	0x7A,0xCE,0xB7,0xB5,0x76,0xAD,0xF7,0xBD,0x38,0xC6,0x55,0xAD,0xFF,0xFF,0xFF,0xFF,0x00,0x00,0xF7,0xBD,
	0x00,0x00,0xB6,0xB5,0xF3,0x9C,0xF0,0x7B,0xF0,0x7B,0xF0,0x7B,0xCF,0x7B,0xB2,0x94,0x76,0xAD,0x00,0x00,
	0xF7,0xBD,0x00,0x00,0xFF,0xFF,0xFF,0xFF,0x5A,0xAD,0x9A,0xCE,0x76,0xAD,0xD3,0x94,0x35,0xA5,0xF7,0xBD,
	0x1C,0xE7,0x59,0xC6,0x00,0x00,0xFF,0xFF,0x00,0x00,0x00,0x00,0x00,0x00,0x00,0x00,0x00,0x00,0x00,0x00,
	0x00,0x00,0x00,0x00,0x00,0x00,0x00,0x00,0x00,0x00,0x00,0x00,0x00,0x00,0x00,0x00,0x00,0x00,0x00,0x00,
	0x00,0x00,0x00,0x00,0x00,0x00,0x00,0x00,0x00,0x00,0x00,0x00,0x00,0x00,0x00,0x00,0x00,0x00,0x00,0x00,
	0x00,0x00,0x00,0x00,0x00,0x00,0x00,0x00,0x00,0x00,0x00,0x00,0xEF,0x7B,0x00,0x00,0x51,0x8C,0x59,0xC6,
	0xF8,0xBD,0xD7,0xBD,0xB7,0xB5,0x75,0xAD,0x59,0xC6,0x18,0xC6,0x00,0x00,0xF7,0xBD,0x00,0x00,0xEF,0x7B,
	0x00,0x00,0x76,0xAD,0xB2,0x94,0xF0,0x7B,0xF0,0x7B,0xF0,0x7B,0xCF,0x7B,0x71,0x8C,0x55,0xAD,0x00,0x00,
	0xEF,0x7B,0x00,0x00,0xF7,0xBD,0x00,0x00,0x79,0xCE,0x18,0xC6,0xB3,0x94,0x55,0xA5,0x55,0xAD,0x55,0xAD,
	0xB7,0xB5,0xCF,0x7B,0x00,0x00,0xEF,0x7B,0x00,0x00,0x00,0x00,0x00,0x00,0x00,0x00,0x00,0x00,0x00,0x00,
	0x00,0x00,0x00,0x00,0x00,0x00,0x00,0x00,0x00,0x00,0x00,0x00,0x00,0x00,0x00,0x00,0x00,0x00,0x00,0x00,
	0x00,0x00,0x00,0x00,0x00,0x00,0x00,0x00,0x00,0x00,0x00,0x00,0x00,0x00,0x00,0x00,0x00,0x00,0x00,0x00,
	0x00,0x00,0x00,0x00,0x00,0x00,0x00,0x00,0x00,0x00,0x00,0x00,0xEF,0x7B,0x00,0x00,0x0C,0x63,0xD7,0xB5,
	0x39,0xC6,0xF8,0xBD,0xD7,0xB5,0x96,0xB5,0x55,0xAD,0x59,0xCE,0xD7,0xB5,0x00,0x00,0xF7,0xBD,0xF7,0xBD,
	0xF5,0x9C,0x55,0xA5,0x71,0x8C,0xF0,0x7B,0xF0,0x7B,0xF0,0x7B,0xEF,0x7B,0x30,0x84,0x14,0xA5,0x78,0xAD,
	0xF7,0xBD,0xF7,0xBD,0x00,0x00,0x18,0xC6,0x9A,0xCE,0xD3,0x94,0x14,0x9D,0x35,0xA5,0x75,0xAD,0xD7,0xB5,
	0x55,0xAD,0xAB,0x5A,0x00,0x00,0x08,0x42,0x00,0x00,0x00,0x00,0x00,0x00,0x00,0x00,0x00,0x00,0x00,0x00,
	0x00,0x00,0x00,0x00,0x00,0x00,0x00,0x00,0x00,0x00,0x00,0x00,0x00,0x00,0x00,0x00,0x00,0x00,0x00,0x00,
	0x00,0x00,0x00,0x00,0x00,0x00,0x00,0x00,0x00,0x00,0x00,0x00,0x00,0x00,0x00,0x00,0xFF,0xFF,0xF7,0xBD,
	0x00,0x00,0x00,0x00,0x00,0x00,0x00,0x00,0x00,0x00,0x00,0x00,0xEF,0x7B,0x00,0x00,0xA6,0x31,0xF3,0x9C,
	0x7A,0xCE,0xF8,0xBD,0xF8,0xBD,0xD7,0xB5,0x76,0xAD,0xB6,0xB5,0x39,0xC6,0xD6,0xB5,0x00,0x00,0x00,0x00,
	0x34,0xA5,0x55,0xA5,0x31,0x84,0x10,0x84,0xF0,0x7B,0xF0,0x7B,0xF0,0x7B,0xF0,0x7B,0x14,0x9D,0x35,0xA5,
	0x00,0x00,0x00,0x00,0x18,0xBE,0x9A,0xCE,0x55,0xA5,0xD3,0x94,0x34,0xA5,0x55,0xA5,0x76,0xAD,0xF8,0xBD,
	0x92,0x94,0x45,0x29,0x00,0x00,0xEF,0x7B,0x00,0x00,0x00,0x00,0x00,0x00,0x00,0x00,0x00,0x00,0x00,0x00,
	0xF7,0xBD,0xFF,0xFF,0x00,0x00,0x00,0x00,0x00,0x00,0x00,0x00,0x00,0x00,0x00,0x00,0x00,0x00,0x00,0x00,
	0x00,0x00,0x00,0x00,0x00,0x00,0x00,0x00,0x00,0x00,0x00,0x00,0x00,0x00,0xFF,0xFF,0x00,0x00,0x00,0x00,
	0x00,0x00,0xFF,0xFF,0x00,0x00,0x00,0x00,0x00,0x00,0x00,0x00,0x00,0x00,0xFF,0xFF,0x00,0x00,0x51,0x8C,
	0x9A,0xCE,0x38,0xC6,0xF8,0xBD,0xD7,0xBD,0xB7,0xB5,0x55,0xAD,0x18,0xBE,0x59,0xC6,0xB7,0xB5,0x38,0xC6,
	0x18,0xC6,0x96,0xB5,0x10,0x84,0x10,0x84,0xF0,0x7B,0xF0,0x7B,0xF0,0x7B,0xCF,0x73,0x76,0xAD,0x18,0xC6,
	0xF7,0xBD,0xB7,0xB5,0xBA,0xD6,0xF8,0xBD,0x92,0x94,0x14,0xA5,0x35,0xA5,0x75,0xAD,0x96,0xB5,0xF8,0xBD,
	0xEF,0x7B,0x00,0x00,0xFF,0xFF,0x00,0x00,0x00,0x00,0x00,0x00,0x00,0x00,0x00,0x00,0xFF,0xFF,0x00,0x00,
	0x00,0x00,0x00,0x00,0xFF,0xFF,0x00,0x00,0x00,0x00,0x00,0x00,0x00,0x00,0x00,0x00,0x00,0x00,0x00,0x00,
	0x00,0x00,0x00,0x00,0x00,0x00,0x00,0x00,0x00,0x00,0x00,0x00,0x55,0xAD,0x00,0x00,0xDE,0xF7,0x58,0xC6,
	0x00,0x00,0x00,0x00,0xFF,0xFF,0x55,0xAD,0x00,0x00,0x00,0x00,0x00,0x00,0xEF,0x7B,0x00,0x00,0xAE,0x73,
	0x59,0xC6,0x59,0xCE,0x18,0xC6,0xF8,0xBD,0xB7,0xB5,0x96,0xB5,0x35,0xA5,0x59,0xC6,0x1C,0xDF,0x3D,0xE7,
	0x3C,0xE7,0xB3,0x94,0x31,0x84,0x10,0x84,0xF0,0x7B,0xEF,0x7B,0xF0,0x7B,0xF0,0x7B,0x72,0x8C,0xFB,0xDE,
	0x3C,0xE7,0x5D,0xE7,0x79,0xCE,0x92,0x94,0xF4,0x9C,0x34,0xA5,0x55,0xA5,0x76,0xAD,0xB7,0xB5,0xD7,0xB5,
	0x4D,0x6B,0x00,0x00,0xEF,0x7B,0x00,0x00,0x00,0x00,0x00,0x00,0x55,0xAD,0xFF,0xFF,0x00,0x00,0x00,0x00,
	0x58,0xC6,0xDE,0xF7,0x00,0x00,0x55,0xAD,0x00,0x00,0x00,0x00,0x00,0x00,0x00,0x00,0x00,0x00,0x00,0x00,
	0x00,0x00,0x00,0x00,0x00,0x00,0x00,0x00,0x00,0x00,0xFF,0xFF,0x00,0x00,0xFF,0xFF,0x99,0xCE,0x75,0xAD,
	0x38,0xC6,0x3D,0xE7,0x00,0x00,0x00,0x00,0xFF,0xFF,0xFF,0xFF,0x00,0x00,0xAA,0x52,0x00,0x00,0xAB,0x52,
	0x76,0xAD,0x9A,0xCE,0x18,0xC6,0x18,0xBE,0xD7,0xBD,0xB6,0xB5,0x76,0xAD,0x55,0xA5,0x96,0xB5,0xB6,0xB5,
	0xF3,0x9C,0x51,0x8C,0x51,0x84,0x10,0x84,0xF0,0x7B,0xD0,0x7B,0xD0,0x7B,0xF0,0x7B,0xF0,0x7B,0x72,0x8C,
	0x55,0xA5,0x55,0xA5,0xB2,0x94,0xD3,0x94,0x14,0x9D,0x35,0xA5,0x76,0xAD,0x96,0xB5,0xF8,0xBD,0x14,0x9D,
	0x69,0x4A,0x00,0x00,0xAA,0x52,0x00,0x00,0xFF,0xFF,0xFF,0xFF,0x00,0x00,0x00,0x00,0x3C,0xE7,0x18,0xBE,
	0x76,0xAD,0x79,0xCE,0xFF,0xFF,0x00,0x00,0xFF,0xFF,0x00,0x00,0x00,0x00,0x00,0x00,0x00,0x00,0x00,0x00,
	0x00,0x00,0x00,0x00,0x00,0x00,0x00,0x00,0xFF,0xFF,0xEF,0x7B,0x20,0x00,0xDA,0xD6,0x75,0xAD,0x35,0xA5,
	0x3C,0xE7,0xFB,0xDE,0xBB,0xD6,0xBB,0xD6,0x00,0x00,0x00,0x00,0xFF,0xFF,0x55,0xAD,0xFF,0xFF,0x00,0x00,
	0x92,0x94,0xBB,0xD6,0x39,0xC6,0x18,0xC6,0xF8,0xBD,0xD7,0xB5,0x96,0xB5,0x55,0xAD,0xF4,0x9C,0xD3,0x94,
	0xD3,0x9C,0xD3,0x94,0x92,0x94,0x51,0x8C,0x31,0x84,0x10,0x84,0x30,0x84,0x31,0x84,0x51,0x8C,0x51,0x8C,
	0x31,0x84,0x51,0x8C,0xB3,0x94,0xF3,0x9C,0x14,0xA5,0x55,0xA5,0x96,0xAD,0xB7,0xB5,0x39,0xC6,0x30,0x84,
	0x00,0x00,0xFF,0xFF,0x55,0xAD,0xFF,0xFF,0x00,0x00,0x00,0x00,0xBB,0xD6,0xFB,0xDE,0x3C,0xE7,0x1C,0xDF,
	0x34,0xA5,0x55,0xAD,0xDA,0xD6,0x20,0x00,0xEF,0x7B,0xFF,0xFF,0x00,0x00,0x00,0x00,0x00,0x00,0x00,0x00,
	0x00,0x00,0x00,0x00,0x00,0x00,0x00,0x00,0x55,0xAD,0xFF,0xFF,0xFB,0xDE,0xB6,0xB5,0xD3,0x9C,0xBB,0xD6,
	0xBB,0xD6,0x59,0xCE,0xDB,0xDE,0xDB,0xDE,0xBB,0xD6,0x18,0xC6,0x00,0x00,0x00,0x00,0x00,0x00,0xAE,0x73,
	0x30,0x84,0x7A,0xCE,0x7A,0xCE,0x39,0xC6,0x18,0xC6,0xD7,0xBD,0xB6,0xB5,0x76,0xAD,0x96,0xB5,0x14,0x9D,
	0xD3,0x9C,0x92,0x8C,0x51,0x8C,0x10,0x84,0xEF,0x7B,0xCF,0x7B,0xEF,0x7B,0xF0,0x7B,0x10,0x84,0x51,0x8C,
	0x72,0x8C,0xD3,0x9C,0xD3,0x94,0xF4,0x9C,0x35,0xA5,0x55,0xAD,0x96,0xB5,0xF7,0xBD,0xF8,0xBD,0xEF,0x7B,
	0xD3,0x9C,0x00,0x00,0x00,0x00,0x00,0x00,0x18,0xC6,0xBB,0xD6,0x1C,0xDF,0x3C,0xE7,0xDB,0xDE,0x1C,0xDF,
	0x9A,0xCE,0xD3,0x94,0x96,0xB5,0xFB,0xDE,0xFF,0xFF,0x55,0xAD,0x00,0x00,0x00,0x00,0x00,0x00,0x00,0x00,
	0x00,0x00,0x00,0x00,0x00,0x00,0x00,0x00,0xFF,0x7B,0xFF,0xFF,0x76,0xAD,0x55,0xAD,0x7A,0xCE,0xBB,0xD6,
	0x39,0xC6,0x7A,0xCE,0x9A,0xD6,0x9A,0xD6,0xFC,0xDE,0xDB,0xD6,0x7A,0xCE,0x55,0xAD,0xF8,0xBD,0xF8,0xBD,
	0x96,0xB5,0x79,0xCE,0x9A,0xCE,0x59,0xCE,0x38,0xC6,0xF8,0xBD,0xD7,0xB5,0x96,0xB5,0x55,0xAD,0x34,0xA5,
	0x00,0x00,0x00,0x00,0x00,0x00,0x00,0x00,0x00,0x00,0x00,0x00,0x00,0x00,0x00,0x00,0x00,0x00,0x00,0x00,
	0x71,0x8C,0xB2,0x94,0xD3,0x9C,0x14,0x9D,0x55,0xA5,0x76,0xAD,0xB7,0xB5,0xF8,0xBD,0x18,0xC6,0xB6,0xB5,
	0xB7,0xB5,0xF8,0xBD,0x14,0xA5,0x7A,0xCE,0xFB,0xDE,0x3C,0xE7,0xFB,0xDE,0xFB,0xDE,0xDB,0xDE,0xBB,0xD6,
	0xFB,0xDE,0x38,0xC6,0x35,0xA5,0x75,0xAD,0xFF,0xFF,0xEF,0x7B,0x00,0x00,0x00,0x00,0x00,0x00,0x00,0x00,
	0x00,0x00,0x00,0x00,0x00,0x00,0x00,0x00,0x1F,0x00,0xEF,0x7B,0x00,0x00,0x96,0xAD,0xDB,0xDE,0x39,0xC6,
	0x39,0xC6,0x79,0xCE,0x7A,0xCE,0x9A,0xD6,0xBA,0xD6,0xBA,0xD6,0x3C,0xE7,0xBA,0xD6,0x7A,0xCE,0x5D,0xE7,
	0xDB,0xD6,0xBA,0xD6,0x9A,0xCE,0x7A,0xCE,0x59,0xC6,0x18,0xC6,0xD7,0xBD,0xD7,0xB5,0x56,0xAD,0x00,0x00,
	0x55,0xAD,0x55,0xAD,0xEF,0x7B,0xEF,0x7B,0xEF,0x7B,0xEF,0x7B,0xEF,0x7B,0xEF,0x7B,0x55,0xAD,0x55,0xAD,
	0x00,0x00,0xB3,0x94,0x14,0xA5,0x34,0xA5,0x76,0xAD,0xB6,0xB5,0xD7,0xBD,0x18,0xBE,0x59,0xCE,0x9A,0xCE,
	0x1C,0xE7,0x79,0xCE,0x9A,0xD6,0x5D,0xE7,0xDB,0xDE,0xFB,0xDE,0xFB,0xDE,0xDB,0xDE,0xDB,0xD6,0x9A,0xD6,
	0xBB,0xD6,0xDB,0xDE,0x55,0xAD,0x00,0x00,0xEF,0x7B,0x00,0x00,0x00,0x00,0x00,0x00,0x00,0x00,0x00,0x00,
	0x00,0x00,0x00,0x00,0x00,0x00,0x00,0x00,0x00,0x00,0xFF,0xFF,0xEF,0x7B,0x00,0x00,0x8E,0x73,0xF8,0xBD,
	0x59,0xCE,0x39,0xC6,0x79,0xCE,0x7A,0xCE,0x9A,0xD6,0xBB,0xD6,0xBB,0xD6,0xDB,0xD6,0xDB,0xDE,0x1C,0xE7,
	0xFB,0xDE,0xDB,0xD6,0xBA,0xD6,0x9A,0xCE,0x79,0xCE,0x39,0xC6,0xF8,0xBD,0x18,0xBE,0x76,0xAD,0x00,0x00,
	0xF7,0x7B,0x00,0x00,0x00,0x00,0x00,0x00,0x00,0x00,0x00,0x00,0x00,0x00,0x00,0x00,0x00,0x00,0xEF,0x7B,
	0x00,0x00,0xD3,0x94,0x55,0xAD,0x55,0xA5,0x96,0xB5,0xD7,0xB5,0x18,0xBE,0x39,0xC6,0x79,0xCE,0x9A,0xD6,
	0xFB,0xDE,0xDB,0xDE,0xFB,0xDE,0xFB,0xDE,0xFB,0xDE,0xFB,0xDE,0xFB,0xDE,0xDB,0xD6,0x9A,0xD6,0xBB,0xD6,
	0x59,0xCE,0xAF,0x73,0x00,0x00,0xEF,0x7B,0xFF,0xFF,0x00,0x00,0x00,0x00,0x00,0x00,0x00,0x00,0x00,0x00,
	0x00,0x00,0x00,0x00,0x00,0x00,0x00,0x00,0x00,0x00,0x00,0x00,0xEF,0x7B,0x00,0x00,0x64,0x29,0x8E,0x73,
	0xD7,0xBD,0x59,0xC6,0x39,0xC6,0x59,0xCE,0x9A,0xCE,0x9A,0xD6,0xBB,0xD6,0xDB,0xDE,0xDB,0xDE,0xDB,0xDE,
	0xFB,0xDE,0xDB,0xDE,0xDB,0xD6,0xBA,0xD6,0x7A,0xCE,0x59,0xC6,0x18,0xBE,0xD7,0xBD,0x76,0xAD,0x34,0xA5,
	0x00,0x00,0xFF,0xFF,0x00,0x00,0x00,0x00,0x00,0x00,0x00,0x00,0x00,0x00,0x00,0x00,0xFF,0xFF,0x00,0x00,
	0x96,0xB5,0xF4,0x9C,0x35,0xA5,0x76,0xAD,0xB7,0xB5,0xF8,0xBD,0x39,0xC6,0x59,0xCE,0x9A,0xD6,0xBB,0xD6,
	0xDB,0xDE,0xFB,0xDE,0xFB,0xDE,0x1C,0xDF,0xFB,0xDE,0xFB,0xDE,0xDB,0xDE,0x9A,0xD6,0xDB,0xD6,0x39,0xC6,
	0xAE,0x73,0x04,0x21,0x00,0x00,0xEF,0x7B,0x00,0x00,0x00,0x00,0x00,0x00,0x00,0x00,0x00,0x00,0x00,0x00,
	0x00,0x00,0x00,0x00,0x00,0x00,0x00,0x00,0x00,0x00,0x00,0x00,0x00,0x00,0xAA,0x52,0x00,0x00,0xEB,0x5A,
	0xAE,0x73,0xD7,0xB5,0x59,0xCE,0x39,0xC6,0x7A,0xCE,0x9A,0xCE,0x9A,0xD6,0xBB,0xD6,0xDB,0xD6,0xFB,0xDE,
	0xFB,0xDE,0xFB,0xDE,0xDB,0xDE,0xBB,0xD6,0x9A,0xD6,0x7A,0xCE,0x38,0xC6,0xF7,0xBD,0xF8,0xBD,0xB7,0xB5,
	0x00,0x00,0xF7,0xBD,0x00,0x00,0x00,0x00,0x00,0x00,0x00,0x00,0x00,0x00,0x00,0x00,0xF7,0xBD,0x00,0x00,
	0xB7,0xB5,0x55,0xAD,0x35,0xA5,0x96,0xB5,0xD7,0xBD,0x38,0xC6,0x59,0xCE,0x9A,0xD6,0xDB,0xD6,0xFB,0xDE,
	0xFB,0xDE,0x1C,0xDF,0x1C,0xDF,0xFB,0xDE,0xFB,0xDE,0xDB,0xDE,0xBA,0xD6,0xBB,0xD6,0x38,0xC6,0xAE,0x73,
	0xCB,0x5A,0x00,0x00,0xAA,0x52,0x00,0x00,0x00,0x00,0x00,0x00,0x00,0x00,0x00,0x00,0x00,0x00,0x00,0x00,
	0x00,0x00,0x00,0x00,0x00,0x00,0x00,0x00,0x00,0x00,0x00,0x00,0x00,0x00,0x00,0x00,0xEF,0x7B,0x00,0x00,
	0x6E,0x6B,0xCF,0x73,0xB7,0xB5,0x59,0xC6,0x39,0xC6,0x79,0xCE,0x9A,0xCE,0x9A,0xD6,0xBA,0xD6,0xDB,0xD6,
	0xFB,0xDE,0xFB,0xDE,0xFB,0xDE,0xDB,0xDE,0xBB,0xD6,0x9A,0xCE,0x59,0xC6,0x18,0xBE,0xF8,0xBD,0xB6,0xB5,
	0x00,0x00,0xEF,0x7B,0x00,0x00,0x00,0x00,0x00,0x00,0x00,0x00,0x00,0x00,0x00,0x00,0xEF,0x7B,0x00,0x00,
	0x55,0xAD,0x55,0xA5,0x76,0xAD,0xB7,0xB5,0x18,0xBE,0x59,0xCE,0x9A,0xCE,0xBB,0xD6,0xFB,0xDE,0x1B,0xDF,
	0x1C,0xDF,0x1C,0xDF,0xFB,0xDE,0xFB,0xDE,0xDB,0xD6,0x9A,0xD6,0xBB,0xD6,0x18,0xC6,0xCF,0x73,0x2C,0x63,
	0x00,0x00,0xEF,0x7B,0x00,0x00,0x00,0x00,0x00,0x00,0x00,0x00,0x00,0x00,0x00,0x00,0x00,0x00,0x00,0x00,
	0x00,0x00,0x00,0x00,0x00,0x00,0x00,0x00,0x00,0x00,0x00,0x00,0x00,0x00,0x00,0x00,0x00,0x00,0xEF,0x7B,
	0x00,0x00,0xCF,0x7B,0xCF,0x7B,0xB6,0xB5,0x39,0xC6,0x39,0xC6,0x79,0xCE,0x7A,0xCE,0xFC,0xDE,0xDB,0xDE,
	0xBB,0xD6,0xFB,0xDE,0xFB,0xDE,0xFB,0xDE,0xDB,0xD6,0xBA,0xD6,0x7A,0xCE,0x39,0xC6,0xD7,0xBD,0xB7,0xB5,
	0x59,0xCE,0x00,0x00,0xFF,0xFF,0x00,0x00,0x00,0x00,0x00,0x00,0x00,0x00,0xFF,0xFF,0x00,0x00,0xDB,0xDE,
	0x35,0xA5,0x35,0xA5,0x96,0xB5,0xF7,0xBD,0x39,0xC6,0x7A,0xCE,0xBA,0xD6,0xFB,0xDE,0xFB,0xDE,0xFB,0xDE,
	0x3C,0xE7,0x5D,0xEF,0xDB,0xDE,0xDB,0xD6,0x9A,0xD6,0xBB,0xD6,0x18,0xBE,0xEF,0x7B,0xAE,0x73,0x00,0x00,
	0xEF,0x7B,0x00,0x00,0x00,0x00,0x00,0x00,0x00,0x00,0x00,0x00,0x00,0x00,0x00,0x00,0x00,0x00,0x00,0x00,
	0x00,0x00,0xFF,0xFF,0xFF,0xFF,0xFF,0xFF,0xFF,0xFF,0xFF,0xFF,0x00,0x00,0x00,0x00,0x00,0x00,0x00,0x00,
	0x2C,0x63,0x00,0x00,0xEF,0x7B,0xEF,0x7B,0xF7,0xBD,0x38,0xC6,0x39,0xC6,0xBA,0xD6,0x7A,0xCE,0x9A,0xD6,
	0x3D,0xE7,0xDB,0xDE,0xDB,0xDE,0xFB,0xDE,0xFB,0xDE,0xDB,0xD6,0x9A,0xD6,0x59,0xCE,0x18,0xBE,0x18,0xC6,
	0xF7,0xBD,0x00,0x00,0xF7,0xBD,0x00,0x00,0x00,0x00,0x00,0x00,0x00,0x00,0xF7,0xBD,0x00,0x00,0xD7,0xB5,
	0x55,0xAD,0x55,0xAD,0xD7,0xB5,0x18,0xC6,0x7A,0xCE,0xBA,0xD6,0xDB,0xDE,0xFB,0xDE,0x1C,0xE7,0x9E,0xEF,
	0xFB,0xDE,0xDB,0xDE,0x1C,0xDF,0x9A,0xCE,0x9A,0xCE,0x59,0xCE,0xEF,0x7B,0xCF,0x7B,0x00,0x00,0x2C,0x63,
	0x00,0x00,0x00,0x00,0x00,0x00,0x00,0x00,0xFF,0xFF,0xFF,0xFF,0xFF,0xFF,0xFF,0xFF,0xFF,0xFF,0x00,0x00,
	0x00,0x00,0x00,0x00,0x00,0x00,0x00,0x00,0x00,0x00,0x00,0x00,0x00,0x00,0x00,0x00,0xFF,0xFF,0xEF,0x7B,
	0x55,0xAD,0x00,0x00,0x30,0x84,0x30,0x84,0x96,0xB5,0x18,0xBE,0x7A,0xCE,0x59,0xC6,0x00,0x00,0xBA,0xD6,
	0x39,0xC6,0xDB,0xD6,0x1C,0xDF,0xDB,0xDE,0xFB,0xDE,0xDB,0xDE,0xBB,0xD6,0x7A,0xCE,0x39,0xC6,0x18,0xBE,
	0xB6,0xB5,0xFF,0xFF,0xFF,0xFF,0x00,0x00,0x00,0x00,0x00,0x00,0x00,0x00,0x00,0x00,0xFF,0xFF,0x55,0xAD,
	0x55,0xAD,0xB6,0xB5,0xF8,0xBD,0x59,0xCE,0x9A,0xD6,0xDB,0xDE,0xFB,0xDE,0x5D,0xE7,0x1C,0xDF,0x9A,0xD6,
	0xFB,0xDE,0x00,0x00,0xBA,0xD6,0xDB,0xD6,0x79,0xCE,0xB7,0xB5,0x10,0x84,0x51,0x8C,0x00,0x00,0x55,0xAD,
	0xEF,0x7B,0xFF,0xFF,0x00,0x00,0x00,0x00,0x00,0x00,0x00,0x00,0x00,0x00,0x00,0x00,0x00,0x00,0x00,0x00,
	0x00,0x00,0xF9,0xBD,0x79,0xC6,0xFF,0xFF,0xFF,0xFF,0xFF,0xFF,0x20,0x00,0x00,0x00,0x00,0x00,0x00,0x00,
	0x00,0x00,0x71,0x7C,0xD7,0xBD,0x18,0xC6,0xB6,0xB5,0xD7,0xBD,0x18,0xC6,0xD8,0xBD,0xFF,0xFF,0x00,0x00,
	0x00,0x00,0xAE,0x73,0x18,0xC6,0x3C,0xE7,0xDB,0xDE,0xFB,0xDE,0xDB,0xDE,0xBA,0xD6,0x79,0xCE,0xF8,0xBD,
	0xD7,0xB5,0x59,0xC6,0x00,0x00,0x55,0xAD,0x00,0x00,0x00,0x00,0x55,0xAD,0x00,0x00,0xBA,0xD6,0x55,0xAD,
	0x55,0xAD,0xD7,0xBD,0x39,0xC6,0x9A,0xCE,0xDB,0xD6,0xFB,0xDE,0x7D,0xEF,0x59,0xC6,0xCF,0x7B,0x00,0x00,
	0x00,0x00,0xFF,0xFF,0x59,0xC6,0x7A,0xCE,0x39,0xC6,0xF8,0xBD,0x38,0xC6,0x96,0xB5,0xEF,0x7B,0x00,0x00,
	0x00,0x00,0x00,0x00,0x00,0x00,0x20,0x00,0xFF,0xFF,0xFF,0xFF,0xFF,0xFF,0xDB,0xDE,0x59,0xCE,0x00,0x00,
	0xFF,0xFF,0xF8,0xBD,0xD7,0xB5,0x38,0xC6,0x59,0xCE,0x59,0xCE,0x7A,0xCE,0x9A,0xD6,0xDB,0xD6,0xFB,0xDE,
	0xFB,0xDE,0xBB,0xD6,0x1C,0xE7,0x18,0xBE,0x55,0xAD,0x18,0xBE,0xB6,0xB5,0x00,0x00,0xF7,0xBD,0xEF,0x7B,
	0xFF,0xFF,0x00,0x00,0xCB,0x5A,0x96,0xB5,0x3C,0xE7,0xFB,0xDE,0xFB,0xDE,0xDB,0xDE,0x9A,0xD6,0x39,0xC6,
	0x38,0xC6,0xD7,0xB5,0x00,0x00,0xF7,0xBD,0xFF,0xFF,0xFF,0xFF,0xF7,0xBD,0x00,0x00,0xB7,0xB5,0x76,0xAD,
	0x96,0xB5,0x18,0xC6,0x7A,0xCE,0xBB,0xD6,0xFB,0xDE,0x7D,0xEF,0xB7,0xB5,0xEB,0x5A,0x00,0x00,0xFF,0xFF,
	0xFF,0xFF,0xF7,0xBD,0x00,0x00,0xF8,0xBD,0x59,0xCE,0xB7,0xB5,0x18,0xC6,0xDB,0xDE,0x7A,0xCE,0xBB,0xD6,
	0xBA,0xD6,0x9A,0xD6,0x79,0xCE,0x59,0xC6,0x38,0xC6,0x18,0xC6,0xF7,0xBD,0x18,0xC6,0x39,0xC6,0xFF,0xFF,
	0xBA,0xD6,0xD7,0xBD,0x96,0xB5,0x14,0xA5,0x10,0x84,0x51,0x8C,0x92,0x94,0xD3,0x94,0xF4,0x9C,0x35,0xA5,
	0x76,0xAD,0x76,0xAD,0x14,0xA5,0x14,0x9D,0x55,0xAD,0x76,0xAD,0xB6,0xB5,0xFF,0xFF,0xEF,0x7B,0x00,0x00,
	0x00,0x00,0xF7,0xBD,0x00,0x00,0xC8,0x39,0x35,0xA5,0x3C,0xE7,0xFB,0xDE,0xDB,0xDE,0xBB,0xD6,0x7A,0xCE,
	0x18,0xC6,0xB6,0xB5,0xFF,0xDF,0x00,0x00,0x00,0x00,0x00,0x00,0x00,0x00,0xFF,0xFF,0x75,0xAD,0x76,0xAD,
	0xF8,0xBD,0x79,0xCE,0xBA,0xD6,0x1C,0xDF,0x7D,0xEF,0x75,0xAD,0xE8,0x41,0x00,0x00,0xF7,0xBD,0x00,0x00,
	0x00,0x00,0xEF,0x7B,0xFF,0xFF,0xF7,0xB5,0xB7,0xB5,0x96,0xB5,0x55,0xAD,0x55,0xAD,0xB7,0xB5,0x96,0xB5,
	0x56,0xAD,0x55,0xA5,0x14,0xA5,0xF3,0x9C,0xB3,0x94,0x92,0x94,0xF4,0x9C,0xB7,0xB5,0x38,0xC6,0xBA,0xD6,
	0x18,0xC6,0xF7,0xBD,0x55,0xAD,0x92,0x94,0xCF,0x73,0x10,0x84,0x10,0x84,0x30,0x84,0x51,0x84,0x51,0x8C,
	0x72,0x8C,0x92,0x94,0xB3,0x94,0xF3,0x9C,0x55,0xAD,0x14,0xA5,0x00,0x00,0x55,0xAD,0x00,0x00,0x00,0x00,
	0x00,0x00,0x00,0x00,0xEF,0x7B,0x00,0x00,0x00,0x00,0xF3,0x9C,0x1C,0xDF,0x1C,0xDF,0xDB,0xD6,0xBA,0xD6,
	0x39,0xC6,0x18,0xBE,0xD7,0xBD,0x21,0x08,0xFF,0xFF,0xFF,0xFF,0x41,0x08,0x18,0xC6,0x76,0xAD,0xB7,0xB5,
	0x59,0xC6,0xBA,0xD6,0x1C,0xDF,0x5D,0xE7,0x34,0xA5,0x00,0x00,0x00,0x00,0xEF,0x7B,0x00,0x00,0x00,0x00,
	0x00,0x00,0x00,0x00,0x55,0xAD,0x00,0x00,0x55,0xAD,0x96,0xB5,0x14,0xA5,0xF4,0x9C,0xD3,0x9C,0xB3,0x94,
	0xB2,0x94,0x92,0x94,0x92,0x8C,0x72,0x8C,0x72,0x8C,0x51,0x84,0xB2,0x94,0x75,0xAD,0x59,0xC6,0x38,0xC6,
	0xF7,0xBD,0xF7,0xBD,0x55,0xA5,0x10,0x84,0x8E,0x73,0xCF,0x7B,0xCF,0x7B,0xF0,0x7B,0x10,0x84,0x30,0x84,
	0x51,0x84,0x71,0x8C,0x72,0x8C,0x92,0x94,0xF3,0x9C,0xD3,0x94,0xFF,0xFF,0xEF,0x7B,0x00,0x00,0x00,0x00,
	0x00,0x00,0x00,0x00,0x00,0x00,0xAA,0x52,0x00,0x00,0x00,0x00,0xF3,0x9C,0xBA,0xD6,0x3C,0xE7,0xDB,0xD6,
	0x9A,0xCE,0x18,0xC6,0x75,0xAD,0xB7,0xB5,0xF8,0xBD,0xF8,0xBD,0xB7,0xB5,0xD3,0x9C,0x76,0xAD,0x18,0xC6,
	0x9A,0xD6,0x3C,0xE7,0xFB,0xDE,0x14,0xA5,0x00,0x00,0x00,0x00,0xAA,0x52,0x00,0x00,0x00,0x00,0x00,0x00,
	0x00,0x00,0x00,0x00,0xEF,0x7B,0xFF,0xFF,0xF3,0x9C,0x35,0xA5,0xD3,0x94,0xB3,0x94,0xB2,0x94,0x92,0x94,
	0x72,0x8C,0x51,0x8C,0x51,0x8C,0x31,0x84,0x30,0x84,0x10,0x84,0x51,0x8C,0x35,0xA5,0x59,0xCE,0x18,0xC6,
	0xB6,0xB5,0x55,0xAD,0xF4,0x9C,0x8E,0x73,0x6D,0x6B,0x8E,0x73,0xAE,0x73,0xAF,0x73,0xCF,0x7B,0xCF,0x7B,
	0xF0,0x7B,0x10,0x84,0x30,0x84,0x51,0x8C,0x51,0x8C,0x92,0x94,0x00,0x00,0xFF,0xFF,0x00,0x00,0x00,0x00,
	0x00,0x00,0x00,0x00,0x00,0x00,0x00,0x00,0x00,0x00,0xFF,0xFF,0x00,0x00,0xF4,0x9C,0xBA,0xD6,0x3C,0xE7,
	0xBA,0xD6,0x59,0xC6,0xB7,0xB5,0xD3,0x94,0xAF,0x73,0x8E,0x73,0x31,0x84,0x14,0xA5,0xD7,0xBD,0x7A,0xCE,
	0x3C,0xE7,0xFB,0xDE,0x35,0xA5,0x00,0x00,0xFF,0xFF,0x00,0x00,0x00,0x00,0x00,0x00,0x00,0x00,0x00,0x00,
	0x00,0x00,0x00,0x00,0xFF,0xFF,0x00,0x00,0x92,0x94,0x92,0x94,0x92,0x94,0x71,0x8C,0x51,0x8C,0x51,0x84,
	0x31,0x84,0x10,0x84,0x10,0x7C,0xF0,0x7B,0xF0,0x7B,0xCF,0x7B,0xEF,0x7B,0xF3,0x9C,0xB6,0xB5,0xD7,0xBD,
	0x00,0x00,0xCF,0x7B,0xCF,0x73,0x8D,0x6B,0x8E,0x73,0x6E,0x6B,0x4D,0x6B,0x6E,0x6B,0x8E,0x73,0xAE,0x73,
	0xAF,0x73,0xCF,0x7B,0xCF,0x7B,0x30,0x84,0x10,0x84,0x00,0x00,0xEF,0x7B,0x00,0x00,0x00,0x00,0x00,0x00,
	0x00,0x00,0x00,0x00,0x00,0x00,0x00,0x00,0x00,0x00,0x00,0x00,0xF7,0xBD,0x00,0x00,0x75,0xAD,0x9A,0xD6,
	0x1C,0xE7,0xBA,0xD6,0xF8,0xBD,0x14,0x9D,0xCF,0x7B,0x8E,0x73,0x51,0x8C,0x75,0xAD,0x59,0xCE,0x1C,0xE7,
	0xDB,0xDE,0xD6,0xB5,0x00,0x00,0xF7,0xBD,0x00,0x00,0x00,0x00,0x00,0x00,0x00,0x00,0x00,0x00,0x00,0x00,
	0x00,0x00,0x00,0x00,0x00,0x00,0xEF,0x7B,0x00,0x00,0x51,0x84,0x72,0x8C,0x30,0x84,0x10,0x84,0x10,0x7C,
	0xF0,0x7B,0xEF,0x7B,0xCF,0x7B,0xAE,0x73,0xAF,0x73,0xAE,0x73,0x8E,0x73,0xAE,0x73,0xCF,0x7B,0x00,0x00,
	0xFF,0xFF,0x00,0x00,0x00,0x00,0xBA,0xD6,0x30,0x84,0xCF,0x7B,0x8E,0x73,0x6E,0x6B,0x4D,0x6B,0x6D,0x6B,
	0x6E,0x6B,0x8E,0x73,0x8E,0x73,0xF0,0x7B,0xAF,0x73,0x00,0x00,0xEF,0x7B,0x00,0x00,0x00,0x00,0x00,0x00,
	0x00,0x00,0x00,0x00,0x00,0x00,0x00,0x00,0x00,0x00,0x00,0x00,0xEF,0x7B,0xFF,0xFF,0xE8,0x41,0x14,0xA5,
	0xFB,0xDE,0xDB,0xDE,0x7A,0xCE,0x55,0xAD,0x10,0x84,0xAE,0x73,0xB3,0x94,0x18,0xC6,0xDB,0xD6,0x3C,0xE7,
	0x14,0xA5,0x66,0x31,0xFF,0xFF,0xEF,0x7B,0x00,0x00,0x00,0x00,0x00,0x00,0x00,0x00,0x00,0x00,0x00,0x00,
	0x00,0x00,0x00,0x00,0x00,0x00,0xEF,0x7B,0x00,0x00,0x10,0x7C,0x51,0x84,0xEF,0x7B,0xCF,0x7B,0xCF,0x7B,
	0xAF,0x73,0x8E,0x73,0xAE,0x73,0xAE,0x73,0xCF,0x7B,0x30,0x84,0x18,0xC6,0x00,0x00,0x00,0x00,0xFF,0xFF,
	0x00,0x00,0xEF,0x7B,0xEF,0x7B,0x00,0x00,0x00,0x00,0x00,0x00,0x71,0x8C,0x10,0x84,0xAE,0x73,0x8E,0x73,
	0x2D,0x63,0x6D,0x6B,0x4D,0x6B,0xAF,0x73,0x8E,0x6B,0x00,0x00,0xEF,0x7B,0x00,0x00,0x00,0x00,0x00,0x00,
	0x00,0x00,0x00,0x00,0x00,0x00,0x00,0x00,0x00,0x00,0x00,0x00,0xF7,0xBD,0x00,0x00,0x35,0xA5,0x18,0xC6,
	0xF7,0xBD,0x9A,0xCE,0xFB,0xDE,0x59,0xC6,0x30,0x84,0xAE,0x73,0xD7,0xB5,0xFB,0xDE,0xDB,0xDE,0x39,0xC6,
	0x18,0xBE,0x34,0xA5,0x00,0x00,0xF7,0xBD,0x00,0x00,0x00,0x00,0x00,0x00,0x00,0x00,0x00,0x00,0x00,0x00,
	0x00,0x00,0x00,0x00,0x00,0x00,0xEF,0x7B,0x00,0x00,0xCF,0x73,0x10,0x7C,0xAF,0x73,0xAF,0x73,0x6E,0x6B,
	0xAE,0x73,0xAE,0x73,0xEF,0x7B,0x51,0x8C,0x00,0x00,0x00,0x00,0x00,0x00,0xEF,0x7B,0xEF,0x7B,0x00,0x00,
	0x00,0x00,0x00,0x00,0x00,0x00,0xFF,0xFF,0x55,0xAD,0x00,0x00,0x00,0x00,0x00,0x00,0xD3,0x94,0xF0,0x7B,
	0x8E,0x73,0x2D,0x63,0x6D,0x6B,0x8E,0x73,0x4D,0x6B,0xEF,0x7B,0x6D,0x6B,0xEF,0x7B,0xEF,0x7B,0xEF,0x7B,
	0xEF,0x7B,0xEF,0x7B,0xEF,0x7B,0xEF,0x7B,0xAA,0x52,0xAA,0x52,0xEF,0x7B,0xEC,0x62,0xD7,0xBD,0x14,0xA5,
	0xB3,0x94,0x75,0xAD,0x9A,0xD6,0xBB,0xD6,0xFF,0xFF,0xFF,0xFF,0xBA,0xD6,0xDB,0xDE,0xB7,0xB5,0x34,0xA5,
	0x55,0xAD,0xF7,0xBD,0xEC,0x62,0xEF,0x7B,0xAA,0x52,0xAA,0x52,0x08,0x42,0x0F,0x42,0xEF,0x7B,0xEF,0x7B,
	0xEF,0x7B,0xEF,0x7B,0xEF,0x7B,0x6D,0x6B,0xEF,0x7B,0x8E,0x73,0xCF,0x73,0x8E,0x73,0x4D,0x6B,0x8E,0x73,
	0xEF,0x7B,0x71,0x8C,0x00,0x00,0x00,0x00,0x00,0x00,0x55,0xAD,0xFF,0xFF,0x00,0x00,0x00,0x00,0x00,0x00,
	0x00,0x00,0x00,0x00,0x00,0x00,0x00,0x00,0x00,0x00,0x00,0x00,0xAA,0x52,0x6D,0x6B,0x00,0x00,0x4D,0x6B,
	0x8E,0x73,0x8E,0x73,0x6D,0x6B,0x8E,0x73,0x6D,0x6B,0x00,0x00,0x00,0x00,0x00,0x00,0x00,0x00,0x00,0x00,
	0x00,0x00,0x00,0x00,0x00,0x00,0x00,0x00,0x00,0x00,0x00,0x00,0x00,0x00,0xFF,0xFF,0xB6,0xB5,0x8E,0x73,
	0xAE,0x73,0xF0,0x7B,0x31,0x84,0x00,0x00,0x00,0x00,0x00,0x00,0x00,0x00,0x92,0x8C,0x51,0x8C,0xF0,0x7B,
	0xCF,0x7B,0xD7,0xB5,0xFF,0xFF,0x00,0x00,0x00,0x00,0x00,0x00,0x00,0x00,0x00,0x00,0x00,0x00,0x00,0x00,
	0x00,0x00,0x00,0x00,0x00,0x00,0x00,0x00,0x00,0x00,0x6E,0x6B,0x8E,0x73,0x6D,0x6B,0x4D,0x6B,0x6D,0x6B,
	0x8E,0x73,0x00,0x00,0x6D,0x6B,0xAA,0x52,0x00,0x00,0x00,0x00,0x00,0x00,0x00,0x00,0x00,0x00,0x00,0x00,
	0x00,0x00,0x00,0x00,0x00,0x00,0x00,0x00,0x00,0x00,0x00,0x00,0x55,0xAD,0xB6,0xB5,0x00,0x00,0x8E,0x73,
	0x55,0xA5,0x72,0x8C,0x4D,0x6B,0x8E,0x73,0x8E,0x73,0x8E,0x73,0x8E,0x73,0xF0,0x7B,0x92,0x94,0xD3,0x94,
	0xD3,0x9C,0xF3,0x9C,0xF3,0x9C,0xF3,0x9C,0xF4,0x9C,0xF4,0x9C,0xF4,0x9C,0xD3,0x94,0x10,0x7C,0xCF,0x7B,
	0x10,0x84,0x51,0x8C,0x72,0x8C,0x00,0x00,0x00,0x00,0x00,0x00,0x00,0x00,0xF0,0x7B,0xCF,0x7B,0x8E,0x73,
	0x6D,0x6B,0x8E,0x73,0x51,0x8C,0x92,0x8C,0x92,0x8C,0x72,0x8C,0x72,0x8C,0x72,0x8C,0x71,0x8C,0x51,0x8C,
	0x51,0x8C,0x31,0x84,0x8E,0x73,0x2D,0x63,0x4D,0x6B,0x2D,0x63,0x4D,0x6B,0x0C,0x63,0x51,0x8C,0x55,0xAD,
	0xD0,0x7B,0x00,0x00,0xB6,0xB5,0x55,0xAD,0x00,0x00,0x00,0x00,0x00,0x00,0x00,0x00,0x00,0x00,0x00,0x00,
	0x00,0x00,0x00,0x00,0x00,0x00,0xFF,0xFF,0xFF,0xFF,0xFF,0xFF,0x00,0x00,0x00,0x00,0xB2,0x94,0x38,0xC6,
	0xBB,0xD6,0x10,0x84,0x8E,0x73,0xAE,0x73,0xCF,0x7B,0xF0,0x7B,0x10,0x84,0x10,0x84,0x30,0x84,0x31,0x84,
	0x31,0x84,0x51,0x84,0x51,0x8C,0x51,0x8C,0x72,0x8C,0x92,0x94,0x92,0x94,0xB2,0x94,0xD3,0x94,0x34,0xA5,
	0x76,0xAD,0xF8,0xBD,0xDB,0xDE,0x9A,0xD6,0xFF,0xFF,0xFF,0xFF,0xBB,0xD6,0x7A,0xCE,0x75,0xAD,0xD3,0x9C,
	0x72,0x8C,0x10,0x84,0xF0,0x7B,0xEF,0x7B,0xCF,0x7B,0xCF,0x73,0xAF,0x73,0xAE,0x73,0x8E,0x73,0x8E,0x73,
	0x8E,0x73,0x8E,0x73,0x6E,0x6B,0x6E,0x6B,0x6D,0x6B,0x4D,0x6B,0x2D,0x63,0x0C,0x63,0xCF,0x7B,0x9A,0xCE,
	0xF8,0xBD,0x72,0x8C,0x00,0x00,0x00,0x00,0xFF,0xFF,0xFF,0xFF,0xFF,0xFF,0x00,0x00,0x00,0x00,0x00,0x00,
	0x00,0x00,0xEF,0x7B,0xF7,0xBD,0x00,0x00,0x00,0x00,0x00,0x00,0x3D,0xE7,0x1C,0xE7,0xDB,0xD6,0x59,0xCE,
	0x71,0x8C,0xAE,0x73,0xEF,0x7B,0xEF,0x7B,0xF0,0x7B,0x10,0x84,0x10,0x84,0x30,0x84,0x31,0x84,0x51,0x8C,
	0x71,0x8C,0x92,0x8C,0xB2,0x94,0xD3,0x94,0xF4,0x9C,0x34,0xA5,0x75,0xAD,0x96,0xB5,0xF8,0xBD,0x59,0xCE,
	0x9A,0xD6,0xDB,0xDE,0xDB,0xDE,0xD7,0xB5,0x6D,0x6B,0x31,0x84,0x9A,0xCE,0xFB,0xDE,0x9A,0xD6,0x38,0xC6,
	0xD7,0xB5,0x55,0xAD,0xF4,0x9C,0xB2,0x94,0x72,0x8C,0x51,0x8C,0x10,0x84,0xF0,0x7B,0xAF,0x73,0x8E,0x73,
	0x8E,0x6B,0x6D,0x6B,0x4D,0x6B,0x4D,0x6B,0x4D,0x6B,0x2D,0x63,0x2D,0x63,0x2D,0x63,0xEC,0x5A,0xCF,0x7B,
	0x18,0xBE,0x9A,0xD6,0x1C,0xDF,0x5D,0xEF,0x00,0x00,0x00,0x00,0x00,0x00,0xF7,0xBD,0xEF,0x7B,0x00,0x00,
	0xEF,0x7B,0x00,0x00,0x00,0x00,0xFF,0xFF,0xBE,0xF7,0x3C,0xE7,0x9A,0xCE,0x96,0xB5,0x31,0x84,0x8E,0x73,
	0xCF,0x73,0x10,0x84,0x10,0x84,0x30,0x84,0x31,0x84,0x51,0x8C,0x71,0x8C,0x92,0x8C,0x92,0x94,0xD3,0x94,
	0xF3,0x9C,0x14,0x9D,0x35,0xA5,0x75,0xAD,0x96,0xB5,0xD7,0xBD,0x18,0xC6,0xBA,0xD6,0xBB,0xD6,0x7A,0xCE,
	0xFC,0xDE,0xDB,0xD6,0xF8,0xBD,0x92,0x94,0x6E,0x6B,0x30,0x84,0x96,0xAD,0x7A,0xCE,0xFB,0xDE,0xDB,0xDE,
	0x38,0xC6,0x59,0xCE,0x18,0xC6,0x76,0xAD,0x34,0xA5,0x14,0x9D,0xD3,0x94,0x92,0x94,0x51,0x8C,0x30,0x84,
	0x10,0x84,0xEF,0x7B,0xCF,0x7B,0xAF,0x73,0x8E,0x73,0x6E,0x6B,0x4D,0x6B,0x4D,0x6B,0x4D,0x6B,0x0C,0x63,
	0xCB,0x5A,0x8E,0x73,0x34,0xA5,0x38,0xC6,0x1C,0xDF,0xDF,0xF7,0xFF,0xFF,0x00,0x00,0x00,0x00,0xEF,0x7B,
	0x00,0x00,0xCF,0x7B,0xDB,0xD6,0xDB,0xD6,0xF7,0xBD,0xB2,0x94,0xAF,0x73,0xAE,0x73,0xF0,0x7B,0x31,0x84,
	0x51,0x84,0x51,0x8C,0x71,0x8C,0x72,0x8C,0x92,0x94,0xB3,0x94,0xD3,0x9C,0xF3,0x9C,0x14,0xA5,0x35,0xA5,
	0x75,0xAD,0x96,0xB5,0xD7,0xB5,0xF8,0xBD,0x18,0xC6,0x9A,0xCE,0x1C,0xE7,0x18,0xC6,0x34,0xA5,0xCF,0x73,
	0xD3,0x94,0xF7,0xBD,0x55,0xAD,0x10,0x7C,0x4D,0x6B,0xCF,0x7B,0x34,0xA5,0x59,0xCE,0x79,0xCE,0xD2,0x94,
	0xCF,0x7B,0x54,0xA5,0xD7,0xBD,0x9A,0xD6,0xF7,0xBD,0x96,0xB5,0x55,0xAD,0x34,0xA5,0xF3,0x9C,0xB3,0x94,
	0x92,0x94,0x51,0x8C,0x31,0x84,0x10,0x84,0xEF,0x7B,0xCF,0x73,0xAE,0x73,0x8E,0x73,0x6E,0x6B,0x6E,0x6B,
	0x6D,0x6B,0x2D,0x63,0xCB,0x5A,0xEC,0x5A,0x10,0x84,0x55,0xAD,0x9A,0xCE,0x79,0xCE,0xEF,0x7B,0x00,0x00,
	0x8D,0x6B,0x0C,0x63,0x92,0x94,0x30,0x84,0xAF,0x73,0xEF,0x7B,0x31,0x84,0x51,0x8C,0x51,0x8C,0x72,0x8C,
	0x92,0x94,0xB2,0x94,0xD3,0x94,0xD3,0x9C,0xF4,0x9C,0x14,0xA5,0x35,0xA5,0x55,0xAD,0x76,0xAD,0xB7,0xB5,
	0xD7,0xBD,0x18,0xBE,0x39,0xC6,0x7A,0xCE,0xFB,0xDE,0xBB,0xD6,0x34,0xA5,0x28,0x42,0x00,0x00,0x00,0x00,
	0x6D,0x6B,0xCF,0x7B,0xD3,0x94,0xCF,0x7B,0x2D,0x63,0xAF,0x73,0xF4,0x9C,0xB6,0xB5,0xEF,0x7B,0x2C,0x6B,
	0x00,0x00,0x00,0x00,0x69,0x4A,0x14,0xA5,0x59,0xCE,0x79,0xCE,0xD7,0xBD,0x96,0xB5,0x76,0xAD,0x35,0xA5,
	0x14,0x9D,0xD3,0x94,0xB2,0x94,0x92,0x8C,0x51,0x8C,0x31,0x84,0x10,0x7C,0xEF,0x7B,0xCF,0x7B,0xAE,0x73,
	0x8E,0x73,0x8E,0x6B,0x6E,0x6B,0x6D,0x6B,0x0C,0x63,0xCB,0x5A,0x4D,0x6B,0x31,0x84,0x6D,0x6B,0xEF,0x7B,
	0x51,0x8C,0x4D,0x6B,0xAE,0x73,0x10,0x7C,0x51,0x8C,0x51,0x8C,0x72,0x8C,0x92,0x8C,0xB2,0x94,0xB3,0x94,
	0xD3,0x9C,0xF4,0x9C,0x14,0xA5,0x35,0xA5,0x55,0xAD,0x76,0xAD,0x96,0xB5,0xB7,0xB5,0xF7,0xBD,0x18,0xBE,
	0x39,0xC6,0x59,0xCE,0xDB,0xD6,0x1C,0xDF,0xB6,0xB5,0xCF,0x7B,0x00,0x00,0x00,0x00,0xF7,0xBD,0xEF,0x7B,
	0x00,0x00,0x8E,0x73,0xCF,0x7B,0xAE,0x73,0x2D,0x63,0xAE,0x73,0xD3,0x9C,0x71,0x8C,0xEB,0x5A,0x00,0x00,
	0xEF,0x7B,0xF7,0xBD,0x00,0x00,0x00,0x00,0xCF,0x7B,0x76,0xAD,0xBA,0xD6,0x39,0xC6,0xD7,0xB5,0xB6,0xB5,
	0x75,0xAD,0x35,0xA5,0x14,0xA5,0xF3,0x9C,0xB2,0x94,0x92,0x8C,0x71,0x8C,0x31,0x84,0x10,0x84,0xF0,0x7B,
	0xEF,0x7B,0xCF,0x7B,0xAE,0x73,0x8E,0x73,0x6E,0x6B,0x6E,0x6B,0x4D,0x6B,0x8E,0x6B,0xAE,0x73,0x92,0x94,
	0x55,0xAD,0xCF,0x7B,0xAE,0x73,0x10,0x84,0x92,0x94,0x92,0x94,0xB3,0x94,0xD3,0x94,0xF4,0x9C,0x14,0x9D,
	0x34,0xA5,0x55,0xA5,0x55,0xAD,0x76,0xAD,0x96,0xB5,0xD7,0xB5,0xF8,0xBD,0x18,0xC6,0x39,0xC6,0x59,0xCE,
	0x9A,0xCE,0xFC,0xDE,0x7A,0xCE,0x92,0x94,0x65,0x29,0x00,0x00,0xFF,0xFF,0xEF,0x7B,0x00,0x00,0x00,0x00,
	0xD3,0x9C,0x00,0x00,0xCF,0x7B,0x6E,0x6B,0x2D,0x63,0x8E,0x73,0x92,0x94,0xB6,0xB5,0x00,0x00,0xD3,0x9C,
	0x00,0x00,0x00,0x00,0xEF,0x7B,0xFF,0xFF,0x00,0x00,0x66,0x29,0x72,0x8C,0x38,0xC6,0x79,0xCE,0xF7,0xBD,
	0xB7,0xB5,0x96,0xB5,0x55,0xAD,0x34,0xA5,0x14,0x9D,0xD3,0x9C,0xB2,0x94,0x92,0x94,0x72,0x8C,0x51,0x8C,
	0x31,0x84,0x10,0x84,0xF0,0x7B,0xCF,0x7B,0xAE,0x73,0x8E,0x73,0x6E,0x6B,0x8E,0x73,0xCF,0x7B,0x55,0xAD,
	0xBA,0xD6,0x30,0x84,0xCF,0x7B,0xF0,0x7B,0x14,0x9D,0x14,0xA5,0x35,0xA5,0x55,0xA5,0x56,0xAD,0x76,0xAD,
	0x96,0xB5,0x96,0xB5,0xB6,0xB5,0xF8,0xBD,0xF7,0xBD,0x18,0xC6,0x39,0xC6,0x79,0xCE,0x7A,0xCE,0xBB,0xD6,
	0xFC,0xDE,0x55,0xAD,0x2D,0x6B,0x00,0x00,0x00,0x00,0xEF,0x7B,0x00,0x00,0x00,0x00,0x00,0x00,0x00,0x00,
	0xEF,0x7B,0xEF,0x7B,0xCF,0x7B,0x8E,0x73,0x2C,0x63,0x8E,0x6B,0xD3,0x94,0x14,0xA5,0xEF,0x7B,0xF7,0x7D,
	0x00,0x00,0x00,0x00,0x00,0x00,0x00,0x00,0xEF,0x7B,0x00,0x00,0x00,0x00,0x2D,0x63,0x14,0xA5,0x7A,0xCE,
	0x18,0xC6,0xD7,0xB5,0x96,0xB5,0x76,0xAD,0x55,0xAD,0x34,0xA5,0x14,0xA5,0xD3,0x9C,0xD3,0x9C,0xD3,0x9C,
	0xB3,0x94,0x92,0x94,0x72,0x8C,0x51,0x8C,0x10,0x84,0x10,0x84,0x8E,0x73,0x8E,0x73,0xEF,0x7B,0xBA,0xD6,
	0xFF,0xFF,0x92,0x94,0xCF,0x7B,0x8E,0x73,0x30,0x84,0x10,0x84,0x10,0x84,0x10,0x84,0x10,0x84,0x10,0x84,
	0x10,0x7C,0x10,0x84,0x30,0x84,0x34,0xA5,0x59,0xCE,0x59,0xC6,0x7A,0xCE,0x9A,0xCE,0xDB,0xD6,0x1C,0xDF,
	0x92,0x8C,0x66,0x31,0x00,0x00,0xFF,0xFF,0xEF,0x7B,0x00,0x00,0x00,0x00,0x00,0x00,0x00,0x00,0x00,0x00,
	0x0F,0x00,0x00,0x00,0xCF,0x7B,0x6D,0x6B,0x2D,0x63,0x8E,0x6B,0x72,0x8C,0xF3,0x9C,0x00,0x00,0xEF,0x7B,
	0x00,0x00,0x00,0x00,0x00,0x00,0x00,0x00,0x00,0x00,0xEF,0x7B,0xFF,0xFF,0x00,0x00,0x66,0x31,0x51,0x8C,
	0x9A,0xD6,0x38,0xC6,0xD7,0xBD,0xB6,0xB5,0x76,0xAD,0x76,0xAD,0xB2,0x94,0x10,0x84,0xF0,0x7B,0xEF,0x7B,
	0xEF,0x7B,0xF0,0x7B,0xEF,0x7B,0xEF,0x7B,0xEF,0x7B,0xEF,0x7B,0x8E,0x6B,0x6D,0x6B,0x51,0x8C,0xFF,0xFF,
	0x00,0x00,0xD4,0x9C,0x4D,0x6B,0x51,0x8C,0xEC,0x63,0x08,0x42,0x00,0x00,0x00,0x00,0x00,0x00,0x00,0x00,
	0x00,0x00,0x0C,0x63,0xAE,0x73,0x6D,0x6B,0xF8,0xBD,0x9A,0xD6,0x9A,0xCE,0xDB,0xD6,0x1C,0xDF,0x59,0xC6,
	0x00,0x00,0x00,0x00,0xEF,0x7B,0x00,0x00,0x00,0x00,0x00,0x00,0x00,0x00,0x00,0x00,0x00,0x00,0xEF,0x7B,
	0x00,0x00,0xD8,0xBD,0xAF,0x73,0x2C,0x63,0x2D,0x63,0x8E,0x6B,0x30,0x84,0xD3,0x9C,0xD7,0xBD,0x00,0x00,
	0xEF,0x7B,0x00,0x00,0x00,0x00,0x00,0x00,0x00,0x00,0x00,0x00,0x00,0x00,0xEF,0x7B,0x00,0x00,0x00,0x00,
	0xF7,0xBD,0x9A,0xCE,0x38,0xC6,0xD7,0xBD,0xD7,0xBD,0x55,0xA5,0x6D,0x6B,0xAE,0x73,0x0C,0x63,0x00,0x00,
	0x00,0x00,0x00,0x00,0x00,0x00,0x00,0x00,0xF7,0xFD,0xD3,0x9C,0xD3,0x9C,0xEB,0x5A,0xD3,0x9C,0x00,0x00,
	0x00,0x00,0x00,0x00,0x00,0x00,0x00,0x00,0x00,0x00,0x00,0x00,0x00,0x00,0x00,0x00,0xFF,0xFF,0xEF,0x7B,
	0xEF,0x7B,0x00,0x00,0x4D,0x6B,0x31,0x84,0x38,0xC6,0xBB,0xD6,0xBB,0xD6,0xFB,0xDE,0xBB,0xD6,0x00,0x00,
	0xFF,0xFF,0xEF,0x7B,0x00,0x00,0x00,0x00,0x00,0x00,0x00,0x00,0x00,0x00,0x00,0x00,0x00,0x00,0xEF,0x7B,
	0x00,0x00,0xD3,0x94,0xAF,0x73,0x0C,0x63,0x2D,0x63,0x6E,0x6B,0xF0,0x7B,0x14,0x9D,0x55,0xAD,0x00,0x00,
	0xF7,0xBD,0x00,0x00,0x00,0x00,0x00,0x00,0x00,0x00,0x00,0x00,0x00,0x00,0x00,0x00,0xEF,0x7B,0xFF,0xFF,
	0x00,0x00,0x39,0xC6,0x79,0xCE,0x38,0xC6,0x18,0xBE,0x96,0xB5,0x31,0x84,0x4D,0x6B,0x00,0x00,0xEF,0x7B,
	0xEF,0x7B,0xFF,0xFF,0x00,0x00,0x00,0x00,0x00,0x00,0x00,0x00,0x00,0x00,0x00,0x00,0x00,0x00,0x00,0x00,
	0x00,0x00,0xFF,0xFF,0xFF,0xFF,0xFF,0xFF,0xFF,0xFF,0x00,0x00,0x00,0x00,0x00,0x00,0x00,0x00,0x00,0x00,
	0xD9,0x9C,0x00,0x00,0x31,0x84,0x59,0xC6,0x9A,0xD6,0xBB,0xD6,0xDB,0xD6,0x1C,0xDF,0xBA,0xD6,0x00,0x00,
	0x55,0xAD,0x00,0x00,0x00,0x00,0x00,0x00,0x00,0x00,0x00,0x00,0x00,0x00,0x00,0x00,0x00,0x00,0xAA,0x52,
	0x00,0x00,0x71,0x8C,0x6E,0x6B,0x2C,0x63,0x2D,0x63,0x6E,0x6B,0xF0,0x7B,0xD3,0x9C,0x35,0xA5,0x00,0x00,
	0x55,0xAD,0x00,0x00,0x00,0x00,0x00,0x00,0x00,0x00,0x00,0x00,0x00,0x00,0x00,0x00,0x00,0x00,0x55,0xAD,
	0x00,0x00,0x7A,0xCE,0xDB,0xD6,0x59,0xCE,0x18,0xC6,0x18,0xBE,0x7A,0xCE,0x10,0x7C,0x00,0x00,0xD3,0x9C,
	0x00,0x00,0x00,0x00,0x00,0x00,0x00,0x00,0x00,0x00,0xFF,0xFF,0xFF,0xFF,0xFF,0xFF,0xFF,0xFF,0x00,0x00,
	0x00,0x00,0x00,0x00,0x00,0x00,0x00,0x00,0x00,0x00,0x00,0x00,0x00,0x00,0x00,0x00,0x00,0x00,0xF7,0xBD,
	0x00,0x00,0x72,0x8C,0x59,0xCE,0x9A,0xD6,0xBB,0xD6,0xBB,0xD6,0xBB,0xD6,0xDB,0xD6,0xFC,0xDE,0x5A,0xCE,
	0x00,0x00,0x59,0xCE,0x00,0x00,0x00,0x00,0x00,0x00,0x00,0x00,0x00,0x00,0x00,0x00,0xFF,0xFF,0x00,0x00,
	0xFF,0xFF,0x10,0x84,0x2D,0x63,0x0C,0x63,0x2D,0x63,0x6E,0x6B,0xEF,0x7B,0x92,0x8C,0x14,0xA5,0x59,0xCE,
	0x00,0x00,0xFF,0xFF,0x00,0x00,0x00,0x00,0x00,0x00,0x00,0x00,0x00,0x00,0x00,0x00,0x59,0xCE,0x00,0x00,
	0xBA,0xD6,0x1C,0xDF,0x9A,0xD6,0x7A,0xCE,0x59,0xC6,0x18,0xC6,0x39,0xC6,0x39,0xC6,0x51,0x8C,0x00,0x00,
	0xF7,0xBD,0x00,0x00,0x00,0x00,0x00,0x00,0x00,0x00,0x00,0x00,0x00,0x00,0x00,0x00,0x00,0x00,0x00,0x00,
	0x00,0x00,0x00,0x00,0x00,0x00,0x00,0x00,0x00,0x00,0x00,0x00,0x00,0x00,0x00,0x00,0xF7,0xBD,0x00,0x00,
	0x55,0xA5,0x79,0xCE,0xBB,0xD6,0x9A,0xD6,0xBB,0xD6,0xBB,0xD6,0xBB,0xD6,0x9A,0xD6,0x9A,0xD6,0x9A,0xD6,
	0x18,0xC6,0x00,0x00,0x59,0xCE,0x00,0x00,0x00,0x00,0x00,0x00,0x00,0x00,0x00,0x00,0x55,0xAD,0x00,0x00,
	0xD6,0xB5,0xEF,0x7B,0xEC,0x62,0x0C,0x63,0x2C,0x63,0x6D,0x6B,0xCF,0x7B,0x51,0x8C,0x14,0xA5,0x76,0xAD,
	0x00,0x00,0x55,0xAD,0x00,0x00,0x00,0x00,0x00,0x00,0x00,0x00,0x00,0x00,0x59,0xCE,0x00,0x00,0xDB,0xDE,
	0x3C,0xE7,0xFB,0xDE,0xBA,0xD6,0x9A,0xD6,0x7A,0xCE,0x59,0xCE,0x18,0xBE,0x59,0xCE,0x59,0xC6,0x14,0xA5,
	0x00,0x00,0xF7,0xBD,0x00,0x00,0x00,0x00,0x00,0x00,0x00,0x00,0x00,0x00,0x00,0x00,0x00,0x00,0x00,0x00,
	0x00,0x00,0x00,0x00,0x00,0x00,0x00,0x00,0x00,0x00,0x00,0x00,0x00,0x00,0x55,0xAD,0x00,0x00,0xB7,0xB5,
	0x9A,0xCE,0xBB,0xD6,0x9A,0xD6,0xBB,0xD6,0xBB,0xD6,0xBB,0xD6,0x9A,0xD6,0x7A,0xCE,0x59,0xCE,0x59,0xC6,
	0x39,0xC6,0xF7,0xBD,0x00,0x00,0xFF,0xFF,0x55,0xAD,0x00,0x00,0x00,0x00,0x00,0x00,0xEF,0x7B,0x00,0x00,
	0xF4,0x9C,0xAE,0x73,0x0C,0x63,0x0C,0x63,0x2D,0x63,0x6D,0x6B,0xCF,0x7B,0x51,0x84,0x34,0xA5,0x55,0xAD,
	0x00,0x00,0xF7,0xBD,0x00,0x00,0x00,0x00,0x00,0x00,0x55,0xAD,0xFF,0xFF,0x00,0x00,0xDB,0xDE,0x1C,0xE7,
	0xFB,0xDE,0xDB,0xDE,0xDB,0xDE,0xBB,0xD6,0x9A,0xD6,0x7A,0xCE,0x59,0xCE,0x18,0xC6,0x59,0xCE,0x59,0xCE,
	0x96,0xB5,0x00,0x00,0x55,0xAD,0x00,0x00,0x00,0x00,0x00,0x00,0x00,0x00,0x00,0x00,0x00,0x00,0x00,0x00,
	0x00,0x00,0x00,0x00,0x00,0x00,0x00,0x00,0x00,0x00,0x00,0x00,0xEF,0x7B,0x00,0x00,0x96,0xB5,0x7A,0xCE,
	0xDB,0xD6,0x9A,0xD6,0xBB,0xD6,0xBB,0xD6,0xBA,0xD6,0x9A,0xD6,0x7A,0xCE,0x7A,0xCE,0x7A,0xCE,0x39,0xC6,
	0xF8,0xBD,0xF8,0xBD,0x96,0xB5,0xEF,0x7B,0x00,0x00,0x55,0xAD,0xEF,0x7B,0x00,0x00,0x00,0x00,0xFF,0xFF,
	0x92,0x8C,0x4D,0x6B,0x0C,0x63,0x0C,0x63,0x2D,0x63,0x6D,0x6B,0xCF,0x73,0x31,0x84,0xD3,0x94,0x55,0xAD,
	0xFF,0xFF,0xFF,0xFF,0x00,0x00,0xFF,0xFF,0xFF,0xFF,0x00,0x00,0xEF,0x7B,0xDB,0xD6,0x1C,0xDF,0xFB,0xDE,
	0x1C,0xDF,0x3C,0xE7,0xFB,0xDE,0xDB,0xD6,0xBA,0xD6,0x9A,0xD6,0x7A,0xCE,0x59,0xCE,0x38,0xC6,0x7A,0xCE,
	0x59,0xCE,0xD4,0x9C,0x00,0x00,0xEF,0x7B,0x00,0x00,0x00,0x00,0x00,0x00,0x00,0x00,0x00,0x00,0x00,0x00,
	0x00,0x00,0x00,0x00,0x00,0x00,0x00,0x00,0x00,0x00,0xFF,0xFF,0xFF,0xFF,0xFF,0xFF,0x9A,0xCE,0xDB,0xDE,
	0x9A,0xCE,0xBA,0xD6,0xBA,0xD6,0x9A,0xD6,0x7A,0xCE,0x7A,0xCE,0x9A,0xCE,0xB7,0xB5,0xF3,0x9C,0x14,0x9D,
	0xB7,0xB5,0x96,0xB5,0xB7,0xB5,0x35,0xA5,0xD3,0x9C,0x00,0x00,0x00,0x00,0xEF,0x7B,0xB5,0x52,0xB2,0x94,
	0x8E,0x73,0x0C,0x63,0x0C,0x63,0x0C,0x63,0x2D,0x63,0x6D,0x6B,0xAF,0x73,0x10,0x84,0x72,0x8C,0x14,0x9D,
	0xB6,0xB5,0x55,0xAD,0xF7,0xBD,0x00,0x00,0x00,0x00,0x59,0xC6,0x9A,0xD6,0x1C,0xDF,0xBB,0xD6,0xBB,0xD6,
	0xB6,0xB5,0x75,0xAD,0x59,0xCE,0x3C,0xE7,0xDB,0xDE,0xBA,0xD6,0x9A,0xD6,0x7A,0xCE,0x59,0xCE,0x39,0xC6,
	0x9A,0xD6,0x79,0xCE,0xFF,0xFF,0xFF,0xFF,0xFF,0xFF,0x00,0x00,0x00,0x00,0x00,0x00,0x00,0x00,0x00,0x00,
	0x00,0x00,0x00,0x00,0x00,0x00,0x00,0x00,0x00,0x00,0x00,0x00,0x00,0x00,0x8E,0x73,0x55,0xA5,0xDB,0xDE,
	0x9A,0xD6,0x9A,0xD6,0x9A,0xCE,0x7A,0xCE,0xBA,0xD6,0x38,0xC6,0xF4,0x9C,0xAE,0x73,0x6D,0x6B,0xCF,0x7B,
	0x30,0x84,0x76,0xAD,0x34,0xA5,0x35,0xA5,0xD3,0x94,0x72,0x8C,0x31,0x84,0x00,0x00,0x00,0x00,0x2D,0x63,
	0x6D,0x6B,0x0C,0x63,0x0C,0x63,0x0C,0x63,0x2D,0x63,0x6D,0x6B,0xAF,0x73,0x10,0x84,0x71,0x8C,0x14,0xA5,
	0xF3,0x9C,0x00,0x00,0x00,0x00,0xB7,0xB5,0x18,0xBE,0x39,0xC6,0xBA,0xD6,0x7A,0xCE,0xBB,0xD6,0x92,0x94,
	0xCF,0x7B,0x6D,0x6B,0xAE,0x73,0x55,0xAD,0xBA,0xD6,0x1C,0xDF,0xBB,0xD6,0x9A,0xD6,0x7A,0xCE,0x59,0xCE,
	0x7A,0xCE,0x14,0xA5,0xAE,0x73,0x00,0x00,0x00,0x00,0x00,0x00,0x00,0x00,0x00,0x00,0x00,0x00,0x00,0x00,
	0x00,0x00,0x00,0x00,0x00,0x00,0x00,0x00,0xEF,0x7B,0xFF,0xFF,0xEF,0x7B,0xAE,0x73,0x4D,0x6B,0x55,0xAD,
	0xDB,0xDE,0x7A,0xCE,0xBA,0xD6,0x9A,0xCE,0x76,0xAD,0x10,0x84,0x8E,0x73,0xCF,0x7B,0x4D,0x6B,0x8E,0x73,
	0xAE,0x73,0x34,0xA5,0x14,0xA5,0xB3,0x94,0x92,0x8C,0x72,0x8C,0xF0,0x7B,0xAF,0x73,0x6D,0x6B,0x2D,0x6B,
	0x4D,0x6B,0x0C,0x63,0x0C,0x63,0x0C,0x63,0x2D,0x63,0x6D,0x6B,0xAE,0x73,0x10,0x7C,0x51,0x8C,0xF3,0x9C,
	0xF3,0x9C,0x34,0xA5,0x76,0xAD,0xB6,0xB5,0x39,0xC6,0xF8,0xBD,0x38,0xC6,0x9A,0xCE,0x18,0xC6,0x4D,0x6B,
	0x8E,0x73,0x4D,0x6B,0xCF,0x7B,0x8E,0x73,0x10,0x84,0xD7,0xB5,0xFB,0xDE,0xFB,0xDE,0x9A,0xCE,0xBB,0xD6,
	0x55,0xA5,0x4D,0x6B,0x8E,0x73,0xCF,0x7B,0xFF,0xFF,0xEF,0x7B,0x00,0x00,0x00,0x00,0x00,0x00,0x00,0x00,
	0x00,0x00,0x00,0x00,0x00,0x00,0x00,0x00,0x55,0xAD,0xFF,0xFF,0x17,0xBE,0x10,0x84,0x6D,0x6B,0x8E,0x73,
	0xD7,0xB5,0xDB,0xD6,0xF8,0xBD,0x71,0x8C,0xCE,0x7B,0x10,0x84,0x00,0x00,0x00,0x00,0x00,0x00,0x04,0x21,
	0x14,0x9D,0x55,0xAD,0xD3,0x9C,0x92,0x94,0x51,0x8C,0x10,0x84,0xCF,0x73,0xAF,0x73,0x8E,0x73,0x4D,0x6B,
	0x0C,0x63,0x0C,0x63,0x0C,0x63,0x0C,0x63,0x2D,0x63,0x6D,0x6B,0xAE,0x73,0xF0,0x7B,0x51,0x8C,0x92,0x94,
	0xF3,0x9C,0x55,0xAD,0x96,0xB5,0x96,0xAD,0xB6,0xB5,0xF7,0xBD,0x18,0xC6,0x59,0xCE,0x7A,0xCE,0xD3,0x9C,
	0x28,0x42,0x00,0x00,0x00,0x00,0x00,0x00,0x0F,0x84,0xCF,0x73,0x92,0x94,0x59,0xC6,0x1C,0xDF,0xF7,0xBD,
	0x8E,0x73,0x4D,0x6B,0xCF,0x7B,0xF7,0xBD,0xFF,0xFF,0x55,0xAD,0x00,0x00,0x00,0x00,0x00,0x00,0x00,0x00,
	0x00,0x00,0x00,0x00,0x00,0x00,0x00,0x00,0xFF,0xFF,0xEF,0x7B,0x41,0x08,0xB6,0xB5,0xCF,0x7B,0x8E,0x73,
	0x10,0x7C,0xF3,0x9C,0xCF,0x73,0xEF,0x7B,0x00,0x00,0x00,0x00,0xAA,0x52,0xAA,0x52,0xEF,0x7B,0xFF,0xFF,
	0x76,0xAD,0x35,0xA5,0xD3,0x94,0x92,0x8C,0x31,0x84,0xEF,0x7B,0xAE,0x73,0x6E,0x6B,0x4D,0x6B,0x0C,0x63,
	0x0C,0x63,0x0C,0x63,0x0C,0x63,0x0C,0x63,0x2D,0x63,0x4D,0x6B,0x8E,0x73,0xEF,0x7B,0x31,0x84,0x92,0x94,
	0xD3,0x9C,0x14,0xA5,0x35,0xA5,0x75,0xAD,0x96,0xB5,0xD7,0xBD,0xF8,0xBD,0x38,0xC6,0x9A,0xCE,0xB7,0xB5,
	0xF7,0xBD,0xEF,0x7B,0xAA,0x52,0xAA,0x52,0x00,0x00,0x00,0x00,0x0F,0x84,0xCF,0x7B,0x14,0xA5,0x10,0x84,
	0x6D,0x6B,0x8E,0x73,0x96,0xB5,0x41,0x08,0xEF,0x7B,0xFF,0xFF,0x00,0x00,0x00,0x00,0x00,0x00,0x00,0x00,
	0x00,0x00,0x00,0x00,0x00,0x00,0x00,0x00,0x00,0x00,0xEF,0x7B,0x00,0x00,0xFF,0xFF,0x54,0xA5,0x10,0x84,
	0xEF,0x7B,0x6D,0x6B,0x00,0x00,0x00,0x00,0xEF,0x7B,0xEF,0x7B,0x00,0x00,0x55,0xAD,0x00,0x00,0x55,0xAD,
	0x76,0xAD,0xD3,0x9C,0x92,0x94,0x71,0x8C,0x10,0x84,0xCF,0x7B,0x8E,0x73,0x4D,0x6B,0x4D,0x6B,0x4D,0x6B,
	0xEB,0x5A,0x0C,0x63,0x0C,0x63,0x0C,0x63,0x2D,0x63,0x4D,0x6B,0x8E,0x73,0xCF,0x7B,0x31,0x84,0x51,0x84,
	0x30,0x84,0x30,0x84,0x14,0x9D,0x75,0xAD,0x76,0xAD,0xB7,0xB5,0xF7,0xBD,0x18,0xBE,0x59,0xCE,0x18,0xBE,
	0xF4,0x9C,0x00,0x00,0x55,0xAD,0x00,0x00,0xEF,0x7B,0xEF,0x7B,0x00,0x00,0x00,0x00,0x4D,0x6B,0xCF,0x7B,
	0xCF,0x7B,0x34,0xA5,0xFF,0xFF,0x00,0x00,0xEF,0x7B,0x00,0x00,0x00,0x00,0x00,0x00,0x00,0x00,0x00,0x00,
	0x00,0x00,0x00,0x00,0x00,0x00,0x00,0x00,0x00,0x00,0x00,0x00,0x55,0xAD,0x00,0x00,0x5D,0xEF,0xF3,0x9C,
	0x00,0x00,0x00,0x00,0x00,0x00,0xAA,0x52,0x00,0x00,0x00,0x00,0x00,0x00,0xF7,0xBD,0x00,0x00,0x55,0xAD,
	0x76,0xAD,0xB2,0x94,0x72,0x8C,0x31,0x84,0xF0,0x7B,0xAF,0x73,0x6D,0x6B,0x4D,0x6B,0xEF,0x7B,0x30,0x84,
	0xCF,0x73,0xEC,0x5A,0x0C,0x63,0x0C,0x63,0x2D,0x63,0x4D,0x6B,0x8E,0x73,0xEF,0x7B,0xEF,0x7B,0xCE,0x73,
	0xF0,0x7B,0xCF,0x7B,0xCF,0x7B,0x35,0xA5,0x75,0xAD,0x96,0xB5,0xD7,0xB5,0xF8,0xBD,0x39,0xC6,0x7A,0xCE,
	0x35,0xA5,0x00,0x00,0xF7,0xBD,0x00,0x00,0x00,0x00,0x00,0x00,0xAA,0x52,0x00,0x00,0x00,0x00,0x00,0x00,
	0xF3,0x9C,0x5D,0xEF,0x00,0x00,0x55,0xAD,0x00,0x00,0x00,0x00,0x00,0x00,0x00,0x00,0x00,0x00,0x00,0x00,
	0x00,0x00,0x00,0x00,0x00,0x00,0x00,0x00,0x00,0x00,0x00,0x00,0x00,0x00,0xFF,0xFF,0x00,0x00,0x00,0x00,
	0x00,0x00,0xAA,0x52,0x00,0x00,0x00,0x00,0x00,0x00,0x00,0x00,0x00,0x00,0xEF,0x7B,0x00,0x00,0x55,0xA5,
	0x35,0xA5,0x72,0x8C,0x51,0x8C,0x10,0x84,0xCF,0x7B,0x8E,0x73,0x8E,0x6B,0x8D,0x73,0x2C,0x63,0x6D,0x6B,
	0x8E,0x6B,0x6D,0x6B,0x0C,0x63,0x0C,0x63,0x2D,0x63,0x4D,0x6B,0x8E,0x73,0xF0,0x7B,0xCF,0x73,0x2C,0x63,
	0x6D,0x6B,0x4D,0x6B,0x4D,0x6B,0x51,0x8C,0x76,0xAD,0x76,0xAD,0xB6,0xB5,0xD7,0xBD,0x18,0xBE,0x7A,0xCE,
	0x55,0xAD,0x00,0x00,0xEF,0x7B,0x00,0x00,0x00,0x00,0x00,0x00,0x00,0x00,0x00,0x00,0xAA,0x52,0x00,0x00,
	0x00,0x00,0x00,0x00,0xFF,0xFF,0x00,0x00,0x00,0x00,0x00,0x00,0x00,0x00,0x00,0x00,0x00,0x00,0x00,0x00,
	0x00,0x00,0x00,0x00,0x00,0x00,0x00,0x00,0x00,0x00,0x00,0x00,0x00,0x00,0x00,0x00,0xFF,0xFF,0xEF,0x7B,
	0x00,0x00,0x00,0x00,0x00,0x00,0x00,0x00,0x00,0x00,0x00,0x00,0xEF,0x7B,0x00,0x00,0xB3,0x94,0x35,0xA5,
	0xB3,0x94,0x72,0x8C,0x31,0x84,0xF0,0x7B,0xAF,0x73,0x6D,0x6B,0x8E,0x73,0xCF,0x7B,0x00,0x00,0x00,0x00,
	0x8E,0x6B,0xAF,0x73,0xEC,0x5A,0x0C,0x63,0x2D,0x63,0x4D,0x6B,0x8E,0x73,0xF0,0x7B,0xAF,0x73,0x8A,0x52,
	0x00,0x00,0x00,0x00,0x0F,0x84,0x8E,0x6B,0xD3,0x9C,0x76,0xAD,0x96,0xB5,0xD7,0xB5,0xD7,0xBD,0x39,0xC6,
	0x96,0xAD,0xEF,0x7B,0x00,0x00,0xEF,0x7B,0x00,0x00,0x00,0x00,0x00,0x00,0x00,0x00,0x00,0x00,0x00,0x00,
	0xEF,0x7B,0xFF,0xFF,0x00,0x00,0x00,0x00,0x00,0x00,0x00,0x00,0x00,0x00,0x00,0x00,0x00,0x00,0x00,0x00,
	0x00,0x00,0x00,0x00,0x00,0x00,0x00,0x00,0x00,0x00,0x00,0x00,0x00,0x00,0x00,0x00,0x00,0x00,0x00,0x00,
	0x00,0x00,0x00,0x00,0x00,0x00,0x00,0x00,0x00,0x00,0x00,0x00,0xEF,0x7B,0x00,0x00,0x35,0xA5,0x55,0xAD,
	0x72,0x8C,0x51,0x8C,0x10,0x84,0xEF,0x7B,0x8E,0x73,0x8E,0x73,0xEF,0x7B,0x00,0x00,0xEC,0x62,0xEF,0x7B,
	0x51,0x8C,0xAF,0x73,0x0C,0x63,0x0C,0x63,0x2D,0x63,0x4D,0x6B,0x8E,0x6B,0xF0,0x7B,0xAE,0x73,0x0C,0x63,
	0xEF,0x7B,0xEC,0x62,0x00,0x00,0xCF,0x7B,0xCF,0x7B,0x55,0xA5,0x96,0xAD,0xB6,0xB5,0xD7,0xB5,0xF8,0xBD,
	0x18,0xC6,0xD3,0x94,0x00,0x00,0xEF,0x7B,0x00,0x00,0x00,0x00,0x00,0x00,0x00,0x00,0x00,0x00,0x00,0x00,
	0x00,0x00,0x00,0x00,0x00,0x00,0x00,0x00,0x00,0x00,0x00,0x00,0x00,0x00,0x00,0x00,0x00,0x00,0x00,0x00,
	0x00,0x00,0x00,0x00,0x00,0x00,0x00,0x00,0x00,0x00,0x00,0x00,0x00,0x00,0x00,0x00,0x00,0x00,0x00,0x00,
	0x00,0x00,0x00,0x00,0x00,0x00,0x00,0x00,0x00,0x00,0x00,0x00,0xEF,0x7B,0x00,0x00,0xD3,0x9C,0xF4,0x9C,
	0x72,0x8C,0x31,0x84,0xF0,0x7B,0xAF,0x73,0xAE,0x73,0xCE,0x7B,0x00,0x00,0xEF,0x7B,0x00,0x00,0xEF,0x7B,
	0x00,0x00,0xEF,0x7B,0x4D,0x6B,0x0C,0x63,0x2D,0x63,0x4D,0x6B,0x8E,0x6B,0x10,0x7C,0xAE,0x73,0x00,0x00,
	0xEF,0x7B,0x00,0x00,0xEF,0x7B,0x00,0x00,0x8E,0x73,0x71,0x8C,0x96,0xB5,0x96,0xAD,0xD7,0xB5,0x18,0xC6,
	0x38,0xC6,0x92,0x94,0x00,0x00,0xEF,0x7B,0x00,0x00,0x00,0x00,0x00,0x00,0x00,0x00,0x00,0x00,0x00,0x00,
	0x00,0x00,0x00,0x00,0x00,0x00,0x00,0x00,0x00,0x00,0x00,0x00,0x00,0x00,0x00,0x00,0x00,0x00,0x00,0x00,
	0x00,0x00,0x00,0x00,0x00,0x00,0x00,0x00,0x00,0x00,0x00,0x00,0x00,0x00,0x00,0x00,0x00,0x00,0x00,0x00,
	0x00,0x00,0x00,0x00,0x00,0x00,0x00,0x00,0x00,0x00,0x00,0x00,0x00,0x00,0x00,0x00,0xCF,0x7B,0xCF,0x7B,
	0xAF,0x73,0xF0,0x7B,0xF0,0x7B,0x8E,0x73,0xAE,0x73,0xFF,0xFF,0xAA,0x52,0xFF,0xFF,0x00,0x00,0xEF,0x7B,
	0x00,0x00,0x10,0x84,0x6D,0x6B,0xEC,0x62,0x2D,0x63,0x4D,0x6B,0x6E,0x6B,0x10,0x84,0xAF,0x73,0x00,0x00,
	0xEF,0x7B,0x00,0x00,0xFF,0xFF,0xAA,0x52,0xFF,0xFF,0x8E,0x73,0xF3,0x9C,0xD7,0xB5,0x76,0xAD,0x92,0x94,
	0xCF,0x7B,0x8E,0x73,0x00,0x00,0x00,0x00,0x00,0x00,0x00,0x00,0x00,0x00,0x00,0x00,0x00,0x00,0x00,0x00,
	0x00,0x00,0x00,0x00,0x00,0x00,0x00,0x00,0x00,0x00,0x00,0x00,0x00,0x00,0x00,0x00,0x00,0x00,0x00,0x00,
	0x00,0x00,0x00,0x00,0x00,0x00,0x00,0x00,0x00,0x00,0x00,0x00,0x00,0x00,0x00,0x00,0x00,0x00,0x00,0x00,
	0x00,0x00,0x00,0x00,0x00,0x00,0x00,0x00,0x00,0x00,0xEF,0x7B,0x00,0x00,0xEF,0x7B,0x30,0x84,0x10,0x84,
	0xEF,0x7B,0x8E,0x73,0x6E,0x6B,0x8E,0x73,0x71,0x8C,0x00,0x00,0xEF,0x7B,0x00,0x00,0x00,0x00,0xEF,0x7B,
	0x00,0x00,0x71,0x8C,0x8E,0x73,0x0C,0x5B,0x2D,0x63,0x4D,0x6B,0x6E,0x6B,0xF0,0x7B,0xAF,0x73,0x00,0x00,
	0xEF,0x7B,0x00,0x00,0x00,0x00,0xEF,0x7B,0x00,0x00,0x51,0x8C,0xCF,0x7B,0x51,0x8C,0x6D,0x6B,0x6D,0x6B,
	0xCF,0x7B,0x51,0x8C,0x30,0x84,0x00,0x00,0xEF,0x7B,0x00,0x00,0x00,0x00,0x00,0x00,0x00,0x00,0x00,0x00,
	0x00,0x00,0x00,0x00,0x00,0x00,0x00,0x00,0x00,0x00,0x00,0x00,0x00,0x00,0x00,0x00,0x00,0x00,0x00,0x00,
	0x00,0x00,0x00,0x00,0x00,0x00,0x00,0x00,0x00,0x00,0x00,0x00,0x00,0x00,0x00,0x00,0x00,0x00,0x00,0x00,
	0x00,0x00,0x00,0x00,0x00,0x00,0x00,0x00,0x00,0x00,0xFF,0xFF,0xFF,0xFF,0x79,0xCE,0xB6,0xB5,0xF3,0x9C,
	0x51,0x8C,0x10,0x84,0x50,0x8C,0x10,0x84,0x00,0x00,0xEF,0x7B,0x00,0x00,0x00,0x00,0x00,0x00,0x55,0xAD,
	0x00,0x00,0xB2,0x94,0x8E,0x6B,0xEC,0x62,0x2D,0x63,0x4D,0x6B,0x8E,0x6B,0xCF,0x7B,0x6D,0x6B,0x00,0x00,
	0xAA,0x52,0x00,0x00,0x00,0x00,0x00,0x00,0xEF,0x7B,0x00,0x00,0xEF,0x7B,0xEF,0x7B,0xCF,0x7B,0x50,0x8C,
	0xF3,0x9C,0xB6,0xB5,0x9A,0xD6,0xFF,0xFF,0xFF,0xFF,0x00,0x00,0x00,0x00,0x00,0x00,0x00,0x00,0x00,0x00,
	0x00,0x00,0x00,0x00,0x00,0x00,0x00,0x00,0x00,0x00,0x00,0x00,0x00,0x00,0x00,0x00,0x00,0x00,0x00,0x00,
	0x00,0x00,0x00,0x00,0x00,0x00,0x00,0x00,0x00,0x00,0x00,0x00,0x00,0x00,0x00,0x00,0x00,0x00,0x00,0x00,
	0x00,0x00,0x00,0x00,0x00,0x00,0x00,0x00,0x00,0x00,0x00,0x00,0xFF,0xFF,0x00,0x00,0xFF,0xFF,0x3C,0xE7,
	0xD7,0xB5,0x55,0xAD,0x30,0x84,0x00,0x00,0xEF,0x7B,0x00,0x00,0x00,0x00,0x00,0x00,0x00,0x00,0xFF,0xFF,
	0x00,0x00,0xB6,0xB5,0x6D,0x6B,0xEC,0x5A,0x0C,0x63,0x2D,0x63,0x6E,0x6B,0x8E,0x6B,0x0C,0x63,0x00,0x00,
	0xFF,0xFF,0x00,0x00,0x00,0x00,0x00,0x00,0x00,0x00,0xEF,0x7B,0x00,0x00,0x30,0x84,0x54,0xA5,0xB6,0xB5,
	0x3C,0xE7,0xFF,0xFF,0x00,0x00,0xFF,0xFF,0x00,0x00,0x00,0x00,0x00,0x00,0x00,0x00,0x00,0x00,0x00,0x00,
	0x00,0x00,0x00,0x00,0x00,0x00,0x00,0x00,0x00,0x00,0x00,0x00,0x00,0x00,0x00,0x00,0x00,0x00,0x00,0x00,
	0x00,0x00,0x00,0x00,0x00,0x00,0x00,0x00,0x00,0x00,0x00,0x00,0x00,0x00,0x00,0x00,0x00,0x00,0x00,0x00,
	0x00,0x00,0x00,0x00,0x00,0x00,0x00,0x00,0x00,0x00,0x00,0x00,0x00,0x00,0xFF,0xFF,0x00,0x00,0x00,0x00,
	0xFF,0xFF,0x5D,0xEF,0x38,0xC6,0xFF,0xFF,0xFF,0xFF,0x00,0x00,0x00,0x00,0x00,0x00,0x00,0x00,0x00,0x00,
	0x00,0x00,0xFF,0xFF,0xAE,0x73,0x8E,0x73,0x6E,0x6B,0x6E,0x6B,0xCF,0x7B,0x6D,0x6B,0x00,0x00,0x00,0x00,
	0x00,0x00,0x00,0x00,0x00,0x00,0x00,0x00,0x00,0x00,0xFF,0xFF,0xFF,0xFF,0xB8,0xB5,0x7D,0xEF,0xFF,0xFF,
	0x00,0x00,0x00,0x00,0xFF,0xFF,0x00,0x00,0x00,0x00,0x00,0x00,0x00,0x00,0x00,0x00,0x00,0x00,0x00,0x00,
	0x00,0x00,0x00,0x00,0x00,0x00,0x00,0x00,0x00,0x00,0x00,0x00,0x00,0x00,0x00,0x00,0x00,0x00,0x00,0x00,
	0x00,0x00,0x00,0x00,0x00,0x00,0x00,0x00,0x00,0x00,0x00,0x00,0x00,0x00,0x00,0x00,0x00,0x00,0x00,0x00,
	0x00,0x00,0x00,0x00,0x00,0x00,0x00,0x00,0x00,0x00,0x00,0x00,0x00,0x00,0x00,0x00,0xFF,0xFF,0xFF,0xFF,
	0x00,0x00,0x00,0x00,0x00,0x00,0x00,0x00,0x00,0x00,0x00,0x00,0x00,0x00,0x00,0x00,0x00,0x00,0x00,0x00,
	0x55,0xAD,0x00,0x00,0xCF,0x7B,0x10,0x84,0xCF,0x7B,0xCF,0x7B,0x10,0x84,0xCF,0x7B,0x00,0x00,0x55,0xAD,
	0x00,0x00,0x00,0x00,0x00,0x00,0x00,0x00,0x00,0x00,0x00,0x00,0x00,0x00,0x00,0x00,0x00,0x00,0x00,0x00,
	0xFF,0xFF,0xFF,0xFF,0x00,0x00,0x00,0x00,0x00,0x00,0x00,0x00,0x00,0x00,0x00,0x00,0x00,0x00,0x00,0x00,
	0x00,0x00,0x00,0x00,0x00,0x00,0x00,0x00,0x00,0x00,0x00,0x00,0x00,0x00,0x00,0x00,0x00,0x00,0x00,0x00,
	0x00,0x00,0x00,0x00,0x00,0x00,0x00,0x00,0x00,0x00,0x00,0x00,0x00,0x00,0x00,0x00,0x00,0x00,0x00,0x00,
	0x00,0x00,0x00,0x00,0x00,0x00,0x00,0x00,0x00,0x00,0x00,0x00,0x00,0x00,0x00,0x00,0x00,0x00,0x00,0x00,
	0xFF,0xFF,0xF7,0xBD,0xFF,0xFF,0x00,0x00,0x00,0x00,0x00,0x00,0x00,0x00,0x00,0x00,0x00,0x00,0x00,0x00,
	0xEF,0x7B,0x00,0x00,0x4D,0x6B,0x8E,0x73,0x4D,0x6B,0x4D,0x6B,0x8E,0x73,0x4D,0x6B,0x00,0x00,0xEF,0x7B,
	0x00,0x00,0x00,0x00,0x00,0x00,0x00,0x00,0x00,0x00,0x00,0x00,0x00,0x00,0xFF,0xFF,0xF7,0xBD,0xFF,0xFF,
	0x00,0x00,0x00,0x00,0x00,0x00,0x00,0x00,0x00,0x00,0x00,0x00,0x00,0x00,0x00,0x00,0x00,0x00,0x00,0x00,
	0x00,0x00,0x00,0x00,0x00,0x00,0x00,0x00,0x00,0x00,0x00,0x00,0x00,0x00,0x00,0x00,0x00,0x00,0x00,0x00,
	0x00,0x00,0x00,0x00,0x00,0x00,0x00,0x00,0x00,0x00,0x00,0x00,0x00,0x00,0x00,0x00,0x00,0x00,0x00,0x00,
	0x01,0x04,0x01,0x00,0x00,0x00,0x00,0x00,0x00,0x00,0x04,0x00,0x75,0xFC,0xF8,0xF8,0xFC,0x75,0x00,0x04,
	0x00,0x00,0x00,0x00,0x00,0x00,0x00,0x01,0x04,0x01,0x00,0x00,0x00,0x00,0x00,0x00,0x00,0x00,0x00,0x00,
	0x00,0x00,0x00,0x00,0x00,0x00,0x00,0x00,0x00,0x00,0x00,0x00,0x00,0x00,0x00,0x00,0x00,0x00,0x00,0x00,
	0x00,0x00,0x00,0x00,0x00,0x00,0x00,0x00,0x01,0x03,0x00,0x00,0x00,0x00,0x00,0x00,0x00,0x00,0x00,0x00,
	0x03,0x00,0xA5,0xFF,0xFC,0xFC,0xFF,0xA5,0x00,0x03,0x00,0x00,0x00,0x00,0x00,0x00,0x00,0x00,0x00,0x00,
	0x03,0x01,0x00,0x00,0x00,0x00,0x00,0x00,0x00,0x00,0x00,0x00,0x00,0x00,0x00,0x00,0x00,0x00,0x00,0x00,
	0x00,0x00,0x00,0x00,0x00,0x00,0x00,0x00,0x00,0x00,0x00,0x00,0x00,0x00,0x00,0x00,0x00,0x01,0x00,0x00,
	0x04,0x52,0x0E,0x01,0x01,0x00,0x00,0x00,0x00,0x00,0x01,0x01,0xD0,0xFF,0xFD,0xFD,0xFF,0xD0,0x01,0x01,
	0x00,0x00,0x00,0x00,0x00,0x01,0x01,0x0E,0x52,0x04,0x00,0x00,0x01,0x00,0x00,0x00,0x00,0x00,0x00,0x00,
	0x00,0x00,0x00,0x00,0x00,0x00,0x00,0x00,0x00,0x00,0x00,0x00,0x00,0x00,0x00,0x00,0x00,0x00,0x00,0x00,
	0x00,0x00,0x00,0x00,0x00,0x00,0x01,0x00,0x09,0x65,0xD0,0xFF,0x9D,0x00,0x04,0x00,0x00,0x00,0x00,0x01,
	0x00,0x15,0xF2,0xFF,0xFE,0xFE,0xFF,0xF2,0x15,0x00,0x01,0x00,0x00,0x00,0x00,0x04,0x00,0x9D,0xFF,0xD0,
	0x65,0x09,0x00,0x01,0x00,0x00,0x00,0x00,0x00,0x00,0x00,0x00,0x00,0x00,0x00,0x00,0x00,0x00,0x00,0x00,
	0x00,0x00,0x00,0x00,0x00,0x00,0x00,0x00,0x00,0x00,0x00,0x00,0x00,0x00,0x00,0x02,0x01,0x36,0xDB,0xFF,
	0xFF,0xFA,0xFF,0x5D,0x00,0x04,0x00,0x00,0x00,0x03,0x00,0x3A,0xFF,0xFE,0xFF,0xFF,0xFE,0xFF,0x3A,0x00,
	0x03,0x00,0x00,0x00,0x04,0x00,0x5D,0xFF,0xFA,0xFF,0xFF,0xDB,0x36,0x01,0x02,0x00,0x00,0x00,0x00,0x00,
	0x00,0x00,0x00,0x00,0x00,0x00,0x00,0x00,0x00,0x00,0x00,0x00,0x00,0x00,0x00,0x00,0x00,0x00,0x00,0x00,
	0x00,0x00,0x00,0x00,0x00,0x02,0x00,0x30,0xFF,0xFB,0xFD,0xFE,0xFC,0xF3,0x27,0x00,0x02,0x00,0x00,0x04,
	0x00,0x66,0xFF,0xFB,0xFF,0xFF,0xFB,0xFF,0x66,0x00,0x04,0x00,0x00,0x02,0x00,0x27,0xF3,0xFC,0xFE,0xFD,
	0xFB,0xFF,0x30,0x00,0x02,0x00,0x00,0x00,0x00,0x00,0x00,0x00,0x00,0x00,0x00,0x00,0x00,0x00,0x00,0x00,
	0x00,0x00,0x00,0x00,0x00,0x00,0x00,0x00,0x00,0x00,0x00,0x00,0x00,0x00,0x00,0x00,0x01,0x01,0xD3,0xFF,
	0xFD,0xFF,0xFC,0xFF,0xCD,0x06,0x03,0x01,0x00,0x04,0x00,0x96,0xFF,0xFB,0xFF,0xFF,0xFB,0xFF,0x96,0x00,
	0x04,0x00,0x01,0x03,0x06,0xCD,0xFF,0xFC,0xFF,0xFD,0xFF,0xD3,0x01,0x01,0x00,0x00,0x00,0x00,0x00,0x00,
	0x00,0x00,0x00,0x00,0x00,0x00,0x00,0x00,0x00,0x00,0x00,0x00,0x00,0x00,0x00,0x00,0x00,0x00,0x00,0x00,
	0x00,0x00,0x00,0x00,0x00,0x00,0x04,0x00,0x96,0xFF,0xFB,0xFF,0xFF,0xFB,0xFF,0x94,0x00,0x04,0x00,0x02,
	0x00,0xC3,0xFF,0xFC,0xFF,0xFF,0xFC,0xFF,0xC3,0x00,0x02,0x00,0x04,0x00,0x94,0xFF,0xFB,0xFF,0xFF,0xFB,
	0xFF,0x96,0x00,0x04,0x00,0x00,0x00,0x00,0x00,0x00,0x00,0x00,0x00,0x00,0x00,0x00,0x00,0x00,0x00,0x00,
	0x00,0x00,0x00,0x00,0x00,0x00,0x00,0x00,0x00,0x00,0x00,0x00,0x00,0x00,0x00,0x00,0x04,0x00,0x52,0xFF,
	0xFC,0xFF,0xFF,0xFF,0xFB,0xFF,0x54,0x00,0x08,0x04,0x0D,0xE8,0xFF,0xFE,0xFF,0xFF,0xFE,0xFF,0xE8,0x0D,
	0x04,0x08,0x00,0x54,0xFF,0xFB,0xFF,0xFF,0xFF,0xFC,0xFF,0x52,0x00,0x04,0x00,0x00,0x00,0x00,0x00,0x00,
	0x00,0x00,0x00,0x00,0x00,0x00,0x00,0x00,0x00,0x00,0x00,0x00,0x00,0x00,0x00,0x00,0x00,0x00,0x02,0x04,
	0x01,0x00,0x00,0x00,0x00,0x00,0x02,0x00,0x18,0xF4,0xFF,0xFE,0xFF,0xFF,0xFE,0xFD,0xF0,0x21,0x00,0x00,
	0x28,0xFE,0xFE,0xFF,0xFF,0xFF,0xFF,0xFE,0xFE,0x28,0x00,0x00,0x21,0xF0,0xFD,0xFE,0xFF,0xFF,0xFE,0xFF,
	0xF4,0x18,0x00,0x02,0x00,0x00,0x00,0x00,0x00,0x01,0x04,0x02,0x00,0x00,0x00,0x00,0x00,0x00,0x00,0x00,
	0x00,0x00,0x00,0x00,0x00,0x00,0x00,0x01,0x00,0x00,0x00,0x03,0x00,0x00,0x00,0x00,0x00,0x02,0x00,0xC2,
	0xFF,0xFC,0xFF,0xFF,0xFF,0xFC,0xFF,0xC5,0x5A,0x96,0xD1,0xFE,0xFE,0xFF,0xFF,0xFF,0xFF,0xFE,0xFE,0xD1,
	0x96,0x5A,0xC5,0xFF,0xFC,0xFF,0xFF,0xFF,0xFC,0xFF,0xC2,0x00,0x02,0x00,0x00,0x00,0x00,0x00,0x03,0x00,
	0x00,0x00,0x01,0x00,0x00,0x00,0x00,0x00,0x00,0x00,0x00,0x00,0x00,0x00,0x00,0x00,0x03,0x00,0x33,0x60,
	0x00,0x00,0x01,0x03,0x00,0x00,0x00,0x04,0x00,0x80,0xFF,0xFB,0xFF,0xFF,0xFF,0xFF,0xFE,0xFF,0xFF,0xFF,
	0xFF,0xFF,0xFF,0xFF,0xFF,0xFF,0xFF,0xFF,0xFF,0xFF,0xFF,0xFF,0xFF,0xFE,0xFF,0xFF,0xFF,0xFF,0xFB,0xFF,
	0x80,0x00,0x04,0x00,0x00,0x00,0x03,0x01,0x00,0x00,0x60,0x33,0x00,0x03,0x00,0x00,0x00,0x00,0x00,0x00,
	0x00,0x00,0x00,0x00,0x00,0x02,0x01,0x13,0xDE,0xFF,0xC8,0x51,0x00,0x00,0x02,0x02,0x00,0x03,0x00,0x3F,
	0xFF,0xFD,0xFF,0xFF,0xFF,0xFF,0xFF,0xFD,0xFC,0xFA,0xFB,0xFB,0xFB,0xFB,0xFB,0xFB,0xFB,0xFB,0xFB,0xFB,
	0xFA,0xFC,0xFD,0xFF,0xFF,0xFF,0xFF,0xFF,0xFD,0xFF,0x3F,0x00,0x03,0x00,0x02,0x02,0x00,0x00,0x51,0xC8,
	0xFF,0xDE,0x13,0x01,0x02,0x00,0x00,0x00,0x00,0x00,0x00,0x00,0x00,0x00,0x01,0x02,0x00,0xB9,0xFF,0xF9,
	0xFF,0xFF,0xBF,0x45,0x00,0x00,0x03,0x03,0x02,0x08,0xE2,0xFF,0xFD,0xFF,0xFF,0xFF,0xFF,0xFF,0xFC,0xFF,
	0xFF,0xFF,0xFF,0xFF,0xFF,0xFF,0xFF,0xFF,0xFF,0xFF,0xFF,0xFC,0xFF,0xFF,0xFF,0xFF,0xFF,0xFD,0xFF,0xE2,
	0x08,0x02,0x03,0x03,0x00,0x00,0x45,0xBF,0xFF,0xFF,0xF9,0xFF,0xB9,0x00,0x02,0x01,0x00,0x00,0x00,0x00,
	0x00,0x00,0x00,0x00,0x03,0x01,0x96,0xFF,0xFB,0xFF,0xFD,0xFD,0xFF,0xFF,0xB4,0x3B,0x00,0x00,0x00,0x0F,
	0xD5,0xFE,0xFD,0xFF,0xFF,0xFF,0xFF,0xFF,0xFF,0xF8,0xD0,0xA6,0x81,0x6A,0x5C,0x5C,0x6A,0x81,0xA6,0xD0,
	0xF8,0xFF,0xFF,0xFF,0xFF,0xFF,0xFF,0xFD,0xFE,0xD5,0x0F,0x00,0x00,0x00,0x3B,0xB4,0xFF,0xFF,0xFD,0xFD,
	0xFF,0xFB,0xFF,0x96,0x01,0x03,0x00,0x00,0x00,0x00,0x00,0x00,0x00,0x00,0x02,0x01,0x97,0xFF,0xFA,0xFF,
	0xFF,0xFF,0xFC,0xFD,0xFF,0xFF,0xAA,0x2A,0x2D,0xD7,0xFF,0xFD,0xFF,0xFF,0xFF,0xFF,0xFE,0xF9,0x6C,0x22,
	0x00,0x00,0x00,0x00,0x00,0x00,0x00,0x00,0x00,0x00,0x22,0x6C,0xF9,0xFE,0xFF,0xFF,0xFF,0xFF,0xFD,0xFF,
	0xD7,0x2D,0x2A,0xAA,0xFF,0xFF,0xFD,0xFC,0xFF,0xFF,0xFF,0xFA,0xFF,0x97,0x01,0x02,0x00,0x00,0x00,0x00,
	0x00,0x00,0x00,0x00,0x01,0x02,0x00,0xAE,0xFF,0xFB,0xFF,0xFF,0xFF,0xFF,0xFC,0xFE,0xFF,0xF8,0xF5,0xFF,
	0xFE,0xFF,0xFF,0xFF,0xFF,0xFF,0xFD,0xFE,0x3B,0x00,0x03,0x03,0x04,0x04,0x04,0x04,0x04,0x04,0x03,0x03,
	0x00,0x3B,0xFE,0xFD,0xFF,0xFF,0xFF,0xFF,0xFF,0xFE,0xFF,0xF5,0xF8,0xFF,0xFE,0xFC,0xFF,0xFF,0xFF,0xFF,
	0xFB,0xFF,0xAE,0x00,0x02,0x01,0x00,0x00,0x00,0x00,0x00,0x00,0x00,0x00,0x00,0x01,0x02,0x09,0xC8,0xFF,
	0xFC,0xFF,0xFF,0xFF,0xFF,0xFF,0xFC,0xFF,0xFF,0xFD,0xFF,0xFF,0xFF,0xFF,0xFF,0xFF,0xFB,0xFF,0xAB,0x00,
	0x04,0x00,0x00,0x00,0x00,0x00,0x00,0x00,0x00,0x04,0x00,0xAB,0xFF,0xFB,0xFF,0xFF,0xFF,0xFF,0xFF,0xFF,
	0xFD,0xFF,0xFF,0xFC,0xFF,0xFF,0xFF,0xFF,0xFF,0xFC,0xFF,0xC8,0x09,0x02,0x01,0x00,0x00,0x00,0x00,0x00,
	0x00,0x00,0x00,0x00,0x00,0x00,0x02,0x00,0x17,0xDE,0xFF,0xFC,0xFF,0xFF,0xFF,0xFF,0xFF,0xFE,0xFE,0xFF,
	0xFF,0xFF,0xFF,0xFF,0xFF,0xFF,0xFE,0xFF,0xF0,0x14,0x00,0x01,0x00,0x00,0x00,0x00,0x00,0x00,0x01,0x00,
	0x14,0xF0,0xFF,0xFE,0xFF,0xFF,0xFF,0xFF,0xFF,0xFF,0xFF,0xFE,0xFE,0xFF,0xFF,0xFF,0xFF,0xFF,0xFC,0xFF,
	0xDE,0x17,0x00,0x02,0x00,0x00,0x00,0x00,0x00,0x00,0x00,0x00,0x00,0x00,0x00,0x00,0x00,0x03,0x00,0x2B,
	0xF0,0xFE,0xFD,0xFF,0xFF,0xFF,0xFF,0xFF,0xFF,0xFF,0xFF,0xFF,0xFF,0xFF,0xFF,0xFF,0xFF,0xFC,0xFF,0x61,
	0x00,0x04,0x00,0x00,0x00,0x00,0x00,0x00,0x04,0x00,0x61,0xFF,0xFC,0xFF,0xFF,0xFF,0xFF,0xFF,0xFF,0xFF,
	0xFF,0xFF,0xFF,0xFF,0xFF,0xFF,0xFF,0xFD,0xFE,0xF0,0x2B,0x00,0x03,0x00,0x00,0x00,0x00,0x00,0x00,0x00,
	0x00,0x00,0x00,0x00,0x00,0x00,0x00,0x00,0x04,0x00,0x44,0xFC,0xFD,0xFE,0xFF,0xFF,0xFF,0xFF,0xFC,0xFD,
	0xFF,0xFF,0xFF,0xFF,0xFF,0xFF,0xFF,0xFC,0xFF,0xBC,0x00,0x02,0x00,0x00,0x00,0x00,0x00,0x00,0x02,0x00,
	0xBC,0xFF,0xFC,0xFF,0xFF,0xFF,0xFF,0xFF,0xFF,0xFF,0xFD,0xFC,0xFF,0xFF,0xFF,0xFF,0xFE,0xFD,0xFC,0x44,
	0x00,0x04,0x00,0x00,0x00,0x00,0x00,0x00,0x00,0x00,0x00,0x00,0x00,0x00,0x00,0x00,0x00,0x00,0x00,0x04,
	0x00,0x5F,0xFF,0xFD,0xFF,0xFF,0xFF,0xFD,0xFF,0xFF,0xFD,0xFF,0xFF,0xFF,0xFF,0xFF,0xFF,0xFF,0xFE,0xF9,
	0x23,0x00,0x02,0x00,0x00,0x00,0x00,0x02,0x00,0x23,0xF9,0xFE,0xFF,0xFF,0xFF,0xFF,0xFF,0xFF,0xFF,0xFD,
	0xFF,0xFF,0xFD,0xFF,0xFF,0xFF,0xFD,0xFF,0x5F,0x00,0x04,0x00,0x00,0x00,0x00,0x00,0x00,0x00,0x00,0x00,
	0x00,0x01,0x01,0x01,0x01,0x01,0x00,0x00,0x00,0x00,0x05,0x00,0x7E,0xFF,0xFC,0xFF,0xFE,0xFF,0xA0,0xE2,
	0xFF,0xFB,0xFF,0xFF,0xFF,0xFF,0xFF,0xFF,0xFB,0xFF,0x77,0x00,0x04,0x00,0x00,0x00,0x00,0x04,0x00,0x77,
	0xFF,0xFB,0xFF,0xFF,0xFF,0xFF,0xFF,0xFF,0xFB,0xFF,0xE2,0xA0,0xFF,0xFE,0xFF,0xFC,0xFF,0x7E,0x00,0x05,
	0x00,0x00,0x00,0x00,0x01,0x01,0x01,0x01,0x01,0x00,0x00,0x00,0x00,0x00,0x00,0x00,0x00,0x01,0x01,0x02,
	0x06,0x00,0x7E,0xFF,0xFB,0xFC,0xFF,0xBE,0x00,0x1F,0xC3,0xFF,0xFC,0xFE,0xFF,0xFF,0xFF,0xFF,0xFC,0xFF,
	0xD0,0x02,0x01,0x00,0x00,0x00,0x00,0x01,0x02,0xD0,0xFF,0xFC,0xFF,0xFF,0xFF,0xFF,0xFE,0xFC,0xFF,0xC3,
	0x1F,0x00,0xBE,0xFF,0xFC,0xFB,0xFF,0x7E,0x00,0x06,0x02,0x01,0x01,0x00,0x00,0x00,0x00,0x00,0x00,0x00,
	0x00,0x14,0x16,0x0F,0x0A,0x04,0x00,0x00,0x00,0x00,0x00,0x12,0xF4,0xFE,0xFD,0xFD,0xF6,0x26,0x02,0x00,
	0x05,0x93,0xFF,0xFF,0xFD,0xFF,0xFF,0xFF,0xFF,0xFE,0xFE,0x34,0x00,0x03,0x00,0x00,0x03,0x00,0x34,0xFE,
	0xFE,0xFF,0xFF,0xFF,0xFF,0xFD,0xFF,0xFF,0x93,0x05,0x00,0x02,0x26,0xF6,0xFD,0xFD,0xFE,0xF4,0x12,0x00,
	0x00,0x00,0x00,0x00,0x04,0x0A,0x0F,0x16,0x14,0x00,0x07,0xD2,0xF2,0xE9,0xE4,0xDD,0xD6,0xCE,0xC5,0xBD,
	0xB1,0xC9,0xFF,0xFE,0xFB,0xFF,0x90,0x00,0x04,0x02,0x01,0x00,0x5F,0xF4,0xFF,0xFB,0xFF,0xFF,0xFF,0xFB,
	0xFF,0x8E,0x00,0x04,0x01,0x01,0x04,0x00,0x8E,0xFF,0xFB,0xFF,0xFF,0xFF,0xFB,0xFF,0xF4,0x5F,0x00,0x01,
	0x02,0x04,0x00,0x90,0xFF,0xFB,0xFE,0xFF,0xC9,0xB1,0xBD,0xC5,0xCE,0xD6,0xDD,0xE4,0xE9,0xF2,0xD2,0x07,
	0x2D,0xFD,0xFF,0xFF,0xFF,0xFF,0xFF,0xFF,0xFF,0xFF,0xFF,0xFF,0xFE,0xFE,0xFE,0xF5,0x1C,0x01,0x02,0x00,
	0x01,0x04,0x00,0x31,0xD4,0xFF,0xFB,0xFE,0xFF,0xFD,0xFF,0xE1,0x09,0x00,0x00,0x00,0x00,0x09,0xE1,0xFF,
	0xFD,0xFF,0xFE,0xFB,0xFF,0xD4,0x31,0x00,0x04,0x01,0x00,0x02,0x01,0x1C,0xF5,0xFE,0xFE,0xFE,0xFF,0xFF,
	0xFF,0xFF,0xFF,0xFF,0xFF,0xFF,0xFF,0xFF,0xFD,0x2D,0x62,0xFE,0xFC,0xFE,0xFD,0xFD,0xFD,0xFD,0xFC,0xFC,
	0xFC,0xFC,0xFF,0xFB,0xFF,0xA4,0x00,0x03,0x00,0x00,0x00,0x00,0x04,0x00,0x0F,0xA7,0xFF,0xFE,0xFD,0xFF,
	0xFC,0xFF,0x45,0x00,0x18,0x18,0x00,0x45,0xFF,0xFC,0xFF,0xFD,0xFE,0xFF,0xA7,0x0F,0x00,0x04,0x00,0x00,
	0x00,0x00,0x03,0x00,0xA4,0xFF,0xFB,0xFF,0xFC,0xFC,0xFC,0xFC,0xFD,0xFD,0xFD,0xFD,0xFE,0xFC,0xFE,0x62,
	0xB1,0xFF,0xF8,0xFD,0xFF,0xFF,0xFF,0xFF,0xFF,0xFF,0xFF,0xFF,0xFF,0xFD,0xFF,0x49,0x01,0x04,0x00,0x00,
	0x00,0x00,0x00,0x03,0x00,0x00,0x74,0xFD,0xFF,0xFD,0xFE,0xFE,0xDA,0xD3,0xF1,0xF1,0xD3,0xDA,0xFE,0xFE,
	0xFD,0xFF,0xFD,0x74,0x00,0x00,0x03,0x00,0x00,0x00,0x00,0x00,0x04,0x01,0x49,0xFF,0xFD,0xFF,0xFF,0xFF,
	0xFF,0xFF,0xFF,0xFF,0xFF,0xFF,0xFD,0xF8,0xFF,0xB1,0x92,0xF4,0xFF,0xFF,0xFC,0xFD,0xFF,0xFF,0xFF,0xFF,
	0xFF,0xFF,0xFE,0xFF,0xEB,0x0E,0x00,0x01,0x00,0x00,0x00,0x00,0x00,0x00,0x01,0x03,0x00,0x42,0xE4,0xFF,
	0xFE,0xFF,0xFF,0xFF,0xFF,0xFF,0xFF,0xFF,0xFF,0xFE,0xFF,0xE4,0x42,0x00,0x03,0x01,0x00,0x00,0x00,0x00,
	0x00,0x00,0x01,0x00,0x0E,0xEB,0xFF,0xFE,0xFF,0xFF,0xFF,0xFF,0xFF,0xFF,0xFD,0xFC,0xFF,0xFF,0xF4,0x92,
	0x00,0x22,0x82,0xDF,0xFF,0xFF,0xFE,0xFC,0xFE,0xFF,0xFF,0xFF,0xFC,0xFF,0xB8,0x00,0x02,0x00,0x00,0x00,
	0x00,0x00,0x00,0x00,0x00,0x00,0x04,0x00,0x16,0xD7,0xFE,0xFD,0xFD,0xFD,0xFC,0xFC,0xFD,0xFD,0xFD,0xFE,
	0xD7,0x16,0x00,0x04,0x00,0x00,0x00,0x00,0x00,0x00,0x00,0x00,0x00,0x02,0x00,0xB8,0xFF,0xFC,0xFF,0xFF,
	0xFF,0xFE,0xFC,0xFE,0xFF,0xFF,0xDF,0x82,0x22,0x00,0x02,0x00,0x00,0x0D,0x60,0xC5,0xFF,0xFF,0xFF,0xFC,
	0xFF,0xFF,0xFB,0xFF,0x87,0x00,0x04,0x00,0x00,0x00,0x00,0x00,0x00,0x00,0x00,0x00,0x02,0x03,0x26,0xEE,
	0xFE,0xFE,0xFF,0xFD,0xFF,0xFF,0xFD,0xFF,0xFE,0xFE,0xEE,0x26,0x03,0x02,0x00,0x00,0x00,0x00,0x00,0x00,
	0x00,0x00,0x00,0x04,0x00,0x87,0xFF,0xFB,0xFF,0xFF,0xFC,0xFF,0xFF,0xFF,0xC5,0x60,0x0D,0x00,0x00,0x02,
	0x00,0x02,0x04,0x00,0x00,0x00,0x40,0xA6,0xF6,0xFF,0xFE,0xFF,0xFB,0xFF,0x61,0x00,0x04,0x00,0x00,0x00,
	0x00,0x00,0x00,0x00,0x00,0x00,0x04,0x00,0xA1,0xFF,0xFB,0xFF,0xFF,0xFF,0xD5,0xD5,0xFF,0xFF,0xFF,0xFB,
	0xFF,0xA1,0x00,0x04,0x00,0x00,0x00,0x00,0x00,0x00,0x00,0x00,0x00,0x04,0x00,0x61,0xFF,0xFB,0xFF,0xFE,
	0xFF,0xF6,0xA6,0x40,0x00,0x00,0x00,0x04,0x02,0x00,0x00,0x00,0x00,0x01,0x03,0x01,0x00,0x00,0x24,0x9E,
	0xFE,0xFD,0xFC,0xFF,0x4C,0x04,0x07,0x04,0x04,0x04,0x04,0x04,0x04,0x04,0x03,0x03,0x02,0x08,0xE1,0xFE,
	0xFD,0xFD,0xFF,0x72,0x01,0x01,0x72,0xFF,0xFD,0xFD,0xFE,0xE1,0x08,0x02,0x03,0x03,0x04,0x04,0x04,0x04,
	0x04,0x04,0x04,0x07,0x04,0x4C,0xFF,0xFC,0xFD,0xFE,0x9E,0x24,0x00,0x00,0x01,0x03,0x01,0x00,0x00,0x00,
	0x00,0x00,0x00,0x00,0x00,0x00,0x03,0x07,0x00,0x4D,0xFF,0xFB,0xFD,0xFF,0x31,0x00,0x00,0x00,0x00,0x00,
	0x00,0x00,0x00,0x00,0x00,0x00,0x00,0x14,0xF6,0xFF,0xFC,0xFF,0xD2,0x00,0x01,0x01,0x00,0xD2,0xFF,0xFC,
	0xFF,0xF6,0x14,0x00,0x00,0x00,0x00,0x00,0x00,0x00,0x00,0x00,0x00,0x00,0x00,0x31,0xFF,0xFD,0xFB,0xFF,
	0x4D,0x00,0x07,0x03,0x00,0x00,0x00,0x00,0x00,0x00,0x00,0x00,0x00,0x00,0x00,0x00,0x03,0x07,0x00,0x4D,
	0xFF,0xFB,0xFE,0xFF,0x86,0x64,0x6F,0x76,0x7D,0x85,0x8D,0x95,0x9D,0xA5,0xAC,0xB4,0xBB,0xCA,0xFE,0xFF,
	0xFD,0xFF,0xD2,0x00,0x01,0x01,0x00,0xD2,0xFF,0xFD,0xFF,0xFE,0xCA,0xBB,0xB4,0xAC,0xA5,0x9D,0x95,0x8D,
	0x85,0x7D,0x76,0x6F,0x64,0x86,0xFF,0xFE,0xFB,0xFF,0x4D,0x00,0x07,0x03,0x00,0x00,0x00,0x00,0x00,0x00,
	0x00,0x00,0x00,0x01,0x03,0x01,0x00,0x00,0x24,0x9E,0xFE,0xFD,0xFF,0xFF,0xFF,0xFF,0xFF,0xFF,0xFF,0xFF,
	0xFF,0xFF,0xFF,0xFF,0xFF,0xFF,0xFF,0xFF,0xFF,0xFF,0xFF,0xFD,0xFF,0x72,0x01,0x01,0x72,0xFF,0xFD,0xFF,
	0xFF,0xFF,0xFF,0xFF,0xFF,0xFF,0xFF,0xFF,0xFF,0xFF,0xFF,0xFF,0xFF,0xFF,0xFF,0xFF,0xFF,0xFF,0xFD,0xFE,
	0x9E,0x24,0x00,0x00,0x01,0x03,0x01,0x00,0x00,0x00,0x00,0x02,0x04,0x00,0x00,0x00,0x40,0xA6,0xF6,0xFF,
	0xFE,0xFF,0xFF,0xFF,0xFC,0xFB,0xFB,0xFB,0xFB,0xFB,0xFB,0xFB,0xFB,0xFB,0xFB,0xFC,0xFC,0xFB,0xFD,0xFE,
	0xFF,0xFF,0xFF,0xFF,0xD5,0xD5,0xFF,0xFF,0xFF,0xFF,0xFE,0xFD,0xFB,0xFC,0xFC,0xFB,0xFB,0xFB,0xFB,0xFB,
	0xFB,0xFB,0xFB,0xFB,0xFB,0xFC,0xFF,0xFF,0xFF,0xFE,0xFF,0xF6,0xA6,0x40,0x00,0x00,0x00,0x04,0x02,0x00,
	0x02,0x00,0x00,0x0D,0x60,0xC5,0xFF,0xFF,0xFF,0xFC,0xFF,0xFF,0xFF,0xFF,0xFF,0xFF,0xFF,0xFF,0xFF,0xFF,
	0xFF,0xFF,0xFF,0xFF,0xFF,0xFF,0xFC,0xFF,0xFF,0xFF,0xFD,0xFE,0xFF,0xFD,0xFF,0xFF,0xFD,0xFF,0xFE,0xFD,
	0xFF,0xFF,0xFF,0xFC,0xFF,0xFF,0xFF,0xFF,0xFF,0xFF,0xFF,0xFF,0xFF,0xFF,0xFF,0xFF,0xFF,0xFF,0xFF,0xFF,
	0xFC,0xFF,0xFF,0xFF,0xC5,0x60,0x0D,0x00,0x00,0x02,0x00,0x22,0x82,0xDF,0xFF,0xFF,0xFE,0xFC,0xFE,0xFF,
	0xFF,0xFF,0xFF,0xFF,0xFF,0xFF,0xFF,0xFF,0xFF,0xFF,0xFF,0xFF,0xFF,0xFF,0xFE,0xFC,0xFF,0xEE,0x58,0x6D,
	0xFF,0xFF,0xFB,0xFF,0xFD,0xFD,0xFF,0xFB,0xFF,0xFF,0x6D,0x58,0xEE,0xFF,0xFC,0xFE,0xFF,0xFF,0xFF,0xFF,
	0xFF,0xFF,0xFF,0xFF,0xFF,0xFF,0xFF,0xFF,0xFF,0xFF,0xFF,0xFE,0xFC,0xFE,0xFF,0xFF,0xDF,0x82,0x22,0x00,
	0x92,0xF4,0xFF,0xFF,0xFC,0xFD,0xFF,0xFF,0xFF,0xFF,0xFF,0xFF,0xFF,0xFF,0xFF,0xFF,0xFF,0xFF,0xFF,0xFF,
	0xFF,0xFF,0xFF,0xFC,0xFF,0xFF,0xB4,0x22,0x00,0x00,0x6F,0xF7,0xFF,0xFF,0xFF,0xFF,0xFF,0xFF,0xF7,0x6F,
	0x00,0x00,0x22,0xB4,0xFF,0xFF,0xFC,0xFF,0xFF,0xFF,0xFF,0xFF,0xFF,0xFF,0xFF,0xFF,0xFF,0xFF,0xFF,0xFF,
	0xFF,0xFF,0xFF,0xFF,0xFD,0xFC,0xFF,0xFF,0xF4,0x92,0xB1,0xFF,0xF8,0xFD,0xFF,0xFF,0xFF,0xFF,0xFF,0xFF,
	0xFF,0xFF,0xFF,0xFF,0xFF,0xFF,0xFF,0xFF,0xFF,0xFF,0xFF,0xFE,0xFB,0xFF,0xF1,0x6A,0x00,0x00,0x04,0x02,
	0x00,0x2B,0x99,0xFA,0xFE,0xFE,0xFA,0x99,0x2B,0x00,0x02,0x04,0x00,0x00,0x6A,0xF1,0xFF,0xFB,0xFE,0xFF,
	0xFF,0xFF,0xFF,0xFF,0xFF,0xFF,0xFF,0xFF,0xFF,0xFF,0xFF,0xFF,0xFF,0xFF,0xFF,0xFF,0xFD,0xF8,0xFF,0xB1,
	0x62,0xFE,0xFC,0xFE,0xFD,0xFD,0xFD,0xFD,0xFC,0xFC,0xFC,0xFC,0xFF,0xFF,0xFF,0xFF,0xFF,0xFF,0xFF,0xFF,
	0xFC,0xFF,0xFF,0xBA,0x27,0x00,0x02,0x02,0x00,0x00,0x05,0x00,0x24,0xFC,0xFE,0xFE,0xFC,0x24,0x00,0x05,
	0x00,0x00,0x02,0x02,0x00,0x27,0xBA,0xFF,0xFF,0xFC,0xFF,0xFF,0xFF,0xFF,0xFF,0xFF,0xFF,0xFF,0xFC,0xFC,
	0xFC,0xFC,0xFD,0xFD,0xFD,0xFD,0xFE,0xFC,0xFE,0x62,0x2D,0xFD,0xFF,0xFF,0xFF,0xFF,0xFF,0xFF,0xFF,0xFF,
	0xFF,0xFF,0xFE,0xFF,0xFF,0xFF,0xFF,0xFF,0xFE,0xFB,0xFF,0xF4,0x71,0x00,0x00,0x04,0x00,0x00,0x00,0x00,
	0x04,0x02,0x7E,0xFF,0xFB,0xFB,0xFF,0x7E,0x02,0x04,0x00,0x00,0x00,0x00,0x04,0x00,0x00,0x71,0xF4,0xFF,
	0xFB,0xFE,0xFF,0xFF,0xFF,0xFF,0xFF,0xFE,0xFF,0xFF,0xFF,0xFF,0xFF,0xFF,0xFF,0xFF,0xFF,0xFF,0xFD,0x2D,
	0x07,0xD2,0xF2,0xE9,0xE4,0xDD,0xD6,0xCE,0xC5,0xBD,0xB1,0xC9,0xFF,0xFE,0xFF,0xFF,0xFF,0xFE,0xFF,0xFF,
	0xC1,0x2C,0x00,0x02,0x02,0x00,0x00,0x00,0x00,0x00,0x02,0x00,0xC3,0xFF,0xFC,0xFC,0xFF,0xC3,0x00,0x02,
	0x00,0x00,0x00,0x00,0x00,0x02,0x02,0x00,0x2C,0xC1,0xFF,0xFF,0xFE,0xFF,0xFF,0xFF,0xFE,0xFF,0xC9,0xB1,
	0xBD,0xC5,0xCE,0xD6,0xDD,0xE4,0xE9,0xF2,0xD2,0x07,0x00,0x14,0x16,0x0F,0x0A,0x04,0x00,0x00,0x00,0x00,
	0x00,0x12,0xF4,0xFE,0xFE,0xFF,0xFE,0xFF,0xF8,0x78,0x01,0x00,0x04,0x00,0x00,0x00,0x00,0x00,0x00,0x02,
	0x00,0x1B,0xF6,0xFF,0xFE,0xFE,0xFF,0xF6,0x1B,0x00,0x02,0x00,0x00,0x00,0x00,0x00,0x00,0x04,0x00,0x01,
	0x78,0xF8,0xFF,0xFE,0xFF,0xFE,0xFE,0xF4,0x12,0x00,0x00,0x00,0x00,0x00,0x04,0x0A,0x0F,0x16,0x14,0x00,
	0x00,0x00,0x00,0x00,0x00,0x00,0x00,0x01,0x01,0x02,0x06,0x00,0x7E,0xFF,0xFB,0xFE,0xFE,0xF1,0x31,0x00,
	0x02,0x02,0x00,0x00,0x00,0x00,0x00,0x00,0x00,0x04,0x00,0x5C,0xFF,0xFC,0xFF,0xFF,0xFC,0xFF,0x5C,0x00,
	0x04,0x00,0x00,0x00,0x00,0x00,0x00,0x00,0x02,0x02,0x00,0x31,0xF1,0xFE,0xFE,0xFB,0xFF,0x7E,0x00,0x06,
	0x02,0x01,0x01,0x00,0x00,0x00,0x00,0x00,0x00,0x00,0x00,0x01,0x01,0x01,0x01,0x01,0x00,0x00,0x00,0x00,
	0x05,0x00,0x7E,0xFF,0xFC,0xFF,0xFC,0xFC,0x6E,0x00,0x06,0x00,0x00,0x00,0x00,0x00,0x00,0x00,0x00,0x03,
	0x00,0xA5,0xFF,0xFB,0xFF,0xFF,0xFB,0xFF,0xA5,0x00,0x03,0x00,0x00,0x00,0x00,0x00,0x00,0x00,0x00,0x06,
	0x00,0x6E,0xFC,0xFC,0xFF,0xFC,0xFF,0x7E,0x00,0x05,0x00,0x00,0x00,0x00,0x01,0x01,0x01,0x01,0x01,0x00,
	0x00,0x00,0x00,0x00,0x00,0x00,0x00,0x00,0x00,0x04,0x00,0x5F,0xFF,0xFD,0xFF,0xFF,0xFE,0xFE,0xFF,0x50,
	0x00,0x05,0x00,0x00,0x00,0x00,0x00,0x00,0x01,0x00,0x0A,0xE5,0xFF,0xFD,0xFF,0xFF,0xFD,0xFF,0xE5,0x0A,
	0x00,0x01,0x00,0x00,0x00,0x00,0x00,0x00,0x05,0x00,0x50,0xFF,0xFE,0xFE,0xFF,0xFF,0xFD,0xFF,0x5F,0x00,
	0x04,0x00,0x00,0x00,0x00,0x00,0x00,0x00,0x00,0x00,0x00,0x00,0x00,0x00,0x00,0x00,0x00,0x00,0x04,0x00,
	0x44,0xFC,0xFD,0xFE,0xFF,0xFF,0xFF,0xFE,0xFD,0xF7,0x46,0x00,0x05,0x01,0x00,0x00,0x00,0x00,0x03,0x00,
	0x3E,0xFF,0xFD,0xFF,0xFF,0xFF,0xFF,0xFD,0xFF,0x3E,0x00,0x03,0x00,0x00,0x00,0x00,0x01,0x05,0x00,0x46,
	0xF7,0xFD,0xFE,0xFF,0xFF,0xFF,0xFE,0xFD,0xFC,0x44,0x00,0x04,0x00,0x00,0x00,0x00,0x00,0x00,0x00,0x00,
	0x00,0x00,0x00,0x00,0x00,0x00,0x00,0x03,0x00,0x2B,0xF0,0xFE,0xFD,0xFF,0xFF,0xFF,0xFF,0xFF,0xFD,0xFF,
	0xF8,0x56,0x00,0x01,0x03,0x00,0x00,0x00,0x04,0x00,0x86,0xFF,0xFB,0xFF,0xFF,0xFF,0xFF,0xFB,0xFF,0x86,
	0x00,0x04,0x00,0x00,0x00,0x03,0x01,0x00,0x56,0xF8,0xFF,0xFD,0xFF,0xFF,0xFF,0xFF,0xFF,0xFD,0xFE,0xF0,
	0x2B,0x00,0x03,0x00,0x00,0x00,0x00,0x00,0x00,0x00,0x00,0x00,0x00,0x00,0x00,0x00,0x02,0x00,0x17,0xDE,
	0xFF,0xFC,0xFF,0xFF,0xFF,0xFF,0xFF,0xFE,0xFE,0xFE,0xFF,0xFF,0x83,0x02,0x00,0x03,0x02,0x00,0x01,0x01,
	0xCD,0xFF,0xFC,0xFF,0xFF,0xFF,0xFF,0xFC,0xFF,0xCD,0x01,0x01,0x00,0x02,0x03,0x00,0x02,0x83,0xFF,0xFF,
	0xFE,0xFE,0xFE,0xFF,0xFF,0xFF,0xFF,0xFF,0xFC,0xFF,0xDE,0x17,0x00,0x02,0x00,0x00,0x00,0x00,0x00,0x00,
	0x00,0x00,0x00,0x00,0x00,0x01,0x02,0x09,0xC8,0xFF,0xFC,0xFF,0xFF,0xFF,0xFF,0xFF,0xFC,0xFF,0xFF,0xFD,
	0xFE,0xFD,0xFF,0xC3,0x3A,0x00,0x00,0x04,0x03,0x24,0xFA,0xFF,0xFE,0xFF,0xFF,0xFF,0xFF,0xFE,0xFF,0xFA,
	0x24,0x03,0x04,0x00,0x00,0x3A,0xC3,0xFF,0xFD,0xFE,0xFD,0xFF,0xFF,0xFC,0xFF,0xFF,0xFF,0xFF,0xFF,0xFC,
	0xFF,0xC8,0x09,0x02,0x01,0x00,0x00,0x00,0x00,0x00,0x00,0x00,0x00,0x00,0x01,0x02,0x00,0xAE,0xFF,0xFB,
	0xFF,0xFF,0xFF,0xFF,0xFC,0xFE,0xFF,0xF8,0xF5,0xFF,0xFE,0xFF,0xFC,0xFF,0xFE,0xA2,0x32,0x00,0x00,0x65,
	0xFF,0xFB,0xFF,0xFF,0xFF,0xFF,0xFF,0xFF,0xFB,0xFF,0x65,0x00,0x00,0x32,0xA2,0xFE,0xFF,0xFC,0xFF,0xFE,
	0xFF,0xF5,0xF8,0xFF,0xFE,0xFC,0xFF,0xFF,0xFF,0xFF,0xFB,0xFF,0xAE,0x00,0x02,0x01,0x00,0x00,0x00,0x00,
	0x00,0x00,0x00,0x00,0x02,0x01,0x97,0xFF,0xFA,0xFF,0xFF,0xFF,0xFC,0xFD,0xFF,0xFF,0xAA,0x2A,0x2D,0xD7,
	0xFF,0xFD,0xFF,0xFD,0xFF,0xFF,0xFE,0xBB,0x60,0xBB,0xFF,0xFC,0xFF,0xFF,0xFF,0xFF,0xFF,0xFF,0xFC,0xFF,
	0xBB,0x60,0xBB,0xFE,0xFF,0xFF,0xFD,0xFF,0xFD,0xFF,0xD7,0x2D,0x2A,0xAA,0xFF,0xFF,0xFD,0xFC,0xFF,0xFF,
	0xFF,0xFA,0xFF,0x97,0x01,0x02,0x00,0x00,0x00,0x00,0x00,0x00,0x00,0x00,0x03,0x01,0x96,0xFF,0xFB,0xFF,
	0xFD,0xFD,0xFF,0xFF,0xB4,0x3B,0x00,0x00,0x00,0x0F,0xD5,0xFE,0xFD,0xFF,0xFF,0xFC,0xFF,0xFF,0xFF,0xFF,
	0xFF,0xFF,0xFF,0xFF,0xFF,0xFF,0xFF,0xFF,0xFF,0xFF,0xFF,0xFF,0xFF,0xFF,0xFC,0xFF,0xFF,0xFD,0xFE,0xD5,
	0x0F,0x00,0x00,0x00,0x3B,0xB4,0xFF,0xFF,0xFD,0xFD,0xFF,0xFB,0xFF,0x96,0x01,0x03,0x00,0x00,0x00,0x00,
	0x00,0x00,0x00,0x00,0x01,0x02,0x00,0xB9,0xFF,0xF9,0xFF,0xFF,0xBF,0x45,0x00,0x00,0x03,0x03,0x02,0x08,
	0xE2,0xFF,0xFD,0xFF,0xFF,0xFF,0xFE,0xFC,0xFC,0xFE,0xFF,0xFF,0xFF,0xFF,0xFF,0xFF,0xFF,0xFF,0xFF,0xFF,
	0xFE,0xFC,0xFC,0xFE,0xFF,0xFF,0xFF,0xFD,0xFF,0xE2,0x08,0x02,0x03,0x03,0x00,0x00,0x45,0xBF,0xFF,0xFF,
	0xF9,0xFF,0xB9,0x00,0x02,0x01,0x00,0x00,0x00,0x00,0x00,0x00,0x00,0x00,0x00,0x02,0x01,0x13,0xDE,0xFF,
	0xC8,0x51,0x00,0x00,0x02,0x02,0x00,0x03,0x00,0x3F,0xFF,0xFD,0xFF,0xFF,0xFF,0xFF,0xFF,0xFD,0xFC,0xFB,
	0xFD,0xFF,0xFF,0xFF,0xFF,0xFF,0xFF,0xFF,0xFF,0xFD,0xFB,0xFC,0xFD,0xFF,0xFF,0xFF,0xFF,0xFF,0xFD,0xFF,
	0x3F,0x00,0x03,0x00,0x02,0x02,0x00,0x00,0x51,0xC8,0xFF,0xDE,0x13,0x01,0x02,0x00,0x00,0x00,0x00,0x00,
	0x00,0x00,0x00,0x00,0x00,0x00,0x03,0x00,0x33,0x60,0x00,0x00,0x01,0x03,0x00,0x00,0x00,0x04,0x00,0x80,
	0xFF,0xFB,0xFF,0xFF,0xFF,0xFF,0xFE,0xFF,0xFF,0xFF,0xFF,0xFF,0xFF,0xFF,0xFF,0xFF,0xFF,0xFF,0xFF,0xFF,
	0xFF,0xFF,0xFF,0xFE,0xFF,0xFF,0xFF,0xFF,0xFB,0xFF,0x80,0x00,0x04,0x00,0x00,0x00,0x03,0x01,0x00,0x00,
	0x60,0x33,0x00,0x03,0x00,0x00,0x00,0x00,0x00,0x00,0x00,0x00,0x00,0x00,0x00,0x00,0x00,0x01,0x00,0x00,
	0x00,0x03,0x00,0x00,0x00,0x00,0x00,0x02,0x00,0xC2,0xFF,0xFC,0xFF,0xFF,0xFF,0xFC,0xFF,0xC5,0x5A,0x96,
	0xD1,0xFE,0xFE,0xFF,0xFF,0xFF,0xFF,0xFE,0xFE,0xD1,0x96,0x5A,0xC5,0xFF,0xFC,0xFF,0xFF,0xFF,0xFC,0xFF,
	0xC2,0x00,0x02,0x00,0x00,0x00,0x00,0x00,0x03,0x00,0x00,0x00,0x01,0x00,0x00,0x00,0x00,0x00,0x00,0x00,
	0x00,0x00,0x00,0x00,0x00,0x00,0x00,0x00,0x02,0x04,0x01,0x00,0x00,0x00,0x00,0x00,0x02,0x00,0x18,0xF4,
	0xFF,0xFE,0xFF,0xFF,0xFE,0xFD,0xF0,0x21,0x00,0x00,0x28,0xFE,0xFE,0xFF,0xFF,0xFF,0xFF,0xFE,0xFE,0x28,
	0x00,0x00,0x21,0xF0,0xFD,0xFE,0xFF,0xFF,0xFE,0xFF,0xF4,0x18,0x00,0x02,0x00,0x00,0x00,0x00,0x00,0x01,
	0x04,0x02,0x00,0x00,0x00,0x00,0x00,0x00,0x00,0x00,0x00,0x00,0x00,0x00,0x00,0x00,0x00,0x00,0x00,0x00,
	0x00,0x00,0x00,0x00,0x00,0x00,0x04,0x00,0x52,0xFF,0xFC,0xFF,0xFF,0xFF,0xFB,0xFF,0x54,0x00,0x08,0x04,
	0x0D,0xE8,0xFF,0xFE,0xFF,0xFF,0xFE,0xFF,0xE8,0x0D,0x04,0x08,0x00,0x54,0xFF,0xFB,0xFF,0xFF,0xFF,0xFC,
	0xFF,0x52,0x00,0x04,0x00,0x00,0x00,0x00,0x00,0x00,0x00,0x00,0x00,0x00,0x00,0x00,0x00,0x00,0x00,0x00,
	0x00,0x00,0x00,0x00,0x00,0x00,0x00,0x00,0x00,0x00,0x00,0x00,0x00,0x00,0x00,0x00,0x04,0x00,0x96,0xFF,
	0xFB,0xFF,0xFF,0xFB,0xFF,0x94,0x00,0x04,0x00,0x02,0x00,0xC3,0xFF,0xFC,0xFF,0xFF,0xFC,0xFF,0xC3,0x00,
	0x02,0x00,0x04,0x00,0x94,0xFF,0xFB,0xFF,0xFF,0xFB,0xFF,0x96,0x00,0x04,0x00,0x00,0x00,0x00,0x00,0x00,
	0x00,0x00,0x00,0x00,0x00,0x00,0x00,0x00,0x00,0x00,0x00,0x00,0x00,0x00,0x00,0x00,0x00,0x00,0x00,0x00,
	0x00,0x00,0x00,0x00,0x00,0x00,0x01,0x01,0xD3,0xFF,0xFD,0xFF,0xFC,0xFF,0xCD,0x06,0x03,0x01,0x00,0x04,
	0x00,0x96,0xFF,0xFB,0xFF,0xFF,0xFB,0xFF,0x96,0x00,0x04,0x00,0x01,0x03,0x06,0xCD,0xFF,0xFC,0xFF,0xFD,
	0xFF,0xD3,0x01,0x01,0x00,0x00,0x00,0x00,0x00,0x00,0x00,0x00,0x00,0x00,0x00,0x00,0x00,0x00,0x00,0x00,
	0x00,0x00,0x00,0x00,0x00,0x00,0x00,0x00,0x00,0x00,0x00,0x00,0x00,0x00,0x00,0x02,0x00,0x30,0xFF,0xFB,
	0xFD,0xFE,0xFC,0xF3,0x27,0x00,0x02,0x00,0x00,0x04,0x00,0x66,0xFF,0xFB,0xFF,0xFF,0xFB,0xFF,0x66,0x00,
	0x04,0x00,0x00,0x02,0x00,0x27,0xF3,0xFC,0xFE,0xFD,0xFB,0xFF,0x30,0x00,0x02,0x00,0x00,0x00,0x00,0x00,
	0x00,0x00,0x00,0x00,0x00,0x00,0x00,0x00,0x00,0x00,0x00,0x00,0x00,0x00,0x00,0x00,0x00,0x00,0x00,0x00,
	0x00,0x00,0x00,0x00,0x00,0x02,0x01,0x36,0xDB,0xFF,0xFF,0xFA,0xFF,0x5D,0x00,0x04,0x00,0x00,0x00,0x03,
	0x00,0x3A,0xFF,0xFE,0xFF,0xFF,0xFE,0xFF,0x3A,0x00,0x03,0x00,0x00,0x00,0x04,0x00,0x5D,0xFF,0xFA,0xFF,
	0xFF,0xDB,0x36,0x01,0x02,0x00,0x00,0x00,0x00,0x00,0x00,0x00,0x00,0x00,0x00,0x00,0x00,0x00,0x00,0x00,
	0x00,0x00,0x00,0x00,0x00,0x00,0x00,0x00,0x00,0x00,0x00,0x00,0x00,0x00,0x00,0x00,0x01,0x00,0x09,0x65,
	0xD0,0xFF,0x9D,0x00,0x04,0x00,0x00,0x00,0x00,0x01,0x00,0x15,0xF2,0xFF,0xFE,0xFE,0xFF,0xF2,0x15,0x00,
	0x01,0x00,0x00,0x00,0x00,0x04,0x00,0x9D,0xFF,0xD0,0x65,0x09,0x00,0x01,0x00,0x00,0x00,0x00,0x00,0x00,
	0x00,0x00,0x00,0x00,0x00,0x00,0x00,0x00,0x00,0x00,0x00,0x00,0x00,0x00,0x00,0x00,0x00,0x00,0x00,0x00,
	0x00,0x00,0x00,0x00,0x00,0x00,0x00,0x01,0x00,0x00,0x04,0x52,0x0E,0x01,0x01,0x00,0x00,0x00,0x00,0x00,
	0x01,0x01,0xD0,0xFF,0xFD,0xFD,0xFF,0xD0,0x01,0x01,0x00,0x00,0x00,0x00,0x00,0x01,0x01,0x0E,0x52,0x04,
	0x00,0x00,0x01,0x00,0x00,0x00,0x00,0x00,0x00,0x00,0x00,0x00,0x00,0x00,0x00,0x00,0x00,0x00,0x00,0x00,
	0x00,0x00,0x00,0x00,0x00,0x00,0x00,0x00,0x00,0x00,0x00,0x00,0x00,0x00,0x00,0x00,0x00,0x00,0x01,0x03,
	0x00,0x00,0x00,0x00,0x00,0x00,0x00,0x00,0x00,0x00,0x03,0x00,0xA5,0xFF,0xFC,0xFC,0xFF,0xA5,0x00,0x03,
	0x00,0x00,0x00,0x00,0x00,0x00,0x00,0x00,0x00,0x00,0x03,0x01,0x00,0x00,0x00,0x00,0x00,0x00,0x00,0x00,
	0x00,0x00,0x00,0x00,0x00,0x00,0x00,0x00,0x00,0x00,0x00,0x00,0x00,0x00,0x00,0x00,0x00,0x00,0x00,0x00,
	0x00,0x00,0x00,0x00,0x00,0x00,0x00,0x00,0x00,0x00,0x01,0x04,0x01,0x00,0x00,0x00,0x00,0x00,0x00,0x00,
	0x04,0x00,0x75,0xFC,0xF8,0xF8,0xFC,0x75,0x00,0x04,0x00,0x00,0x00,0x00,0x00,0x00,0x00,0x01,0x04,0x01,
	0x00,0x00,0x00,0x00,0x00,0x00,0x00,0x00,0x00,0x00,0x00,0x00,0x00,0x00,0x00,0x00,0x00,0x00,0x00,0x00,
};

const lv_img_dsc_t classic_410_gear_b_img = {
    .header.magic = LV_IMAGE_HEADER_MAGIC,
    .header.w = 70,
    .header.h = 70,
    .data_size = sizeof(classic_410_gear_b_data),
    .header.cf = LV_COLOR_FORMAT_NATIVE_WITH_ALPHA,
    .data = classic_410_gear_b_data};

const LV_ATTRIBUTE_MEM_ALIGN uint8_t classic_410_gear_c_data[] = {
	//RGB565 data with alpha
	0x00,0x00,0x00,0x00,0x00,0x00,0x00,0x00,0x00,0x00,0x00,0x00,0x00,0x00,0x00,0x00,0x00,0x00,0x00,0x00,
	0x00,0x00,0x00,0x00,0x00,0x00,0x00,0x00,0x00,0x00,0x00,0x00,0x00,0x00,0x00,0x00,0x00,0x00,0x00,0x00,
	0x00,0x00,0x00,0x00,0x00,0x00,0x00,0x00,0xF7,0xBD,0x00,0x00,0x7D,0xEF,0x9E,0xF7,0x7D,0xEF,0x7D,0xEF,
	0x9E,0xF7,0x9D,0xEF,0x00,0x00,0xF7,0xBD,0x00,0x00,0x00,0x00,0x00,0x00,0x00,0x00,0x00,0x00,0x00,0x00,
	0x00,0x00,0x00,0x00,0x00,0x00,0x00,0x00,0x00,0x00,0x00,0x00,0x00,0x00,0x00,0x00,0x00,0x00,0x00,0x00,
	0x00,0x00,0x00,0x00,0x00,0x00,0x00,0x00,0x00,0x00,0x00,0x00,0x00,0x00,0x00,0x00,0x00,0x00,0x00,0x00,
	0x00,0x00,0x00,0x00,0x00,0x00,0x00,0x00,0x00,0x00,0x00,0x00,0x00,0x00,0x00,0x00,0x00,0x00,0x00,0x00,
	0x00,0x00,0x00,0x00,0xFF,0xFF,0x55,0xAD,0x00,0x00,0x00,0x00,0x00,0x00,0x00,0x00,0x00,0x00,0x00,0x00,
	0x00,0x00,0x00,0x00,0xFF,0xFF,0x00,0x00,0x7D,0xEF,0xFF,0xFF,0xBE,0xF7,0xBE,0xF7,0xFF,0xFF,0x7D,0xEF,
	0x00,0x00,0xFF,0xFF,0x00,0x00,0x00,0x00,0x00,0x00,0x00,0x00,0x00,0x00,0x00,0x00,0x00,0x00,0x00,0x00,
	0x55,0xAD,0xFF,0xFF,0x00,0x00,0x00,0x00,0x00,0x00,0x00,0x00,0x00,0x00,0x00,0x00,0x00,0x00,0x00,0x00,
	0x00,0x00,0x00,0x00,0x00,0x00,0x00,0x00,0x00,0x00,0x00,0x00,0x00,0x00,0x00,0x00,0x00,0x00,0x00,0x00,
	0x00,0x00,0x00,0x00,0x00,0x00,0x00,0x00,0x00,0x00,0x00,0x00,0x00,0x00,0x00,0x00,0x00,0x00,0x55,0xAD,
	0x00,0x00,0x00,0x00,0xFF,0x7F,0x00,0x00,0x00,0x00,0x00,0x00,0x00,0x00,0x00,0x00,0x00,0x00,0x00,0x00,
	0xFF,0xFF,0x00,0x00,0xF8,0xBD,0xBA,0xD6,0x79,0xCE,0x79,0xCE,0x9A,0xD6,0xF8,0xBD,0x00,0x00,0xFF,0xFF,
	0x00,0x00,0x00,0x00,0x00,0x00,0x00,0x00,0x00,0x00,0x00,0x00,0x00,0x00,0xEF,0x7B,0x00,0x00,0x00,0x00,
	0x55,0xAD,0x00,0x00,0x00,0x00,0x00,0x00,0x00,0x00,0x00,0x00,0x00,0x00,0x00,0x00,0x00,0x00,0x00,0x00,
	0x00,0x00,0x00,0x00,0x00,0x00,0x00,0x00,0x00,0x00,0x00,0x00,0x00,0x00,0x00,0x00,0x00,0x00,0x00,0x00,
	0x00,0x00,0x00,0x00,0x00,0x00,0x00,0x00,0x00,0x00,0xFF,0xFF,0x55,0xAD,0x00,0x00,0xFF,0xFF,0x99,0xCE,
	0x00,0x00,0xFF,0xFF,0x00,0x00,0x00,0x00,0x00,0x00,0x00,0x00,0x00,0x00,0xFF,0xFF,0x00,0x00,0x59,0xCE,
	0x18,0xC6,0xD7,0xB5,0x96,0xB5,0x96,0xAD,0x76,0xAD,0x14,0x9D,0xFB,0xDE,0x00,0x00,0xFF,0xFF,0x00,0x00,
	0x00,0x00,0x00,0x00,0x00,0x00,0x00,0x00,0xFF,0xFF,0x00,0x00,0x38,0xC6,0xFF,0xFF,0x00,0x00,0x55,0xAD,
	0xFF,0xFF,0x00,0x00,0x00,0x00,0x00,0x00,0x00,0x00,0x00,0x00,0x00,0x00,0x00,0x00,0x00,0x00,0x00,0x00,
	0x00,0x00,0x00,0x00,0x00,0x00,0x00,0x00,0x00,0x00,0x00,0x00,0x00,0x00,0x00,0x00,0x00,0x00,0x00,0x00,
	0x00,0x00,0x00,0x00,0x00,0x00,0x00,0x00,0x00,0x00,0x9D,0xF7,0x18,0xC6,0xD7,0xB5,0x55,0xAD,0x00,0x00,
	0xD3,0x9C,0x00,0x00,0x00,0x00,0x00,0x00,0x00,0x00,0xFF,0xFF,0x00,0x00,0xB6,0xB5,0x38,0xC6,0xF7,0xBD,
	0xD7,0xB5,0xB7,0xB5,0xB6,0xB5,0x14,0xA5,0xB6,0xB5,0x00,0x00,0xFF,0xFF,0x00,0x00,0x00,0x00,0x00,0x00,
	0x00,0x00,0xD3,0x9C,0x00,0x00,0xD3,0x9C,0x55,0xAD,0xF7,0xBD,0xDB,0xDE,0x00,0x00,0x00,0x00,0x00,0x00,
	0x00,0x00,0x00,0x00,0x00,0x00,0x00,0x00,0x00,0x00,0x00,0x00,0x00,0x00,0x00,0x00,0x00,0x00,0x00,0x00,
	0x00,0x00,0x00,0x00,0x00,0x00,0x00,0x00,0x00,0x00,0x00,0x00,0x00,0x00,0x00,0x00,0x00,0x00,0xFF,0xFF,
	0xEF,0x7B,0xBE,0xF7,0x38,0xC6,0x34,0xA5,0xD3,0x9C,0xB2,0x94,0xB6,0xB5,0xF7,0xBD,0x00,0x00,0xD3,0x9C,
	0x00,0x00,0x00,0x00,0x00,0x00,0xF7,0xBD,0x00,0x00,0xF7,0xBD,0x7A,0xCE,0xD7,0xBD,0xD7,0xB5,0xB7,0xB5,
	0xD7,0xB5,0x55,0xAD,0x55,0xA5,0x00,0x00,0xF7,0xBD,0x00,0x00,0x00,0x00,0x00,0x00,0xD3,0x9C,0x00,0x00,
	0xF8,0xBD,0xD7,0xB5,0xB2,0x94,0x76,0xAD,0x79,0xCE,0x9A,0xD6,0x1C,0xE7,0xEF,0x7B,0xFF,0xFF,0x00,0x00,
	0x00,0x00,0x00,0x00,0x00,0x00,0x00,0x00,0x00,0x00,0x00,0x00,0x00,0x00,0x00,0x00,0x00,0x00,0x00,0x00,
	0x00,0x00,0x00,0x00,0x00,0x00,0x00,0x00,0x00,0x00,0x00,0x00,0x00,0x00,0xEF,0x7B,0x00,0x00,0xB2,0x94,
	0x71,0x8C,0x10,0x84,0x92,0x94,0x55,0xA5,0x38,0xC6,0x96,0xB5,0xB2,0x94,0x00,0x00,0xF7,0xBD,0x00,0x00,
	0x00,0x00,0xF7,0xBD,0x00,0x00,0xF7,0xBD,0x9A,0xD6,0xD7,0xBD,0xD7,0xBD,0xD7,0xB5,0xD7,0xB5,0x75,0xAD,
	0x35,0xA5,0x00,0x00,0xF7,0xBD,0x00,0x00,0x00,0x00,0xF7,0xBD,0x00,0x00,0x14,0xA5,0xB6,0xB5,0x14,0xA5,
	0x34,0xA5,0x14,0xA5,0x96,0xB5,0xFB,0xDE,0xB6,0xB5,0x00,0x00,0xF7,0xBD,0x00,0x00,0x00,0x00,0x00,0x00,
	0x00,0x00,0x00,0x00,0x00,0x00,0x00,0x00,0x00,0x00,0x00,0x00,0x00,0x00,0x00,0x00,0x00,0x00,0x00,0x00,
	0x00,0x00,0x00,0x00,0x00,0x00,0x00,0x00,0x00,0x00,0x00,0x00,0x00,0x00,0x8E,0x63,0x51,0x8C,0x14,0x9D,
	0xD7,0xBD,0x9A,0xD6,0xBA,0xD6,0x7A,0xCE,0x76,0xAD,0xB3,0x94,0x00,0x00,0xF7,0xBD,0x00,0x00,0x55,0xAD,
	0x00,0x00,0xF7,0xBD,0x9A,0xCE,0xF7,0xBD,0xF7,0xBD,0xD7,0xBD,0xD7,0xBD,0x75,0xAD,0x14,0x9D,0x00,0x00,
	0xAA,0x52,0x00,0x00,0xF7,0xBD,0x00,0x00,0xB3,0x94,0xB6,0xB5,0x34,0xA5,0xB2,0x94,0xB2,0x94,0x14,0x9D,
	0x55,0xA5,0x35,0xA5,0xB6,0xB5,0x00,0x00,0xFF,0xFF,0x00,0x00,0x00,0x00,0x00,0x00,0x00,0x00,0x00,0x00,
	0x00,0x00,0x00,0x00,0x00,0x00,0x00,0x00,0x00,0x00,0x00,0x00,0x00,0x00,0x00,0x00,0x00,0x00,0x00,0x00,
	0x00,0x00,0x00,0x00,0x00,0x00,0x00,0x00,0x55,0xAD,0x00,0x00,0xD3,0x94,0x59,0xC6,0xFB,0xDE,0xBA,0xD6,
	0x9A,0xD6,0xBA,0xD6,0x9A,0xCE,0x76,0xAD,0xB3,0x94,0x00,0x00,0xF7,0xBD,0xFF,0xFF,0x55,0xAD,0x18,0xBE,
	0x79,0xCE,0xF7,0xBD,0xF7,0xBD,0xD7,0xBD,0xD7,0xBD,0x76,0xAD,0xF4,0x9C,0xFF,0xFF,0xFF,0xFF,0xF7,0xBD,
	0x00,0x00,0x72,0x8C,0xB6,0xB5,0x55,0xAD,0xD3,0x94,0xD3,0x94,0x92,0x94,0x71,0x8C,0xB2,0x94,0x92,0x94,
	0x00,0x00,0x55,0xAD,0x00,0x00,0x00,0x00,0x00,0x00,0x00,0x00,0x00,0x00,0x00,0x00,0x00,0x00,0x00,0x00,
	0x00,0x00,0x00,0x00,0x00,0x00,0x00,0x00,0x00,0x00,0x00,0x00,0x00,0x00,0x00,0x00,0x00,0x00,0x00,0x00,
	0x00,0x00,0x00,0x00,0xAA,0x52,0x00,0x00,0xAA,0x52,0xF4,0x9C,0xFB,0xDE,0xBB,0xD6,0xBB,0xD6,0xBA,0xD6,
	0xBA,0xD6,0x9A,0xCE,0x55,0xAD,0xB3,0x94,0x00,0x00,0x00,0x00,0xB4,0x94,0x18,0xC6,0x59,0xC6,0xF8,0xBD,
	0xF7,0xBD,0xD7,0xBD,0xD7,0xBD,0x96,0xB5,0x14,0x9D,0x3E,0xE7,0x00,0x00,0x00,0x00,0xF0,0x7B,0xB6,0xB5,
	0x96,0xB5,0xD3,0x9C,0xD3,0x9C,0xB2,0x94,0xB2,0x94,0x51,0x8C,0xEF,0x7B,0x6D,0x6B,0x00,0x00,0xAA,0x52,
	0x00,0x00,0x00,0x00,0x00,0x00,0x00,0x00,0x00,0x00,0x00,0x00,0x00,0x00,0x00,0x00,0x00,0x00,0x00,0x00,
	0x00,0x00,0x00,0x00,0x00,0x00,0x00,0x00,0x00,0x00,0x00,0x00,0x00,0x00,0x00,0x00,0x00,0x00,0x00,0x00,
	0x00,0x00,0xEF,0x7B,0x00,0x00,0xCF,0x7B,0x7A,0xCE,0x1C,0xDF,0xDB,0xDE,0xDB,0xDE,0xBB,0xD6,0xBB,0xD6,
	0x7A,0xCE,0x55,0xAD,0x14,0xA5,0x1B,0xDF,0x96,0xB5,0x7A,0xCE,0x39,0xC6,0x18,0xC6,0x18,0xBE,0xF7,0xBD,
	0xD7,0xBD,0xB6,0xB5,0x14,0xA5,0xD7,0xB5,0x9A,0xD6,0xEF,0x7B,0x76,0xAD,0xB7,0xB5,0xF3,0x9C,0xF3,0x9C,
	0xD3,0x94,0xB2,0x94,0x92,0x94,0x30,0x84,0xAE,0x73,0x00,0x00,0xEF,0x7B,0x00,0x00,0x00,0x00,0x00,0x00,
	0x00,0x00,0x00,0x00,0x00,0x00,0x00,0x00,0x00,0x00,0x00,0x00,0x00,0x00,0x00,0x00,0x00,0x00,0x00,0x00,
	0x00,0x00,0x00,0x00,0x00,0x00,0x00,0x00,0x00,0x00,0x00,0x00,0x00,0x00,0x00,0x00,0x00,0x00,0xEF,0x7B,
	0x00,0x00,0x0C,0x63,0x55,0xAD,0x3C,0xE7,0xFB,0xDE,0xFB,0xDE,0xDB,0xDE,0xBB,0xD6,0xDB,0xD6,0x79,0xCE,
	0x55,0xAD,0xBA,0xD6,0xB7,0xB5,0x59,0xCE,0x38,0xC6,0x18,0xC6,0x18,0xBE,0xF7,0xBD,0xD7,0xBD,0xD7,0xBD,
	0x34,0xA5,0xB6,0xB5,0xBA,0xD6,0x76,0xAD,0xD7,0xBD,0x14,0xA5,0x14,0x9D,0xF3,0x9C,0xD3,0x94,0xB2,0x94,
	0x71,0x8C,0x10,0x7C,0x2D,0x6B,0x00,0x00,0xEF,0x7B,0x00,0x00,0x00,0x00,0x00,0x00,0x00,0x00,0x00,0x00,
	0x00,0x00,0x00,0x00,0x00,0x00,0x00,0x00,0x00,0x00,0x00,0x00,0x00,0x00,0x00,0x00,0x00,0x00,0x00,0x00,
	0x00,0x00,0x00,0x00,0x00,0x00,0x00,0x00,0x00,0x00,0x00,0x00,0x00,0x00,0x00,0x00,0x00,0x00,0xA7,0x39,
	0xF0,0x7B,0xDB,0xD6,0x1C,0xE7,0xFB,0xDE,0xFB,0xDE,0xDB,0xDE,0xDB,0xD6,0xDB,0xD6,0x7A,0xCE,0x7A,0xCE,
	0x7A,0xCE,0x79,0xCE,0x7A,0xCE,0x9A,0xCE,0x7A,0xCE,0x79,0xCE,0x59,0xC6,0x18,0xBE,0xB7,0xB5,0x96,0xB5,
	0x39,0xC6,0xD7,0xBD,0x34,0xA5,0x34,0xA5,0xF4,0x9C,0xD3,0x9C,0xB2,0x94,0x92,0x94,0x30,0x84,0xAF,0x73,
	0xA9,0x39,0x00,0x00,0x00,0x00,0x00,0x00,0x00,0x00,0x00,0x00,0x00,0x00,0x00,0x00,0x00,0x00,0x00,0x00,
	0x00,0x00,0x00,0x00,0x00,0x00,0x00,0x00,0x00,0x00,0x00,0x00,0x00,0x00,0x00,0x00,0x00,0x00,0xEF,0x7B,
	0xFF,0xFF,0xFF,0xFF,0x00,0x00,0x00,0x00,0x00,0x00,0x00,0x00,0xEF,0x7B,0x00,0x00,0x10,0x7C,0xD7,0xB5,
	0x5D,0xEF,0x1C,0xDF,0x1C,0xDF,0xFB,0xDE,0xDB,0xDE,0xDB,0xD6,0xBA,0xD6,0xBA,0xD6,0xDB,0xD6,0x79,0xCE,
	0x59,0xC6,0x38,0xC6,0x18,0xC6,0xF7,0xBD,0xF7,0xBD,0xD7,0xBD,0xB7,0xB5,0xD7,0xBD,0x75,0xAD,0x55,0xAD,
	0x35,0xA5,0x14,0xA5,0xF3,0x9C,0xD3,0x94,0xB2,0x94,0x71,0x8C,0x30,0x84,0x72,0x8C,0x00,0x00,0xEF,0x7B,
	0x00,0x00,0x00,0x00,0x00,0x00,0x00,0x00,0xFF,0xFF,0xFF,0xFF,0xEF,0x7B,0x00,0x00,0x00,0x00,0x00,0x00,
	0x00,0x00,0x00,0x00,0x00,0x00,0x00,0x00,0x00,0x00,0xFF,0xFF,0x00,0x00,0x00,0x00,0x00,0x00,0x00,0x00,
	0x00,0x00,0xF7,0xBD,0xFF,0xFF,0xEF,0x7B,0x55,0xAD,0x00,0x00,0x55,0xA5,0xD3,0x9C,0xFB,0xDE,0x3C,0xE7,
	0x1C,0xDF,0xFB,0xDE,0xFB,0xDE,0xDB,0xDE,0xDB,0xDE,0xBA,0xD6,0xBA,0xD6,0x79,0xCE,0x00,0x00,0x00,0x00,
	0x00,0x00,0x00,0x00,0x00,0x00,0x00,0x00,0xD6,0xB5,0xD7,0xB5,0x96,0xB5,0x76,0xAD,0x34,0xA5,0x14,0x9D,
	0xF3,0x9C,0xB2,0x94,0x92,0x94,0x10,0x84,0x30,0x84,0x55,0xA5,0x00,0x00,0x55,0xAD,0xEF,0x7B,0xFF,0xFF,
	0xF7,0xBD,0x00,0x00,0x00,0x00,0x00,0x00,0x00,0x00,0x00,0x00,0xFF,0xFF,0x00,0x00,0x00,0x00,0x00,0x00,
	0x00,0x00,0xFF,0xFF,0x00,0x00,0x1B,0xDF,0xB3,0x94,0xEF,0x7B,0xDB,0xDE,0xBE,0xF7,0x00,0x00,0x00,0x00,
	0x00,0x00,0x00,0x00,0xFF,0xFF,0x9A,0xD6,0x00,0x00,0x92,0x94,0x18,0xBE,0x7D,0xEF,0x1C,0xDF,0x1C,0xDF,
	0xFB,0xDE,0xDB,0xDE,0xDB,0xDE,0xBA,0xD6,0x7D,0xEF,0x00,0x00,0xFF,0xFF,0x55,0xAD,0xF7,0xBD,0xF7,0xBD,
	0x55,0xAD,0xFF,0xFF,0x00,0x00,0x75,0x9D,0x76,0xAD,0x55,0xAD,0x14,0xA5,0xF3,0x9C,0xD3,0x94,0x92,0x94,
	0x71,0x8C,0xEF,0x7B,0x72,0x8C,0x00,0x00,0x55,0xAD,0x00,0x00,0x00,0x00,0x00,0x00,0x00,0x00,0x00,0x00,
	0xFF,0xFF,0xBE,0xF7,0x71,0x8C,0x55,0xAD,0xFB,0xDE,0x00,0x00,0xFF,0xFF,0x00,0x00,0xFF,0xFF,0xFF,0xFF,
	0xFF,0xFF,0xF7,0xBD,0xB2,0x94,0x76,0xAD,0x1C,0xDF,0xFB,0xDE,0xFB,0xDE,0x1C,0xDF,0x1C,0xDF,0xFB,0xDE,
	0x00,0x00,0x00,0x00,0x96,0xAD,0xD7,0xB5,0xF8,0xBD,0x3C,0xE7,0x1C,0xE7,0x1C,0xDF,0x1C,0xDF,0xFB,0xDE,
	0xDB,0xDE,0x3C,0xE7,0x18,0xBE,0xFF,0xFF,0xFF,0xFF,0x00,0x00,0x00,0x00,0x00,0x00,0x00,0x00,0xF7,0xBD,
	0xFF,0xFF,0xF7,0xBD,0xD7,0xBD,0x34,0xA5,0x14,0xA5,0xD3,0x9C,0xB2,0x94,0x71,0x8C,0x10,0x84,0x71,0x8C,
	0xD7,0xB5,0x34,0xA5,0x00,0x00,0x00,0x00,0xFF,0xFF,0xDF,0xFF,0x5D,0xE7,0x9A,0xCE,0x96,0xAD,0x34,0xA5,
	0x55,0xAD,0x35,0xA5,0xF8,0xBD,0xFF,0xFF,0xFF,0xFF,0xFF,0xFF,0xF7,0xBD,0x00,0x00,0xBE,0xF7,0xB6,0xB5,
	0x92,0x94,0x18,0xBE,0xFB,0xDE,0x1C,0xDF,0x3C,0xE7,0x5D,0xEF,0x3C,0xE7,0xDB,0xD6,0xDB,0xD6,0x9A,0xCE,
	0x38,0xC6,0xB7,0xB5,0xBB,0xD6,0x3C,0xE7,0x1C,0xE7,0x1C,0xDF,0x1C,0xDF,0xFB,0xDE,0xDB,0xDE,0x1C,0xE7,
	0x96,0xB5,0x00,0x00,0xFF,0xFF,0x00,0x00,0x00,0x00,0x00,0x00,0x00,0x00,0xEF,0x7B,0x00,0x00,0x18,0xC6,
	0x96,0xB5,0x34,0xA5,0xF3,0x9C,0xB3,0x94,0x92,0x94,0x51,0x8C,0xEF,0x7B,0x30,0x84,0x18,0xC6,0x18,0xC6,
	0xFB,0xDE,0x9A,0xD6,0xD7,0xBD,0x55,0xA5,0x51,0x8C,0x2C,0x63,0x69,0x4A,0x49,0x4A,0xB2,0x94,0x14,0xA5,
	0x18,0xBE,0x7D,0xEF,0x00,0x00,0xFF,0xFF,0xEF,0x7B,0xFF,0xFF,0x9A,0xD6,0x75,0xAD,0x35,0xA5,0x79,0xCE,
	0xFB,0xDE,0xFB,0xDE,0x1C,0xDF,0x1C,0xE7,0x1C,0xDF,0x1C,0xE7,0x5D,0xE7,0x5D,0xEF,0xFB,0xDE,0xBA,0xD6,
	0x5D,0xEF,0x3C,0xE7,0x1C,0xDF,0x1C,0xDF,0x1C,0xDF,0x1C,0xDF,0xFB,0xDE,0xFB,0xDE,0x38,0xC6,0xAF,0x73,
	0x00,0x00,0xEF,0x7B,0x00,0x00,0x00,0x00,0xFF,0xFF,0x00,0x00,0x1B,0xDF,0xF7,0xBD,0x34,0xA5,0x14,0xA5,
	0xD3,0x9C,0x92,0x94,0x51,0x8C,0x30,0x84,0xEF,0x7B,0xCF,0x7B,0x92,0x94,0x96,0xB5,0xF3,0x9C,0xCF,0x7B,
	0xEB,0x5A,0x69,0x4A,0x69,0x4A,0x69,0x4A,0x8A,0x52,0x69,0x4A,0x8E,0x73,0x55,0xA5,0xF7,0xBD,0x9A,0xD6,
	0xFF,0xFF,0xEF,0x7B,0x00,0x00,0xFF,0xFF,0x96,0xAD,0x76,0xAD,0xF8,0xBD,0xFB,0xDE,0xDB,0xDE,0xDB,0xDE,
	0xFB,0xDE,0xFB,0xDE,0xFB,0xDE,0x1C,0xDF,0x1C,0xE7,0x3C,0xE7,0x1C,0xE7,0x5D,0xEF,0x1C,0xE7,0x1C,0xE7,
	0x9E,0xEF,0x3C,0xE7,0x1C,0xDF,0x1C,0xDF,0xFB,0xDE,0xDB,0xDE,0xFB,0xDE,0xF3,0x9C,0x00,0x00,0xF7,0xBD,
	0x00,0x00,0x00,0x00,0xF7,0xBD,0x00,0x00,0x7A,0xCE,0xF7,0xBD,0x14,0xA5,0xF3,0x9C,0xB2,0x94,0x71,0x8C,
	0x10,0x84,0xEF,0x7B,0xAE,0x73,0x8E,0x73,0x4D,0x6B,0xEB,0x5A,0xAB,0x5A,0xCB,0x5A,0xCB,0x5A,0xAB,0x5A,
	0xAA,0x52,0xAA,0x52,0xAA,0x52,0xAA,0x5A,0xCB,0x5A,0xF3,0x9C,0x18,0xBE,0x18,0xBE,0xFF,0xFF,0xFF,0xFF,
	0x00,0x00,0x00,0x00,0x00,0x00,0x31,0x84,0x30,0x84,0x76,0xAD,0xFB,0xDE,0xDB,0xDE,0xDB,0xD6,0xDB,0xDE,
	0xFB,0xDE,0xFB,0xDE,0xFB,0xDE,0x1C,0xDF,0x1C,0xE7,0x5D,0xE7,0x1C,0xDF,0x3C,0xDF,0x38,0xC6,0xFB,0xDE,
	0x5D,0xE7,0xFB,0xDE,0xFB,0xDE,0xDB,0xDE,0x1C,0xDF,0x75,0xAD,0x00,0x00,0xFF,0xFF,0x00,0x00,0x00,0x00,
	0xFF,0xFF,0xFF,0xFF,0x18,0xBE,0x55,0xAD,0xF3,0x9C,0xB2,0x94,0x71,0x8C,0x10,0x84,0x51,0x8C,0x71,0x8C,
	0xAE,0x73,0x4D,0x6B,0x4D,0x6B,0x0C,0x63,0xEB,0x5A,0xCB,0x5A,0xAA,0x52,0xAA,0x52,0xAA,0x5A,0xCB,0x5A,
	0xCB,0x5A,0x0C,0x63,0xAE,0x73,0xCF,0x73,0x72,0x8C,0x00,0x00,0x00,0x00,0xFF,0xFF,0x00,0x00,0xFF,0xFF,
	0x00,0x00,0x00,0x00,0xEB,0x5A,0x4D,0x6B,0xD3,0x94,0x9A,0xCE,0xFB,0xDE,0xBA,0xD6,0xDB,0xDE,0xDB,0xDE,
	0xFB,0xDE,0xFB,0xDE,0x7E,0xEF,0xFB,0xDE,0x00,0x00,0x00,0x00,0x40,0x08,0x30,0x84,0x9A,0xCE,0x5D,0xE7,
	0xFB,0xDE,0xDB,0xDE,0xFB,0xDE,0x38,0xC6,0xAE,0x73,0x00,0x00,0xF7,0xBD,0xFF,0xFF,0xFF,0xFF,0x7A,0xCE,
	0xF7,0xBD,0xF3,0x9C,0xD3,0x94,0x71,0x8C,0x10,0x84,0x92,0x94,0x92,0x94,0x55,0xAD,0x00,0x00,0x00,0x00,
	0xEB,0x5A,0x0C,0x63,0xCB,0x5A,0xCB,0x5A,0xCB,0x5A,0xEB,0x5A,0x0C,0x63,0x0C,0x63,0x4D,0x6B,0x10,0x84,
	0xCF,0x7B,0x0C,0x63,0x00,0x00,0x00,0x00,0xFF,0xFF,0x00,0x00,0x00,0x00,0x00,0x00,0x00,0x00,0xEF,0x7B,
	0x00,0x00,0x8E,0x73,0x4D,0x6B,0x30,0x84,0xD7,0xB5,0xFB,0xDE,0xBB,0xD6,0xBB,0xD6,0xDB,0xD6,0xFB,0xDE,
	0xFB,0xDE,0xFB,0xDE,0xFF,0xFF,0x59,0xCE,0x00,0x00,0x00,0x00,0xAE,0x73,0xD7,0xBD,0x3C,0xE7,0xFB,0xDE,
	0xDB,0xD6,0xDB,0xDE,0x92,0x94,0x00,0x00,0x00,0x00,0x00,0x00,0x00,0x00,0x39,0xC6,0xD7,0xB5,0xD3,0x94,
	0x71,0x8C,0x30,0x84,0x92,0x94,0x92,0x94,0x08,0x42,0x00,0x00,0x2C,0x63,0xFF,0xFF,0xCB,0x5A,0xEB,0x5A,
	0xEB,0x5A,0xEB,0x62,0x0C,0x63,0x2C,0x63,0x2D,0x63,0xAE,0x73,0x30,0x84,0xAE,0x73,0x69,0x4A,0x00,0x00,
	0xF7,0xBD,0x00,0x00,0x00,0x00,0x00,0x00,0x00,0x00,0x00,0x00,0x00,0x00,0x00,0x00,0xAA,0x52,0x00,0x00,
	0x00,0x00,0x8E,0x73,0xEF,0x7B,0x34,0xA5,0x9A,0xD6,0xDB,0xD6,0xBA,0xD6,0x3C,0xE7,0xBB,0xD6,0x00,0x00,
	0xFF,0xFF,0x00,0x00,0xEF,0x7B,0xFF,0xFF,0x00,0x00,0x2C,0x63,0x14,0xA5,0x1C,0xDF,0xFB,0xDE,0xDB,0xDE,
	0x76,0xAD,0x6D,0x6B,0xFF,0xFF,0xFF,0xFF,0xFF,0xFF,0xF7,0xBD,0x14,0xA5,0x71,0x8C,0x71,0x8C,0x72,0x8C,
	0x51,0x8C,0x00,0x00,0xFF,0xFF,0xEF,0x7B,0x00,0x00,0xAA,0x52,0x00,0x00,0x0C,0x63,0x6D,0x6B,0x2D,0x6B,
	0x4D,0x6B,0x6D,0x6B,0x30,0x84,0x71,0x8C,0xAE,0x73,0x00,0x00,0x00,0x00,0xAA,0x52,0x00,0x00,0x00,0x00,
	0x00,0x00,0x00,0x00,0x00,0x00,0x00,0x00,0x00,0x00,0x00,0x00,0x00,0x00,0xFF,0xFF,0x55,0xAD,0x00,0x00,
	0x15,0xA5,0x10,0x7C,0x51,0x8C,0x18,0xC6,0xBA,0xD6,0xFB,0xDE,0xBB,0xD6,0xFF,0xFF,0xFF,0xFF,0x00,0x00,
	0x00,0x00,0x00,0x00,0xEF,0x7B,0x00,0x00,0x8A,0x52,0x72,0x8C,0xBB,0xD6,0xBA,0xD6,0x59,0xCE,0xF7,0xBD,
	0x59,0xCE,0x59,0xC6,0xD7,0xBD,0x34,0xA5,0x92,0x94,0xB2,0x94,0x92,0x94,0x31,0x84,0x00,0x00,0xEF,0x7B,
	0x00,0x00,0x00,0x00,0x00,0x00,0xAA,0x52,0x00,0x00,0x4D,0x6B,0x8E,0x73,0x8E,0x73,0xEF,0x7B,0x51,0x8C,
	0x30,0x84,0x51,0x8C,0x00,0x00,0x55,0xAD,0x1F,0x00,0x00,0x00,0x00,0x00,0x00,0x00,0x00,0x00,0x00,0x00,
	0x00,0x00,0x00,0x00,0x00,0x00,0x00,0x00,0x00,0x00,0x00,0x00,0x00,0x00,0xEF,0x7B,0x00,0x00,0xFF,0xFF,
	0xCF,0x7B,0x30,0x84,0x79,0xCE,0x7A,0xCE,0x9A,0xD6,0x00,0x00,0xFF,0xFF,0x00,0x00,0x00,0x00,0x00,0x00,
	0x00,0x00,0xEF,0x7B,0x00,0x00,0x25,0x29,0xB2,0x94,0xDB,0xD6,0x59,0xCE,0x59,0xC6,0xD7,0xB5,0x76,0xAD,
	0x75,0xAD,0xF3,0x9C,0x91,0x94,0x92,0x94,0xEF,0x7B,0x00,0x00,0xEF,0x7B,0x00,0x00,0x00,0x00,0x00,0x00,
	0x00,0x00,0x00,0x00,0x00,0x00,0x4D,0x6B,0xAE,0x73,0xEF,0x7B,0x30,0x84,0xCF,0x7B,0x08,0x42,0x00,0x00,
	0xEF,0x7B,0x00,0x00,0x00,0x00,0x00,0x00,0x00,0x00,0x00,0x00,0x00,0x00,0x00,0x00,0x00,0x00,0x00,0x00,
	0x00,0x00,0x00,0x00,0x00,0x00,0x00,0x00,0xEF,0x7B,0xF7,0xBD,0x9A,0xD6,0x00,0x00,0x75,0xAD,0x35,0xA5,
	0x59,0xCE,0x79,0xCE,0x00,0x00,0xFF,0xFF,0x00,0x00,0x00,0x00,0x00,0x00,0x00,0x00,0x00,0x00,0x00,0x00,
	0x55,0xAD,0x00,0x00,0x39,0xC6,0xDB,0xDE,0x59,0xC6,0x55,0xAD,0x71,0x8C,0xCF,0x7B,0x30,0x84,0x92,0x94,
	0x51,0x8C,0xB2,0x94,0x00,0x00,0xEF,0x7B,0x00,0x00,0x00,0x00,0x00,0x00,0x00,0x00,0x00,0x00,0x00,0x00,
	0xEF,0x7B,0x00,0x00,0x10,0x84,0x10,0x84,0xF4,0x9C,0x14,0x9D,0x00,0x00,0x55,0xAD,0xF7,0xBD,0xFF,0x7B,
	0x00,0x00,0x00,0x00,0x00,0x00,0x00,0x00,0x00,0x00,0x00,0x00,0x00,0x00,0x00,0x00,0x00,0x00,0xEF,0x7B,
	0xF7,0xBD,0xFF,0xFF,0x00,0x00,0x00,0x00,0x00,0x00,0xAA,0x52,0x51,0x84,0x18,0xC6,0xBB,0xD6,0x38,0xC6,
	0xF7,0xBD,0xDB,0xDE,0xF7,0xBD,0xF7,0xBD,0xF7,0xBD,0xF7,0xBD,0xF7,0xBD,0x59,0xCE,0xFF,0xFF,0xD3,0x9C,
	0x39,0xC6,0x9A,0xD6,0x55,0xA5,0x8E,0x73,0x2D,0x6B,0xAF,0x73,0x8E,0x73,0xEF,0x7B,0x8E,0x73,0x92,0x94,
	0xFF,0xFF,0xF7,0xBD,0xD9,0x9C,0xF7,0xBD,0xF7,0xBD,0xEF,0x7B,0xEF,0x7B,0xEF,0x7B,0x92,0x94,0xEF,0x7B,
	0x51,0x8C,0x51,0x8C,0xB3,0x94,0xD3,0x9C,0xCF,0x7B,0x00,0x00,0x00,0x00,0x00,0x00,0x00,0x00,0xF7,0xBD,
	0xEF,0x7B,0x00,0x00,0x00,0x00,0x00,0x00,0xEF,0x7B,0xEF,0x7B,0xFF,0xFF,0x00,0x00,0x00,0x00,0x00,0x00,
	0x92,0x94,0xD3,0x94,0x34,0xA5,0xB6,0xB5,0x38,0xC6,0x38,0xC6,0x9A,0xCE,0x18,0xC6,0x00,0x00,0x00,0x00,
	0x00,0x00,0x00,0x00,0x00,0x00,0x00,0x00,0x00,0x00,0x00,0x00,0x00,0x00,0x39,0xC6,0x9A,0xD6,0x18,0xBE,
	0x51,0x8C,0x00,0x00,0x00,0x00,0x00,0x00,0xAA,0x52,0x31,0x84,0xAE,0x73,0xEF,0x7B,0x9A,0xCE,0x00,0x00,
	0x00,0x00,0x00,0x00,0x00,0x00,0x00,0x00,0x00,0x00,0x00,0x00,0x00,0x00,0x00,0x00,0x71,0x8C,0xD3,0x94,
	0x10,0x84,0x92,0x94,0xD3,0x9C,0xD3,0x94,0x34,0xA5,0x39,0xC6,0x00,0x00,0x00,0x00,0x00,0x00,0x00,0x00,
	0xEF,0x7B,0xEF,0x7B,0x00,0x00,0x00,0x00,0x00,0x00,0x76,0xAD,0xD7,0xB5,0xD7,0xBD,0xF8,0xBD,0x79,0xCE,
	0x79,0xCE,0x18,0xC6,0xF7,0xBD,0xD7,0xB5,0x38,0xC6,0xF7,0xBD,0xF7,0xBD,0x18,0xC6,0xBA,0xD6,0x9A,0xD6,
	0x7A,0xCE,0x59,0xCE,0x39,0xC6,0x59,0xCE,0x59,0xCE,0x79,0xCE,0x38,0xC6,0xB6,0xB5,0x14,0x9D,0x00,0x00,
	0xB6,0x95,0xBB,0xB5,0x00,0x00,0x96,0xB5,0x51,0x8C,0xAE,0x73,0x30,0x84,0x55,0xAD,0x55,0xAD,0x34,0xA5,
	0x14,0x9D,0xD3,0x9C,0xB3,0x94,0xB2,0x94,0x92,0x94,0xB2,0x94,0x92,0x94,0xD3,0x9C,0xB2,0x94,0x72,0x8C,
	0x72,0x8C,0xB2,0x94,0x14,0x9D,0x14,0xA5,0x96,0xAD,0xF7,0xBD,0x9A,0xCE,0x00,0x00,0x00,0x00,0x00,0x00,
	0xD3,0x9C,0x8E,0x73,0x55,0xAD,0xF8,0xBD,0x79,0xCE,0x38,0xC6,0xB7,0xB5,0x96,0xB5,0x96,0xAD,0x96,0xB5,
	0xB6,0xB5,0xB6,0xB5,0xB6,0xB5,0xF7,0xBD,0x18,0xC6,0x38,0xC6,0x59,0xCE,0x79,0xCE,0x79,0xCE,0x59,0xCE,
	0x59,0xCE,0x59,0xC6,0x59,0xC6,0xF7,0xBD,0x96,0xAD,0x55,0xAD,0xF3,0x9C,0x96,0xB5,0x00,0x00,0x00,0x00,
	0x76,0xAD,0xD7,0xBD,0x10,0x84,0x51,0x8C,0xB2,0x94,0xF3,0x9C,0x14,0xA5,0x14,0xA5,0x14,0xA5,0x14,0xA5,
	0x14,0xA5,0x14,0xA5,0x14,0xA5,0x14,0xA5,0xF3,0x9C,0xD3,0x94,0xD3,0x9C,0xD3,0x9C,0xD3,0x94,0xB2,0x94,
	0x92,0x94,0x72,0x8C,0xB2,0x94,0xF3,0x9C,0x14,0xA5,0x35,0xA5,0x34,0xA5,0xB6,0xB5,0xB6,0xB5,0x6E,0x6B,
	0x92,0x94,0x55,0xAD,0x75,0xAD,0x55,0xAD,0x55,0xAD,0x76,0xAD,0x76,0xAD,0x96,0xAD,0x96,0xAD,0x96,0xAD,
	0x96,0xB5,0x96,0xB5,0x96,0xB5,0x96,0xB5,0x96,0xB5,0x96,0xB5,0x76,0xAD,0x76,0xAD,0x55,0xAD,0x55,0xAD,
	0x35,0xA5,0x34,0xA5,0x14,0x9D,0xB2,0x94,0x92,0x94,0xF4,0x9C,0xDB,0xD6,0xBA,0xD6,0xB6,0xB5,0x92,0x94,
	0x92,0x94,0x55,0xAD,0x34,0xA5,0x14,0xA5,0x34,0xA5,0x34,0xA5,0x34,0xA5,0x55,0xA5,0x55,0xA5,0x34,0xA5,
	0x34,0xA5,0x34,0xA5,0x14,0xA5,0x14,0xA5,0x14,0xA5,0x14,0x9D,0xF4,0x9C,0xF3,0x9C,0xF3,0x9C,0xF3,0x9C,
	0xD3,0x9C,0xB3,0x94,0x51,0x8C,0x92,0x94,0xB6,0xB5,0x38,0xC6,0x59,0xCE,0xCF,0x7B,0x10,0x84,0xF3,0x9C,
	0x55,0xAD,0x55,0xA5,0x55,0xAD,0x55,0xAD,0x55,0xAD,0x55,0xAD,0x55,0xAD,0x55,0xAD,0x55,0xAD,0x55,0xAD,
	0x55,0xAD,0x55,0xAD,0x55,0xAD,0x55,0xAD,0x35,0xA5,0x34,0xA5,0x14,0x9D,0xD3,0x9C,0xF3,0x9C,0x71,0x8C,
	0x6D,0x6B,0x4D,0x6B,0xCF,0x7B,0xAF,0x73,0x71,0x8C,0xB2,0x94,0x10,0x84,0xB2,0x94,0xF3,0x9C,0xD3,0x9C,
	0x71,0x8C,0xB7,0xB5,0xB7,0xB5,0x96,0xB5,0x96,0xB5,0x96,0xB5,0x96,0xB5,0x96,0xB5,0x76,0xAD,0x75,0xAD,
	0x75,0xAD,0x55,0xAD,0x55,0xAD,0x55,0xAD,0x55,0xA5,0x34,0xA5,0x34,0xA5,0x14,0xA5,0xF4,0x9C,0x14,0x9D,
	0x71,0x8C,0x51,0x8C,0x55,0xAD,0x59,0xCE,0xFB,0xDE,0x14,0x9D,0x51,0x8C,0xD3,0x9C,0x55,0xA5,0x34,0xA5,
	0x35,0xA5,0x34,0xA5,0x34,0xA5,0x34,0xA5,0x34,0xA5,0x34,0xA5,0x34,0xA5,0x34,0xA5,0x34,0xA5,0x14,0xA5,
	0x14,0x9D,0xF3,0x9C,0xD3,0x9C,0xB2,0x94,0x92,0x94,0x92,0x94,0x51,0x8C,0xEF,0x7B,0x00,0x00,0x51,0x8C,
	0x8E,0x73,0x2C,0x63,0x0C,0x63,0x4D,0x6B,0xB2,0x94,0xD3,0x94,0xAF,0x73,0x00,0x00,0x08,0x42,0x10,0x84,
	0x96,0xB5,0x38,0xC6,0xF7,0xBD,0xD7,0xBD,0xD7,0xBD,0xD7,0xBD,0xB7,0xB5,0xB6,0xB5,0xB6,0xB5,0x96,0xB5,
	0x76,0xAD,0x76,0xAD,0x75,0xAD,0x55,0xAD,0x55,0xA5,0x34,0xA5,0x34,0xA5,0x34,0xA5,0x72,0x8C,0x71,0x8C,
	0x55,0xAD,0x9A,0xD6,0x5D,0xEF,0xD7,0xBD,0xB2,0x94,0xB2,0x94,0xB3,0x94,0xD3,0x94,0xD3,0x9C,0xD3,0x9C,
	0xD3,0x9C,0xD3,0x9C,0xD3,0x9C,0xD3,0x9C,0xF4,0x9C,0xF3,0x9C,0xD3,0x9C,0xD3,0x94,0xB2,0x94,0x92,0x94,
	0x51,0x8C,0x71,0x8C,0x51,0x84,0x51,0x8C,0x00,0x00,0x00,0x00,0x2C,0x63,0x00,0x00,0xF7,0xAD,0xAE,0x73,
	0x6D,0x6B,0x10,0x84,0xB3,0x94,0x8A,0x52,0x00,0x00,0xD3,0x9C,0x00,0x00,0x00,0x00,0x6D,0x6B,0xF3,0x9C,
	0x59,0xCE,0x39,0xC6,0x18,0xBE,0x18,0xBE,0xF8,0xBD,0xF7,0xBD,0xD7,0xBD,0xF7,0xBD,0xF7,0xBD,0xF7,0xBD,
	0xD7,0xBD,0xD7,0xB5,0xB7,0xB5,0xB6,0xB5,0x96,0xB5,0x96,0xB5,0x92,0x94,0xEF,0x7B,0xF4,0x9C,0x1C,0xE7,
	0xFF,0xFF,0x55,0xAD,0xEF,0x7B,0xCF,0x7B,0x6D,0x6B,0x8E,0x73,0x8E,0x73,0x8E,0x73,0x8E,0x73,0x6D,0x6B,
	0x8E,0x6B,0x6D,0x6B,0x8E,0x73,0x72,0x8C,0x92,0x94,0x72,0x8C,0x51,0x8C,0x30,0x84,0x51,0x8C,0x30,0x84,
	0x51,0x8C,0x00,0x00,0xEF,0x7B,0xEF,0x7B,0x00,0x00,0xEF,0x7B,0x00,0x00,0xB2,0x94,0x6D,0x6B,0x30,0x84,
	0x71,0x8C,0x00,0x00,0xEF,0x7B,0x00,0x00,0xEF,0x7B,0xFF,0xFF,0x00,0x00,0x8A,0x52,0x71,0x8C,0x18,0xBE,
	0x59,0xCE,0x18,0xC6,0x38,0xC6,0x18,0xC6,0x18,0xC6,0x55,0xAD,0xF3,0x9C,0xD3,0x9C,0xB2,0x94,0xB2,0x94,
	0xB2,0x94,0xB2,0x94,0xB2,0x94,0xB2,0x94,0x10,0x84,0xAB,0x52,0xF0,0x7B,0xFF,0xFF,0x00,0x00,0x00,0x00,
	0x00,0x00,0xFF,0xFF,0xFF,0xFF,0xBA,0xD6,0xD7,0xBD,0x75,0xAD,0xF4,0x9C,0x51,0x8C,0x10,0x84,0xCF,0x73,
	0xEF,0x7B,0xEF,0x7B,0x71,0x8C,0x30,0x84,0x30,0x84,0x30,0x84,0x71,0x8C,0xFF,0x07,0x00,0x00,0xEF,0x7B,
	0x00,0x00,0x00,0x00,0xEF,0x7B,0x00,0x00,0x3C,0xE7,0x51,0x8C,0x6D,0x6B,0x30,0x84,0x92,0x94,0x10,0x84,
	0x00,0x00,0xEF,0x7B,0x00,0x00,0x00,0x00,0xEF,0x7B,0x00,0x00,0x00,0x00,0xCF,0x7B,0x18,0xC6,0xBB,0xD6,
	0x38,0xC6,0x79,0xCE,0x14,0xA5,0xAE,0x73,0x6D,0x6B,0x0C,0x63,0xEB,0x5A,0xAB,0x5A,0xCA,0x52,0x8A,0x52,
	0xC7,0x39,0x24,0x01,0xEF,0x7B,0x00,0x00,0x00,0x00,0x00,0x00,0xFF,0xFF,0xFF,0xFF,0x00,0x00,0x00,0x00,
	0x00,0x00,0x00,0x00,0x00,0x00,0x00,0x00,0x00,0x00,0x00,0x00,0x00,0x00,0x75,0xAD,0x92,0x94,0x55,0xA5,
	0x10,0x84,0x10,0x84,0xEF,0x7B,0xEF,0x7B,0x00,0x00,0xFF,0xFF,0xEF,0x7B,0x00,0x00,0x00,0x00,0x00,0x00,
	0xF7,0xBD,0x00,0x00,0x76,0xAD,0x10,0x84,0x8E,0x73,0x30,0x84,0x14,0x9D,0x51,0x8C,0x00,0x00,0xEF,0x7B,
	0x00,0x00,0x00,0x00,0x00,0x00,0xEF,0x7B,0xFF,0xFF,0x00,0x00,0x18,0xBE,0x9A,0xD6,0x9A,0xCE,0x79,0xCE,
	0x14,0x9D,0x71,0x8C,0xF9,0xCE,0x00,0x00,0x00,0x00,0x00,0x00,0x00,0x00,0x00,0x00,0x00,0x00,0x00,0x00,
	0x00,0x00,0x00,0x00,0xFF,0xFF,0xFF,0xFF,0x00,0x00,0x00,0x00,0x00,0x00,0x00,0x00,0x00,0x00,0xFF,0xFF,
	0xFF,0xFF,0xFF,0xFF,0xEF,0x7B,0xEF,0x7B,0xFF,0xFF,0x66,0x31,0x75,0xAD,0x14,0xA5,0xAE,0x73,0x10,0x84,
	0x8E,0x73,0x00,0x00,0x8E,0x73,0x00,0x00,0x00,0x00,0x00,0x00,0x00,0x00,0x00,0x00,0x55,0xAD,0x00,0x00,
	0xD3,0x9C,0xCF,0x7B,0xCF,0x7B,0x51,0x8C,0x34,0xA5,0xB3,0x94,0x00,0x00,0x55,0xAD,0x00,0x00,0x00,0x00,
	0x00,0x00,0x00,0x00,0x00,0x00,0x55,0xAD,0x00,0x00,0x59,0xCE,0xFB,0xDE,0x9A,0xD6,0xD7,0xBD,0x51,0x8C,
	0x8E,0x73,0xFF,0xFF,0xEF,0x7B,0xEF,0x7B,0xFF,0xFF,0xFF,0xFF,0xFF,0xFF,0x00,0x00,0x00,0x00,0x00,0x00,
	0x00,0x00,0x00,0x00,0x00,0x00,0x00,0x00,0x00,0x00,0x00,0x00,0x00,0x00,0x00,0x00,0x00,0x00,0x00,0x00,
	0x00,0x00,0xFF,0xFF,0x00,0x00,0x55,0xAD,0xB6,0xB5,0x8E,0x73,0xAF,0x73,0x8E,0x73,0x8E,0x73,0x2D,0x6B,
	0x00,0x00,0x2C,0x63,0x00,0x00,0x00,0x00,0x00,0x00,0x00,0x00,0x00,0x00,0xFF,0xFF,0x51,0x8C,0xAE,0x73,
	0x10,0x84,0x71,0x8C,0x14,0xA5,0xF4,0x9C,0xC7,0x39,0x00,0x00,0x00,0x00,0x00,0x00,0x00,0x00,0x00,0x00,
	0x59,0xCE,0x00,0x00,0x79,0xCE,0xDB,0xDE,0x9A,0xD6,0x9A,0xCE,0xBA,0xD6,0xB6,0xB5,0x71,0x8C,0x00,0x00,
	0x55,0xAD,0x00,0x00,0x00,0x00,0x00,0x00,0x00,0x00,0x00,0x00,0x00,0x00,0x00,0x00,0x00,0x00,0x00,0x00,
	0x00,0x00,0x00,0x00,0x00,0x00,0x00,0x00,0x00,0x00,0x00,0x00,0x00,0x00,0x00,0x00,0xF7,0xBD,0x00,0x00,
	0x55,0xAD,0x18,0xBE,0x8E,0x73,0x8E,0x73,0x8E,0x73,0x4D,0x6B,0x4D,0x6B,0x2C,0x63,0xCB,0x5A,0x00,0x00,
	0x08,0x42,0xEF,0x7B,0x00,0x00,0x55,0xAD,0x00,0x00,0x96,0xAD,0x30,0x84,0xCF,0x7B,0x30,0x84,0x92,0x94,
	0xF3,0x9C,0x75,0xAD,0x51,0x84,0x00,0x00,0x55,0xAD,0x00,0x00,0xEF,0x7B,0xF7,0xBD,0x00,0x00,0x7A,0xCE,
	0xDB,0xD6,0xBA,0xD6,0x9A,0xD6,0x9A,0xD6,0xBA,0xD6,0xBA,0xD6,0x96,0xAD,0xB2,0x94,0x00,0x00,0xF7,0xBD,
	0x00,0x00,0x00,0x00,0x00,0x00,0x00,0x00,0x00,0x00,0x00,0x00,0x00,0x00,0x00,0x00,0x00,0x00,0x00,0x00,
	0x00,0x00,0x00,0x00,0x00,0x00,0x00,0x00,0x00,0x00,0xF7,0xBD,0x00,0x00,0xB7,0xB5,0x38,0xC6,0xAF,0x73,
	0x6E,0x6B,0x6E,0x6B,0x4D,0x6B,0x2C,0x63,0xEB,0x5A,0xEB,0x5A,0xCB,0x5A,0xAA,0x52,0x00,0x00,0x00,0x00,
	0xEF,0x7B,0xEF,0x7B,0x00,0x00,0xF3,0x9C,0x30,0x84,0x10,0x84,0x51,0x8C,0x92,0x94,0xF3,0x9C,0xB6,0xB5,
	0xF3,0x9C,0x00,0x00,0x55,0xAD,0xF7,0xBD,0x00,0x00,0x00,0x00,0x7A,0xCE,0xBA,0xD6,0xBA,0xD6,0x9A,0xCE,
	0xBA,0xD6,0xBA,0xD6,0xBA,0xD6,0xBB,0xD6,0x9A,0xD6,0x55,0xAD,0x55,0xAD,0x00,0x00,0xF7,0xBD,0x00,0x00,
	0x00,0x00,0x00,0x00,0x00,0x00,0x00,0x00,0x00,0x00,0x00,0x00,0x00,0x00,0x00,0x00,0x00,0x00,0x00,0x00,
	0x00,0x00,0x00,0x00,0x55,0xAD,0x00,0x00,0xB6,0xB5,0x38,0xC6,0x10,0x84,0x4D,0x6B,0x6D,0x6B,0x2D,0x63,
	0x0C,0x63,0xEB,0x5A,0xCB,0x5A,0x8A,0x52,0x69,0x4A,0x8A,0x52,0x8A,0x52,0xAA,0x52,0x00,0x00,0x00,0x00,
	0x00,0x00,0xEF,0x7B,0x30,0x84,0x51,0x8C,0x72,0x8C,0xB2,0x94,0xF4,0x9C,0x96,0xB5,0x75,0xAD,0x00,0x00,
	0x00,0x00,0x00,0x00,0x38,0xC6,0x79,0xCE,0xFB,0xDE,0xDB,0xD6,0xBA,0xD6,0x9A,0xD6,0xBA,0xD6,0xBB,0xD6,
	0xBB,0xD6,0xBA,0xD6,0xDB,0xD6,0x79,0xCE,0x35,0xA5,0xB7,0xB5,0x00,0x00,0x55,0xAD,0x00,0x00,0x00,0x00,
	0x00,0x00,0x00,0x00,0x00,0x00,0x00,0x00,0x00,0x00,0x00,0x00,0x00,0x00,0x00,0x00,0x00,0x00,0xEF,0x7B,
	0xEF,0x7B,0xFF,0xFF,0x79,0xCE,0x71,0x8C,0x0C,0x63,0x4D,0x6B,0x2C,0x63,0xEC,0x62,0xCB,0x5A,0xAA,0x52,
	0x49,0x4A,0x0C,0x63,0x4D,0x6B,0x8A,0x4A,0xAA,0x52,0xCB,0x5A,0x0C,0x63,0x2D,0x6B,0xAE,0x73,0xCF,0x7B,
	0x31,0x84,0x71,0x8C,0x92,0x94,0xD3,0x9C,0x14,0x9D,0x55,0xAD,0x96,0xB5,0xB6,0xB5,0xF7,0xBD,0x59,0xC6,
	0x59,0xC6,0xDB,0xDE,0xF7,0xBD,0x55,0xA5,0x18,0xC6,0xDB,0xDE,0xBB,0xD6,0xBA,0xD6,0xDB,0xD6,0xDB,0xD6,
	0xBA,0xD6,0xDB,0xDE,0x39,0xC6,0x35,0xA5,0xFF,0xFF,0xEF,0x7B,0xEF,0x7B,0x00,0x00,0x00,0x00,0x00,0x00,
	0x00,0x00,0x00,0x00,0x00,0x00,0x00,0x00,0x00,0x00,0x00,0x00,0x00,0x00,0xEF,0x7B,0x00,0x00,0xF3,0x9C,
	0x51,0x8C,0x0C,0x63,0x2D,0x63,0x0C,0x63,0xEB,0x5A,0xCB,0x5A,0x69,0x4A,0xAA,0x52,0xCF,0x7B,0xCF,0x7B,
	0xCF,0x7B,0x30,0x84,0xAB,0x5A,0xCB,0x5A,0x4D,0x6B,0x4D,0x6B,0xAF,0x73,0x10,0x84,0x51,0x8C,0x72,0x8C,
	0xB2,0x94,0xD3,0x9C,0x14,0xA5,0x55,0xAD,0x96,0xB5,0xB6,0xB5,0xF7,0xBD,0x7A,0xCE,0x79,0xCE,0xB6,0xB5,
	0xF0,0x7B,0x2D,0x6B,0x6E,0x6B,0x55,0xA5,0x9A,0xCE,0xFB,0xDE,0xDB,0xD6,0xBB,0xD6,0xDB,0xD6,0xBA,0xD6,
	0x1C,0xDF,0xD7,0xBD,0x30,0x84,0x00,0x00,0xEF,0x7B,0x00,0x00,0x00,0x00,0x00,0x00,0x00,0x00,0x00,0x00,
	0x00,0x00,0x00,0x00,0x00,0x00,0x00,0x00,0xAA,0x52,0xEF,0x7B,0xCF,0x7B,0xEF,0x7B,0x2C,0x63,0xCB,0x5A,
	0xEB,0x5A,0xCB,0x5A,0x8A,0x52,0x69,0x4A,0x4D,0x6B,0x10,0x7C,0xEF,0x7B,0x04,0x21,0x6E,0x6B,0x31,0x84,
	0x10,0x84,0xCB,0x5A,0x2D,0x6B,0x8E,0x73,0xF0,0x7B,0x30,0x84,0x71,0x8C,0x92,0x94,0xB3,0x94,0x14,0xA5,
	0x34,0xA5,0x55,0xA5,0x76,0xAD,0xF7,0xBD,0xF7,0xBD,0xF7,0xBD,0x59,0xCE,0x75,0xAD,0x6D,0x6B,0xF0,0x7B,
	0xAA,0x52,0x4D,0x6B,0x30,0x84,0xF7,0xBD,0xDB,0xDE,0xFB,0xDE,0xBB,0xD6,0xDB,0xDE,0xBA,0xD6,0x10,0x84,
	0x2C,0x63,0xCB,0x5A,0xEF,0x7B,0xAA,0x52,0x00,0x00,0x00,0x00,0x00,0x00,0x00,0x00,0x00,0x00,0x00,0x00,
	0x00,0x00,0xFF,0xFF,0x00,0x00,0xFF,0xFF,0x75,0xAD,0x4D,0x6B,0xCF,0x7B,0x4D,0x6B,0x89,0x52,0x69,0x4A,
	0xCB,0x5A,0xCF,0x7B,0x10,0x84,0x6D,0x6B,0x00,0x00,0xFF,0xFF,0x00,0x00,0x18,0xBE,0x51,0x84,0xCB,0x5A,
	0x4D,0x6B,0x8E,0x73,0xF0,0x7B,0x31,0x84,0x71,0x8C,0xD3,0x94,0xD3,0x94,0x30,0x84,0xF3,0x9C,0x55,0xAD,
	0x76,0xAD,0xB6,0xB5,0xD7,0xB5,0xF7,0xBD,0x59,0xC6,0xF7,0xBD,0x92,0x94,0x00,0x00,0xFF,0xFF,0x00,0x00,
	0x6D,0x6B,0xEF,0x7B,0xF3,0x9C,0x59,0xC6,0x1C,0xDF,0x1B,0xDF,0xB2,0x94,0x4D,0x6B,0x0C,0x63,0x14,0x9D,
	0xFF,0xFF,0x00,0x00,0xFF,0xFF,0x00,0x00,0x00,0x00,0x00,0x00,0x00,0x00,0x00,0x00,0x00,0x00,0x00,0x00,
	0x55,0xAD,0xFF,0xFF,0xDE,0xF7,0x14,0x9D,0x8E,0x73,0xCF,0x7B,0xEB,0x5A,0x6D,0x6B,0x30,0x84,0x30,0x84,
	0x00,0x00,0x00,0x00,0xEF,0x7B,0xD3,0x9C,0xEF,0x7B,0x96,0xB5,0xCF,0x7B,0xEB,0x62,0x6D,0x6B,0xAF,0x73,
	0x10,0x84,0x51,0x8C,0x92,0x94,0xB2,0x94,0xEF,0x7B,0xEF,0x7B,0x8E,0x73,0x55,0xA5,0x76,0xAD,0x96,0xB5,
	0xD7,0xB5,0xF7,0xBD,0x38,0xC6,0x38,0xC6,0xD3,0x94,0xEF,0x7B,0xD3,0x9C,0xEF,0x7B,0x00,0x00,0x00,0x00,
	0xF0,0x7B,0x30,0x84,0xB6,0xB5,0x55,0xAD,0x6D,0x6B,0x10,0x84,0x14,0xA5,0xBE,0xF7,0xFF,0xFF,0x55,0xAD,
	0x00,0x00,0x00,0x00,0x00,0x00,0x00,0x00,0x00,0x00,0x00,0x00,0x00,0x00,0x00,0x00,0x00,0x00,0xEF,0x7B,
	0x00,0x00,0xFB,0xDE,0x55,0xAD,0xD3,0x9C,0x51,0x84,0x30,0x84,0xAE,0x73,0x00,0x00,0xEF,0x7B,0xEF,0x7B,
	0x00,0x00,0xF7,0xBD,0x00,0x00,0x75,0xAD,0x8E,0x73,0x2C,0x63,0x8E,0x73,0xCF,0x7B,0x10,0x84,0x51,0x8C,
	0x14,0x9D,0x6D,0x6B,0x0C,0x63,0xCF,0x73,0xEB,0x5A,0x92,0x94,0x96,0xB5,0x96,0xB5,0xB7,0xB5,0xD7,0xBD,
	0x18,0xC6,0x59,0xC6,0x14,0x9D,0x00,0x00,0xEF,0x7B,0x00,0x00,0xEF,0x7B,0xEF,0x7B,0x00,0x00,0xAE,0x73,
	0x10,0x84,0xAE,0x73,0xD3,0x9C,0xB6,0xB5,0x9A,0xD6,0x00,0x00,0xEF,0x7B,0x00,0x00,0x00,0x00,0x00,0x00,
	0x00,0x00,0x00,0x00,0x00,0x00,0x00,0x00,0x00,0x00,0x00,0x00,0x00,0x00,0xFF,0xFF,0x55,0x55,0xFF,0xFF,
	0x79,0xCE,0x75,0xAD,0x92,0x94,0x00,0x00,0x00,0x00,0x55,0xAD,0x00,0x00,0x00,0x00,0x00,0x00,0xAA,0x52,
	0x00,0x00,0x34,0xA5,0x6D,0x6B,0x4D,0x6B,0xAE,0x73,0xEF,0x7B,0x10,0x84,0x92,0x94,0xB2,0x94,0x8A,0x52,
	0x00,0x00,0x00,0x00,0xCB,0x5A,0xAF,0x73,0x75,0xAD,0x96,0xB5,0xB6,0xB5,0xD7,0xBD,0x18,0xBE,0x59,0xC6,
	0x14,0x9D,0x00,0x00,0x55,0xAD,0x00,0x00,0x00,0x00,0x00,0x00,0x55,0xAD,0x00,0x00,0x00,0x00,0xAA,0x52,
	0xF3,0x9C,0x79,0xCE,0xFF,0xFF,0xB5,0x52,0xFF,0xFF,0x00,0x00,0x00,0x00,0x00,0x00,0x00,0x00,0x00,0x00,
	0x00,0x00,0x00,0x00,0x00,0x00,0x00,0x00,0x00,0x00,0x00,0x00,0xFF,0xFF,0x00,0x00,0xFF,0xFF,0x00,0x00,
	0x00,0x00,0xEF,0x7B,0x00,0x00,0x00,0x00,0x00,0x00,0x00,0x00,0x00,0x00,0x00,0x00,0x00,0x00,0xB2,0x94,
	0x4D,0x6B,0x6E,0x6B,0xAF,0x73,0xEF,0x7B,0x30,0x84,0xF3,0x9C,0xCF,0x7B,0x00,0x00,0xD3,0x9C,0xD3,0x9C,
	0x08,0x42,0x0C,0x63,0xB2,0x94,0xB6,0xB5,0x96,0xB5,0xD7,0xB5,0xF7,0xBD,0x59,0xC6,0x14,0x9D,0x00,0x00,
	0xEF,0x7B,0x00,0x00,0x00,0x00,0x00,0x00,0x00,0x00,0x00,0x00,0xEF,0x7B,0x00,0x00,0x00,0x00,0xFF,0xFF,
	0x00,0x00,0xFF,0xFF,0x00,0x00,0x00,0x00,0x00,0x00,0x00,0x00,0x00,0x00,0x00,0x00,0x00,0x00,0x00,0x00,
	0x00,0x00,0x00,0x00,0x00,0x00,0x00,0x00,0x00,0x00,0xFF,0xFF,0x00,0x00,0x00,0x00,0xEF,0x7B,0x00,0x00,
	0x00,0x00,0x00,0x00,0x00,0x00,0x00,0x00,0x00,0x00,0x00,0x00,0xFF,0xFF,0x51,0x8C,0x4D,0x6B,0x8E,0x73,
	0xCF,0x7B,0x10,0x7C,0x51,0x8C,0xB2,0x94,0x2C,0x63,0x00,0x00,0xEF,0x7B,0xEF,0x7B,0x00,0x00,0x2C,0x63,
	0xCF,0x7B,0x76,0xAD,0x96,0xB5,0xB7,0xB5,0xD7,0xBD,0x39,0xC6,0x14,0xA5,0xEF,0x7B,0x00,0x00,0x00,0x00,
	0x00,0x00,0x00,0x00,0x00,0x00,0x00,0x00,0x00,0x00,0xEF,0x7B,0x00,0x00,0x00,0x00,0xFF,0xFF,0x00,0x00,
	0x00,0x00,0x00,0x00,0x00,0x00,0x00,0x00,0x00,0x00,0x00,0x00,0x00,0x00,0x00,0x00,0x00,0x00,0x00,0x00,
	0x00,0x00,0x00,0x00,0x00,0x00,0x00,0x00,0xFF,0xFF,0x00,0x00,0x00,0x00,0x00,0x00,0x00,0x00,0x00,0x00,
	0x00,0x00,0x00,0x00,0xFF,0xFF,0x00,0x00,0xFF,0xFF,0xEF,0x7B,0x4D,0x6B,0xAE,0x73,0xCF,0x7B,0xF0,0x7B,
	0xB2,0x94,0x10,0x84,0x00,0x00,0xEF,0x7B,0x00,0x00,0x00,0x00,0xEF,0x7B,0xEF,0x7B,0x4D,0x6B,0xB2,0x94,
	0xB6,0xB5,0x96,0xB5,0xD7,0xB5,0x39,0xC6,0x55,0xAD,0xD3,0x9C,0x00,0x00,0xFF,0xFF,0x00,0x00,0x00,0x00,
	0x00,0x00,0x00,0x00,0x00,0x00,0x00,0x00,0x00,0x00,0xFF,0xFF,0x00,0x00,0x00,0x00,0x00,0x00,0x00,0x00,
	0x00,0x00,0x00,0x00,0x00,0x00,0x00,0x00,0x00,0x00,0x00,0x00,0x00,0x00,0x00,0x00,0x00,0x00,0x00,0x00,
	0x00,0x00,0x00,0x00,0x00,0x00,0x00,0x00,0x00,0x00,0x00,0x00,0x00,0x00,0x00,0x00,0x00,0x00,0x00,0x00,
	0xEF,0x7B,0x00,0x00,0x18,0xBE,0x8E,0x73,0xEC,0x62,0x6D,0x6B,0xCF,0x7B,0x30,0x84,0xB2,0x94,0x8E,0x73,
	0x00,0x00,0xEF,0x7B,0x00,0x00,0x00,0x00,0xEF,0x7B,0x00,0x00,0xCF,0x7B,0xEF,0x7B,0x76,0xAD,0xD7,0xB5,
	0xB6,0xB5,0x96,0xB5,0x92,0x94,0x11,0x84,0x00,0x00,0xEF,0x7B,0x00,0x00,0x00,0x00,0x00,0x00,0x00,0x00,
	0x00,0x00,0x00,0x00,0x00,0x00,0x00,0x00,0x00,0x00,0x00,0x00,0x00,0x00,0x00,0x00,0x00,0x00,0x00,0x00,
	0x00,0x00,0x00,0x00,0x00,0x00,0x00,0x00,0x00,0x00,0x00,0x00,0x00,0x00,0x00,0x00,0x00,0x00,0x00,0x00,
	0x00,0x00,0x00,0x00,0x00,0x00,0x00,0x00,0x00,0x00,0x00,0x00,0x00,0x00,0x00,0x00,0xAA,0x52,0x00,0x00,
	0x30,0x84,0x92,0x8C,0x10,0x84,0x8E,0x73,0x6D,0x6B,0x30,0x84,0xEF,0x7B,0x00,0x42,0xEF,0x7B,0x00,0x00,
	0x00,0x00,0x00,0x00,0x00,0x00,0xEF,0x7B,0xF7,0xBD,0x8E,0x73,0x92,0x94,0xB3,0x94,0x30,0x84,0xCF,0x73,
	0xAF,0x73,0xCF,0x7B,0x00,0x00,0xAA,0x52,0x00,0x00,0x00,0x00,0x00,0x00,0x00,0x00,0x00,0x00,0x00,0x00,
	0x00,0x00,0x00,0x00,0x00,0x00,0x00,0x00,0x00,0x00,0x00,0x00,0x00,0x00,0x00,0x00,0x00,0x00,0x00,0x00,
	0x00,0x00,0x00,0x00,0x00,0x00,0x00,0x00,0x00,0x00,0x00,0x00,0x00,0x00,0x00,0x00,0x00,0x00,0x00,0x00,
	0x00,0x00,0x00,0x00,0x00,0x00,0x00,0x00,0x00,0x00,0x00,0x00,0xEF,0x7B,0x00,0x00,0x14,0xA5,0x96,0xB5,
	0xB2,0x94,0x92,0x94,0x71,0x8C,0x51,0x8C,0x8E,0x73,0x00,0x00,0xEF,0x7B,0x00,0x00,0x00,0x00,0x00,0x00,
	0x00,0x00,0xEF,0x7B,0x00,0x00,0x10,0x84,0x10,0x84,0x8E,0x73,0x6D,0x6B,0x2D,0x6B,0xAF,0x73,0xCF,0x7B,
	0x00,0x00,0xEF,0x7B,0x00,0x00,0x00,0x00,0x00,0x00,0x00,0x00,0x00,0x00,0x00,0x00,0x00,0x00,0x00,0x00,
	0x00,0x00,0x00,0x00,0x00,0x00,0x00,0x00,0x00,0x00,0x00,0x00,0x00,0x00,0x00,0x00,0x00,0x00,0x00,0x00,
	0x00,0x00,0x00,0x00,0x00,0x00,0x00,0x00,0x00,0x00,0x00,0x00,0x00,0x00,0x00,0x00,0x00,0x00,0x00,0x00,
	0x00,0x00,0x00,0x00,0x00,0x00,0x00,0x00,0xFF,0xFF,0xFF,0xFF,0xDA,0xD6,0x79,0xCE,0xB6,0xB5,0x55,0xAD,
	0x55,0xAD,0xB2,0x94,0xEF,0x7B,0xEF,0x7B,0x00,0x00,0x00,0x00,0x00,0x00,0x00,0x00,0x00,0x00,0x00,0x00,
	0xEF,0x7B,0xF7,0xBD,0xAE,0x73,0xEF,0x7B,0x30,0x84,0xB2,0x94,0xB6,0xB5,0x59,0xCE,0xFF,0xFF,0xFF,0xFF,
	0x00,0x00,0x00,0x00,0x00,0x00,0x00,0x00,0x00,0x00,0x00,0x00,0x00,0x00,0x00,0x00,0x00,0x00,0x00,0x00,
	0x00,0x00,0x00,0x00,0x00,0x00,0x00,0x00,0x00,0x00,0x00,0x00,0x00,0x00,0x00,0x00,0x00,0x00,0x00,0x00,
	0x00,0x00,0x00,0x00,0x00,0x00,0x00,0x00,0x00,0x00,0x00,0x00,0x00,0x00,0x00,0x00,0x00,0x00,0x00,0x00,
	0x00,0x00,0x00,0x00,0x00,0x00,0x00,0x00,0x00,0x00,0x00,0x00,0xFF,0xFF,0x1C,0xDF,0x79,0xCE,0x75,0xAD,
	0x00,0x00,0x55,0xAD,0x00,0x00,0x00,0x00,0x00,0x00,0x00,0x00,0x00,0x00,0x00,0x00,0x55,0xAD,0x00,0x00,
	0x92,0x94,0xD7,0xBD,0xFB,0xDE,0xFF,0xFF,0x20,0x00,0x00,0x00,0x00,0x00,0x00,0x00,0x00,0x00,0x00,0x00,
	0x00,0x00,0x00,0x00,0x00,0x00,0x00,0x00,0x00,0x00,0x00,0x00,0x00,0x00,0x00,0x00,0x00,0x00,0x00,0x00,
	0x00,0x00,0x00,0x00,0x00,0x00,0x00,0x00,0x00,0x00,0x00,0x00,0x00,0x00,0x00,0x00,0x00,0x00,0x00,0x00,
	0x00,0x00,0x00,0x00,0x00,0x00,0x00,0x00,0x00,0x00,0x00,0x00,0x04,0x00,0x66,0xE1,0xDD,0xDD,0xE1,0x66,
	0x00,0x04,0x00,0x00,0x00,0x00,0x00,0x00,0x00,0x00,0x00,0x00,0x00,0x00,0x00,0x00,0x00,0x00,0x00,0x00,
	0x00,0x00,0x00,0x00,0x00,0x00,0x00,0x00,0x00,0x00,0x00,0x00,0x00,0x00,0x00,0x00,0x00,0x00,0x00,0x00,
	0x01,0x03,0x00,0x00,0x00,0x00,0x00,0x00,0x00,0x00,0x04,0x00,0xA0,0xFF,0xFF,0xFF,0xFF,0xA0,0x00,0x04,
	0x00,0x00,0x00,0x00,0x00,0x00,0x00,0x00,0x03,0x01,0x00,0x00,0x00,0x00,0x00,0x00,0x00,0x00,0x00,0x00,
	0x00,0x00,0x00,0x00,0x00,0x00,0x00,0x00,0x00,0x00,0x00,0x00,0x00,0x00,0x00,0x00,0x00,0x03,0x00,0x00,
	0x02,0x00,0x00,0x00,0x00,0x00,0x00,0x00,0x01,0x00,0xC9,0xFE,0xFB,0xFB,0xFE,0xC9,0x00,0x01,0x00,0x00,
	0x00,0x00,0x00,0x00,0x00,0x02,0x00,0x00,0x03,0x00,0x00,0x00,0x00,0x00,0x00,0x00,0x00,0x00,0x00,0x00,
	0x00,0x00,0x00,0x00,0x00,0x00,0x00,0x00,0x00,0x00,0x00,0x00,0x00,0x01,0x03,0x00,0x12,0x4F,0x00,0x02,
	0x00,0x00,0x00,0x00,0x00,0x01,0x00,0x0F,0xEC,0xFF,0xFE,0xFE,0xFF,0xEC,0x0F,0x00,0x01,0x00,0x00,0x00,
	0x00,0x00,0x02,0x00,0x4F,0x12,0x00,0x03,0x01,0x00,0x00,0x00,0x00,0x00,0x00,0x00,0x00,0x00,0x00,0x00,
	0x00,0x00,0x00,0x00,0x00,0x00,0x00,0x00,0x00,0x00,0x00,0x00,0x00,0x4A,0xDA,0xFF,0x68,0x00,0x05,0x00,
	0x00,0x00,0x00,0x02,0x00,0x31,0xFF,0xFE,0xFF,0xFF,0xFE,0xFF,0x31,0x00,0x02,0x00,0x00,0x00,0x00,0x05,
	0x00,0x68,0xFF,0xDA,0x4A,0x00,0x00,0x00,0x00,0x00,0x00,0x00,0x00,0x00,0x00,0x00,0x00,0x00,0x00,0x00,
	0x00,0x00,0x00,0x00,0x00,0x00,0x00,0x01,0x02,0x1C,0x9A,0xFF,0xFF,0xFB,0xFF,0x5A,0x00,0x05,0x00,0x00,
	0x00,0x04,0x00,0x5A,0xFF,0xFB,0xFF,0xFF,0xFB,0xFF,0x5A,0x00,0x04,0x00,0x00,0x00,0x05,0x00,0x5A,0xFF,
	0xFB,0xFF,0xFF,0x9A,0x1C,0x02,0x01,0x00,0x00,0x00,0x00,0x00,0x00,0x00,0x00,0x00,0x00,0x00,0x00,0x00,
	0x00,0x00,0x00,0x00,0x00,0x04,0x00,0x67,0xFF,0xFB,0xFD,0xFE,0xFD,0xFC,0x4B,0x00,0x04,0x00,0x00,0x04,
	0x00,0x89,0xFF,0xFB,0xFF,0xFF,0xFB,0xFF,0x89,0x00,0x04,0x00,0x00,0x04,0x00,0x4B,0xFC,0xFD,0xFE,0xFD,
	0xFB,0xFF,0x67,0x00,0x04,0x00,0x00,0x00,0x00,0x00,0x00,0x00,0x00,0x00,0x00,0x00,0x00,0x00,0x00,0x00,
	0x00,0x00,0x00,0x01,0x00,0x12,0xEA,0xFE,0xFE,0xFF,0xFD,0xFE,0xF7,0x3D,0x00,0x04,0x00,0x03,0x00,0xB5,
	0xFF,0xFC,0xFF,0xFF,0xFC,0xFF,0xB5,0x00,0x03,0x00,0x04,0x00,0x3D,0xF7,0xFE,0xFD,0xFF,0xFE,0xFE,0xEA,
	0x12,0x00,0x01,0x00,0x00,0x00,0x00,0x00,0x00,0x00,0x00,0x00,0x00,0x00,0x00,0x00,0x00,0x00,0x00,0x00,
	0x00,0x00,0x03,0x00,0x98,0xFF,0xFB,0xFF,0xFF,0xFD,0xFF,0xEF,0x30,0x00,0x04,0x01,0x06,0xDC,0xFF,0xFD,
	0xFF,0xFF,0xFD,0xFF,0xDC,0x06,0x01,0x04,0x00,0x30,0xEF,0xFF,0xFD,0xFF,0xFF,0xFB,0xFF,0x98,0x00,0x03,
	0x00,0x00,0x00,0x00,0x00,0x00,0x00,0x00,0x00,0x00,0x00,0x00,0x00,0x00,0x00,0x00,0x00,0x00,0x00,0x00,
	0x03,0x00,0x33,0xFE,0xFD,0xFF,0xFF,0xFF,0xFC,0xFF,0xE6,0x24,0x00,0x00,0x16,0xF9,0xFF,0xFE,0xFF,0xFF,
	0xFE,0xFF,0xF9,0x16,0x00,0x00,0x24,0xE6,0xFF,0xFC,0xFF,0xFF,0xFF,0xFD,0xFE,0x33,0x00,0x03,0x00,0x00,
	0x00,0x00,0x00,0x00,0x00,0x00,0x00,0x00,0x00,0x00,0x00,0x00,0x00,0x00,0x00,0x00,0x00,0x00,0x00,0x02,
	0x00,0xC6,0xFF,0xFC,0xFF,0xFF,0xFF,0xFC,0xFF,0xDB,0x1C,0x11,0x73,0xFF,0xFD,0xFF,0xFF,0xFF,0xFF,0xFD,
	0xFF,0x73,0x11,0x1C,0xDB,0xFF,0xFC,0xFF,0xFF,0xFF,0xFC,0xFF,0xC6,0x00,0x02,0x00,0x00,0x00,0x00,0x00,
	0x00,0x00,0x00,0x00,0x00,0x00,0x00,0x00,0x00,0x00,0x00,0x00,0x00,0x00,0x00,0x00,0x00,0x04,0x00,0x60,
	0xFF,0xFC,0xFF,0xFF,0xFF,0xFF,0xFD,0xFF,0xE5,0xE9,0xFF,0xFD,0xFC,0xFC,0xFB,0xFB,0xFC,0xFC,0xFD,0xFF,
	0xE9,0xE5,0xFF,0xFD,0xFF,0xFF,0xFF,0xFF,0xFC,0xFF,0x60,0x00,0x04,0x00,0x00,0x00,0x00,0x00,0x00,0x00,
	0x00,0x00,0x00,0x00,0x00,0x00,0x00,0x00,0x01,0x00,0x00,0x00,0x00,0x00,0x00,0x01,0x00,0x0E,0xE9,0xFF,
	0xFE,0xFF,0xFF,0xFF,0xFF,0xFD,0xFF,0xFF,0xFB,0xFF,0xFF,0xFF,0xFF,0xFF,0xFF,0xFF,0xFF,0xFB,0xFF,0xFF,
	0xFD,0xFF,0xFF,0xFF,0xFF,0xFE,0xFF,0xE9,0x0E,0x00,0x01,0x00,0x00,0x00,0x00,0x00,0x00,0x01,0x00,0x00,
	0x00,0x00,0x00,0x00,0x00,0x00,0x00,0x04,0x03,0x02,0x00,0x00,0x00,0x00,0x04,0x00,0x91,0xFF,0xFB,0xFF,
	0xFF,0xFF,0xFF,0xFF,0xFD,0xFF,0xFF,0xEF,0xCC,0xAF,0x9E,0x9E,0xAF,0xCC,0xEF,0xFF,0xFF,0xFD,0xFF,0xFF,
	0xFF,0xFF,0xFF,0xFB,0xFF,0x91,0x00,0x04,0x00,0x00,0x00,0x00,0x02,0x03,0x04,0x00,0x00,0x00,0x00,0x00,
	0x00,0x00,0x00,0x01,0x00,0x00,0x00,0x00,0x00,0x04,0x03,0x02,0x03,0x00,0x2F,0xFE,0xFE,0xFF,0xFF,0xFF,
	0xFF,0xFE,0xFE,0xE3,0x4A,0x16,0x00,0x00,0x00,0x00,0x00,0x00,0x16,0x4A,0xE3,0xFE,0xFE,0xFF,0xFF,0xFF,
	0xFF,0xFE,0xFE,0x2F,0x00,0x03,0x02,0x03,0x04,0x00,0x00,0x00,0x00,0x00,0x01,0x00,0x00,0x00,0x00,0x03,
	0x00,0x6A,0xD4,0x94,0x57,0x21,0x00,0x00,0x00,0x00,0x01,0x06,0x00,0xBA,0xFF,0xFC,0xFF,0xFF,0xFF,0xFE,
	0xFF,0xF1,0x10,0x00,0x02,0x03,0x04,0x04,0x03,0x02,0x00,0x10,0xF1,0xFF,0xFE,0xFF,0xFF,0xFF,0xFC,0xFF,
	0xBA,0x00,0x06,0x01,0x00,0x00,0x00,0x00,0x21,0x57,0x94,0xD4,0x6A,0x00,0x03,0x00,0x01,0x01,0x07,0xDD,
	0xFF,0xFF,0xFF,0xF7,0xCD,0x92,0x53,0x1E,0x00,0x00,0x25,0xDF,0xFE,0xFE,0xFF,0xFF,0xFF,0xFF,0xFB,0xFF,
	0x74,0x01,0x04,0x00,0x00,0x00,0x00,0x04,0x01,0x74,0xFF,0xFB,0xFF,0xFF,0xFF,0xFF,0xFE,0xFE,0xDF,0x25,
	0x00,0x00,0x1E,0x53,0x92,0xCD,0xF7,0xFF,0xFF,0xFF,0xDD,0x07,0x01,0x01,0x04,0x00,0x55,0xFF,0xFA,0xFB,
	0xFC,0xFF,0xFF,0xFF,0xFF,0xF5,0xCB,0x8C,0xD5,0xFF,0xFC,0xFE,0xFF,0xFF,0xFF,0xFF,0xFC,0xFF,0xC9,0x00,
	0x02,0x00,0x00,0x00,0x00,0x02,0x00,0xC9,0xFF,0xFC,0xFF,0xFF,0xFF,0xFF,0xFE,0xFC,0xFF,0xD5,0x8C,0xCB,
	0xF5,0xFF,0xFF,0xFF,0xFF,0xFC,0xFB,0xFA,0xFF,0x55,0x00,0x04,0x02,0x07,0xD5,0xFB,0xFC,0xFF,0xFF,0xFE,
	0xFD,0xFB,0xFC,0xFF,0xFF,0xFF,0xFF,0xFD,0xFF,0xFF,0xFE,0xFF,0xFF,0xFF,0xFF,0xFE,0xFD,0x2D,0x00,0x02,
	0x00,0x00,0x02,0x00,0x2D,0xFD,0xFE,0xFF,0xFF,0xFF,0xFF,0xFE,0xFF,0xFF,0xFD,0xFF,0xFF,0xFF,0xFF,0xFC,
	0xFB,0xFD,0xFE,0xFF,0xFF,0xFC,0xFB,0xD5,0x07,0x02,0x01,0x11,0xCB,0xFF,0xFD,0xFD,0xFF,0xFF,0xFF,0xFF,
	0xFF,0xFE,0xFC,0xFB,0xFC,0xFF,0xE7,0xF8,0xFF,0xFC,0xFF,0xFF,0xFF,0xFB,0xFF,0x83,0x00,0x04,0x00,0x00,
	0x04,0x00,0x83,0xFF,0xFB,0xFF,0xFF,0xFF,0xFC,0xFF,0xF8,0xE7,0xFF,0xFC,0xFB,0xFC,0xFE,0xFF,0xFF,0xFF,
	0xFF,0xFF,0xFD,0xFD,0xFF,0xCB,0x11,0x01,0x01,0x00,0x05,0x89,0xFF,0xFF,0xFB,0xFF,0xFF,0xFF,0xFF,0xFF,
	0xFF,0xFE,0xFD,0xFA,0x2C,0x3B,0xE7,0xFF,0xFB,0xFF,0xFF,0xFD,0xFF,0xD8,0x04,0x01,0x00,0x00,0x01,0x04,
	0xD8,0xFF,0xFD,0xFF,0xFF,0xFB,0xFF,0xE7,0x3B,0x2C,0xFA,0xFD,0xFE,0xFF,0xFF,0xFF,0xFF,0xFF,0xFF,0xFB,
	0xFF,0xFF,0x89,0x05,0x00,0x01,0x00,0x01,0x00,0x00,0x48,0xDF,0xFF,0xFC,0xFE,0xFF,0xFF,0xFF,0xFF,0xFB,
	0xFF,0x8F,0x00,0x00,0x1F,0xC2,0xFF,0xFC,0xFE,0xFF,0xFD,0xFF,0x3C,0x01,0x04,0x04,0x01,0x3C,0xFF,0xFD,
	0xFF,0xFE,0xFC,0xFF,0xC2,0x1F,0x00,0x00,0x8F,0xFF,0xFB,0xFF,0xFF,0xFF,0xFF,0xFE,0xFC,0xFF,0xDF,0x48,
	0x00,0x00,0x01,0x00,0x00,0x00,0x01,0x04,0x00,0x14,0xA6,0xFF,0xFF,0xFC,0xFF,0xFF,0xFE,0xFE,0xF0,0x17,
	0x01,0x05,0x00,0x04,0x94,0xFF,0xFF,0xFD,0xFB,0xFF,0x95,0x00,0x00,0x00,0x00,0x95,0xFF,0xFB,0xFD,0xFF,
	0xFF,0x94,0x04,0x00,0x05,0x01,0x17,0xF0,0xFE,0xFE,0xFF,0xFF,0xFC,0xFF,0xFF,0xA6,0x14,0x00,0x04,0x01,
	0x00,0x00,0x00,0x00,0x00,0x00,0x03,0x00,0x00,0x63,0xF0,0xFF,0xFD,0xFF,0xFB,0xFF,0x99,0x00,0x03,0x00,
	0x02,0x01,0x00,0x63,0xF7,0xFF,0xFA,0xFF,0xE4,0x10,0x1A,0x1A,0x10,0xE4,0xFF,0xFA,0xFF,0xF7,0x63,0x00,
	0x01,0x02,0x00,0x03,0x00,0x99,0xFF,0xFB,0xFF,0xFD,0xFF,0xF0,0x63,0x00,0x00,0x03,0x00,0x00,0x00,0x00,
	0x00,0x00,0x00,0x00,0x00,0x01,0x03,0x00,0x27,0xC1,0xFF,0xFD,0xFD,0xFF,0x40,0x01,0x03,0x00,0x00,0x01,
	0x04,0x00,0x36,0xDA,0xFF,0xFE,0xFF,0xE1,0xF3,0xF3,0xE1,0xFF,0xFE,0xFF,0xDA,0x36,0x00,0x04,0x01,0x00,
	0x00,0x03,0x01,0x40,0xFF,0xFD,0xFD,0xFF,0xC1,0x27,0x00,0x03,0x01,0x00,0x00,0x00,0x00,0x00,0x00,0x00,
	0x00,0x00,0x00,0x00,0x00,0x04,0x00,0x04,0xB1,0xFE,0xFF,0xE9,0x0C,0x00,0x01,0x00,0x00,0x00,0x00,0x04,
	0x00,0x14,0xAD,0xFE,0xFD,0xFF,0xFF,0xFF,0xFF,0xFD,0xFE,0xAD,0x14,0x00,0x04,0x00,0x00,0x00,0x00,0x01,
	0x00,0x0C,0xE9,0xFF,0xFE,0xB1,0x04,0x00,0x04,0x00,0x00,0x00,0x00,0x00,0x00,0x00,0x00,0x00,0x00,0x00,
	0x00,0x00,0x02,0x04,0x06,0x00,0xA6,0xFF,0xFF,0xBD,0x00,0x02,0x00,0x00,0x00,0x00,0x00,0x00,0x06,0x00,
	0x76,0xFF,0xFB,0xFF,0xF7,0xF7,0xFF,0xFB,0xFF,0x76,0x00,0x06,0x00,0x00,0x00,0x00,0x00,0x00,0x02,0x00,
	0xBD,0xFF,0xFF,0xA6,0x00,0x06,0x04,0x02,0x00,0x00,0x00,0x00,0x00,0x00,0x00,0x00,0x00,0x02,0x04,0x01,
	0x00,0x00,0x00,0x30,0xDD,0xFD,0xFF,0x9D,0x04,0x07,0x04,0x04,0x04,0x04,0x04,0x05,0x04,0x14,0xF0,0xFF,
	0xFF,0xA0,0x20,0x20,0xA0,0xFF,0xFF,0xF0,0x14,0x04,0x05,0x04,0x04,0x04,0x04,0x04,0x07,0x04,0x9D,0xFF,
	0xFD,0xDD,0x30,0x00,0x00,0x00,0x01,0x04,0x02,0x00,0x00,0x00,0x02,0x04,0x01,0x00,0x00,0x00,0x2C,0x7A,
	0xC9,0xFE,0xFF,0xFA,0xFF,0x81,0x00,0x00,0x00,0x00,0x00,0x00,0x00,0x00,0x00,0x2F,0xFF,0xFF,0xDE,0x03,
	0x00,0x00,0x03,0xDE,0xFF,0xFF,0x2F,0x00,0x00,0x00,0x00,0x00,0x00,0x00,0x00,0x00,0x81,0xFF,0xFA,0xFF,
	0xFE,0xC9,0x7A,0x2C,0x00,0x00,0x00,0x01,0x04,0x02,0x00,0x00,0x00,0x29,0x76,0xC5,0xFD,0xFF,0xFF,0xFF,
	0xFE,0xFC,0xFF,0xA3,0x47,0x53,0x58,0x60,0x68,0x70,0x79,0x82,0x89,0xB0,0xFD,0xFF,0xC6,0x00,0x07,0x07,
	0x00,0xC6,0xFF,0xFD,0xB0,0x89,0x82,0x79,0x70,0x68,0x60,0x58,0x53,0x47,0xA3,0xFF,0xFC,0xFE,0xFF,0xFF,
	0xFF,0xFD,0xC5,0x76,0x29,0x00,0x00,0x00,0x28,0x71,0xC2,0xFB,0xFF,0xFF,0xFF,0xFB,0xFD,0xFE,0xFF,0xFF,
	0xFF,0xFF,0xFF,0xFF,0xFF,0xFF,0xFF,0xFF,0xFF,0xFF,0xFF,0xFF,0xFB,0xFD,0xF7,0x39,0x00,0x00,0x39,0xF7,
	0xFD,0xFB,0xFF,0xFF,0xFF,0xFF,0xFF,0xFF,0xFF,0xFF,0xFF,0xFF,0xFF,0xFF,0xFF,0xFF,0xFE,0xFD,0xFB,0xFF,
	0xFF,0xFF,0xFB,0xC2,0x71,0x28,0xD1,0xFF,0xFF,0xFF,0xFB,0xFC,0xFE,0xFF,0xFF,0xFF,0xFF,0xFF,0xFF,0xFE,
	0xFC,0xFC,0xFC,0xFB,0xFB,0xFB,0xFB,0xFB,0xF8,0xFF,0xFF,0xFF,0xFF,0xF0,0x90,0x90,0xF0,0xFF,0xFF,0xFF,
	0xFF,0xF8,0xFB,0xFB,0xFB,0xFB,0xFB,0xFC,0xFC,0xFC,0xFE,0xFF,0xFF,0xFF,0xFF,0xFF,0xFF,0xFE,0xFC,0xFB,
	0xFF,0xFF,0xFF,0xD1,0xAD,0xFB,0xFA,0xFE,0xFF,0xFF,0xFF,0xFF,0xFF,0xFF,0xFF,0xFF,0xFF,0xFF,0xFF,0xFF,
	0xFF,0xFF,0xFF,0xFF,0xFE,0xFC,0xFF,0xE9,0x80,0xF8,0xFF,0xFF,0xFF,0xFF,0xFF,0xFF,0xF8,0x80,0xE9,0xFF,
	0xFC,0xFE,0xFF,0xFF,0xFF,0xFF,0xFF,0xFF,0xFF,0xFF,0xFF,0xFF,0xFF,0xFF,0xFF,0xFF,0xFF,0xFF,0xFE,0xFA,
	0xFB,0xAD,0x85,0xFC,0xFA,0xFD,0xFD,0xFE,0xFE,0xFE,0xFE,0xFE,0xFF,0xFF,0xFF,0xFF,0xFF,0xFF,0xFF,0xFF,
	0xFF,0xFC,0xFF,0xFF,0xB1,0x20,0x00,0x48,0xE1,0xFF,0xFA,0xFA,0xFF,0xE1,0x48,0x00,0x20,0xB1,0xFF,0xFF,
	0xFC,0xFF,0xFF,0xFF,0xFF,0xFF,0xFF,0xFF,0xFF,0xFF,0xFE,0xFE,0xFE,0xFE,0xFE,0xFD,0xFD,0xFA,0xFC,0x85,
	0x62,0xFF,0xFF,0xFF,0xFF,0xFF,0xFF,0xFF,0xFF,0xFF,0xFF,0xFE,0xFF,0xFF,0xFF,0xFF,0xFF,0xFE,0xFB,0xFF,
	0xF2,0x6A,0x00,0x00,0x05,0x00,0x10,0xAD,0xFE,0xFE,0xAD,0x10,0x00,0x05,0x00,0x00,0x6A,0xF2,0xFF,0xFB,
	0xFE,0xFF,0xFF,0xFF,0xFF,0xFF,0xFE,0xFF,0xFF,0xFF,0xFF,0xFF,0xFF,0xFF,0xFF,0xFF,0xFF,0x62,0x30,0xCA,
	0xD2,0xDA,0xE2,0xE8,0xEF,0xF4,0xFA,0xFE,0xFF,0xFF,0xFE,0xFF,0xFF,0xFF,0xFD,0xFF,0xFF,0xBF,0x29,0x00,
	0x02,0x02,0x00,0x04,0x00,0xBE,0xFF,0xFF,0xBE,0x00,0x04,0x00,0x02,0x02,0x00,0x29,0xBF,0xFF,0xFF,0xFD,
	0xFF,0xFF,0xFF,0xFE,0xFF,0xFF,0xFE,0xFA,0xF4,0xEF,0xE8,0xE2,0xDA,0xD2,0xCA,0x30,0x00,0x00,0x00,0x02,
	0x07,0x0D,0x13,0x19,0x20,0x2B,0x2F,0x91,0xFF,0xFC,0xFF,0xFE,0xFF,0xF9,0x79,0x01,0x00,0x04,0x00,0x00,
	0x02,0x00,0x1F,0xFA,0xFF,0xFF,0xFA,0x1F,0x00,0x02,0x00,0x00,0x04,0x00,0x01,0x79,0xF9,0xFF,0xFE,0xFF,
	0xFC,0xFF,0x91,0x2F,0x2B,0x20,0x19,0x13,0x0D,0x07,0x02,0x00,0x00,0x00,0x01,0x01,0x00,0x00,0x00,0x00,
	0x00,0x00,0x00,0x00,0x00,0x10,0xE9,0xFF,0xFC,0xFE,0xC3,0x37,0x00,0x01,0x02,0x00,0x00,0x00,0x04,0x00,
	0x5D,0xFF,0xFC,0xFC,0xFF,0x5D,0x00,0x04,0x00,0x00,0x00,0x02,0x01,0x00,0x37,0xC3,0xFE,0xFC,0xFF,0xE9,
	0x10,0x00,0x00,0x00,0x00,0x00,0x00,0x00,0x00,0x00,0x01,0x01,0x00,0x00,0x00,0x01,0x01,0x01,0x01,0x01,
	0x02,0x04,0x02,0x16,0xE3,0xFE,0xFA,0xFF,0x7F,0x00,0x09,0x00,0x00,0x00,0x00,0x00,0x03,0x00,0xA5,0xFF,
	0xFB,0xFB,0xFF,0xA5,0x00,0x03,0x00,0x00,0x00,0x00,0x00,0x09,0x00,0x7F,0xFF,0xFA,0xFE,0xE3,0x16,0x02,
	0x04,0x02,0x01,0x01,0x01,0x01,0x01,0x00,0x00,0x00,0x00,0x00,0x00,0x00,0x00,0x00,0x00,0x00,0x01,0x03,
	0x02,0xC1,0xFF,0xFC,0xFF,0xFD,0xFF,0x54,0x00,0x05,0x00,0x00,0x00,0x01,0x00,0x09,0xE4,0xFF,0xFD,0xFD,
	0xFF,0xE4,0x09,0x00,0x01,0x00,0x00,0x00,0x05,0x00,0x54,0xFF,0xFD,0xFF,0xFC,0xFF,0xC1,0x02,0x03,0x01,
	0x00,0x00,0x00,0x00,0x00,0x00,0x00,0x00,0x00,0x00,0x00,0x00,0x00,0x00,0x00,0x00,0x04,0x00,0x90,0xFF,
	0xFB,0xFF,0xFF,0xFE,0xFD,0xF7,0x4A,0x00,0x04,0x02,0x00,0x03,0x00,0x3B,0xFF,0xFD,0xFF,0xFF,0xFD,0xFF,
	0x3B,0x00,0x03,0x00,0x02,0x04,0x00,0x4A,0xF7,0xFD,0xFE,0xFF,0xFF,0xFB,0xFF,0x90,0x00,0x04,0x00,0x00,
	0x00,0x00,0x00,0x00,0x00,0x00,0x00,0x00,0x00,0x00,0x00,0x00,0x00,0x04,0x00,0x5E,0xFF,0xFB,0xFF,0xFF,
	0xFF,0xFF,0xFE,0xFF,0xFB,0x67,0x00,0x00,0x04,0x06,0x00,0x82,0xFF,0xFB,0xFF,0xFF,0xFB,0xFF,0x82,0x00,
	0x06,0x04,0x00,0x00,0x67,0xFB,0xFF,0xFE,0xFF,0xFF,0xFF,0xFF,0xFB,0xFF,0x5E,0x00,0x04,0x00,0x00,0x00,
	0x00,0x00,0x00,0x00,0x00,0x00,0x00,0x00,0x00,0x00,0x03,0x00,0x32,0xF8,0xFC,0xFE,0xFF,0xFF,0xFF,0xFF,
	0xFF,0xFC,0xFD,0xFF,0xA8,0x21,0x00,0x00,0x00,0xC7,0xFF,0xFC,0xFF,0xFF,0xFC,0xFF,0xC7,0x00,0x00,0x00,
	0x21,0xA8,0xFF,0xFD,0xFC,0xFF,0xFF,0xFF,0xFF,0xFF,0xFE,0xFC,0xF8,0x32,0x00,0x03,0x00,0x00,0x00,0x00,
	0x00,0x00,0x00,0x00,0x00,0x00,0x00,0x02,0x02,0x12,0xDD,0xFF,0xFD,0xFF,0xFF,0xFF,0xFF,0xFE,0xFC,0xFF,
	0xFF,0xFA,0xFF,0xF0,0x8A,0x25,0x1C,0xF8,0xFF,0xFE,0xFF,0xFF,0xFE,0xFF,0xF8,0x1C,0x25,0x8A,0xF0,0xFF,
	0xFA,0xFF,0xFF,0xFC,0xFE,0xFF,0xFF,0xFF,0xFF,0xFD,0xFF,0xDD,0x12,0x02,0x02,0x00,0x00,0x00,0x00,0x00,
	0x00,0x00,0x00,0x00,0x01,0x02,0x00,0xB6,0xFF,0xFC,0xFF,0xFF,0xFF,0xFF,0xFC,0xFF,0xFF,0xE2,0xF3,0xFF,
	0xFB,0xFF,0xFF,0xF8,0xD9,0xFF,0xFF,0xFF,0xFF,0xFF,0xFF,0xFF,0xFF,0xD9,0xF8,0xFF,0xFF,0xFB,0xFF,0xF3,
	0xE2,0xFF,0xFF,0xFC,0xFF,0xFF,0xFF,0xFF,0xFC,0xFF,0xB6,0x00,0x02,0x01,0x00,0x00,0x00,0x00,0x00,0x00,
	0x00,0x00,0x03,0x02,0x85,0xFF,0xFB,0xFF,0xFF,0xFF,0xFD,0xFC,0xFF,0xFA,0x8D,0x0F,0x2C,0xC1,0xFE,0xFC,
	0xFB,0xFF,0xFF,0xFF,0xFF,0xFF,0xFF,0xFF,0xFF,0xFF,0xFF,0xFF,0xFF,0xFB,0xFC,0xFE,0xC1,0x2C,0x0F,0x8D,
	0xFA,0xFF,0xFC,0xFD,0xFF,0xFF,0xFF,0xFB,0xFF,0x85,0x02,0x03,0x00,0x00,0x00,0x00,0x00,0x00,0x00,0x02,
	0x00,0x24,0xFF,0xFB,0xFE,0xFF,0xFE,0xFB,0xFF,0xFF,0xB8,0x31,0x00,0x02,0x00,0x53,0xFF,0xFB,0xFF,0xFE,
	0xFD,0xFF,0xFF,0xFE,0xFB,0xFB,0xFE,0xFF,0xFF,0xFD,0xFE,0xFF,0xFB,0xFF,0x53,0x00,0x02,0x00,0x31,0xB8,
	0xFF,0xFF,0xFB,0xFE,0xFF,0xFE,0xFB,0xFF,0x24,0x00,0x02,0x00,0x00,0x00,0x00,0x00,0x00,0x00,0x03,0x01,
	0x75,0xFF,0xFB,0xFC,0xFF,0xFF,0xDC,0x5A,0x00,0x00,0x04,0x05,0x02,0x7A,0xFF,0xFB,0xFF,0xFF,0xFF,0xFF,
	0xFF,0xFF,0xFF,0xFF,0xFF,0xFF,0xFF,0xFF,0xFF,0xFF,0xFB,0xFF,0x7A,0x02,0x05,0x04,0x00,0x00,0x5A,0xDC,
	0xFF,0xFF,0xFC,0xFB,0xFF,0x75,0x01,0x03,0x00,0x00,0x00,0x00,0x00,0x00,0x00,0x00,0x00,0x02,0x00,0x96,
	0xFF,0xFF,0xF7,0x87,0x0F,0x00,0x02,0x02,0x00,0x04,0x00,0x92,0xFF,0xFB,0xFF,0xFF,0xFF,0xFD,0xFE,0xD8,
	0x5A,0x5A,0xD8,0xFE,0xFD,0xFF,0xFF,0xFF,0xFB,0xFF,0x92,0x00,0x04,0x00,0x02,0x02,0x00,0x0F,0x87,0xF7,
	0xFF,0xFF,0x96,0x00,0x02,0x00,0x00,0x00,0x00,0x00,0x00,0x00,0x00,0x00,0x00,0x01,0x03,0x01,0xB5,0xBC,
	0x2C,0x00,0x00,0x03,0x00,0x00,0x00,0x03,0x00,0xAB,0xFF,0xFB,0xFF,0xFF,0xFF,0xFC,0xFF,0x57,0x00,0x00,
	0x57,0xFF,0xFC,0xFF,0xFF,0xFF,0xFB,0xFF,0xAB,0x00,0x03,0x00,0x00,0x00,0x03,0x00,0x00,0x2C,0xBC,0xB5,
	0x01,0x03,0x01,0x00,0x00,0x00,0x00,0x00,0x00,0x00,0x00,0x00,0x00,0x00,0x01,0x00,0x03,0x00,0x00,0x04,
	0x01,0x00,0x00,0x00,0x00,0x02,0x00,0xC4,0xFF,0xFC,0xFF,0xFF,0xFC,0xFE,0xD4,0x04,0x05,0x05,0x04,0xD4,
	0xFE,0xFC,0xFF,0xFF,0xFC,0xFF,0xC4,0x00,0x02,0x00,0x00,0x00,0x00,0x01,0x04,0x00,0x00,0x03,0x00,0x01,
	0x00,0x00,0x00,0x00,0x00,0x00,0x00,0x00,0x00,0x00,0x00,0x00,0x00,0x01,0x00,0x01,0x02,0x00,0x00,0x00,
	0x00,0x00,0x01,0x00,0x02,0xD9,0xFF,0xFD,0xFF,0xFF,0xFC,0xFF,0x58,0x00,0x04,0x04,0x00,0x58,0xFF,0xFC,
	0xFF,0xFF,0xFD,0xFF,0xD9,0x02,0x00,0x01,0x00,0x00,0x00,0x00,0x00,0x02,0x01,0x00,0x01,0x00,0x00,0x00,
	0x00,0x00,0x00,0x00,0x00,0x00,0x00,0x00,0x00,0x00,0x00,0x00,0x01,0x00,0x00,0x00,0x00,0x00,0x00,0x00,
	0x01,0x00,0x0F,0xEC,0xFF,0xFE,0xFF,0xFD,0xFE,0xD4,0x04,0x02,0x00,0x00,0x02,0x04,0xD4,0xFE,0xFD,0xFF,
	0xFE,0xFF,0xEC,0x0F,0x00,0x01,0x00,0x00,0x00,0x00,0x00,0x00,0x00,0x01,0x00,0x00,0x00,0x00,0x00,0x00,
	0x00,0x00,0x00,0x00,0x00,0x00,0x00,0x00,0x00,0x00,0x00,0x00,0x00,0x00,0x00,0x00,0x00,0x00,0x02,0x00,
	0x21,0xFB,0xFF,0xFE,0xFF,0xFC,0xFF,0x58,0x00,0x04,0x00,0x00,0x04,0x00,0x58,0xFF,0xFC,0xFF,0xFE,0xFF,
	0xFB,0x21,0x00,0x02,0x00,0x00,0x00,0x00,0x00,0x00,0x00,0x00,0x00,0x00,0x00,0x00,0x00,0x00,0x00,0x00,
	0x00,0x00,0x00,0x00,0x00,0x00,0x00,0x00,0x00,0x00,0x00,0x00,0x00,0x00,0x00,0x00,0x03,0x00,0x34,0xFD,
	0xFD,0xFF,0xFC,0xFE,0xD4,0x04,0x02,0x00,0x00,0x00,0x00,0x02,0x04,0xD4,0xFE,0xFC,0xFF,0xFD,0xFD,0x34,
	0x00,0x03,0x00,0x00,0x00,0x00,0x00,0x00,0x00,0x00,0x00,0x00,0x00,0x00,0x00,0x00,0x00,0x00,0x00,0x00,
	0x00,0x00,0x00,0x00,0x00,0x00,0x00,0x00,0x00,0x00,0x00,0x00,0x00,0x00,0x04,0x00,0x56,0xFF,0xFF,0xFD,
	0xFA,0xFF,0x58,0x00,0x04,0x00,0x00,0x00,0x00,0x04,0x00,0x58,0xFF,0xFA,0xFD,0xFF,0xFF,0x56,0x00,0x04,
	0x00,0x00,0x00,0x00,0x00,0x00,0x00,0x00,0x00,0x00,0x00,0x00,0x00,0x00,0x00,0x00,0x00,0x00,0x00,0x00,
	0x00,0x00,0x00,0x00,0x00,0x00,0x00,0x00,0x00,0x00,0x00,0x00,0x02,0x01,0x37,0xBD,0xEF,0xFF,0xFF,0xD2,
	0x04,0x02,0x00,0x00,0x00,0x00,0x00,0x00,0x02,0x04,0xD2,0xFF,0xFF,0xEF,0xBD,0x37,0x01,0x02,0x00,0x00,
	0x00,0x00,0x00,0x00,0x00,0x00,0x00,0x00,0x00,0x00,0x00,0x00,0x00,0x00,0x00,0x00,0x00,0x00,0x00,0x00,
	0x00,0x00,0x00,0x00,0x00,0x00,0x00,0x00,0x00,0x00,0x00,0x00,0x00,0x00,0x21,0x61,0xB6,0x58,0x00,0x03,
	0x00,0x00,0x00,0x00,0x00,0x00,0x03,0x00,0x58,0xB6,0x61,0x21,0x00,0x00,0x00,0x00,0x00,0x00,0x00,0x00,
	0x00,0x00,0x00,0x00,0x00,0x00,0x00,0x00,0x00,0x00,0x00,0x00,
};

const lv_img_dsc_t classic_410_gear_c_img = {
    .header.magic = LV_IMAGE_HEADER_MAGIC,
    .header.w = 58,
    .header.h = 58,
    .data_size = sizeof(classic_410_gear_c_data),
    .header.cf = LV_COLOR_FORMAT_NATIVE_WITH_ALPHA,
    .data = classic_410_gear_c_data};


#endif
