#include "../citizen_410.h"

#ifndef LV_ATTRIBUTE_MEM_ALIGN
#define LV_ATTRIBUTE_MEM_ALIGN
#endif

const LV_ATTRIBUTE_MEM_ALIGN uint8_t face_citizen_410_dial_img_preview_data[] = {
	//RGB565 data
	0x00,0x00,0x00,0x00,0x00,0x00,0x00,0x00,0x00,0x00,0x00,0x00,0x00,0x00,0x00,0x00,0x00,0x00,0x00,0x00,
	0x00,0x00,0x00,0x00,0x00,0x00,0x00,0x00,0x00,0x00,0x00,0x00,0x00,0x00,0x00,0x00,0x00,0x00,0x00,0x00,
	0x00,0x00,0x00,0x00,0x00,0x00,0x00,0x00,0xC3,0x18,0xEB,0x5A,0xA2,0x10,0x66,0x29,0x6E,0x6B,0xF4,0x9C,
	0x0C,0x5B,0xEB,0x52,0x2C,0x63,0x0C,0x5B,0x0C,0x5B,0x2D,0x63,0x2D,0x63,0x2D,0x63,0x4D,0x6B,0xCF,0x73,
	0x66,0x29,0x4D,0x63,0x10,0x7C,0xCF,0x7B,0xCF,0x73,0xCF,0x73,0xCF,0x73,0xCF,0x73,0xCF,0x73,0xCF,0x73,
	0xCF,0x73,0xEF,0x73,0xEF,0x73,0xEF,0x73,0xEF,0x73,0xCF,0x73,0xCF,0x73,0x8E,0x6B,0xAE,0x73,0x75,0xAD,
	0x79,0xCE,0xBA,0xD6,0x79,0xCE,0xB6,0xB5,0xD3,0x94,0xAF,0x73,0xAB,0x52,0x08,0x42,0xA7,0x31,0x86,0x31,
	0x86,0x31,0x66,0x29,0x46,0x29,0x45,0x29,0x45,0x29,0x04,0x21,0xCB,0x5A,0xF4,0x9C,0x4D,0x6B,0xA6,0x31,
	0x34,0xA5,0x34,0xA5,0xC7,0x39,0x04,0x21,0x25,0x21,0x45,0x29,0x45,0x29,0x45,0x29,0x66,0x29,0x66,0x29,
	0x86,0x31,0xC7,0x39,0x49,0x4A,0x4D,0x6B,0x92,0x8C,0x55,0xAD,0x18,0xC6,0x39,0xC6,0x18,0xBE,0x18,0xBE,
	0xEF,0x7B,0xEC,0x5A,0x8E,0x6B,0xAE,0x73,0xCF,0x73,0xAF,0x73,0x8F,0x73,0xAF,0x73,0xAF,0x73,0x8E,0x73,
	0xAE,0x73,0xAE,0x73,0xCF,0x73,0xCF,0x73,0xAF,0x73,0xCF,0x73,0xCF,0x73,0x30,0x84,0x66,0x29,0x08,0x42,
	0x2D,0x63,0xCB,0x5A,0xEB,0x5A,0xEB,0x5A,0xCB,0x5A,0xEC,0x5A,0xCB,0x5A,0x8A,0x52,0x49,0x4A,0xCF,0x7B,
	0x49,0x42,0x66,0x29,0xC3,0x10,0xC7,0x39,0x24,0x21,0x00,0x00,0x00,0x00,0x00,0x00,0x00,0x00,0x00,0x00,
	0x00,0x00,0x00,0x00,0x00,0x00,0x00,0x00,0x00,0x00,0x00,0x00,0x00,0x00,0x00,0x00,0x00,0x00,0x00,0x00,
	0x00,0x00,0x00,0x00,0x00,0x00,0x00,0x00,0x00,0x00,0x00,0x00,0x00,0x00,0x00,0x00,0x00,0x00,0x00,0x00,
	0x00,0x00,0x00,0x00,0x00,0x00,0x00,0x00,0x00,0x00,0x00,0x00,0x00,0x00,0x00,0x00,0x00,0x00,0x00,0x00,
	0x00,0x00,0x00,0x00,0x00,0x00,0x00,0x00,0x00,0x00,0x00,0x00,0x00,0x00,0x00,0x00,0x00,0x00,0x00,0x00,
	0x00,0x00,0x00,0x00,0x00,0x00,0x00,0x00,0x45,0x29,0xC7,0x39,0xC3,0x18,0x6A,0x4A,0x34,0xA5,0x35,0xA5,
	0xEC,0x5A,0xEB,0x5A,0x2C,0x63,0x2C,0x63,0x0C,0x63,0x2D,0x63,0x4D,0x63,0x4D,0x6B,0x4D,0x6B,0xAF,0x73,
	0x86,0x29,0xCF,0x73,0x51,0x84,0x10,0x84,0x10,0x7C,0x30,0x7C,0x10,0x7C,0x10,0x7C,0x31,0x7C,0x31,0x84,
	0x31,0x7C,0x51,0x84,0x6E,0x6B,0x72,0x8C,0xD3,0x94,0xD3,0x94,0x55,0xA5,0xB6,0xB5,0x38,0xC6,0x95,0xAD,
	0x71,0x8C,0x2C,0x63,0x08,0x42,0x08,0x42,0x45,0x29,0x24,0x21,0x25,0x21,0x24,0x21,0x24,0x21,0x24,0x21,
	0x25,0x21,0x25,0x21,0x25,0x21,0x25,0x21,0x04,0x21,0x45,0x29,0xB6,0xB5,0xD3,0x94,0xAA,0x52,0x10,0x84,
	0x2C,0x63,0xEB,0x5A,0x31,0x84,0x82,0x10,0x25,0x21,0x24,0x21,0x04,0x21,0x04,0x21,0x04,0x21,0x04,0x21,
	0x04,0x21,0x04,0x21,0x04,0x21,0x04,0x21,0x04,0x21,0x45,0x29,0xC7,0x39,0xAA,0x52,0xAE,0x73,0xB2,0x94,
	0xB6,0xB5,0x34,0x9D,0xB2,0x94,0x71,0x84,0xF0,0x7B,0xF0,0x7B,0x8E,0x73,0xAF,0x73,0x51,0x84,0xF0,0x7B,
	0x10,0x7C,0x30,0x7C,0x30,0x7C,0x30,0x84,0x10,0x7C,0x31,0x7C,0x31,0x84,0x92,0x8C,0xA7,0x31,0xE8,0x39,
	0x4D,0x63,0xEC,0x5A,0xEC,0x5A,0xEC,0x5A,0xEB,0x5A,0xEC,0x5A,0xCB,0x5A,0xAA,0x52,0x29,0x42,0x51,0x8C,
	0x2C,0x63,0xA6,0x31,0x04,0x21,0x45,0x29,0xAA,0x52,0x00,0x00,0x00,0x00,0x00,0x00,0x00,0x00,0x00,0x00,
	0x00,0x00,0x00,0x00,0x00,0x00,0x00,0x00,0x00,0x00,0x00,0x00,0x00,0x00,0x00,0x00,0x00,0x00,0x00,0x00,
	0x00,0x00,0x00,0x00,0x00,0x00,0x00,0x00,0x00,0x00,0x00,0x00,0x00,0x00,0x00,0x00,0x00,0x00,0x00,0x00,
	0x00,0x00,0x00,0x00,0x00,0x00,0x00,0x00,0x00,0x00,0x00,0x00,0x00,0x00,0x00,0x00,0x00,0x00,0x00,0x00,
	0x00,0x00,0x00,0x00,0x00,0x00,0x00,0x00,0x00,0x00,0x00,0x00,0x00,0x00,0x00,0x00,0x00,0x00,0x00,0x00,
	0x00,0x00,0x00,0x00,0x00,0x00,0x00,0x00,0x49,0x4A,0x45,0x21,0x65,0x29,0x10,0x7C,0x38,0xBE,0xF4,0x9C,
	0xAB,0x52,0x0C,0x5B,0x2D,0x63,0x0D,0x63,0x6D,0x6B,0x6E,0x6B,0x4D,0x63,0x4D,0x6B,0x6E,0x6B,0xAF,0x73,
	0x66,0x29,0x31,0x84,0x92,0x8C,0x72,0x8C,0x51,0x84,0x72,0x8C,0x92,0x8C,0xB2,0x8C,0x92,0x8C,0xB2,0x94,
	0xB3,0x94,0x31,0x84,0x31,0x84,0x96,0xAD,0xB6,0xB5,0xB6,0xB5,0xD3,0x9C,0x8E,0x73,0x08,0x42,0xE8,0x39,
	0xC7,0x39,0x09,0x42,0x92,0x94,0xCF,0x73,0x04,0x21,0x25,0x21,0x25,0x21,0x25,0x21,0x25,0x21,0x25,0x21,
	0x25,0x21,0x25,0x21,0x25,0x21,0x25,0x21,0x04,0x21,0x86,0x31,0xF7,0xBD,0xEB,0x5A,0x35,0xA5,0x55,0xAD,
	0x08,0x42,0xE8,0x39,0x92,0x8C,0xA2,0x10,0x25,0x21,0x25,0x21,0x24,0x21,0x24,0x21,0x24,0x21,0x24,0x21,
	0x04,0x21,0x24,0x21,0x24,0x21,0x24,0x21,0x04,0x21,0x04,0x21,0xE4,0x20,0xE3,0x18,0xE4,0x18,0x04,0x21,
	0xA6,0x31,0xEC,0x62,0x10,0x84,0xD3,0x94,0x34,0xA5,0x34,0xA5,0x31,0x84,0x29,0x42,0x51,0x84,0xD3,0x94,
	0x72,0x8C,0xB2,0x8C,0xD2,0x8C,0xB2,0x94,0x92,0x8C,0x92,0x8C,0x92,0x8C,0xD3,0x94,0xE8,0x39,0xE7,0x39,
	0x2C,0x63,0xEC,0x5A,0xEC,0x5A,0xEC,0x5A,0xEC,0x5A,0x0C,0x63,0xEC,0x62,0xCB,0x5A,0x49,0x4A,0x51,0x8C,
	0x30,0x84,0x08,0x3A,0x65,0x29,0xA3,0x10,0xAA,0x52,0xA2,0x10,0x00,0x00,0x00,0x00,0x00,0x00,0x00,0x00,
	0x00,0x00,0x00,0x00,0x00,0x00,0x00,0x00,0x00,0x00,0x00,0x00,0x00,0x00,0x00,0x00,0x00,0x00,0x00,0x00,
	0x00,0x00,0x00,0x00,0x00,0x00,0x00,0x00,0x00,0x00,0x00,0x00,0x00,0x00,0x00,0x00,0x00,0x00,0x00,0x00,
	0x00,0x00,0x00,0x00,0x00,0x00,0x00,0x00,0x00,0x00,0x00,0x00,0x00,0x00,0x00,0x00,0x00,0x00,0x00,0x00,
	0x00,0x00,0x00,0x00,0x00,0x00,0x00,0x00,0x00,0x00,0x00,0x00,0x00,0x00,0x00,0x00,0x00,0x00,0x00,0x00,
	0x00,0x00,0x00,0x00,0x00,0x00,0x62,0x10,0x8A,0x52,0xA3,0x10,0x8A,0x4A,0x55,0xA5,0x59,0xC6,0x72,0x8C,
	0xCB,0x52,0x2D,0x63,0x4D,0x63,0x4D,0x63,0x6E,0x6B,0x4D,0x63,0x4D,0x6B,0x4D,0x6B,0x4D,0x6B,0x8E,0x6B,
	0x86,0x29,0xB2,0x94,0xF3,0x9C,0xD3,0x94,0xF3,0x94,0xF3,0x94,0x51,0x8C,0x92,0x8C,0xD3,0x94,0x34,0x9D,
	0x35,0xA5,0xF3,0x9C,0x34,0xA5,0x51,0x84,0xEC,0x5A,0xE8,0x39,0x66,0x29,0xA3,0x10,0x4D,0x6B,0x55,0xA5,
	0xCB,0x5A,0x8B,0x52,0xF8,0xBD,0x51,0x8C,0x8A,0x52,0xE4,0x18,0x25,0x21,0x25,0x21,0x25,0x21,0x25,0x21,
	0x25,0x21,0x25,0x21,0x25,0x21,0x25,0x21,0x25,0x21,0xE4,0x18,0x50,0x84,0x92,0x94,0xF0,0x7B,0x49,0x4A,
	0xD3,0x9C,0x34,0xA5,0x8A,0x52,0xC3,0x18,0x25,0x21,0x24,0x21,0x24,0x21,0x24,0x21,0x25,0x21,0x24,0x21,
	0x24,0x21,0x04,0x21,0x24,0x21,0x24,0x21,0x24,0x21,0x24,0x21,0x04,0x21,0x04,0x21,0x04,0x21,0x04,0x21,
	0xE4,0x20,0xC3,0x18,0xE4,0x20,0x86,0x31,0x8A,0x52,0xAE,0x73,0xD3,0x94,0xB2,0x94,0x10,0x7C,0x55,0xA5,
	0x14,0x9D,0x55,0xA5,0x55,0xA5,0x55,0xA5,0x55,0xA5,0xF4,0x9C,0xF3,0x9C,0x55,0xA5,0x49,0x4A,0x08,0x3A,
	0x4D,0x63,0xEC,0x5A,0xEC,0x5A,0xEC,0x5A,0x0C,0x63,0x0C,0x63,0x0C,0x63,0xEC,0x5A,0x49,0x4A,0x10,0x84,
	0x14,0x9D,0xAA,0x52,0x86,0x29,0xE3,0x18,0x66,0x29,0xA2,0x10,0x00,0x00,0x00,0x00,0x00,0x00,0x00,0x00,
	0x00,0x00,0x00,0x00,0x00,0x00,0x00,0x00,0x00,0x00,0x00,0x00,0x00,0x00,0x00,0x00,0x00,0x00,0x00,0x00,
	0x00,0x00,0x00,0x00,0x00,0x00,0x00,0x00,0x00,0x00,0x00,0x00,0x00,0x00,0x00,0x00,0x00,0x00,0x00,0x00,
	0x00,0x00,0x00,0x00,0x00,0x00,0x00,0x00,0x00,0x00,0x00,0x00,0x00,0x00,0x00,0x00,0x00,0x00,0x00,0x00,
	0x00,0x00,0x00,0x00,0x00,0x00,0x00,0x00,0x00,0x00,0x00,0x00,0x00,0x00,0x00,0x00,0x00,0x00,0x00,0x00,
	0x00,0x00,0x00,0x00,0x00,0x00,0x86,0x31,0x08,0x3A,0x04,0x19,0xCF,0x73,0x18,0xBE,0x79,0xC6,0xCF,0x73,
	0xCB,0x5A,0x4D,0x63,0x6D,0x6B,0x6E,0x6B,0x6D,0x6B,0x6E,0x6B,0x6E,0x6B,0x6E,0x6B,0x4D,0x6B,0x6E,0x6B,
	0xE8,0x39,0x75,0xAD,0x76,0xAD,0x56,0xAD,0x76,0xAD,0x6D,0x6B,0xEF,0x7B,0x71,0x8C,0xF4,0x9C,0x34,0xA5,
	0x51,0x8C,0x4D,0x63,0x08,0x42,0x45,0x29,0x04,0x21,0x04,0x21,0x45,0x29,0xA3,0x10,0x10,0x7C,0x96,0xB5,
	0x92,0x94,0xAB,0x52,0xEB,0x5A,0x6E,0x6B,0x75,0xAD,0xC3,0x18,0x25,0x21,0x25,0x21,0x24,0x21,0x25,0x21,
	0x25,0x21,0x25,0x21,0x04,0x21,0x24,0x21,0x25,0x21,0x04,0x21,0xC4,0x18,0x6E,0x73,0xAF,0x73,0x2C,0x63,
	0x10,0x84,0x08,0x42,0x82,0x10,0x25,0x21,0x24,0x21,0xE4,0x20,0x24,0x21,0x24,0x21,0x04,0x21,0x04,0x21,
	0x04,0x21,0x04,0x21,0x04,0x21,0x04,0x21,0xE4,0x18,0xC3,0x18,0x24,0x21,0x04,0x21,0x04,0x21,0x04,0x21,
	0x04,0x21,0x04,0x21,0x24,0x21,0x04,0x21,0xE4,0x18,0xE4,0x18,0x86,0x31,0x8A,0x52,0x4D,0x6B,0xB2,0x94,
	0x55,0xA5,0xD3,0x94,0x51,0x84,0x6E,0x6B,0xB3,0x94,0x96,0xAD,0x55,0xA5,0xB7,0xB5,0x6A,0x4A,0x08,0x3A,
	0x6D,0x6B,0xEC,0x5A,0xEC,0x5A,0x0C,0x63,0xEC,0x5A,0x0C,0x63,0x0C,0x5B,0x0C,0x5B,0x69,0x4A,0xCF,0x7B,
	0x96,0xAD,0xAE,0x73,0xE7,0x39,0x25,0x21,0xE3,0x18,0xE7,0x39,0x00,0x00,0x00,0x00,0x00,0x00,0x00,0x00,
	0x00,0x00,0x00,0x00,0x00,0x00,0x00,0x00,0x00,0x00,0x00,0x00,0x00,0x00,0x00,0x00,0x00,0x00,0x00,0x00,
	0x00,0x00,0x00,0x00,0x00,0x00,0x00,0x00,0x00,0x00,0x00,0x00,0x00,0x00,0x00,0x00,0x00,0x00,0x00,0x00,
	0x00,0x00,0x00,0x00,0x00,0x00,0x00,0x00,0x00,0x00,0x00,0x00,0x00,0x00,0x00,0x00,0x00,0x00,0x00,0x00,
	0x00,0x00,0x00,0x00,0x00,0x00,0x00,0x00,0x00,0x00,0x00,0x00,0x00,0x00,0x00,0x00,0x00,0x00,0x00,0x00,
	0x00,0x00,0x00,0x00,0x00,0x00,0x8A,0x52,0x65,0x29,0x08,0x42,0x14,0x9D,0x59,0xC6,0x58,0xC6,0x8E,0x6B,
	0x0C,0x5B,0x6D,0x6B,0x6D,0x6B,0x6E,0x6B,0x6E,0x6B,0x8E,0x6B,0x4D,0x6B,0x6E,0x6B,0x6E,0x6B,0x2D,0x63,
	0x29,0x42,0x38,0xBE,0x18,0xBE,0x79,0xCE,0x14,0x9D,0xEF,0x7B,0x54,0xA5,0xF3,0x9C,0xEF,0x7B,0x8A,0x4A,
	0x86,0x31,0x24,0x21,0x04,0x21,0x24,0x21,0x25,0x21,0x24,0x21,0x24,0x21,0x04,0x21,0x86,0x31,0xAB,0x52,
	0x51,0x8C,0x30,0x84,0x6A,0x4A,0xF3,0x9C,0xAB,0x52,0xE4,0x18,0x25,0x21,0x25,0x21,0x25,0x21,0x04,0x19,
	0x25,0x21,0x05,0x21,0x86,0x31,0x25,0x21,0xE4,0x18,0xA7,0x31,0x25,0x29,0x6D,0x6B,0x7D,0xEF,0x3C,0xE7,
	0x9A,0xD6,0x45,0x29,0x49,0x4A,0x25,0x21,0x04,0x21,0x08,0x42,0x45,0x29,0x04,0x21,0x45,0x21,0x25,0x21,
	0x04,0x21,0xE4,0x18,0x04,0x21,0xE3,0x18,0xE8,0x39,0x69,0x4A,0xE3,0x18,0x24,0x21,0x04,0x21,0x04,0x21,
	0x04,0x21,0x04,0x21,0x04,0x21,0x04,0x21,0x04,0x21,0x04,0x21,0xC3,0x18,0xA6,0x31,0x4D,0x6B,0x08,0x3A,
	0xCB,0x52,0x10,0x7C,0x10,0x7C,0x2D,0x63,0xAB,0x52,0xB7,0xB5,0xB7,0xB5,0xF8,0xBD,0xEC,0x5A,0xC7,0x39,
	0x4D,0x6B,0xEC,0x5A,0x0C,0x63,0x0C,0x63,0x0C,0x5B,0x0C,0x63,0x0C,0x5B,0x0C,0x63,0xAB,0x52,0xAE,0x73,
	0xD7,0xB5,0x92,0x8C,0x69,0x4A,0x86,0x29,0xE3,0x18,0x49,0x4A,0x61,0x08,0x00,0x00,0x00,0x00,0x00,0x00,
	0x00,0x00,0x00,0x00,0x00,0x00,0x00,0x00,0x00,0x00,0x00,0x00,0x00,0x00,0x00,0x00,0x00,0x00,0x00,0x00,
	0x00,0x00,0x00,0x00,0x00,0x00,0x00,0x00,0x00,0x00,0x00,0x00,0x00,0x00,0x00,0x00,0x00,0x00,0x00,0x00,
	0x00,0x00,0x00,0x00,0x00,0x00,0x00,0x00,0x00,0x00,0x00,0x00,0x00,0x00,0x00,0x00,0x00,0x00,0x00,0x00,
	0x00,0x00,0x00,0x00,0x00,0x00,0x00,0x00,0x00,0x00,0x00,0x00,0x00,0x00,0x00,0x00,0x00,0x00,0x00,0x00,
	0x00,0x00,0x00,0x00,0x41,0x08,0x29,0x4A,0x04,0x21,0x4D,0x63,0xD7,0xB5,0x9A,0xCE,0xF7,0xBD,0x2C,0x63,
	0x4D,0x63,0x6D,0x6B,0x6E,0x6B,0x6E,0x6B,0x6E,0x6B,0x4D,0x6B,0x2D,0x63,0x4D,0x6B,0x4D,0x63,0xEC,0x5A,
	0xCB,0x52,0x79,0xCE,0x79,0xCE,0xD7,0xB5,0xF3,0x94,0xD2,0x94,0x8D,0x73,0x29,0x42,0x25,0x21,0x04,0x21,
	0x04,0x21,0x04,0x21,0x24,0x21,0x24,0x21,0x24,0x21,0x25,0x21,0x24,0x21,0x25,0x21,0x04,0x21,0xEF,0x7B,
	0x30,0x84,0xCB,0x5A,0xEF,0x7B,0xE3,0x18,0xE4,0x18,0x65,0x29,0x45,0x21,0xE4,0x18,0x46,0x29,0xAA,0x52,
	0x04,0x21,0xE4,0x18,0x6D,0x6B,0xE7,0x39,0x66,0x29,0x8A,0x52,0xAA,0x52,0x04,0x21,0xF7,0xBD,0x3C,0xE7,
	0xCF,0x7B,0x82,0x10,0xCF,0x7B,0x25,0x29,0xE4,0x20,0xAE,0x73,0x66,0x31,0xA3,0x18,0x0C,0x63,0xE7,0x39,
	0xA3,0x18,0x69,0x4A,0xE7,0x39,0x61,0x08,0x92,0x94,0x14,0xA5,0x82,0x10,0x04,0x21,0x04,0x21,0x04,0x21,
	0x04,0x21,0x04,0x21,0x04,0x21,0x04,0x21,0x04,0x21,0x04,0x21,0xA3,0x10,0x2C,0x63,0x51,0x8C,0x76,0xB5,
	0xAB,0x52,0x25,0x21,0x6A,0x4A,0xAE,0x73,0x2D,0x63,0x30,0x84,0x18,0xBE,0x7A,0xCE,0x8E,0x6B,0xE8,0x39,
	0x6E,0x6B,0x0C,0x63,0x0C,0x63,0x0C,0x63,0x0C,0x63,0x0C,0x63,0x0C,0x5B,0x2C,0x63,0xCB,0x5A,0x8D,0x6B,
	0xD7,0xBD,0x35,0xA5,0x4D,0x6B,0xC7,0x31,0xE4,0x18,0xE7,0x39,0x66,0x31,0x00,0x00,0x00,0x00,0x00,0x00,
	0x00,0x00,0x00,0x00,0x00,0x00,0x00,0x00,0x00,0x00,0x00,0x00,0x00,0x00,0x00,0x00,0x00,0x00,0x00,0x00,
	0x00,0x00,0x00,0x00,0x00,0x00,0x00,0x00,0x00,0x00,0x00,0x00,0x00,0x00,0x00,0x00,0x00,0x00,0x00,0x00,
	0x00,0x00,0x00,0x00,0x00,0x00,0x00,0x00,0x00,0x00,0x00,0x00,0x00,0x00,0x00,0x00,0x00,0x00,0x00,0x00,
	0x00,0x00,0x00,0x00,0x00,0x00,0x00,0x00,0x00,0x00,0x00,0x00,0x00,0x00,0x00,0x00,0x00,0x00,0x00,0x00,
	0x00,0x00,0x00,0x00,0x04,0x21,0x49,0x42,0x45,0x29,0x92,0x8C,0x18,0xC6,0x9A,0xD6,0x96,0xAD,0xEC,0x5A,
	0x4D,0x63,0x6D,0x6B,0x6E,0x6B,0x6E,0x6B,0x6E,0x6B,0x4D,0x63,0x4D,0x63,0x4D,0x63,0xEC,0x5A,0x4D,0x63,
	0xCF,0x73,0x71,0x8C,0x92,0x94,0xEF,0x7B,0x0C,0x63,0x08,0x3A,0x45,0x21,0x04,0x21,0x24,0x21,0x24,0x21,
	0x24,0x21,0x04,0x21,0x24,0x21,0x25,0x21,0x24,0x21,0x24,0x21,0x24,0x21,0x25,0x21,0x04,0x21,0x04,0x21,
	0x61,0x08,0x49,0x4A,0x59,0xCE,0x45,0x21,0xA3,0x18,0xAB,0x52,0x49,0x4A,0x66,0x31,0x86,0x31,0x2D,0x63,
	0x08,0x42,0x8A,0x52,0xCB,0x5A,0x49,0x4A,0x2C,0x63,0x69,0x4A,0xAA,0x52,0x8A,0x52,0x30,0x84,0xFB,0xDE,
	0x65,0x29,0x24,0x21,0x6D,0x73,0x24,0x21,0x04,0x21,0x4D,0x6B,0x24,0x21,0xC3,0x18,0x4D,0x63,0x86,0x31,
	0xA3,0x10,0x8E,0x73,0xC7,0x39,0x82,0x10,0x96,0xB5,0x4D,0x6B,0x82,0x10,0x08,0x42,0x66,0x29,0x04,0x21,
	0xC3,0x18,0x04,0x21,0x04,0x21,0x04,0x21,0x04,0x21,0x04,0x21,0x24,0x21,0x62,0x10,0x09,0x42,0x14,0x9D,
	0x2C,0x63,0x55,0xA5,0x10,0x84,0x65,0x29,0x6A,0x4A,0x4D,0x6B,0xF3,0x9C,0xD7,0xB5,0x31,0x84,0xEC,0x5A,
	0x4D,0x6B,0x2C,0x63,0x2D,0x63,0x0C,0x63,0x0C,0x63,0x0C,0x63,0x2C,0x63,0x0C,0x63,0xEC,0x5A,0x2D,0x63,
	0xD7,0xBD,0x96,0xB5,0x51,0x84,0x29,0x42,0x45,0x29,0x45,0x29,0x8A,0x4A,0x00,0x00,0x00,0x00,0x00,0x00,
	0x00,0x00,0x00,0x00,0x00,0x00,0x00,0x00,0x00,0x00,0x00,0x00,0x00,0x00,0x00,0x00,0x00,0x00,0x00,0x00,
	0x00,0x00,0x00,0x00,0x00,0x00,0x00,0x00,0x00,0x00,0x00,0x00,0x00,0x00,0x00,0x00,0x00,0x00,0x00,0x00,
	0x00,0x00,0x00,0x00,0x00,0x00,0x00,0x00,0x00,0x00,0x00,0x00,0x00,0x00,0x00,0x00,0x00,0x00,0x00,0x00,
	0x00,0x00,0x00,0x00,0x00,0x00,0x00,0x00,0x00,0x00,0x00,0x00,0x00,0x00,0x00,0x00,0x00,0x00,0x00,0x00,
	0x00,0x00,0x00,0x00,0x08,0x42,0x66,0x29,0x6A,0x4A,0x75,0xAD,0x59,0xC6,0xDB,0xD6,0x14,0x9D,0xEC,0x5A,
	0x8E,0x6B,0x8E,0x6B,0x6E,0x6B,0x6E,0x6B,0x6E,0x6B,0x4D,0x63,0x4D,0x63,0xAE,0x73,0xCB,0x52,0x10,0x84,
	0x51,0x8C,0x10,0x84,0xEC,0x5A,0x86,0x31,0xC7,0x39,0x25,0x21,0xE4,0x20,0x24,0x21,0x04,0x21,0x24,0x21,
	0x04,0x21,0x24,0x21,0x04,0x21,0x24,0x21,0x24,0x21,0xE4,0x20,0x24,0x21,0xE4,0x20,0xA7,0x39,0xA6,0x31,
	0x04,0x21,0x04,0x21,0xF7,0xBD,0x69,0x4A,0x49,0x4A,0xE7,0x39,0xAA,0x52,0xCB,0x52,0x29,0x4A,0x0C,0x63,
	0x29,0x4A,0xEC,0x62,0xAA,0x52,0x69,0x4A,0xEB,0x5A,0x29,0x42,0x69,0x4A,0x49,0x4A,0x08,0x42,0xCB,0x5A,
	0xE3,0x18,0x25,0x29,0xEC,0x5A,0x24,0x21,0x65,0x29,0x6D,0x6B,0x24,0x21,0x24,0x21,0x8E,0x73,0x25,0x29,
	0x25,0x21,0xAE,0x73,0x24,0x29,0x45,0x29,0x38,0xC6,0x49,0x4A,0xA3,0x10,0xAE,0x73,0x65,0x29,0xE4,0x18,
	0x69,0x4A,0x25,0x21,0xE4,0x20,0xC3,0x18,0x04,0x21,0x24,0x21,0xC3,0x18,0x28,0x42,0x76,0xAD,0x25,0x21,
	0xB2,0x94,0x65,0x31,0x51,0x8C,0x2D,0x63,0x41,0x08,0x25,0x21,0x49,0x4A,0x6D,0x6B,0x8E,0x73,0x2D,0x63,
	0x69,0x4A,0xEB,0x5A,0x2D,0x63,0x2D,0x63,0x2C,0x63,0x0C,0x63,0x2D,0x63,0x2D,0x6B,0x0C,0x5B,0x0C,0x5B,
	0xB6,0xB5,0xD7,0xB5,0x13,0x9D,0xEC,0x5A,0xC7,0x31,0xE4,0x18,0xAA,0x52,0x82,0x10,0x00,0x00,0x00,0x00,
	0x00,0x00,0x00,0x00,0x00,0x00,0x00,0x00,0x00,0x00,0x00,0x00,0x00,0x00,0x00,0x00,0x00,0x00,0x00,0x00,
	0x00,0x00,0x00,0x00,0x00,0x00,0x00,0x00,0x00,0x00,0x00,0x00,0x00,0x00,0x00,0x00,0x00,0x00,0x00,0x00,
	0x00,0x00,0x00,0x00,0x00,0x00,0x00,0x00,0x00,0x00,0x00,0x00,0x00,0x00,0x00,0x00,0x00,0x00,0x00,0x00,
	0x00,0x00,0x00,0x00,0x00,0x00,0x00,0x00,0x00,0x00,0x00,0x00,0x00,0x00,0x00,0x00,0x00,0x00,0x00,0x00,
	0x00,0x00,0x20,0x00,0x8A,0x52,0x25,0x21,0xAF,0x73,0xF7,0xBD,0x59,0xC6,0xDB,0xDE,0x72,0x8C,0x0C,0x5B,
	0x8E,0x6B,0x6E,0x6B,0x6E,0x6B,0x6E,0x6B,0x6D,0x6B,0x8E,0x6B,0x51,0x8C,0x71,0x8C,0xCF,0x7B,0x10,0x7C,
	0x0C,0x63,0xC7,0x39,0x04,0x21,0x0C,0x63,0x55,0xAD,0xD3,0x9C,0x04,0x21,0x04,0x21,0x04,0x21,0x24,0x21,
	0x04,0x21,0x04,0x21,0x04,0x21,0x04,0x21,0x24,0x21,0xA7,0x31,0x25,0x21,0xC4,0x18,0x28,0x42,0xEB,0x5A,
	0xC7,0x39,0x08,0x42,0xD3,0x9C,0xAE,0x7B,0x0B,0x5B,0xC7,0x39,0x2C,0x63,0x08,0x42,0x8A,0x4A,0x29,0x42,
	0xC7,0x39,0xE8,0x41,0xA7,0x31,0xE8,0x41,0x08,0x4A,0xE8,0x49,0x08,0x4A,0x69,0x52,0x8A,0x5A,0x49,0x52,
	0xAB,0x5A,0xEB,0x62,0x8A,0x5A,0x69,0x52,0x28,0x4A,0x08,0x4A,0xC7,0x41,0xA7,0x39,0x28,0x42,0x25,0x21,
	0x66,0x29,0xCB,0x5A,0xA3,0x10,0x89,0x52,0x79,0xCE,0x24,0x21,0x86,0x31,0x4D,0x6B,0xA3,0x18,0x86,0x31,
	0xAE,0x73,0xC3,0x18,0x65,0x29,0x8A,0x52,0xE4,0x18,0x04,0x21,0xA3,0x18,0x29,0x4A,0x65,0x29,0xA6,0x31,
	0x34,0xA5,0x61,0x08,0xF3,0x9C,0xE8,0x39,0x49,0x4A,0x8E,0x73,0xE4,0x18,0x45,0x29,0x8A,0x52,0x4D,0x6B,
	0xEB,0x5A,0xEC,0x5A,0x72,0x8C,0x2D,0x63,0xEC,0x5A,0x2D,0x63,0x0C,0x5B,0x0C,0x63,0x2D,0x63,0xAB,0x52,
	0x55,0xA5,0x18,0xBE,0x55,0xA5,0xEF,0x7B,0x08,0x42,0x24,0x21,0xE8,0x39,0x86,0x31,0x00,0x00,0x00,0x00,
	0x00,0x00,0x00,0x00,0x00,0x00,0x00,0x00,0x00,0x00,0x00,0x00,0x00,0x00,0x00,0x00,0x00,0x00,0x00,0x00,
	0x00,0x00,0x00,0x00,0x00,0x00,0x00,0x00,0x00,0x00,0x00,0x00,0x00,0x00,0x00,0x00,0x00,0x00,0x00,0x00,
	0x00,0x00,0x00,0x00,0x00,0x00,0x00,0x00,0x00,0x00,0x00,0x00,0x00,0x00,0x00,0x00,0x00,0x00,0x00,0x00,
	0x00,0x00,0x00,0x00,0x00,0x00,0x00,0x00,0x00,0x00,0x00,0x00,0x00,0x00,0x00,0x00,0x00,0x00,0x00,0x00,
	0x00,0x00,0x04,0x21,0x8A,0x52,0x86,0x31,0xD3,0x9C,0x38,0xC6,0x9A,0xCE,0xBA,0xD6,0xCF,0x73,0x4D,0x63,
	0x8E,0x6B,0x8E,0x6B,0x8E,0x6B,0x4D,0x6B,0xCF,0x73,0xB2,0x94,0x72,0x8C,0x6D,0x6B,0xEC,0x5A,0x49,0x4A,
	0x25,0x21,0xEC,0x5A,0x25,0x21,0xF3,0x9C,0xA3,0x10,0x2D,0x6B,0x8E,0x73,0x82,0x10,0x24,0x21,0x04,0x21,
	0x04,0x21,0x04,0x21,0x04,0x21,0x04,0x21,0xA3,0x18,0x4D,0x6B,0x45,0x29,0xCB,0x5A,0x65,0x29,0x2D,0x6B,
	0xA6,0x31,0x0C,0x63,0x2C,0x63,0x91,0x8C,0x65,0x29,0xA6,0x31,0xA7,0x39,0xE8,0x41,0x49,0x5A,0x8A,0x6A,
	0x6E,0x8B,0xCF,0x9B,0x72,0xB4,0x34,0xBD,0x95,0xCD,0x96,0xCD,0x96,0xCD,0x17,0xD6,0xF7,0xD5,0x38,0xDE,
	0xF7,0xD5,0x58,0xDE,0x38,0xDE,0xF7,0xD5,0x75,0xCD,0xF3,0xC4,0x34,0xC5,0x72,0xB4,0x8E,0x93,0x6D,0x8B,
	0xEB,0x72,0x29,0x52,0xC7,0x39,0x07,0x42,0xCB,0x5A,0xC3,0x10,0x49,0x42,0x8A,0x52,0x82,0x10,0xAB,0x5A,
	0xAA,0x52,0x61,0x08,0x8A,0x52,0x0C,0x63,0x82,0x10,0x49,0x4A,0x29,0x4A,0x21,0x08,0x8E,0x6B,0x50,0x84,
	0x6D,0x6B,0xB6,0xB5,0xCF,0x7B,0xC3,0x18,0xF7,0xBD,0x71,0x8C,0x6D,0x6B,0xE7,0x39,0xA3,0x10,0x86,0x31,
	0xEC,0x62,0x6D,0x6B,0x72,0x8C,0xF3,0x94,0x10,0x7C,0x2C,0x63,0x0C,0x5B,0xEC,0x5A,0x2C,0x63,0xAB,0x52,
	0xD3,0x9C,0x59,0xC6,0x96,0xB5,0x92,0x94,0xAA,0x52,0x86,0x29,0x66,0x29,0xAA,0x52,0x00,0x00,0x00,0x00,
	0x00,0x00,0x00,0x00,0x00,0x00,0x00,0x00,0x00,0x00,0x00,0x00,0x00,0x00,0x00,0x00,0x00,0x00,0x00,0x00,
	0x00,0x00,0x00,0x00,0x00,0x00,0x00,0x00,0x00,0x00,0x00,0x00,0x00,0x00,0x00,0x00,0x00,0x00,0x00,0x00,
	0x00,0x00,0x00,0x00,0x00,0x00,0x00,0x00,0x00,0x00,0x00,0x00,0x00,0x00,0x00,0x00,0x00,0x00,0x00,0x00,
	0x00,0x00,0x00,0x00,0x00,0x00,0x00,0x00,0x00,0x00,0x00,0x00,0x00,0x00,0x00,0x00,0x00,0x00,0x00,0x00,
	0x00,0x00,0x86,0x31,0xA7,0x39,0xAB,0x52,0x76,0xAD,0x38,0xC6,0xDB,0xD6,0x39,0xC6,0x4D,0x6B,0x6D,0x6B,
	0x8E,0x6B,0x8E,0x6B,0xEC,0x5A,0x2D,0x63,0x8E,0x6B,0xAF,0x73,0x0C,0x63,0x6A,0x4A,0xC7,0x39,0xE4,0x18,
	0x51,0x8C,0xD3,0x9C,0xEC,0x62,0xAE,0x73,0xAF,0x73,0xCF,0x7B,0xAE,0x73,0x82,0x10,0x04,0x21,0x04,0x21,
	0xA3,0x18,0xC7,0x39,0x69,0x4A,0x65,0x29,0x28,0x42,0x08,0x3A,0x69,0x4A,0x69,0x4A,0x69,0x4A,0x69,0x4A,
	0xC7,0x39,0xC6,0x39,0x65,0x39,0x8A,0x5A,0xEC,0x72,0x2C,0x8B,0x10,0xA4,0x75,0xCD,0x96,0xCD,0xF7,0xD5,
	0xD6,0xCD,0xB6,0xC5,0x75,0xBD,0x13,0xAD,0xB2,0xA4,0x71,0x9C,0x0F,0x94,0xAE,0x8B,0xAE,0x8B,0xAE,0x8B,
	0x8E,0x8B,0x8E,0x83,0xCF,0x93,0x10,0x94,0x91,0xA4,0xF3,0xAC,0x34,0xAD,0x75,0xBD,0xB6,0xC5,0xF7,0xD5,
	0xD7,0xD5,0x96,0xD5,0x14,0xC5,0x8E,0x9B,0x8D,0x8B,0x2D,0x73,0xE7,0x41,0xA6,0x31,0x45,0x21,0x69,0x4A,
	0xA7,0x31,0xE4,0x18,0xAF,0x73,0xA7,0x31,0x82,0x10,0xCF,0x7B,0xE7,0x39,0xA3,0x18,0x79,0xCE,0x8E,0x73,
	0x41,0x08,0x45,0x29,0x82,0x10,0x49,0x4A,0x4D,0x6B,0x69,0x4A,0xB2,0x94,0xA6,0x31,0x4D,0x6B,0xA6,0x31,
	0x04,0x21,0x29,0x42,0xEB,0x5A,0x6D,0x6B,0x14,0x9D,0xEF,0x7B,0x0C,0x63,0x2D,0x63,0xEC,0x5A,0xAA,0x52,
	0x51,0x84,0x79,0xCE,0xB7,0xB5,0x14,0xA5,0x4D,0x6B,0xE8,0x39,0x45,0x29,0x69,0x4A,0x20,0x00,0x00,0x00,
	0x00,0x00,0x00,0x00,0x00,0x00,0x00,0x00,0x00,0x00,0x00,0x00,0x00,0x00,0x00,0x00,0x00,0x00,0x00,0x00,
	0x00,0x00,0x00,0x00,0x00,0x00,0x00,0x00,0x00,0x00,0x00,0x00,0x00,0x00,0x00,0x00,0x00,0x00,0x00,0x00,
	0x00,0x00,0x00,0x00,0x00,0x00,0x00,0x00,0x00,0x00,0x00,0x00,0x00,0x00,0x00,0x00,0x00,0x00,0x00,0x00,
	0x00,0x00,0x00,0x00,0x00,0x00,0x00,0x00,0x00,0x00,0x00,0x00,0x00,0x00,0x00,0x00,0x00,0x00,0x00,0x00,
	0x00,0x00,0xC7,0x39,0xA7,0x39,0x10,0x7C,0xD7,0xB5,0x59,0xC6,0xFB,0xDE,0x96,0xAD,0x0D,0x5B,0x6E,0x6B,
	0xEF,0x73,0x51,0x84,0x2C,0x63,0xAE,0x73,0xAE,0x73,0x4D,0x6B,0x69,0x4A,0x25,0x29,0xE4,0x20,0xA3,0x10,
	0xAE,0x73,0xF4,0x9C,0x30,0x84,0x50,0x84,0x2D,0x63,0x8E,0x73,0x04,0x21,0x04,0x21,0xC7,0x31,0x04,0x21,
	0x66,0x31,0x04,0x21,0x4D,0x6B,0x24,0x21,0x8D,0x6B,0x65,0x29,0x0C,0x5B,0x25,0x21,0x28,0x42,0x65,0x39,
	0x8A,0x6A,0x0C,0x8B,0x30,0xAC,0x75,0xC5,0x17,0xCE,0x34,0xB5,0xD2,0xAC,0x30,0x94,0x6D,0x83,0xCB,0x7A,
	0x49,0x72,0x29,0x72,0xE7,0x71,0xA6,0x71,0xA6,0x71,0xC6,0x79,0xC7,0x79,0xE7,0x79,0xC7,0x79,0x49,0x82,
	0x6A,0x8A,0x66,0x79,0xC7,0x81,0xE7,0x81,0x66,0x79,0xC7,0x81,0xE8,0x81,0x08,0x7A,0x69,0x7A,0xEB,0x82,
	0xAE,0x93,0x10,0x9C,0xD2,0xA4,0x54,0xBD,0xF7,0xCD,0xD7,0xD5,0x71,0xB4,0xAE,0x9B,0xCB,0x7A,0x28,0x52,
	0xC7,0x39,0x86,0x29,0x8A,0x4A,0x04,0x19,0x08,0x42,0xAE,0x73,0x41,0x08,0xEB,0x5A,0x58,0xCE,0xE4,0x18,
	0x86,0x31,0xC7,0x39,0xE4,0x20,0xE4,0x18,0x82,0x10,0xE8,0x41,0xB2,0x94,0x8E,0x73,0xD3,0x9C,0x75,0xAD,
	0x0C,0x63,0xC3,0x18,0xA6,0x31,0x8A,0x52,0xEC,0x5A,0xAB,0x52,0x49,0x42,0x8A,0x52,0x2D,0x63,0x8A,0x52,
	0xAF,0x73,0x79,0xCE,0xF7,0xBD,0x75,0xAD,0x10,0x84,0x69,0x4A,0x66,0x31,0x29,0x42,0x04,0x21,0x00,0x00,
	0x00,0x00,0x00,0x00,0x00,0x00,0x00,0x00,0x00,0x00,0x00,0x00,0x00,0x00,0x00,0x00,0x00,0x00,0x00,0x00,
	0x00,0x00,0x00,0x00,0x00,0x00,0x00,0x00,0x00,0x00,0x00,0x00,0x00,0x00,0x00,0x00,0x00,0x00,0x00,0x00,
	0x00,0x00,0x00,0x00,0x00,0x00,0x00,0x00,0x00,0x00,0x00,0x00,0x00,0x00,0x00,0x00,0x00,0x00,0x00,0x00,
	0x00,0x00,0x00,0x00,0x00,0x00,0x00,0x00,0x00,0x00,0x00,0x00,0x00,0x00,0x00,0x00,0x00,0x00,0x00,0x00,
	0x62,0x10,0x86,0x31,0x49,0x4A,0x14,0x9D,0x18,0xBE,0x9A,0xCE,0xFB,0xDE,0xB2,0x94,0xEC,0x5A,0x92,0x8C,
	0x76,0xAD,0x10,0x7C,0x6D,0x6B,0x6D,0x6B,0x6A,0x4A,0x86,0x31,0xA3,0x18,0xAA,0x52,0x10,0x84,0x25,0x21,
	0xC3,0x18,0x29,0x42,0x71,0x8C,0x2C,0x63,0xAF,0x73,0x66,0x31,0xE4,0x20,0x82,0x10,0x2C,0x63,0xE7,0x39,
	0x69,0x4A,0x28,0x42,0x49,0x4A,0x49,0x4A,0xC7,0x31,0xC7,0x39,0x86,0x41,0xAA,0x72,0x6D,0x93,0xB2,0xBC,
	0x54,0xC5,0x54,0xBD,0x71,0xA4,0x8E,0x8B,0x69,0x72,0xE7,0x69,0x86,0x69,0xA6,0x71,0x86,0x79,0x08,0x8A,
	0x08,0x92,0x08,0x92,0x69,0x9A,0x48,0x9A,0x8A,0xA2,0xAA,0xA2,0x69,0x9A,0x28,0x9A,0x49,0x9A,0xAA,0xA2,
	0xEB,0xAA,0x66,0x99,0xE8,0xA1,0x28,0xAA,0x45,0x99,0xAA,0xAA,0x8A,0xA2,0x46,0x91,0x8A,0x9A,0xE8,0x91,
	0x86,0x89,0x08,0x8A,0xE7,0x81,0x48,0x82,0x8A,0x7A,0x8D,0x93,0x51,0xA4,0x13,0xB5,0x55,0xCD,0xD2,0xCC,
	0xCF,0xAB,0xEB,0x82,0xE7,0x49,0x86,0x29,0x08,0x3A,0xE7,0x39,0xA3,0x18,0xF7,0xBD,0xEF,0x7B,0x21,0x08,
	0x6D,0x6B,0x49,0x4A,0xA2,0x18,0x86,0x31,0x25,0x29,0xC4,0x18,0x8A,0x4A,0x8E,0x73,0x13,0x9D,0x10,0x84,
	0x4D,0x6B,0xCF,0x7B,0x83,0x10,0x25,0x29,0x28,0x42,0xCB,0x5A,0x6A,0x4A,0x49,0x42,0xF4,0x9C,0xCF,0x7B,
	0xEB,0x5A,0x18,0xC6,0x38,0xC6,0x96,0xB5,0xB2,0x94,0xEC,0x5A,0xE8,0x39,0xA7,0x31,0x04,0x21,0x00,0x00,
	0x00,0x00,0x00,0x00,0x00,0x00,0x00,0x00,0x00,0x00,0x00,0x00,0x00,0x00,0x00,0x00,0x00,0x00,0x00,0x00,
	0x00,0x00,0x00,0x00,0x00,0x00,0x00,0x00,0x00,0x00,0x00,0x00,0x00,0x00,0x00,0x00,0x00,0x00,0x00,0x00,
	0x00,0x00,0x00,0x00,0x00,0x00,0x00,0x00,0x00,0x00,0x00,0x00,0x00,0x00,0x00,0x00,0x00,0x00,0x00,0x00,
	0x00,0x00,0x00,0x00,0x00,0x00,0x00,0x00,0x00,0x00,0x00,0x00,0x00,0x00,0x00,0x00,0x00,0x00,0x00,0x00,
	0x86,0x31,0x49,0x4A,0x4D,0x6B,0x96,0xB5,0x59,0xC6,0x9A,0xD6,0xDB,0xD6,0x71,0x8C,0x14,0x9D,0xD3,0x94,
	0x6A,0x4A,0x0C,0x63,0x2D,0x63,0x29,0x42,0x04,0x21,0x45,0x29,0xEC,0x5A,0x34,0x9D,0xD3,0x94,0xB2,0x94,
	0xC3,0x18,0x29,0x42,0xAA,0x52,0x41,0x08,0x14,0xA5,0x34,0xA5,0xA3,0x18,0x49,0x4A,0x24,0x21,0x8D,0x6B,
	0x04,0x21,0x2C,0x63,0x25,0x21,0xE8,0x41,0xC7,0x51,0x0C,0x8B,0x92,0xB4,0x96,0xCD,0x55,0xBD,0x30,0x94,
	0xCA,0x72,0xE7,0x69,0xA7,0x69,0x86,0x79,0x2D,0x9B,0xAB,0x92,0xAA,0xA2,0x8A,0x9A,0xAA,0xA2,0x69,0xA2,
	0x69,0xA2,0xEB,0xAA,0xC7,0x99,0x49,0xA2,0xEB,0xB2,0xC7,0xA1,0xA7,0xA1,0xAE,0xB3,0x0F,0xB4,0xCB,0xAA,
	0xCB,0xB2,0x2C,0xB3,0x0C,0xBB,0x86,0xA9,0x86,0xA9,0x28,0xAA,0x08,0xB2,0x86,0xB1,0xCB,0xB2,0xC7,0xA9,
	0x86,0xA1,0x4C,0xB3,0xA7,0xA1,0x89,0xA2,0xAE,0xAB,0x86,0x81,0xE7,0x81,0x49,0x7A,0x0C,0x8B,0x10,0x9C,
	0x14,0xB5,0x55,0xC5,0x92,0xC4,0x8E,0xA3,0x69,0x6A,0xA6,0x39,0x86,0x31,0x51,0x8C,0x66,0x29,0x86,0x31,
	0xAE,0x73,0x82,0x10,0x66,0x31,0xCF,0x7B,0xE4,0x18,0x04,0x21,0xC3,0x18,0x82,0x10,0xEC,0x5A,0x2D,0x63,
	0xF3,0x9C,0xC7,0x39,0xC4,0x18,0xE4,0x18,0x04,0x21,0x86,0x31,0xCB,0x5A,0xAA,0x52,0x29,0x42,0x72,0x8C,
	0x72,0x8C,0xF3,0x9C,0x79,0xCE,0xB6,0xB5,0x14,0xA5,0x8E,0x73,0x69,0x4A,0xC7,0x31,0x8A,0x52,0x21,0x08,
	0x00,0x00,0x00,0x00,0x00,0x00,0x00,0x00,0x00,0x00,0x00,0x00,0x00,0x00,0x00,0x00,0x00,0x00,0x00,0x00,
	0x00,0x00,0x00,0x00,0x00,0x00,0x00,0x00,0x00,0x00,0x00,0x00,0x00,0x00,0x00,0x00,0x00,0x00,0x00,0x00,
	0x00,0x00,0x00,0x00,0x00,0x00,0x00,0x00,0x00,0x00,0x00,0x00,0x00,0x00,0x00,0x00,0x00,0x00,0x00,0x00,
	0x00,0x00,0x00,0x00,0x00,0x00,0x00,0x00,0x00,0x00,0x00,0x00,0x00,0x00,0x00,0x00,0x00,0x00,0x00,0x00,
	0x8A,0x52,0x69,0x4A,0x92,0x8C,0xF7,0xBD,0x59,0xC6,0xFB,0xDE,0xF7,0xBD,0x10,0x7C,0x10,0x7C,0x8A,0x52,
	0x2D,0x6B,0xAA,0x52,0xA7,0x31,0xC3,0x18,0xE8,0x39,0x72,0x8C,0x34,0xA5,0x30,0x84,0x71,0x8C,0xAE,0x73,
	0xC3,0x18,0xA3,0x18,0xC3,0x18,0xE4,0x20,0x25,0x21,0xBA,0xD6,0xE7,0x39,0x0C,0x63,0xC7,0x39,0x69,0x4A,
	0xC7,0x39,0x86,0x39,0x8A,0x72,0x8E,0x9B,0xF3,0xBC,0x34,0xB5,0xEF,0x8B,0xAA,0x72,0xA6,0x69,0xC7,0x71,
	0xA6,0x81,0xAA,0x9A,0x49,0x92,0xAA,0xAA,0x10,0xB4,0x30,0xB4,0xA6,0xA1,0x28,0xAA,0xCB,0xB2,0x65,0xA1,
	0xE7,0xA9,0x69,0xB2,0x65,0xA9,0xA6,0xB1,0xE7,0xB1,0x86,0xB1,0x86,0xB1,0xD3,0xC4,0xB2,0xBC,0xAE,0xBB,
	0xAB,0xAA,0xD7,0xD5,0xAB,0xB2,0x65,0xB9,0xA6,0xB9,0x86,0xB1,0x86,0xB9,0xA6,0xB9,0xA6,0xB1,0xA6,0xB9,
	0xA6,0xB1,0x28,0xBA,0x45,0xB1,0x8E,0xBB,0xB2,0xC4,0x24,0xA1,0x0C,0xB3,0x29,0x9A,0x65,0x91,0x08,0x8A,
	0x08,0x82,0xEB,0x82,0x50,0xA4,0x34,0xBD,0x14,0xC5,0xEF,0xAB,0xCB,0x7A,0xC7,0x49,0x45,0x29,0x28,0x42,
	0xE8,0x39,0x82,0x10,0x6D,0x6B,0x28,0x42,0x61,0x08,0x0C,0x63,0x08,0x42,0xC3,0x18,0x62,0x10,0x25,0x21,
	0x10,0x84,0xAA,0x52,0x42,0x08,0x8A,0x4A,0xAE,0x73,0x62,0x10,0xE4,0x18,0x69,0x4A,0x8A,0x52,0xE4,0x18,
	0xEC,0x5A,0x31,0x84,0xF8,0xBD,0x18,0xC6,0x55,0xA5,0x10,0x7C,0xEC,0x5A,0x08,0x3A,0xCB,0x5A,0x04,0x21,
	0x00,0x00,0x00,0x00,0x00,0x00,0x00,0x00,0x00,0x00,0x00,0x00,0x00,0x00,0x00,0x00,0x00,0x00,0x00,0x00,
	0x00,0x00,0x00,0x00,0x00,0x00,0x00,0x00,0x00,0x00,0x00,0x00,0x00,0x00,0x00,0x00,0x00,0x00,0x00,0x00,
	0x00,0x00,0x00,0x00,0x00,0x00,0x00,0x00,0x00,0x00,0x00,0x00,0x00,0x00,0x00,0x00,0x00,0x00,0x00,0x00,
	0x00,0x00,0x00,0x00,0x00,0x00,0x00,0x00,0x00,0x00,0x00,0x00,0x00,0x00,0x00,0x00,0x00,0x00,0xC3,0x18,
	0x0C,0x63,0xCB,0x52,0x75,0xAD,0x18,0xBE,0x9A,0xCE,0xBB,0xD6,0xF0,0x7B,0x4D,0x6B,0x8E,0x6B,0x6E,0x6B,
	0x6A,0x52,0x66,0x29,0xA3,0x18,0x4D,0x63,0x2C,0x63,0xF3,0x9C,0x92,0x8C,0xCF,0x7B,0xA7,0x31,0xE8,0x39,
	0xEC,0x5A,0xC7,0x39,0x45,0x29,0xE7,0x39,0x86,0x31,0x8E,0x73,0xF8,0xBD,0x65,0x29,0x69,0x4A,0x25,0x31,
	0xCB,0x7A,0x92,0xB4,0x55,0xC5,0xB2,0xA4,0x2C,0x7B,0xA6,0x61,0x65,0x69,0x66,0x79,0x89,0x9A,0x28,0x9A,
	0x89,0xA2,0xAA,0xA2,0xAA,0xAA,0x65,0xA9,0x0C,0xB3,0x34,0xC5,0x45,0xA9,0xA6,0xB1,0xA6,0xB1,0xA6,0xB1,
	0xA6,0xB9,0x86,0xB9,0xC7,0xC1,0xC7,0xC9,0xC6,0xC1,0xC7,0xC9,0xE7,0xC1,0xAE,0xCB,0xCB,0xBA,0x4C,0xCB,
	0x6D,0xCB,0x6D,0xC3,0xAE,0xD3,0xE7,0xC9,0xE7,0xC9,0xC7,0xC9,0xA6,0xC9,0xA6,0xC9,0xA6,0xC1,0xA6,0xB9,
	0xA6,0xB9,0xA6,0xC1,0x45,0xB9,0xD3,0xCC,0x6D,0xBB,0x45,0xB1,0x8A,0xBA,0xC7,0xB1,0x28,0xB2,0x2C,0xBB,
	0x86,0xA1,0x28,0x9A,0x08,0x8A,0x28,0x82,0x6D,0x93,0xF3,0xB4,0x54,0xBD,0x96,0xC5,0xEF,0x8B,0xC7,0x49,
	0x66,0x29,0x86,0x31,0x4D,0x6B,0xA2,0x10,0xC7,0x39,0x8E,0x73,0xA3,0x18,0x66,0x31,0x69,0x4A,0x82,0x10,
	0x45,0x29,0x49,0x4A,0x45,0x29,0x14,0xA5,0xC3,0x18,0x8A,0x52,0x6D,0x6B,0xA3,0x18,0x08,0x42,0xEC,0x5A,
	0xE8,0x41,0x49,0x42,0x6D,0x6B,0xF7,0xBD,0x76,0xAD,0x92,0x8C,0x4D,0x63,0x49,0x4A,0xAA,0x4A,0x69,0x4A,
	0x00,0x00,0x00,0x00,0x00,0x00,0x00,0x00,0x00,0x00,0x00,0x00,0x00,0x00,0x00,0x00,0x00,0x00,0x00,0x00,
	0x00,0x00,0x00,0x00,0x00,0x00,0x00,0x00,0x00,0x00,0x00,0x00,0x00,0x00,0x00,0x00,0x00,0x00,0x00,0x00,
	0x00,0x00,0x00,0x00,0x00,0x00,0x00,0x00,0x00,0x00,0x00,0x00,0x00,0x00,0x00,0x00,0x00,0x00,0x00,0x00,
	0x00,0x00,0x00,0x00,0x00,0x00,0x00,0x00,0x00,0x00,0x00,0x00,0x00,0x00,0x00,0x00,0x00,0x00,0x04,0x21,
	0x8A,0x52,0x10,0x7C,0xD7,0xB5,0x39,0xC6,0x1C,0xDF,0xF3,0x94,0x0C,0x63,0x8E,0x73,0x0C,0x63,0xE8,0x39,
	0x24,0x21,0x65,0x29,0x0C,0x63,0x96,0xB5,0xCF,0x7B,0x6D,0x6B,0x0C,0x63,0x21,0x08,0xE7,0x39,0x5C,0xE7,
	0x96,0xB5,0xA7,0x31,0x2C,0x63,0xC3,0x18,0x8E,0x73,0x65,0x29,0xCF,0x7B,0xE7,0x41,0xCB,0x72,0x92,0xBC,
	0x55,0xBD,0x71,0x9C,0x8A,0x72,0xA6,0x69,0x86,0x71,0x49,0x92,0x29,0x9A,0x89,0xA2,0xEB,0xAA,0x89,0xAA,
	0x86,0xA1,0xE7,0xA9,0x28,0xB2,0x85,0xB1,0x28,0xBA,0x6E,0xC3,0xC7,0xC1,0xA6,0xC1,0xC7,0xC9,0xE7,0xC1,
	0xC7,0xB9,0xA7,0xA9,0x86,0x99,0x66,0x89,0x45,0x79,0x25,0x71,0x66,0x71,0x04,0x59,0x45,0x61,0x65,0x61,
	0x45,0x61,0x24,0x61,0x85,0x69,0x86,0x79,0x86,0x81,0xC6,0x91,0xC7,0xA9,0xC7,0xB9,0x08,0xC2,0x08,0xCA,
	0xE7,0xD1,0xE7,0xD1,0xA6,0xC1,0xCF,0xCB,0x49,0xBA,0x86,0xB9,0xA6,0xB9,0xA6,0xC1,0xC7,0xB9,0xE8,0xB9,
	0xA6,0xB1,0x0C,0xB3,0x49,0xAA,0xC7,0xA1,0x69,0x92,0xE8,0x89,0xCB,0x8A,0x71,0xA4,0x55,0xBD,0x51,0xB4,
	0xCB,0x82,0x08,0x52,0x86,0x31,0xE4,0x18,0x4D,0x6B,0xA6,0x31,0x62,0x08,0x8E,0x73,0x49,0x4A,0x42,0x08,
	0x96,0xB5,0xEF,0x7B,0x04,0x21,0x30,0x84,0xEC,0x62,0x34,0xA5,0x34,0xA5,0x0C,0x63,0x41,0x08,0x45,0x29,
	0xAB,0x5A,0x29,0x42,0x86,0x31,0x14,0xA5,0xD7,0xB5,0xF3,0x9C,0xCF,0x73,0xAA,0x52,0x69,0x4A,0x0C,0x63,
	0x00,0x00,0x00,0x00,0x00,0x00,0x00,0x00,0x00,0x00,0x00,0x00,0x00,0x00,0x00,0x00,0x00,0x00,0x00,0x00,
	0x00,0x00,0x00,0x00,0x00,0x00,0x00,0x00,0x00,0x00,0x00,0x00,0x00,0x00,0x00,0x00,0x00,0x00,0x00,0x00,
	0x00,0x00,0x00,0x00,0x00,0x00,0x00,0x00,0x00,0x00,0x00,0x00,0x00,0x00,0x00,0x00,0x00,0x00,0x00,0x00,
	0x00,0x00,0x00,0x00,0x00,0x00,0x00,0x00,0x00,0x00,0x00,0x00,0x00,0x00,0x00,0x00,0x00,0x00,0x86,0x31,
	0xCB,0x5A,0x14,0x9D,0xF8,0xBD,0xDB,0xD6,0x76,0xAD,0xAA,0x52,0x0C,0x63,0x4C,0x63,0x08,0x42,0x05,0x21,
	0x25,0x21,0x51,0x8C,0xB2,0x94,0x08,0x42,0xB6,0xB5,0xCB,0x5A,0xC3,0x18,0x45,0x29,0x86,0x31,0x8D,0x6B,
	0x79,0xCE,0x24,0x21,0xEC,0x5A,0x08,0x42,0x45,0x29,0xE7,0x41,0x69,0x62,0x51,0xA4,0x95,0xC5,0x0F,0x9C,
	0x08,0x6A,0xA6,0x71,0xA6,0x81,0x8A,0xA2,0x49,0x9A,0x0C,0xB3,0x28,0xAA,0x86,0xA9,0xC7,0xB1,0xE7,0xB1,
	0x86,0xB9,0xA6,0xB9,0xC7,0xC1,0xE7,0xC1,0x86,0xB1,0x45,0xA1,0x45,0x89,0x86,0x71,0x04,0x51,0x82,0x30,
	0x62,0x20,0x41,0x18,0x21,0x08,0x21,0x08,0x21,0x00,0x00,0x00,0xE8,0x31,0x52,0x74,0x4E,0x53,0xEC,0x4A,
	0xAF,0x63,0x31,0x74,0x04,0x19,0x00,0x00,0x00,0x00,0x00,0x00,0x00,0x08,0x62,0x18,0x82,0x30,0xE4,0x50,
	0x45,0x69,0x86,0x89,0xC7,0xA9,0xC7,0xB9,0xE7,0xC9,0xC7,0xD1,0xA7,0xC9,0xA6,0xC1,0xA6,0xC1,0xA6,0xC1,
	0xA6,0xB9,0xE7,0xB9,0x86,0xB1,0x49,0xB2,0xEB,0xB2,0x86,0x99,0x0C,0xA3,0x49,0x8A,0xAA,0x8A,0x71,0xA4,
	0x14,0xBD,0x10,0xAC,0xCB,0x82,0x08,0x4A,0x86,0x29,0xA3,0x10,0x8A,0x52,0x4D,0x6B,0x21,0x00,0xAE,0x73,
	0x18,0xC6,0x04,0x21,0xA2,0x10,0x82,0x10,0x0C,0x63,0xF3,0x9C,0x13,0x9D,0x0F,0x84,0x92,0x94,0x66,0x31,
	0x04,0x21,0x8A,0x52,0x8A,0x52,0xCF,0x7B,0x96,0xAD,0x55,0xAD,0x51,0x84,0x2C,0x63,0x69,0x42,0xCB,0x5A,
	0xA2,0x10,0x00,0x00,0x00,0x00,0x00,0x00,0x00,0x00,0x00,0x00,0x00,0x00,0x00,0x00,0x00,0x00,0x00,0x00,
	0x00,0x00,0x00,0x00,0x00,0x00,0x00,0x00,0x00,0x00,0x00,0x00,0x00,0x00,0x00,0x00,0x00,0x00,0x00,0x00,
	0x00,0x00,0x00,0x00,0x00,0x00,0x00,0x00,0x00,0x00,0x00,0x00,0x00,0x00,0x00,0x00,0x00,0x00,0x00,0x00,
	0x00,0x00,0x00,0x00,0x00,0x00,0x00,0x00,0x00,0x00,0x00,0x00,0x00,0x00,0x00,0x00,0x82,0x10,0x69,0x4A,
	0x8E,0x6B,0xB7,0xB5,0x9A,0xCE,0x96,0xAD,0x6A,0x4A,0xAB,0x52,0x2C,0x63,0x08,0x42,0x04,0x21,0x21,0x00,
	0x8E,0x73,0xEC,0x5A,0xEB,0x5A,0x0C,0x63,0x25,0x29,0xE4,0x20,0x04,0x21,0xC3,0x18,0x8E,0x73,0x25,0x29,
	0xE7,0x39,0xA6,0x31,0x24,0x21,0x28,0x4A,0x69,0x5A,0x50,0x9C,0x75,0xC5,0x30,0x9C,0x69,0x72,0x45,0x61,
	0x49,0x92,0x28,0x92,0x4C,0xB3,0x28,0xA2,0x69,0xAA,0xE7,0xA9,0xE7,0xB1,0x65,0xB1,0x86,0xB9,0xA7,0xC9,
	0xE7,0xC1,0xC7,0xB1,0x65,0x81,0x65,0x61,0xC7,0x51,0x25,0x29,0x2D,0x5B,0x4D,0x5B,0xC3,0x10,0x00,0x00,
	0x41,0x00,0x41,0x08,0x41,0x08,0x41,0x08,0x41,0x08,0x61,0x08,0x41,0x08,0xAB,0x4A,0x31,0x7C,0x6A,0x42,
	0x10,0x74,0x0D,0x5B,0x6E,0x63,0xA7,0x31,0x49,0x42,0xE8,0x31,0xE8,0x31,0x62,0x08,0xE4,0x18,0x41,0x00,
	0x41,0x00,0x41,0x00,0x41,0x18,0xA2,0x30,0x04,0x51,0x66,0x81,0xC7,0xB1,0xE7,0xC9,0xE7,0xD1,0xC7,0xC9,
	0xA6,0xC1,0xA6,0xB9,0xA6,0xB9,0xC7,0xB9,0xA6,0xB9,0x29,0xB2,0x96,0xD5,0x28,0xA2,0xE7,0x99,0x08,0x8A,
	0xAA,0x92,0x71,0xAC,0x13,0xBD,0x6E,0xA3,0x8A,0x6A,0xC7,0x39,0x29,0x42,0x24,0x21,0x28,0x42,0xDA,0xD6,
	0x08,0x42,0xA3,0x18,0xAA,0x52,0xE7,0x39,0xC7,0x39,0xA6,0x31,0xAE,0x73,0x30,0x84,0xB2,0x94,0xAB,0x52,
	0xA3,0x18,0xA3,0x10,0xE8,0x39,0x2C,0x63,0x69,0x4A,0x14,0x9D,0xD3,0x94,0x6D,0x6B,0x8A,0x4A,0xAA,0x52,
	0x86,0x31,0x00,0x00,0x00,0x00,0x00,0x00,0x00,0x00,0x00,0x00,0x00,0x00,0x00,0x00,0x00,0x00,0x00,0x00,
	0x00,0x00,0x00,0x00,0x00,0x00,0x00,0x00,0x00,0x00,0x00,0x00,0x00,0x00,0x00,0x00,0x00,0x00,0x00,0x00,
	0x00,0x00,0x00,0x00,0x00,0x00,0x00,0x00,0x00,0x00,0x00,0x00,0x00,0x00,0x00,0x00,0x00,0x00,0x00,0x00,
	0x00,0x00,0x00,0x00,0x00,0x00,0x00,0x00,0x00,0x00,0x00,0x00,0x00,0x00,0x00,0x00,0xC7,0x39,0x4D,0x6B,
	0xD3,0x94,0xD7,0xB5,0x35,0xA5,0xCB,0x52,0xAA,0x52,0x0C,0x63,0x86,0x31,0xC3,0x18,0xE8,0x39,0xAB,0x52,
	0x21,0x00,0x71,0x8C,0xE7,0x39,0x45,0x21,0xC3,0x18,0xC3,0x18,0x25,0x21,0x66,0x29,0x24,0x21,0x10,0x84,
	0x04,0x21,0xE4,0x18,0x25,0x39,0xEB,0x7A,0x75,0xBD,0x71,0x9C,0x89,0x72,0x04,0x61,0xEB,0x9A,0xEB,0xA2,
	0x28,0xA2,0xE8,0xA9,0x69,0xB2,0xE7,0xB1,0x86,0xB1,0x86,0xB9,0xA6,0xC9,0xC7,0xC1,0xA7,0xA9,0x25,0x79,
	0xC3,0x40,0x20,0x10,0xA7,0x31,0x51,0x74,0x6E,0x63,0xC7,0x31,0x10,0x74,0x4E,0x5B,0x0C,0x5B,0x20,0x00,
	0x41,0x08,0x41,0x08,0x41,0x08,0x41,0x08,0x41,0x08,0x41,0x08,0x61,0x08,0x00,0x00,0x49,0x42,0x52,0x7C,
	0xE4,0x18,0x82,0x10,0x24,0x21,0xCB,0x52,0x72,0x84,0x0C,0x5B,0x72,0x7C,0x4D,0x5B,0x10,0x74,0x62,0x08,
	0x61,0x08,0x61,0x08,0x61,0x08,0x41,0x00,0x41,0x00,0x20,0x00,0x61,0x10,0xC3,0x38,0x45,0x71,0xC7,0xA1,
	0xE7,0xC9,0xE7,0xD1,0xC6,0xC9,0xC6,0xC1,0x65,0xB9,0x51,0xCC,0x51,0xC4,0x44,0xA9,0x0C,0xB3,0x28,0xAA,
	0x86,0x91,0x08,0x8A,0x2C,0x93,0xB2,0xAC,0x72,0xB4,0x0C,0x93,0x49,0x52,0x04,0x19,0x72,0x8C,0x51,0x8C,
	0x00,0x00,0x2D,0x6B,0x69,0x4A,0x4C,0x63,0xBE,0xF7,0xCB,0x5A,0x04,0x21,0xB2,0x94,0x92,0x94,0x82,0x10,
	0xA3,0x10,0x4D,0x6B,0x08,0x42,0x08,0x42,0xCB,0x52,0xE7,0x39,0xF3,0x9C,0xCF,0x73,0xAA,0x52,0x8A,0x4A,
	0xCB,0x5A,0x20,0x00,0x00,0x00,0x00,0x00,0x00,0x00,0x00,0x00,0x00,0x00,0x00,0x00,0x00,0x00,0x00,0x00,
	0x00,0x00,0x00,0x00,0x00,0x00,0x00,0x00,0x00,0x00,0x00,0x00,0x00,0x00,0x00,0x00,0x00,0x00,0x00,0x00,
	0x00,0x00,0x00,0x00,0x00,0x00,0x00,0x00,0x00,0x00,0x00,0x00,0x00,0x00,0x00,0x00,0x00,0x00,0x00,0x00,
	0x00,0x00,0x00,0x00,0x00,0x00,0x00,0x00,0x00,0x00,0x00,0x00,0x00,0x00,0x00,0x00,0xAA,0x52,0xEF,0x7B,
	0x13,0x9D,0x8E,0x73,0xAB,0x52,0x6D,0x6B,0x6D,0x6B,0x45,0x29,0x08,0x42,0xA7,0x31,0x82,0x10,0x71,0x8C,
	0x10,0x84,0xCB,0x5A,0x24,0x21,0xC3,0x18,0x66,0x31,0x8A,0x52,0x82,0x10,0xAE,0x73,0x86,0x31,0x28,0x42,
	0x49,0x4A,0xC7,0x51,0x51,0xA4,0x13,0xB5,0xEB,0x7A,0xA6,0x69,0x86,0x79,0x69,0x9A,0x08,0xA2,0x8E,0xBB,
	0x69,0xB2,0x66,0xB1,0x86,0xB1,0x86,0xB9,0xC7,0xC9,0xE7,0xC1,0x65,0x89,0xC3,0x48,0x41,0x18,0x20,0x00,
	0x21,0x00,0x00,0x00,0x25,0x21,0x6D,0x63,0x6E,0x63,0x6E,0x63,0x6A,0x42,0xAF,0x63,0xCB,0x4A,0x20,0x00,
	0x41,0x08,0x41,0x08,0x41,0x08,0x62,0x08,0x62,0x08,0x41,0x08,0x62,0x08,0x62,0x10,0x41,0x08,0x41,0x08,
	0x62,0x08,0x82,0x08,0x41,0x00,0x04,0x19,0xA3,0x10,0xE8,0x31,0xA7,0x29,0x8A,0x4A,0x4A,0x42,0xE8,0x39,
	0x61,0x08,0x62,0x08,0x61,0x08,0x61,0x08,0x62,0x08,0x62,0x10,0x41,0x08,0x41,0x00,0x21,0x00,0x41,0x10,
	0xA3,0x38,0x04,0x71,0x86,0xB1,0xE8,0xD1,0xC7,0xC1,0x51,0xCC,0x6A,0xBA,0xA6,0xC1,0xE7,0xB9,0x86,0xB1,
	0xAA,0xB2,0xAA,0xB2,0x65,0x91,0x08,0x8A,0xCF,0xA3,0xF3,0xB4,0xCF,0xAB,0xAB,0x7A,0xA7,0x39,0xA3,0x18,
	0x28,0x42,0xAE,0x73,0x62,0x10,0x95,0xAD,0x96,0xB5,0x69,0x4A,0x62,0x10,0xC3,0x18,0x89,0x4A,0x25,0x29,
	0x71,0x8C,0x54,0xA5,0xB2,0x94,0x08,0x42,0x08,0x42,0xEB,0x5A,0x0C,0x5B,0x6D,0x6B,0xEB,0x5A,0x89,0x4A,
	0x2C,0x63,0x41,0x08,0x00,0x00,0x00,0x00,0x00,0x00,0x00,0x00,0x00,0x00,0x00,0x00,0x00,0x00,0x00,0x00,
	0x00,0x00,0x00,0x00,0x00,0x00,0x00,0x00,0x00,0x00,0x00,0x00,0x00,0x00,0x00,0x00,0x00,0x00,0x00,0x00,
	0x00,0x00,0x00,0x00,0x00,0x00,0x00,0x00,0x00,0x00,0x00,0x00,0x00,0x00,0x00,0x00,0x00,0x00,0x00,0x00,
	0x00,0x00,0x00,0x00,0x00,0x00,0x00,0x00,0x00,0x00,0x00,0x00,0x00,0x00,0x21,0x08,0x6A,0x4A,0x35,0xA5,
	0xB2,0x8C,0xAA,0x52,0x2C,0x63,0xCF,0x73,0x86,0x31,0x29,0x4A,0xB2,0x94,0x0C,0x63,0xE8,0x39,0xE4,0x18,
	0x8E,0x73,0xE4,0x20,0xE4,0x20,0x04,0x21,0x82,0x10,0x4D,0x6B,0x28,0x42,0x25,0x21,0xEB,0x5A,0xC3,0x20,
	0xAA,0x72,0x34,0xB5,0x71,0x9C,0x28,0x72,0x65,0x71,0x28,0x92,0xE7,0x99,0x28,0x9A,0x8E,0xBB,0xCB,0xAA,
	0x10,0xC4,0xE7,0xB9,0xE7,0xC9,0xC7,0xB1,0x24,0x71,0x62,0x30,0x20,0x00,0x21,0x00,0x41,0x08,0x41,0x08,
	0x41,0x08,0x41,0x08,0x41,0x08,0xEC,0x52,0x2D,0x5B,0xA6,0x31,0x45,0x21,0x25,0x21,0x21,0x00,0x41,0x08,
	0x21,0x08,0x21,0x08,0x61,0x10,0x41,0x10,0x41,0x08,0x41,0x08,0x61,0x08,0x82,0x10,0x82,0x08,0x82,0x10,
	0x82,0x08,0x61,0x08,0x82,0x08,0x41,0x08,0x82,0x20,0x00,0x00,0x21,0x00,0x00,0x00,0x41,0x08,0x82,0x10,
	0x62,0x08,0x62,0x08,0x62,0x08,0x62,0x08,0x62,0x08,0x62,0x08,0x62,0x08,0x62,0x08,0x62,0x08,0x20,0x00,
	0x24,0x19,0xAF,0x63,0xA7,0x41,0x45,0x61,0xA6,0xA1,0xC7,0xC9,0xC7,0xC9,0xA6,0xC1,0x86,0xC1,0xA6,0xC1,
	0x28,0xBA,0xC7,0xB1,0x49,0xB2,0xCB,0xAA,0x65,0x89,0xAA,0x92,0x92,0xB4,0xF0,0xAB,0xAE,0x8B,0xAB,0x52,
	0xA7,0x31,0xE4,0x20,0xA6,0x31,0x4D,0x6B,0xA3,0x18,0xA2,0x10,0x29,0x42,0xE4,0x20,0x62,0x10,0x8E,0x73,
	0xF3,0x9C,0xCF,0x73,0xB6,0xB5,0xAA,0x52,0x82,0x10,0x08,0x3A,0xAA,0x52,0x08,0x42,0x6A,0x4A,0x6A,0x4A,
	0xEC,0x5A,0x45,0x29,0x00,0x00,0x00,0x00,0x00,0x00,0x00,0x00,0x00,0x00,0x00,0x00,0x00,0x00,0x00,0x00,
	0x00,0x00,0x00,0x00,0x00,0x00,0x00,0x00,0x00,0x00,0x00,0x00,0x00,0x00,0x00,0x00,0x00,0x00,0x00,0x00,
	0x00,0x00,0x00,0x00,0x00,0x00,0x00,0x00,0x00,0x00,0x00,0x00,0x00,0x00,0x00,0x00,0x00,0x00,0x00,0x00,
	0x00,0x00,0x00,0x00,0x00,0x00,0x00,0x00,0x00,0x00,0x21,0x08,0x00,0x00,0x86,0x31,0xF0,0x7B,0xB6,0xB5,
	0xEB,0x5A,0x8A,0x52,0x2C,0x63,0x66,0x31,0x00,0x00,0x8E,0x73,0xB6,0xB5,0x30,0x84,0x55,0xAD,0xC7,0x39,
	0x41,0x08,0x25,0x29,0xC3,0x18,0x66,0x29,0x6A,0x4A,0x82,0x10,0x8E,0x73,0x45,0x21,0x45,0x41,0xCF,0x9B,
	0x34,0xB5,0x4C,0x83,0xA6,0x71,0x86,0x89,0x0B,0xAB,0xE8,0xA1,0xEF,0xBB,0x71,0xBC,0x71,0xBC,0xCF,0xBB,
	0x8E,0xCB,0xC7,0xA1,0xE4,0x58,0x41,0x18,0x00,0x00,0x21,0x00,0x41,0x08,0x41,0x08,0x41,0x08,0x41,0x08,
	0x41,0x08,0x41,0x08,0x61,0x08,0xE4,0x18,0x41,0x08,0x00,0x00,0x21,0x08,0x21,0x10,0x62,0x08,0xA2,0x10,
	0xC3,0x10,0xC3,0x10,0x07,0x6A,0x65,0x49,0x04,0x11,0x45,0x21,0x86,0x29,0x45,0x21,0xA7,0x31,0x86,0x29,
	0x45,0x21,0x45,0x21,0x24,0x19,0x24,0x21,0x28,0x82,0xC3,0x20,0xC3,0x10,0xA3,0x10,0x82,0x08,0x82,0x10,
	0xA3,0x28,0x41,0x08,0x41,0x08,0x62,0x08,0x42,0x08,0x62,0x08,0x62,0x08,0x62,0x08,0x62,0x08,0x41,0x08,
	0x04,0x21,0xC8,0x31,0x72,0x7C,0x0D,0x53,0x24,0x29,0x65,0x59,0x85,0x99,0xE8,0xD1,0xA7,0xD1,0xA6,0xC1,
	0xA6,0xC1,0x86,0xB9,0x29,0xBA,0x08,0xB2,0x07,0xAA,0x69,0xA2,0xE7,0x89,0x6D,0x93,0xD3,0xAC,0xAE,0x9B,
	0x29,0x62,0x24,0x21,0x69,0x4A,0xC7,0x39,0x41,0x08,0x2C,0x63,0xEC,0x5A,0x82,0x10,0xC3,0x18,0x29,0x42,
	0x10,0x84,0xF3,0x9C,0x71,0x8C,0x51,0x8C,0x75,0xAD,0x49,0x42,0xC7,0x39,0xAB,0x52,0x69,0x4A,0xCB,0x5A,
	0xAB,0x52,0xA6,0x31,0x00,0x00,0x00,0x00,0x00,0x00,0x00,0x00,0x00,0x00,0x00,0x00,0x00,0x00,0x00,0x00,
	0x00,0x00,0x00,0x00,0x00,0x00,0x00,0x00,0x00,0x00,0x00,0x00,0x00,0x00,0x00,0x00,0x00,0x00,0x00,0x00,
	0x00,0x00,0x00,0x00,0x00,0x00,0x00,0x00,0x00,0x00,0x00,0x00,0x00,0x00,0x00,0x00,0x00,0x00,0x00,0x00,
	0x00,0x00,0x00,0x00,0x00,0x00,0x00,0x00,0x00,0x00,0x00,0x00,0x00,0x00,0x8A,0x52,0x55,0xA5,0x2D,0x63,
	0x08,0x42,0x6E,0x6B,0x65,0x29,0xE7,0x39,0x96,0xB5,0xA6,0x31,0xAB,0x5A,0xE8,0x39,0xF3,0x9C,0xC7,0x39,
	0xA3,0x18,0x08,0x42,0x0C,0x63,0x41,0x08,0x4D,0x6B,0x69,0x4A,0xC3,0x18,0x08,0x5A,0x51,0xAC,0xD2,0xAC,
	0x89,0x72,0x25,0x71,0x8A,0xA2,0xCB,0xB2,0xC7,0xA1,0xA6,0xA9,0xCE,0xC3,0x91,0xC4,0xAE,0xC3,0xE7,0x99,
	0xE3,0x58,0x04,0x29,0x6E,0x5B,0xCF,0x6B,0x82,0x10,0x41,0x08,0x41,0x08,0x41,0x08,0x41,0x08,0x41,0x08,
	0x41,0x08,0x20,0x00,0x21,0x08,0x41,0x08,0xA3,0x10,0xC3,0x10,0x86,0x49,0x08,0x72,0x45,0x21,0xA7,0x31,
	0xC7,0x31,0xC6,0x29,0x69,0x7A,0x28,0x6A,0xA7,0x29,0x08,0x3A,0xC7,0x31,0x49,0x4A,0x9A,0xD6,0x55,0xA5,
	0x66,0x29,0xA6,0x31,0x66,0x21,0x86,0x39,0x69,0x92,0x24,0x29,0x45,0x21,0x24,0x21,0xE4,0x10,0x86,0x49,
	0xE7,0x79,0x82,0x08,0xA3,0x10,0x62,0x08,0x61,0x08,0x41,0x08,0x61,0x10,0x62,0x08,0x62,0x08,0x61,0x08,
	0x41,0x08,0xEC,0x52,0xCB,0x4A,0x69,0x42,0x10,0x74,0x8E,0x5B,0x45,0x29,0xC3,0x50,0xA6,0xB1,0xE7,0xD1,
	0xA6,0xC9,0x86,0xC1,0x86,0xC1,0x86,0xB9,0x69,0xBA,0x69,0xB2,0xC7,0xA1,0x8A,0x92,0xCB,0x92,0x30,0xA4,
	0x6E,0xA3,0xCB,0x82,0xC7,0x39,0x82,0x10,0x8A,0x52,0x6D,0x6B,0x41,0x08,0xC7,0x39,0x6D,0x6B,0x21,0x08,
	0x28,0x42,0xCF,0x7B,0x92,0x94,0x69,0x4A,0xA6,0x31,0x34,0xA5,0x82,0x10,0x28,0x42,0xEB,0x5A,0x4D,0x6B,
	0xEC,0x5A,0x6A,0x4A,0x20,0x00,0x00,0x00,0x00,0x00,0x00,0x00,0x00,0x00,0x00,0x00,0x00,0x00,0x20,0x00,
	0x00,0x00,0x00,0x00,0x00,0x00,0x00,0x00,0x00,0x00,0x00,0x00,0x20,0x00,0x00,0x00,0x00,0x00,0x00,0x00,
	0x00,0x00,0x00,0x00,0x00,0x00,0x00,0x00,0x00,0x00,0x00,0x00,0x00,0x00,0x00,0x00,0x00,0x00,0x00,0x00,
	0x00,0x00,0x00,0x00,0x00,0x00,0x00,0x00,0x04,0x21,0xE7,0x39,0xC7,0x39,0xB2,0x94,0xCF,0x73,0x29,0x4A,
	0xAE,0x73,0xE8,0x39,0x41,0x08,0xB2,0x94,0x10,0x84,0xD2,0x94,0x0C,0x63,0xAE,0x73,0x49,0x4A,0x62,0x10,
	0x25,0x21,0x62,0x10,0xEB,0x5A,0xCB,0x5A,0xA3,0x10,0xC7,0x41,0x49,0x6A,0xF3,0xB4,0x10,0x94,0xA6,0x69,
	0x86,0x79,0xEB,0xAA,0xA7,0xA1,0x0B,0xBB,0xC7,0xB1,0x65,0xB1,0x07,0xBA,0xAA,0xB2,0xC3,0x58,0x45,0x39,
	0x65,0x21,0x8F,0x63,0x25,0x21,0x8A,0x4A,0xCB,0x52,0x00,0x00,0x41,0x08,0x41,0x08,0x21,0x08,0x41,0x08,
	0x82,0x10,0x45,0x49,0x04,0x21,0x86,0x29,0xE7,0x39,0xE7,0x31,0x08,0x4A,0xAA,0x92,0x28,0x42,0x28,0x3A,
	0x49,0x42,0x08,0x3A,0x89,0x7A,0x89,0x7A,0x08,0x32,0x08,0x3A,0x49,0x4A,0x99,0xCE,0x7D,0xEF,0x7D,0xEF,
	0xD3,0x9C,0x65,0x29,0xA6,0x29,0xE7,0x51,0x69,0x92,0x45,0x29,0x65,0x29,0x45,0x21,0x04,0x11,0x08,0x6A,
	0xA6,0x69,0xE4,0x10,0x04,0x19,0xE4,0x18,0xA2,0x08,0x86,0x59,0xE3,0x40,0x21,0x00,0x61,0x08,0x41,0x00,
	0xE4,0x18,0x8A,0x4A,0x00,0x00,0x31,0x74,0x83,0x10,0xA7,0x31,0x6E,0x63,0x00,0x00,0x61,0x10,0x04,0x61,
	0xC7,0xB9,0xA7,0xD1,0x86,0xC9,0xA6,0xC1,0xA6,0xC1,0x25,0xB1,0x71,0xCC,0x30,0xC4,0x45,0x89,0x48,0x8A,
	0x10,0xA4,0xCF,0x9B,0xCB,0x82,0xE7,0x41,0xC7,0x39,0xE4,0x20,0x86,0x31,0x10,0x84,0x45,0x29,0xE3,0x18,
	0xF7,0xBD,0x4D,0x6B,0xD2,0x94,0xC7,0x31,0xCF,0x7B,0xCF,0x7B,0x42,0x08,0xE4,0x20,0x29,0x42,0xAB,0x5A,
	0x0C,0x63,0x2C,0x63,0x62,0x10,0x00,0x00,0x00,0x00,0x00,0x00,0x00,0x00,0x00,0x00,0x00,0x00,0x00,0x00,
	0x00,0x00,0x00,0x00,0x00,0x00,0x00,0x00,0x00,0x00,0x00,0x00,0x00,0x00,0x00,0x00,0x00,0x00,0x00,0x00,
	0x00,0x00,0x00,0x00,0x00,0x00,0x00,0x00,0x00,0x00,0x00,0x00,0x00,0x00,0x00,0x00,0x00,0x00,0x00,0x00,
	0x00,0x00,0x00,0x00,0x00,0x00,0x24,0x21,0xAE,0x73,0x30,0x84,0x92,0x8C,0x8E,0x73,0x69,0x4A,0x2D,0x6B,
	0xE7,0x39,0xC4,0x18,0xA3,0x10,0x08,0x42,0x72,0x8C,0xF3,0x9C,0xD2,0x94,0x6D,0x6B,0x95,0xAD,0xA3,0x10,
	0x45,0x29,0xCB,0x5A,0x82,0x10,0xAA,0x52,0x45,0x31,0x8A,0x7A,0x14,0xBD,0x6D,0x83,0x04,0x61,0xAA,0x92,
	0x8A,0xAA,0xC7,0xA9,0xA7,0xB1,0x86,0xB1,0xC6,0xC1,0xE7,0xC9,0x86,0x91,0x41,0x28,0x4A,0x42,0x11,0x74,
	0x2D,0x5B,0x8E,0x63,0xCB,0x52,0x2D,0x5B,0xA7,0x31,0x00,0x00,0x21,0x08,0x41,0x08,0xA3,0x10,0x25,0x21,
	0x65,0x29,0xCB,0x92,0x49,0x5A,0x69,0x42,0x69,0x4A,0x69,0x42,0x48,0x4A,0xCB,0x9A,0x69,0x5A,0x49,0x42,
	0x69,0x4A,0x28,0x3A,0x89,0x72,0xAA,0x8A,0x07,0x32,0x28,0x42,0x38,0xC6,0xBE,0xF7,0x1C,0xE7,0xFB,0xDE,
	0x7D,0xEF,0x92,0x94,0x45,0x21,0x69,0x62,0x49,0x82,0x65,0x29,0x86,0x29,0x65,0x29,0x25,0x19,0x49,0x8A,
	0x65,0x49,0x05,0x19,0x24,0x19,0x04,0x19,0xE4,0x18,0x69,0x92,0xE3,0x30,0xA3,0x08,0xA2,0x10,0x62,0x08,
	0x41,0x08,0x00,0x00,0x41,0x08,0x08,0x3A,0x8F,0x6B,0xF0,0x73,0x45,0x21,0x21,0x08,0x42,0x08,0x20,0x00,
	0x61,0x20,0x66,0x89,0xE8,0xD1,0xA6,0xD1,0x45,0xC1,0x4D,0xC3,0x55,0xDD,0xA7,0xB1,0x8A,0xB2,0x89,0xA2,
	0xA6,0x89,0x8E,0x9B,0xCF,0x9B,0xCB,0x8A,0x08,0x52,0xE4,0x18,0x8E,0x73,0x66,0x31,0x82,0x10,0x17,0xBE,
	0x75,0xAD,0x62,0x10,0xC7,0x39,0x34,0xA5,0xCF,0x7B,0xA2,0x10,0xC3,0x10,0xA3,0x10,0x04,0x21,0x49,0x4A,
	0xCB,0x5A,0x4D,0x6B,0x0C,0x63,0xC3,0x18,0x24,0x21,0x20,0x00,0x00,0x00,0x00,0x00,0x41,0x08,0x69,0x4A,
	0x08,0x42,0x00,0x00,0x00,0x00,0x00,0x00,0x66,0x29,0xAB,0x52,0x69,0x4A,0x20,0x00,0x00,0x00,0x00,0x00,
	0x00,0x00,0x00,0x00,0x00,0x00,0x00,0x00,0x00,0x00,0x00,0x00,0x00,0x00,0x00,0x00,0x00,0x00,0x00,0x00,
	0x00,0x00,0x00,0x00,0x65,0x29,0xEF,0x7B,0x35,0xA5,0xB6,0xB5,0xCF,0x73,0x29,0x42,0xCF,0x7B,0x49,0x4A,
	0xA3,0x10,0xE3,0x18,0x04,0x19,0x62,0x08,0x30,0x84,0x8E,0x6B,0x42,0x08,0x25,0x21,0x75,0xAD,0x96,0xB5,
	0x82,0x10,0xCB,0x5A,0x8A,0x4A,0xA2,0x20,0x2C,0x8B,0x13,0xB5,0xAA,0x72,0x66,0x71,0xAA,0xA2,0xE8,0xA1,
	0x4D,0xBB,0xC7,0xB1,0x86,0xB9,0xC7,0xC9,0xC6,0xB9,0xE3,0x58,0x21,0x08,0x00,0x00,0xAB,0x52,0x6E,0x63,
	0x8E,0x6B,0x0D,0x5B,0x09,0x3A,0x25,0x21,0x00,0x00,0xE3,0x30,0x25,0x39,0x66,0x29,0xE8,0x39,0x49,0x42,
	0x49,0x3A,0xCA,0x7A,0xCB,0x82,0x89,0x42,0x8A,0x4A,0x89,0x4A,0x69,0x42,0xCA,0x8A,0x69,0x62,0x69,0x42,
	0x69,0x4A,0x69,0x42,0x49,0x52,0x48,0x52,0x28,0x42,0xF7,0xBD,0x9D,0xF7,0x3C,0xE7,0x1B,0xDF,0x1B,0xDF,
	0xFB,0xDE,0x5C,0xEF,0xEF,0x7B,0x65,0x31,0xC6,0x41,0x86,0x29,0x86,0x29,0x66,0x29,0x65,0x29,0x48,0x82,
	0x24,0x31,0x24,0x19,0x04,0x19,0x04,0x11,0x65,0x41,0x28,0x8A,0x83,0x10,0xE4,0x10,0xC3,0x10,0xA3,0x08,
	0xC3,0x20,0xC7,0x61,0x41,0x08,0x20,0x00,0x04,0x19,0x25,0x21,0x21,0x00,0x41,0x08,0x41,0x08,0x41,0x08,
	0x41,0x00,0x20,0x00,0xC3,0x48,0xC7,0xB1,0xA6,0xC9,0xAE,0xCB,0xCB,0xC2,0x66,0xB9,0x49,0xC2,0xE8,0xB9,
	0x49,0xA2,0x08,0x92,0x0C,0x9B,0xF0,0xA3,0xEC,0x92,0x69,0x62,0x04,0x19,0x24,0x21,0xF7,0xBD,0x75,0xAD,
	0x41,0x08,0xA7,0x39,0x25,0x21,0x62,0x10,0x62,0x10,0xC3,0x18,0xC3,0x10,0xC3,0x10,0xC3,0x10,0x25,0x21,
	0x8A,0x4A,0x8A,0x4A,0x69,0x4A,0x08,0x42,0x69,0x4A,0xC7,0x39,0x41,0x08,0xC7,0x39,0x6D,0x6B,0x31,0x84,
	0xEF,0x7B,0xC7,0x39,0x04,0x21,0x08,0x42,0x8A,0x4A,0x6A,0x4A,0xCF,0x73,0xEC,0x62,0x41,0x08,0x00,0x00,
	0x00,0x00,0x00,0x00,0x00,0x00,0x00,0x00,0x00,0x00,0x00,0x00,0x00,0x00,0x00,0x00,0x00,0x00,0x00,0x00,
	0x00,0x00,0x00,0x00,0x0C,0x63,0xB6,0xB5,0xBB,0xD6,0x9A,0xD6,0x8E,0x73,0xEB,0x5A,0x8A,0x52,0xC4,0x18,
	0xC3,0x18,0xC3,0x18,0xE3,0x18,0xE4,0x18,0xA2,0x10,0xA3,0x10,0x04,0x21,0xA3,0x18,0x61,0x08,0x34,0xA5,
	0xD6,0xB5,0xC3,0x18,0x25,0x39,0xAE,0x9B,0xD3,0xAC,0x29,0x72,0x48,0x8A,0x08,0x9A,0x49,0xAA,0xE7,0xB1,
	0xC7,0xB1,0xC7,0xC1,0xE7,0xD1,0xA6,0x99,0x61,0x28,0x20,0x00,0x41,0x08,0x41,0x08,0x21,0x08,0xEC,0x52,
	0x0C,0x53,0xA3,0x10,0x00,0x00,0x41,0x08,0x04,0x19,0x08,0x52,0xEB,0x92,0x69,0x4A,0xAA,0x4A,0xAA,0x4A,
	0xAA,0x4A,0xAA,0x5A,0x0B,0x9B,0x89,0x4A,0xAA,0x4A,0x8A,0x4A,0x89,0x4A,0x69,0x4A,0x69,0x4A,0x69,0x4A,
	0x69,0x42,0x69,0x4A,0x89,0x4A,0x28,0x3A,0xB6,0xB5,0xDE,0xFF,0x5C,0xEF,0x3B,0xE7,0x1B,0xDF,0x1B,0xDF,
	0x1B,0xDF,0xFB,0xDE,0x3C,0xEF,0x6D,0x6B,0x65,0x29,0xA6,0x31,0x65,0x29,0x66,0x29,0x45,0x21,0x24,0x29,
	0x24,0x21,0x24,0x21,0x24,0x21,0xE3,0x10,0x07,0x72,0xA6,0x69,0xA3,0x08,0xE4,0x18,0xE4,0x18,0xA2,0x08,
	0xE7,0x69,0xA6,0x71,0x62,0x08,0xA3,0x10,0x21,0x00,0x41,0x08,0x82,0x10,0x62,0x10,0x61,0x08,0x41,0x08,
	0x42,0x08,0x62,0x08,0x20,0x00,0x41,0x20,0x65,0x81,0xA7,0xC9,0xA6,0xC1,0xC6,0xC1,0x86,0xC1,0x86,0xB9,
	0xCB,0xC2,0x08,0xAA,0x86,0x91,0x0C,0x9B,0x10,0xA4,0x0C,0x9B,0x29,0x62,0x28,0x3A,0xB2,0x94,0x62,0x10,
	0x08,0x42,0x10,0x84,0xE4,0x20,0x82,0x10,0xE3,0x18,0xC3,0x18,0xC3,0x10,0xC3,0x10,0xC3,0x18,0xA3,0x18,
	0x65,0x29,0xAA,0x52,0xA7,0x31,0x8A,0x4A,0xCF,0x7B,0xCB,0x52,0xCB,0x5A,0xF0,0x7B,0xAE,0x73,0x10,0x84,
	0xF0,0x7B,0xB2,0x94,0xEC,0x5A,0xCB,0x52,0xAF,0x73,0xF3,0x9C,0x34,0xA5,0xF3,0x9C,0xE8,0x41,0x00,0x00,
	0x00,0x00,0x00,0x00,0x00,0x00,0x00,0x00,0x00,0x00,0x00,0x00,0x00,0x00,0x00,0x00,0x00,0x00,0x00,0x00,
	0x00,0x00,0x24,0x21,0xB2,0x94,0x9A,0xD6,0x9A,0xCE,0x51,0x84,0xCB,0x5A,0x0C,0x63,0xE4,0x18,0xC3,0x18,
	0xE3,0x18,0xC3,0x18,0xE4,0x18,0xE4,0x18,0xE4,0x18,0xE4,0x18,0x62,0x08,0xC7,0x39,0x8A,0x52,0x82,0x10,
	0x71,0x8C,0x89,0x5A,0xEF,0x93,0x92,0xA4,0x69,0x7A,0xC7,0x81,0x28,0xA2,0x6D,0xBB,0xC7,0xB1,0xA6,0xB9,
	0xA6,0xC1,0x07,0xCA,0x44,0x71,0x21,0x08,0x21,0x00,0x41,0x08,0x41,0x08,0x41,0x08,0x62,0x08,0x04,0x21,
	0x41,0x08,0x21,0x00,0x25,0x21,0x29,0x42,0x89,0x4A,0x8A,0x4A,0x2C,0x9B,0xAA,0x72,0xAA,0x4A,0xCB,0x52,
	0xAA,0x52,0xAA,0x52,0x89,0x6A,0x89,0x52,0xAA,0x4A,0xAA,0x4A,0x89,0x4A,0x8A,0x4A,0x89,0x4A,0xAA,0x52,
	0xAA,0x4A,0xCA,0x52,0x89,0x4A,0x34,0xA5,0xDE,0xFF,0x5D,0xEF,0x5C,0xE7,0x1B,0xDF,0x1B,0xDF,0x1B,0xDF,
	0x3B,0xE7,0x1B,0xE7,0x3B,0xE7,0x3B,0xE7,0x4D,0x6B,0xC6,0x31,0xE7,0x39,0x86,0x31,0x85,0x29,0x45,0x21,
	0x25,0x21,0x24,0x21,0x04,0x19,0x04,0x19,0x65,0x41,0x04,0x31,0xE4,0x10,0xE4,0x18,0xE4,0x18,0xC3,0x18,
	0x49,0x92,0xC3,0x30,0xC3,0x10,0xC3,0x10,0xC3,0x18,0x21,0x00,0x41,0x08,0x82,0x10,0x82,0x10,0x62,0x08,
	0x41,0x08,0x20,0x00,0xC2,0x40,0xA2,0x38,0x00,0x00,0xE3,0x50,0xC7,0xC1,0xA7,0xD1,0x86,0xC1,0x86,0xC1,
	0x86,0xB9,0xC7,0xB9,0xEB,0xB2,0xA6,0x91,0x8A,0x92,0x30,0x9C,0x0C,0x9B,0x29,0x5A,0x42,0x08,0xE8,0x41,
	0x10,0x84,0xA3,0x18,0xE4,0x20,0xCB,0x5A,0xC3,0x18,0xC3,0x18,0xC3,0x18,0xC3,0x18,0xC3,0x18,0xC3,0x18,
	0xC3,0x18,0xC7,0x39,0x08,0x42,0x96,0xB5,0x1B,0xDF,0x18,0xC6,0x49,0x4A,0xCF,0x73,0xEF,0x7B,0xB2,0x94,
	0x72,0x8C,0x71,0x8C,0xAF,0x73,0x14,0x9D,0xB6,0xB5,0x18,0xBE,0x59,0xC6,0x18,0xC6,0x8E,0x6B,0xE3,0x18,
	0x00,0x00,0x00,0x00,0x00,0x00,0x00,0x00,0x00,0x00,0x00,0x00,0x00,0x00,0x00,0x00,0x00,0x00,0x00,0x00,
	0x86,0x31,0x71,0x8C,0x79,0xCE,0xBA,0xD6,0x55,0xA5,0xCB,0x5A,0x2C,0x63,0x45,0x29,0xA3,0x18,0xE3,0x18,
	0xC3,0x10,0xC3,0x18,0xE3,0x18,0xE4,0x18,0xA3,0x10,0x49,0x4A,0x8A,0x4A,0x41,0x08,0xEC,0x62,0x8A,0x4A,
	0x62,0x20,0xAE,0x8B,0x13,0xAD,0x28,0x72,0x45,0x79,0x2C,0xB3,0x08,0xAA,0x28,0xB2,0x08,0xBA,0xA6,0xC9,
	0xE7,0xC1,0xE3,0x48,0x00,0x00,0x41,0x08,0x41,0x08,0x41,0x08,0x41,0x08,0x62,0x10,0x41,0x08,0x00,0x00,
	0xC3,0x10,0xEB,0x5A,0x38,0xC6,0xF7,0xBD,0xAA,0x52,0xEB,0x52,0xEB,0x72,0x2B,0xA3,0xAA,0x4A,0xCB,0x52,
	0xCA,0x52,0xAA,0x52,0xAA,0x4A,0xAA,0x4A,0xAA,0x52,0xAA,0x52,0xCB,0x5A,0xEB,0x5A,0xEB,0x5A,0x2C,0x63,
	0x2C,0x63,0xAA,0x52,0x13,0x9D,0xBE,0xF7,0x3C,0xE7,0x1B,0xDF,0x1B,0xDF,0x1B,0xDF,0x1B,0xDF,0x1B,0xDF,
	0x1B,0xDF,0x1B,0xDF,0x1B,0xDF,0x1B,0xE7,0xFA,0xDE,0xEB,0x5A,0x07,0x42,0x28,0x42,0xE7,0x41,0xC6,0x39,
	0x86,0x31,0x65,0x29,0x25,0x21,0x25,0x21,0xC4,0x10,0xC4,0x18,0xE4,0x18,0xE3,0x18,0xA3,0x08,0xA6,0x51,
	0x08,0x82,0xA3,0x10,0xC3,0x10,0xC7,0x39,0x58,0xC6,0xAE,0x73,0xC3,0x10,0x00,0x00,0x61,0x08,0x82,0x10,
	0x61,0x08,0x82,0x20,0x24,0x71,0xC3,0x48,0x41,0x10,0x20,0x08,0x62,0x30,0x86,0xA1,0xA7,0xD1,0x86,0xC1,
	0x86,0xC1,0xC7,0xC1,0x08,0xBA,0xE7,0xA9,0x48,0x9A,0x8A,0x9A,0xCF,0x9B,0x31,0xA4,0x0C,0x6B,0x86,0x31,
	0x04,0x21,0x25,0x21,0xEF,0x7B,0x28,0x42,0x62,0x08,0xC3,0x18,0xC3,0x18,0xC3,0x18,0xC3,0x18,0xC3,0x10,
	0xC3,0x10,0xC3,0x18,0xC7,0x39,0x8E,0x6B,0x59,0xC6,0x9A,0xD6,0x75,0xAD,0xC7,0x31,0x71,0x8C,0x6E,0x6B,
	0x10,0x7C,0x4D,0x63,0x31,0x84,0x92,0x8C,0x79,0xCE,0x59,0xC6,0x39,0xC6,0x79,0xCE,0xF3,0x9C,0x49,0x4A,
	0x00,0x00,0x00,0x00,0x00,0x00,0x00,0x00,0x00,0x00,0x00,0x00,0x00,0x00,0x00,0x00,0x00,0x00,0x82,0x10,
	0x6D,0x6B,0x17,0xBE,0xBA,0xD6,0x18,0xC6,0x0C,0x5B,0x2D,0x63,0xC7,0x39,0xC3,0x18,0xC3,0x10,0xC3,0x18,
	0xE3,0x10,0xE3,0x18,0xE4,0x18,0xE4,0x18,0xC3,0x18,0xA3,0x18,0x4D,0x6B,0xEB,0x5A,0xA3,0x10,0x65,0x39,
	0x8D,0x93,0xD3,0xAC,0xC6,0x69,0x6D,0xA3,0x71,0xC4,0xA6,0xA9,0xE7,0xC1,0xA6,0xC1,0xC7,0xC9,0xC7,0xA9,
	0x82,0x30,0x20,0x00,0x41,0x08,0x41,0x08,0x41,0x08,0x41,0x08,0x41,0x08,0x21,0x08,0xA2,0x10,0x49,0x42,
	0x34,0xA5,0x7C,0xEF,0x9D,0xF7,0x3C,0xE7,0xCF,0x73,0xCB,0x52,0xCA,0x5A,0xCA,0x72,0xCB,0x52,0xCB,0x52,
	0xAA,0x52,0xAA,0x52,0xCB,0x5A,0xEB,0x5A,0x0C,0x63,0xEC,0x62,0xEB,0x62,0xEB,0x62,0xEB,0x62,0x2C,0x6B,
	0xAA,0x5A,0xB2,0x94,0xBE,0xF7,0x7D,0xEF,0x9D,0xEF,0x7C,0xEF,0x7C,0xE7,0x3C,0xE7,0x3C,0xE7,0x3B,0xE7,
	0x5C,0xE7,0x7C,0xEF,0x7C,0xEF,0x3C,0xE7,0x3C,0xE7,0x99,0xD6,0x8A,0x52,0x07,0x42,0x08,0x4A,0xE7,0x41,
	0xC6,0x39,0xC6,0x39,0xA6,0x39,0x85,0x31,0x45,0x29,0x04,0x19,0xE4,0x18,0xC3,0x18,0xC3,0x10,0x24,0x31,
	0x04,0x31,0xE4,0x18,0x82,0x10,0xB2,0x94,0xBE,0xF7,0x7D,0xEF,0x38,0xC6,0xAB,0x52,0x61,0x08,0x41,0x08,
	0x41,0x08,0x82,0x18,0x81,0x20,0x82,0x28,0xE3,0x50,0x04,0x61,0x21,0x08,0x41,0x18,0x45,0x89,0xE7,0xD1,
	0x86,0xC1,0x86,0xC1,0x65,0xC1,0x8A,0xC2,0x89,0xBA,0x65,0x99,0xCB,0x9A,0x10,0x9C,0x2D,0x93,0x28,0x52,
	0xC3,0x18,0x6D,0x6B,0xC7,0x39,0x00,0x00,0x0C,0x63,0x08,0x3A,0x82,0x10,0xC3,0x18,0xC3,0x18,0xC3,0x10,
	0xC3,0x10,0xC3,0x10,0x04,0x21,0xE8,0x39,0xB2,0x94,0x9A,0xCE,0xBA,0xD6,0xAF,0x73,0x69,0x4A,0x10,0x7C,
	0xF0,0x73,0x10,0x7C,0x30,0x7C,0xF0,0x7B,0x59,0xC6,0x58,0xC6,0x18,0xC6,0xD7,0xB5,0xD7,0xB5,0x6E,0x6B,
	0x00,0x00,0x00,0x00,0x00,0x00,0x00,0x00,0x00,0x00,0x00,0x00,0x00,0x00,0x00,0x00,0x20,0x00,0x28,0x42,
	0x14,0xA5,0xBA,0xD6,0x9A,0xCE,0xCF,0x73,0x0C,0x63,0x69,0x4A,0xC3,0x18,0xC3,0x18,0xC3,0x18,0xC3,0x10,
	0xC3,0x18,0xE3,0x18,0xC3,0x10,0x83,0x10,0x66,0x29,0xC7,0x39,0x21,0x08,0xAA,0x52,0xA6,0x41,0x0C,0x8B,
	0xD2,0xAC,0x69,0x7A,0x48,0x92,0x08,0x9A,0x13,0xCD,0x71,0xCC,0xA6,0xB9,0x08,0xD2,0x45,0x91,0x41,0x18,
	0x21,0x00,0x41,0x08,0x41,0x08,0x41,0x08,0x82,0x10,0x82,0x10,0x21,0x00,0x24,0x21,0x29,0x42,0x9A,0xD6,
	0xDE,0xF7,0x5D,0xEF,0x1B,0xDF,0x5C,0xE7,0xD6,0xB5,0xAA,0x52,0xEC,0x5A,0xEB,0x52,0xEB,0x52,0xEB,0x5A,
	0xEC,0x5A,0x0C,0x63,0x0C,0x63,0x0C,0x63,0x0C,0x63,0x0C,0x63,0x0C,0x63,0x0C,0x63,0x2C,0x6B,0x8A,0x52,
	0x70,0x8C,0xFE,0xFF,0x1B,0xDF,0x37,0xC6,0x34,0xA5,0x30,0x8C,0x6D,0x6B,0x4D,0x6B,0xEB,0x5A,0xEB,0x62,
	0x4D,0x6B,0xEF,0x7B,0xD2,0x9C,0xF6,0xBD,0xDA,0xD6,0x7D,0xEF,0x99,0xD6,0x28,0x4A,0xC7,0x41,0xE7,0x41,
	0xC7,0x39,0xC6,0x39,0xC6,0x39,0xC6,0x39,0xA6,0x31,0x85,0x31,0x45,0x29,0x24,0x21,0x04,0x19,0xC3,0x10,
	0xE4,0x10,0xC3,0x10,0xC7,0x31,0x1B,0xDF,0x5C,0xEF,0xFB,0xDE,0x1B,0xDF,0x7D,0xEF,0x51,0x84,0x41,0x08,
	0x62,0x08,0x82,0x10,0x03,0x19,0x20,0x00,0x04,0x49,0x82,0x30,0x41,0x08,0x41,0x08,0x21,0x08,0x24,0x71,
	0xC7,0xC9,0x86,0xC9,0xA6,0xC1,0x65,0xC1,0xA6,0xB1,0x14,0xD5,0xEB,0xA2,0x28,0x8A,0xAF,0x9B,0x0C,0x9B,
	0x49,0x52,0xC3,0x18,0xC3,0x18,0x8E,0x6B,0x0C,0x63,0x82,0x10,0xE4,0x18,0xE4,0x18,0xC3,0x18,0xC3,0x10,
	0xC3,0x10,0xC3,0x10,0xA3,0x10,0x66,0x29,0x49,0x4A,0x96,0xB5,0x9A,0xD6,0x9A,0xCE,0xE8,0x39,0xEC,0x5A,
	0xAF,0x73,0x6E,0x6B,0x4D,0x6B,0x8E,0x6B,0x2D,0x63,0xF8,0xBD,0x18,0xBE,0xB6,0xB5,0xF3,0x94,0x10,0x7C,
	0x00,0x00,0x00,0x00,0x00,0x00,0x00,0x00,0x00,0x00,0x00,0x00,0x00,0x00,0x00,0x00,0xC3,0x18,0x51,0x8C,
	0x9A,0xD6,0xBA,0xD6,0xD3,0x94,0xAB,0x52,0x0C,0x5B,0x25,0x29,0xC3,0x18,0xC3,0x18,0xE3,0x18,0xC3,0x18,
	0xC3,0x18,0xC3,0x10,0x45,0x29,0x25,0x29,0x82,0x10,0x4D,0x6B,0xAA,0x52,0x61,0x18,0xCB,0x82,0xF3,0xB4,
	0xAA,0x82,0x65,0x81,0xAA,0xAA,0x49,0xB2,0xC7,0xA9,0x50,0xCC,0x8A,0xD2,0x24,0x89,0x28,0x4A,0xE4,0x18,
	0x00,0x00,0x41,0x08,0x41,0x08,0x62,0x08,0x00,0x00,0xAB,0x52,0x2C,0x5B,0x28,0x3A,0x8A,0x4A,0xB2,0x94,
	0x5C,0xE7,0xFB,0xDE,0x1B,0xDF,0x1B,0xDF,0x3C,0xE7,0xAE,0x73,0xCB,0x52,0x0C,0x5B,0x2C,0x63,0x4D,0x6B,
	0x4D,0x6B,0x4D,0x6B,0x2C,0x63,0x2C,0x63,0x2C,0x6B,0x2C,0x63,0x0C,0x63,0x6D,0x6B,0xEB,0x62,0xCF,0x7B,
	0x38,0xC6,0x71,0x8C,0x0B,0x63,0xC6,0x39,0xE7,0x39,0x45,0x29,0x07,0x42,0x86,0x31,0x4D,0x6B,0x69,0x4A,
	0xE8,0x41,0x65,0x31,0xA6,0x31,0xE7,0x39,0x69,0x4A,0x0F,0x84,0xD6,0xBD,0xD7,0xBD,0x28,0x42,0x07,0x42,
	0xE7,0x41,0xC6,0x39,0xA6,0x39,0xA6,0x39,0xA6,0x31,0x85,0x31,0x85,0x31,0x85,0x31,0x85,0x31,0x45,0x21,
	0x24,0x21,0x62,0x08,0x71,0x8C,0xBE,0xF7,0xFB,0xDE,0xFB,0xDE,0xDA,0xDE,0xFB,0xDE,0xAA,0x52,0x21,0x00,
	0x25,0x21,0x14,0x95,0xE3,0x18,0x21,0x08,0x62,0x18,0x41,0x00,0x41,0x08,0x41,0x08,0x20,0x00,0x82,0x08,
	0xE4,0x60,0xA7,0xC1,0x86,0xC1,0xE7,0xB9,0x14,0xD5,0x10,0xC4,0xA6,0xA1,0x28,0x9A,0xEC,0x9A,0x8E,0x9B,
	0xEB,0x92,0xE7,0x41,0x08,0x3A,0x8A,0x52,0x00,0x00,0x49,0x4A,0x8E,0x73,0x62,0x10,0xA3,0x10,0xC3,0x18,
	0xA3,0x10,0xC3,0x10,0xC3,0x10,0xC3,0x10,0xA7,0x31,0x0C,0x63,0x79,0xCE,0xBA,0xD6,0x75,0xAD,0xE8,0x39,
	0x8E,0x6B,0xCF,0x73,0x10,0x7C,0x51,0x84,0x10,0x7C,0xF4,0x9C,0xB6,0xB5,0x14,0x9D,0x31,0x84,0xAA,0x52,
	0x00,0x00,0x00,0x00,0x00,0x00,0x00,0x00,0x00,0x00,0x00,0x00,0x00,0x00,0x61,0x08,0x69,0x4A,0xB6,0xB5,
	0xBA,0xD6,0xF7,0xBD,0xEC,0x5A,0xCB,0x5A,0xA7,0x39,0xC3,0x18,0xC4,0x18,0xC4,0x18,0xC4,0x18,0xC3,0x18,
	0xC3,0x18,0xA3,0x10,0x45,0x29,0xAF,0x73,0xC7,0x39,0x62,0x10,0xE8,0x41,0x69,0x72,0xD2,0xB4,0x8A,0x82,
	0x86,0x81,0x6D,0xB3,0x08,0xAA,0xC7,0xB9,0xC7,0xC1,0xC7,0xC9,0x45,0x81,0x8A,0x52,0x31,0x74,0x10,0x74,
	0x66,0x29,0x20,0x00,0x62,0x08,0x42,0x08,0xC3,0x18,0x6A,0x4A,0xD7,0xAD,0x0C,0x5B,0xAA,0x4A,0xCA,0x52,
	0x38,0xBE,0x5C,0xE7,0xFB,0xDE,0x1B,0xDF,0x5C,0xE7,0x95,0xB5,0xCB,0x5A,0x6D,0x6B,0x4D,0x6B,0x4D,0x6B,
	0x2C,0x6B,0x0C,0x6B,0x2C,0x6B,0x2C,0x63,0x2C,0x6B,0x2C,0x6B,0x6D,0x73,0xAA,0x5A,0x08,0x42,0x8E,0x73,
	0x89,0x52,0xE7,0x41,0xE7,0x41,0xCB,0x5A,0xC6,0x39,0x4C,0x6B,0x69,0x52,0x69,0x4A,0x34,0xA5,0xCF,0x7B,
	0x4D,0x6B,0x08,0x42,0xAE,0x73,0x65,0x29,0x2C,0x6B,0x24,0x21,0xE7,0x39,0x8D,0x73,0x6D,0x6B,0x04,0x21,
	0xE7,0x39,0xE7,0x39,0xA6,0x39,0xA6,0x39,0x85,0x31,0x85,0x31,0x85,0x31,0x85,0x31,0x85,0x31,0x85,0x31,
	0x65,0x29,0xC6,0x39,0xDA,0xDE,0x3C,0xE7,0xDA,0xDE,0xDA,0xDE,0x5C,0xEF,0x10,0x84,0x41,0x08,0x41,0x08,
	0xF4,0x94,0x6E,0x63,0x00,0x00,0x62,0x08,0x21,0x08,0x41,0x08,0x41,0x08,0x00,0x00,0x86,0x29,0xB2,0x84,
	0xAB,0x4A,0x04,0x59,0xA6,0xC1,0xEB,0xC2,0x0F,0xCC,0x45,0xB9,0x89,0xC2,0xCA,0xB2,0x25,0x91,0x0C,0x9B,
	0x4D,0x93,0xCB,0x92,0xA6,0x39,0x62,0x08,0xEC,0x62,0xAE,0x73,0x41,0x08,0x86,0x31,0x58,0xC6,0x8A,0x52,
	0x42,0x08,0xC3,0x10,0xC3,0x10,0xC3,0x10,0x04,0x21,0xE7,0x39,0x51,0x84,0xBA,0xCE,0xDB,0xD6,0xAF,0x73,
	0xC7,0x31,0x6E,0x6B,0xCB,0x5A,0x8A,0x4A,0x4D,0x63,0xAA,0x52,0x8E,0x6B,0xCF,0x73,0xCB,0x52,0xC7,0x31,
	0x00,0x00,0x00,0x00,0x00,0x00,0x00,0x00,0x00,0x00,0x20,0x00,0x00,0x00,0xEB,0x5A,0x14,0x9D,0xBA,0xD6,
	0x9A,0xCE,0x6D,0x6B,0x69,0x4A,0x29,0x42,0xE4,0x18,0xC3,0x18,0xC4,0x18,0xC4,0x18,0xC4,0x18,0xC4,0x18,
	0xE4,0x18,0xE4,0x18,0xA3,0x10,0xC3,0x18,0x6E,0x6B,0xC7,0x39,0x45,0x49,0xB2,0xB4,0x0C,0x8B,0x28,0x8A,
	0x08,0xA2,0x08,0xAA,0xEB,0xBA,0xA6,0xB9,0x07,0xCA,0x86,0x89,0xA3,0x18,0x6E,0x63,0x8E,0x6B,0x8E,0x6B,
	0x49,0x42,0x00,0x00,0x62,0x08,0x04,0x19,0x69,0x42,0x49,0x42,0xAF,0x6B,0x96,0xA5,0xEB,0x52,0xCB,0x52,
	0x6D,0x6B,0x1B,0xDF,0x1B,0xDF,0xFB,0xDE,0x1B,0xE7,0x1B,0xE7,0xAE,0x73,0x4C,0x6B,0x4D,0x6B,0x4C,0x6B,
	0x4C,0x6B,0x2D,0x6B,0x2C,0x6B,0x2C,0x6B,0x2C,0x6B,0x2C,0x6B,0x08,0x42,0x86,0x31,0xEB,0x5A,0x4D,0x6B,
	0xA6,0x39,0xCE,0x7B,0xC7,0x39,0x6D,0x6B,0x0F,0x84,0xAA,0x5A,0x45,0x31,0x24,0x29,0xAE,0x7B,0x0B,0x63,
	0xE3,0x20,0x24,0x29,0x4D,0x6B,0x71,0x8C,0xCB,0x5A,0xAA,0x52,0x2C,0x63,0xC6,0x39,0x2C,0x6B,0x28,0x42,
	0xE3,0x18,0x85,0x31,0xE7,0x39,0xA6,0x31,0xA6,0x31,0x85,0x31,0x85,0x31,0x85,0x31,0x85,0x31,0xA5,0x31,
	0x04,0x21,0x50,0x8C,0xBE,0xF7,0xFB,0xDE,0xDA,0xDE,0x3B,0xE7,0xB6,0xB5,0xA2,0x10,0x41,0x08,0x8E,0x6B,
	0x14,0x95,0x21,0x00,0x82,0x08,0x62,0x08,0x62,0x08,0x21,0x08,0x20,0x00,0xE4,0x18,0x72,0x7C,0x4D,0x5B,
	0x31,0x7C,0x08,0x3A,0x21,0x40,0xE7,0xC1,0x65,0xC1,0xA6,0xC1,0xA6,0xC1,0x86,0xB9,0x8A,0xAA,0x28,0x9A,
	0xCB,0x92,0x0C,0x93,0xAB,0x82,0x66,0x29,0x29,0x4A,0x41,0x08,0xEB,0x5A,0xDA,0xD6,0x30,0x84,0xA3,0x10,
	0xC3,0x18,0xC3,0x10,0xC3,0x10,0xC3,0x10,0xA3,0x10,0x66,0x29,0x8A,0x52,0xD6,0xB5,0xBA,0xD6,0x7A,0xCE,
	0x69,0x4A,0xCB,0x52,0x6E,0x6B,0xEF,0x73,0x6E,0x6B,0x0C,0x5B,0x29,0x42,0xC8,0x39,0x86,0x29,0x24,0x21,
	0x00,0x00,0x00,0x00,0x00,0x00,0x00,0x00,0x00,0x00,0x00,0x00,0xC3,0x18,0xF0,0x7B,0x18,0xC6,0xDB,0xD6,
	0x34,0x9D,0x69,0x4A,0x69,0x4A,0x66,0x29,0xA3,0x10,0xC4,0x18,0xC3,0x18,0xC3,0x18,0xC3,0x18,0xC3,0x18,
	0x82,0x08,0xC3,0x18,0x2C,0x63,0xC7,0x39,0x82,0x10,0xA6,0x51,0xCF,0x9B,0xCF,0x9B,0x66,0x79,0xE7,0x91,
	0xCB,0xB2,0x86,0xB1,0xA6,0xB9,0x08,0xD2,0x65,0x91,0x29,0x4A,0x92,0x7C,0xE8,0x39,0xEC,0x52,0xAB,0x52,
	0xC3,0x10,0x04,0x19,0x24,0x21,0x69,0x42,0xAA,0x4A,0xEC,0x52,0x69,0x42,0xD3,0x8C,0x71,0x84,0xAA,0x52,
	0xAA,0x52,0xB2,0x94,0x7C,0xE7,0xFB,0xDE,0x1C,0xE7,0x7D,0xEF,0x55,0xAD,0xEB,0x62,0x4D,0x73,0x4D,0x6B,
	0x4D,0x73,0x2C,0x6B,0x0B,0x63,0xEB,0x62,0xEB,0x62,0xA6,0x31,0x07,0x42,0xEF,0x7B,0xE7,0x41,0x71,0x8C,
	0x92,0x94,0xC6,0x39,0xE7,0x41,0x04,0x29,0xB2,0x94,0x4C,0x6B,0x92,0x94,0x14,0x9D,0xAE,0x73,0xA2,0x18,
	0xAE,0x73,0x55,0xA5,0x8D,0x73,0xEF,0x7B,0xA2,0x18,0x69,0x4A,0xA6,0x39,0xD6,0xBD,0xCA,0x5A,0x48,0x4A,
	0x2C,0x6B,0x24,0x21,0x24,0x21,0xA6,0x31,0x85,0x31,0x85,0x31,0x65,0x31,0x85,0x31,0x85,0x31,0x65,0x31,
	0xE7,0x39,0xDA,0xDE,0x5C,0xE7,0xFB,0xDE,0xFB,0xDE,0xFB,0xDE,0xA6,0x31,0x41,0x08,0xE4,0x18,0xB3,0x8C,
	0x45,0x21,0x62,0x08,0x83,0x10,0x82,0x10,0x41,0x08,0xC3,0x10,0x29,0x42,0xA2,0x10,0xAB,0x4A,0xCF,0x6B,
	0x51,0x7C,0xAF,0x6B,0x0C,0x53,0xE3,0x50,0xE7,0xC9,0xA6,0xC1,0x86,0xC1,0xA6,0xB9,0x89,0xBA,0x86,0xA1,
	0xE8,0x99,0x4D,0x9B,0x0C,0x9B,0x8A,0x72,0x62,0x08,0x10,0x84,0xBA,0xD6,0x08,0x42,0x41,0x08,0xA6,0x31,
	0xC3,0x18,0xC3,0x10,0xC3,0x10,0xC3,0x10,0xC3,0x10,0xE3,0x18,0xA7,0x31,0x8E,0x6B,0x9A,0xCE,0xBB,0xD6,
	0xF4,0x9C,0xE4,0x18,0xAB,0x52,0xE8,0x39,0xA7,0x31,0x29,0x42,0x49,0x4A,0x25,0x21,0xA3,0x10,0xE4,0x18,
	0x00,0x00,0x00,0x00,0x00,0x00,0x00,0x00,0x00,0x00,0x41,0x08,0x8A,0x52,0x14,0xA5,0xBA,0xD6,0x38,0xC6,
	0xCB,0x5A,0xAA,0x52,0x28,0x42,0xC3,0x18,0xC3,0x18,0xC3,0x18,0xC3,0x10,0xC3,0x10,0xC3,0x18,0xE4,0x18,
	0x8A,0x4A,0xA3,0x18,0x04,0x21,0x2D,0x63,0x65,0x39,0x0C,0x8B,0x72,0xA4,0xA6,0x79,0xAA,0xA2,0x89,0xAA,
	0x86,0xB1,0xC7,0xC1,0xE7,0xC9,0xE7,0xA9,0x41,0x18,0x2D,0x5B,0x0D,0x5B,0x55,0x95,0x66,0x29,0x20,0x00,
	0xE3,0x18,0x56,0x9D,0x2D,0x5B,0x69,0x42,0xCB,0x52,0xEB,0x52,0xEC,0x52,0xEC,0x52,0x0C,0x5B,0x0C,0x5B,
	0x2C,0x63,0xEB,0x5A,0xF7,0xBD,0x5C,0xE7,0x1C,0xE7,0x3C,0xE7,0xFB,0xDE,0x6D,0x73,0x4D,0x73,0x4C,0x6B,
	0x0C,0x6B,0xCA,0x62,0xCB,0x62,0x0C,0x6B,0xA6,0x39,0x89,0x52,0xAD,0x73,0x86,0x31,0x30,0x84,0xE7,0x41,
	0x38,0xBE,0x89,0x52,0x24,0x31,0xA6,0x39,0x44,0x29,0xA6,0x31,0x8E,0x6B,0xF3,0x9C,0x75,0xAD,0x0C,0x63,
	0x55,0xA5,0x76,0xAD,0xA6,0x39,0xE3,0x20,0xA6,0x39,0xE3,0x20,0xEF,0x7B,0x55,0xA5,0xC6,0x39,0xCE,0x7B,
	0x85,0x31,0x8D,0x73,0x45,0x29,0x04,0x21,0xA6,0x39,0x85,0x31,0x65,0x29,0x65,0x31,0x85,0x31,0x24,0x21,
	0x0F,0x84,0xBE,0xF7,0x1B,0xDF,0xDA,0xDE,0x5C,0xEF,0x6D,0x6B,0x82,0x10,0xE4,0x18,0xA2,0x10,0x82,0x08,
	0x83,0x10,0xA3,0x10,0x83,0x10,0x82,0x10,0x42,0x08,0x35,0x9D,0x2D,0x5B,0x00,0x00,0x41,0x08,0x08,0x3A,
	0xCF,0x6B,0x6A,0x42,0x49,0x42,0xEC,0x52,0x82,0x50,0xE7,0xC9,0x86,0xC1,0x86,0xC1,0x65,0xB9,0x8A,0xBA,
	0x8A,0xAA,0xE7,0x99,0x4D,0x9B,0xEC,0x9A,0x08,0x52,0xAA,0x52,0x65,0x29,0x04,0x21,0x0F,0x84,0x29,0x42,
	0x41,0x08,0xC3,0x18,0xC3,0x10,0xC3,0x10,0xC3,0x10,0xC3,0x10,0x45,0x21,0x28,0x42,0xF3,0x9C,0xBA,0xD6,
	0xDB,0xDE,0x2D,0x63,0x08,0x3A,0x2D,0x63,0x69,0x4A,0xE8,0x39,0xE7,0x39,0x69,0x4A,0x82,0x10,0xC3,0x18,
	0x00,0x00,0x00,0x00,0x00,0x00,0x00,0x00,0x00,0x00,0xE3,0x18,0x92,0x94,0x79,0xCE,0xBA,0xD6,0x10,0x84,
	0xE7,0x39,0x49,0x4A,0x25,0x21,0xA3,0x10,0xC3,0x18,0xE3,0x18,0xC3,0x18,0xC3,0x18,0xC3,0x18,0x83,0x10,
	0x49,0x4A,0xCE,0x73,0x86,0x31,0x82,0x18,0x69,0x72,0x92,0xAC,0x8A,0x82,0x28,0x9A,0xE7,0xA1,0x2C,0xBB,
	0x28,0xBA,0xA7,0xC9,0xE7,0xB1,0x82,0x28,0x00,0x00,0x6A,0x4A,0x92,0x84,0x45,0x21,0x62,0x08,0x82,0x10,
	0x66,0x21,0x2D,0x5B,0xF8,0xAD,0x2D,0x5B,0xAA,0x4A,0xEB,0x52,0xEB,0x52,0x0C,0x5B,0x0C,0x5B,0x0C,0x5B,
	0x4D,0x6B,0x6D,0x6B,0x6D,0x6B,0xBA,0xD6,0x3C,0xE7,0x1B,0xE7,0x5C,0xEF,0x13,0xA5,0xCB,0x62,0x0B,0x6B,
	0xEB,0x62,0xEB,0x62,0xCA,0x5A,0x85,0x31,0x69,0x4A,0xAA,0x5A,0xCA,0x5A,0x0B,0x63,0xE7,0x41,0x45,0x31,
	0xAF,0x7B,0x95,0xAD,0x45,0x31,0xA6,0x41,0x45,0x31,0x2C,0x6B,0x18,0xBE,0xCF,0x73,0x8A,0x52,0x59,0xC6,
	0x14,0x9D,0x38,0xBE,0x8E,0x73,0x24,0x31,0x65,0x31,0xC6,0x39,0x38,0xC6,0x28,0x4A,0x65,0x31,0x65,0x31,
	0x6D,0x6B,0x49,0x4A,0xCA,0x5A,0x65,0x31,0xC3,0x18,0x45,0x29,0x65,0x29,0x85,0x31,0x44,0x29,0x85,0x31,
	0x79,0xCE,0x7D,0xEF,0xDA,0xDE,0x5C,0xE7,0x34,0xA5,0xC3,0x18,0x45,0x29,0x24,0x21,0xE3,0x18,0xA3,0x10,
	0xA3,0x10,0x83,0x10,0x82,0x10,0x21,0x00,0xD3,0x94,0x10,0x74,0x00,0x00,0x62,0x08,0x62,0x08,0x00,0x00,
	0xAA,0x4A,0xCB,0x4A,0x6A,0x42,0x8E,0x6B,0x00,0x00,0x04,0x69,0xC7,0xD1,0x86,0xC1,0x86,0xC1,0xE7,0xB9,
	0xC7,0xB1,0x49,0xA2,0xCB,0xA2,0x2C,0x9B,0x0C,0x93,0x66,0x29,0x66,0x29,0x30,0x84,0x45,0x29,0x61,0x08,
	0x08,0x42,0xC3,0x18,0xC3,0x10,0xC3,0x10,0xC3,0x10,0xC3,0x10,0x41,0x08,0x86,0x31,0xEB,0x5A,0x59,0xCE,
	0xBA,0xD6,0xD7,0xB5,0xE3,0x18,0xC3,0x18,0x04,0x21,0x25,0x21,0x86,0x31,0xA6,0x31,0x24,0x21,0xC3,0x18,
	0x00,0x00,0x00,0x00,0x00,0x00,0x00,0x00,0x41,0x08,0x0C,0x5B,0x75,0xAD,0xDB,0xD6,0xD7,0xBD,0x8A,0x52,
	0x49,0x42,0xC7,0x39,0xA3,0x10,0xC3,0x18,0xC3,0x18,0xE3,0x18,0xC3,0x18,0xE3,0x18,0xC3,0x18,0x25,0x21,
	0x62,0x08,0x24,0x21,0xEB,0x5A,0x86,0x59,0x31,0xAC,0x4D,0x93,0x65,0x81,0xEB,0xB2,0x28,0xBA,0xA7,0xB9,
	0xC7,0xC1,0xE8,0xC1,0xA2,0x38,0x20,0x00,0x41,0x08,0xA3,0x10,0xC3,0x18,0x00,0x00,0x82,0x10,0xA7,0x29,
	0xAA,0x4A,0x69,0x42,0x8E,0x63,0xD7,0xAD,0x4D,0x5B,0xEB,0x52,0x0C,0x5B,0x0C,0x5B,0x0C,0x63,0x4D,0x6B,
	0x4D,0x6B,0x6D,0x73,0x0B,0x63,0x0F,0x84,0x5C,0xE7,0xFB,0xDE,0x1B,0xDF,0xDA,0xD6,0x4D,0x6B,0x0C,0x6B,
	0xAA,0x5A,0x28,0x42,0xC3,0x18,0xA6,0x39,0x6D,0x6B,0x0C,0x63,0xAA,0x52,0x51,0x8C,0x65,0x31,0x86,0x39,
	0xA6,0x39,0x07,0x42,0x65,0x39,0xA6,0x39,0x45,0x31,0xEB,0x62,0x34,0x9D,0x72,0x8C,0x10,0x7C,0xE7,0x41,
	0x49,0x4A,0x92,0x8C,0x49,0x4A,0x44,0x31,0x65,0x31,0x86,0x39,0xE7,0x41,0x45,0x31,0x65,0x31,0x85,0x39,
	0xAD,0x73,0x49,0x4A,0x4D,0x6B,0xCB,0x5A,0xE3,0x18,0x62,0x08,0xE4,0x18,0x45,0x29,0x24,0x21,0x8D,0x73,
	0x7C,0xEF,0xFB,0xDE,0x1B,0xDF,0x99,0xD6,0xA6,0x31,0x24,0x29,0x24,0x21,0x24,0x21,0x04,0x21,0xC3,0x18,
	0x83,0x10,0xA3,0x10,0x21,0x00,0x10,0x7C,0xD3,0x94,0x20,0x00,0x82,0x10,0x62,0x08,0x62,0x08,0x62,0x08,
	0x00,0x00,0xEC,0x52,0xAF,0x6B,0x82,0x10,0x41,0x08,0x21,0x08,0x45,0x89,0xA7,0xD1,0x86,0xC1,0x65,0xC1,
	0x28,0xBA,0xAA,0xB2,0x86,0xA1,0xCB,0x9A,0x30,0xA4,0xCF,0x8B,0x66,0x29,0xC3,0x18,0x45,0x29,0xEF,0x7B,
	0xAA,0x52,0x41,0x08,0xC3,0x18,0xC3,0x18,0xA3,0x10,0x24,0x21,0x4D,0x6B,0x65,0x29,0xE8,0x39,0x92,0x94,
	0xDB,0xD6,0xDB,0xD6,0x6E,0x6B,0x04,0x21,0x29,0x42,0x66,0x29,0x86,0x29,0x45,0x21,0xE8,0x39,0xE4,0x20,
	0x00,0x00,0x00,0x00,0x00,0x00,0x00,0x00,0x86,0x31,0x71,0x8C,0x59,0xC6,0xBA,0xD6,0xCF,0x7B,0x28,0x42,
	0x29,0x42,0xC3,0x18,0xE4,0x18,0x82,0x10,0x82,0x10,0xE3,0x18,0xE3,0x18,0xA3,0x10,0x61,0x08,0xE7,0x39,
	0xCF,0x7B,0x65,0x29,0xA3,0x28,0x6D,0x9B,0xCF,0x9B,0x08,0x82,0xAA,0xAA,0x86,0xA9,0xC7,0xB9,0xC7,0xC1,
	0x08,0xCA,0xE4,0x58,0x20,0x00,0x41,0x08,0x41,0x08,0x41,0x08,0xC3,0x10,0x82,0x08,0x66,0x29,0x8A,0x4A,
	0xAA,0x4A,0xCB,0x52,0x69,0x42,0xAE,0x6B,0x8E,0x6B,0xCB,0x52,0x2C,0x5B,0x0C,0x63,0x2C,0x63,0x4C,0x6B,
	0x4C,0x6B,0x4C,0x6B,0x6D,0x73,0xCB,0x5A,0x33,0xA5,0x5C,0xE7,0x3C,0xE7,0x3C,0xE7,0x6D,0x6B,0xE7,0x39,
	0xA6,0x31,0x25,0x21,0x24,0x21,0x10,0x84,0x07,0x42,0x69,0x52,0x4D,0x6B,0x34,0xA5,0x07,0x42,0x45,0x31,
	0x65,0x39,0x65,0x31,0x86,0x39,0x86,0x39,0x85,0x39,0x45,0x31,0x24,0x21,0x45,0x29,0x24,0x29,0x24,0x29,
	0x04,0x29,0x03,0x21,0x24,0x29,0x65,0x31,0x44,0x31,0x44,0x31,0x24,0x29,0x65,0x31,0x24,0x29,0x89,0x52,
	0x55,0xAD,0x6D,0x73,0xE7,0x41,0x48,0x4A,0x4D,0x6B,0x82,0x10,0x25,0x21,0x04,0x19,0x82,0x10,0xF3,0x9C,
	0xBE,0xF7,0xDA,0xDE,0x5C,0xE7,0xEB,0x5A,0xC3,0x18,0x65,0x29,0x24,0x21,0x24,0x21,0x04,0x21,0x04,0x21,
	0xC3,0x18,0xA3,0x10,0x62,0x08,0xE8,0x39,0xA3,0x10,0x82,0x08,0x82,0x10,0x82,0x08,0x62,0x08,0x62,0x08,
	0x29,0x42,0x82,0x10,0x00,0x00,0x21,0x08,0x41,0x08,0x41,0x00,0x21,0x08,0x66,0xA1,0x86,0xC9,0x85,0xC1,
	0x45,0xB9,0xC7,0xA9,0xD2,0xCC,0x2C,0xB3,0xAA,0x8A,0xEB,0x92,0x28,0x5A,0x25,0x21,0xAE,0x73,0x45,0x29,
	0x41,0x08,0x49,0x4A,0xE4,0x20,0xE3,0x18,0x82,0x10,0x30,0x84,0xB2,0x94,0xEF,0x7B,0x65,0x29,0xCB,0x52,
	0x18,0xBE,0xDB,0xD6,0x38,0xC6,0x24,0x21,0xA3,0x10,0xA3,0x10,0x25,0x21,0x25,0x21,0xC7,0x39,0x24,0x21,
	0x00,0x00,0x00,0x00,0x00,0x00,0x21,0x08,0x4D,0x6B,0xB6,0xB5,0xBB,0xD6,0x76,0xAD,0x28,0x42,0x8A,0x52,
	0x45,0x29,0x69,0x4A,0x75,0xAD,0x92,0x94,0x66,0x29,0xA3,0x10,0xA3,0x10,0xE8,0x39,0x08,0x42,0x21,0x08,
	0x86,0x31,0x49,0x4A,0x28,0x72,0x51,0xAC,0x49,0x82,0x65,0x91,0xEB,0xB2,0x0B,0xBB,0xA6,0xB9,0x08,0xD2,
	0x65,0x81,0x20,0x00,0x41,0x08,0x41,0x08,0x41,0x08,0x21,0x00,0x66,0x29,0x14,0x95,0xAB,0x4A,0x49,0x42,
	0xAA,0x4A,0xAA,0x4A,0xCB,0x52,0x8A,0x4A,0xAA,0x4A,0xEB,0x5A,0x2C,0x63,0x4C,0x63,0x2C,0x6B,0x2C,0x6B,
	0x2C,0x6B,0x2C,0x6B,0x2D,0x6B,0xEB,0x62,0xAA,0x5A,0x17,0xC6,0xB5,0xB5,0x48,0x4A,0x24,0x21,0x66,0x29,
	0x86,0x29,0xC3,0x10,0x6D,0x6B,0xE7,0x39,0xAE,0x73,0x28,0x4A,0x04,0x29,0x65,0x31,0x45,0x31,0x49,0x4A,
	0xC7,0x41,0xA6,0x39,0xC7,0x39,0xA6,0x39,0xC7,0x39,0xC7,0x41,0xC7,0x39,0xA6,0x39,0xC6,0x39,0x85,0x31,
	0x08,0x42,0xA6,0x39,0xA6,0x39,0xA6,0x39,0x08,0x4A,0xA6,0x39,0xA6,0x39,0x44,0x29,0x65,0x31,0xC7,0x41,
	0x45,0x29,0x82,0x10,0x4D,0x6B,0x2C,0x63,0xE7,0x41,0x69,0x4A,0x82,0x10,0xC7,0x31,0x45,0x21,0x45,0x21,
	0x0F,0x84,0x3B,0xE7,0x91,0x94,0xC2,0x18,0x44,0x29,0x24,0x21,0x24,0x21,0x04,0x21,0x04,0x21,0x04,0x21,
	0xE4,0x18,0xC4,0x18,0xA2,0x10,0x41,0x08,0x82,0x08,0x82,0x08,0x83,0x10,0x62,0x08,0x41,0x00,0xB3,0x8C,
	0x51,0x84,0x21,0x00,0x61,0x08,0x41,0x08,0x41,0x00,0x41,0x10,0x62,0x28,0x41,0x20,0xA6,0xB9,0x65,0xC1,
	0xAA,0xC2,0x96,0xDD,0x10,0xCC,0xA7,0xA9,0x8A,0xA2,0x0B,0x93,0xCB,0x92,0xC7,0x39,0xA2,0x10,0x86,0x31,
	0xEF,0x7B,0xCB,0x5A,0x41,0x08,0xE4,0x18,0x51,0x84,0xCF,0x7B,0x4D,0x6B,0xB2,0x94,0x25,0x21,0x08,0x42,
	0x71,0x8C,0xDB,0xD6,0xFB,0xDE,0xEF,0x7B,0xE4,0x18,0xA7,0x31,0x66,0x29,0x86,0x29,0x25,0x21,0x65,0x29,
	0x00,0x00,0x00,0x00,0x00,0x00,0x86,0x31,0x72,0x8C,0x59,0xC6,0x9A,0xCE,0x8E,0x6B,0x28,0x42,0x8A,0x52,
	0xE4,0x18,0x13,0x9D,0x24,0x21,0xE8,0x39,0xF3,0x9C,0xC3,0x18,0xC3,0x18,0x25,0x21,0x2C,0x63,0x6E,0x6B,
	0x24,0x21,0x04,0x41,0x10,0xAC,0xEC,0x92,0x28,0x92,0xCB,0xB2,0xA6,0xB1,0xE7,0xB9,0xC7,0xC9,0xC7,0xA9,
	0x41,0x10,0x41,0x08,0x41,0x08,0x41,0x08,0x41,0x08,0x41,0x08,0xC3,0x10,0x6E,0x63,0xF8,0xAD,0x2D,0x5B,
	0x49,0x42,0xAA,0x4A,0xEB,0x52,0xCA,0x52,0xEB,0x5A,0x0B,0x5B,0x0C,0x63,0x2C,0x63,0x2C,0x6B,0x0C,0x6B,
	0x0C,0x6B,0x0C,0x6B,0xCA,0x62,0xCB,0x62,0x0B,0x6B,0xC7,0x39,0xE3,0x18,0xE3,0x18,0x45,0x21,0x66,0x29,
	0xE4,0x18,0xC7,0x39,0x0F,0x84,0xF3,0x9C,0x49,0x4A,0x24,0x29,0x86,0x39,0x85,0x39,0xB2,0x94,0x30,0x84,
	0x92,0x8C,0xCF,0x73,0x54,0xA5,0x10,0x7C,0xD3,0x94,0x34,0xA5,0x71,0x8C,0x51,0x8C,0x71,0x8C,0x8E,0x73,
	0xEF,0x7B,0x75,0xAD,0xCF,0x7B,0x14,0x9D,0xCF,0x73,0x50,0x84,0x30,0x84,0x54,0xA5,0xC7,0x39,0xB2,0x94,
	0x8A,0x52,0x75,0xAD,0x0C,0x63,0x07,0x42,0xB2,0x94,0x6C,0x6B,0xE3,0x18,0x04,0x21,0xA6,0x31,0x65,0x29,
	0xA2,0x10,0x86,0x31,0xE3,0x18,0x24,0x21,0x24,0x29,0x04,0x21,0x04,0x21,0x04,0x21,0xE4,0x20,0xE4,0x20,
	0xE4,0x20,0xE4,0x20,0xE4,0x18,0xA3,0x10,0x82,0x08,0x82,0x08,0x82,0x10,0xA3,0x10,0x34,0x95,0x51,0x7C,
	0x21,0x00,0x62,0x08,0x41,0x08,0x41,0x08,0x62,0x18,0x04,0x61,0x04,0x69,0x21,0x08,0xC3,0x48,0xA6,0xC1,
	0x8E,0xCB,0x0C,0xC3,0x45,0xB9,0x0B,0xC3,0x48,0xAA,0xAA,0x9A,0xEB,0x92,0x8A,0x7A,0x25,0x21,0x0C,0x63,
	0x25,0x29,0x41,0x08,0x8A,0x52,0xC4,0x18,0xCB,0x5A,0x96,0xB5,0xF7,0xBD,0xAE,0x73,0x45,0x29,0x66,0x29,
	0xCB,0x5A,0xF7,0xBD,0xDB,0xD6,0x18,0xC6,0x45,0x21,0xC3,0x18,0xC3,0x18,0x65,0x29,0xA7,0x31,0xE7,0x39,
	0x00,0x00,0x00,0x00,0x21,0x08,0xCB,0x5A,0x35,0xA5,0xBB,0xD6,0x96,0xAD,0x28,0x42,0xCB,0x5A,0xC7,0x39,
	0x00,0x00,0xCE,0x73,0x10,0x84,0x8A,0x52,0xB2,0x94,0xC3,0x18,0xE4,0x18,0xC3,0x18,0x01,0x00,0xE8,0x39,
	0x08,0x4A,0xCB,0x82,0x30,0xA4,0xC7,0x81,0x86,0x99,0x28,0xB2,0xE7,0xB9,0xA7,0xC9,0x08,0xC2,0x82,0x38,
	0x20,0x00,0x61,0x08,0x41,0x08,0x61,0x08,0x21,0x08,0xC3,0x10,0xE8,0x31,0xE7,0x29,0x0C,0x53,0xD7,0xAD,
	0x6D,0x63,0x8A,0x4A,0xCB,0x52,0xAA,0x52,0xEB,0x5A,0x0B,0x5B,0xEB,0x62,0x0B,0x63,0x0C,0x63,0x0C,0x6B,
	0xEB,0x62,0xAA,0x5A,0xCA,0x62,0xAA,0x62,0xC6,0x39,0x44,0x21,0x45,0x21,0x45,0x29,0x45,0x21,0x66,0x29,
	0xA3,0x10,0x6D,0x73,0xC7,0x39,0xCF,0x7B,0x7A,0xCE,0xB2,0x94,0x86,0x39,0x2C,0x6B,0x75,0xAD,0xC3,0x20,
	0xC7,0x39,0x49,0x4A,0x34,0xA5,0xA6,0x39,0x49,0x4A,0xF3,0x9C,0x24,0x29,0x2D,0x63,0x10,0x7C,0x04,0x21,
	0x08,0x42,0xB6,0xB5,0x04,0x21,0xB2,0x94,0xEF,0x7B,0xCB,0x5A,0xC7,0x39,0xB6,0xB5,0xCF,0x7B,0x75,0xB5,
	0x1B,0xDF,0xEF,0x7B,0x30,0x84,0x38,0xC6,0x0C,0x63,0xC6,0x39,0xAA,0x52,0xA2,0x10,0x86,0x29,0x45,0x21,
	0x66,0x29,0x24,0x21,0xC3,0x18,0x82,0x10,0x04,0x21,0x24,0x21,0xE4,0x20,0x04,0x21,0xE4,0x20,0xE4,0x20,
	0xE4,0x20,0xE4,0x20,0xE4,0x18,0xE3,0x18,0xA3,0x10,0x82,0x10,0x21,0x08,0x92,0x8C,0x30,0x7C,0x00,0x00,
	0x82,0x10,0x62,0x08,0x62,0x08,0x41,0x08,0x62,0x18,0xA2,0x40,0xA2,0x40,0x21,0x08,0x00,0x00,0x25,0x79,
	0x86,0xC9,0x65,0xC1,0xA6,0xC1,0xE7,0xC1,0xE7,0xA9,0x89,0xAA,0xEB,0x9A,0x0C,0x9B,0x28,0x52,0x41,0x08,
	0xE7,0x39,0xEF,0x7B,0x69,0x4A,0x41,0x08,0x86,0x31,0x69,0x4A,0xEF,0x7B,0xD2,0x94,0x55,0xAD,0x29,0x42,
	0xE8,0x39,0x51,0x8C,0xBA,0xD6,0xFB,0xDE,0x10,0x84,0xC3,0x18,0xC7,0x31,0x66,0x29,0xC7,0x31,0x86,0x29,
	0x00,0x00,0x00,0x00,0xC7,0x39,0x31,0x84,0x38,0xC6,0x79,0xCE,0x8E,0x73,0x08,0x42,0x69,0x4A,0x04,0x21,
	0x2D,0x6B,0xC7,0x39,0xEB,0x5A,0x92,0x94,0xC7,0x39,0x21,0x00,0x82,0x10,0x0C,0x5B,0x0C,0x5B,0x82,0x10,
	0x65,0x61,0x50,0xAC,0x69,0x82,0x48,0xA2,0x4D,0xBB,0xE7,0xB9,0xA6,0xC1,0x08,0xD2,0x04,0x69,0x20,0x00,
	0x41,0x08,0x41,0x08,0x61,0x08,0x00,0x00,0x82,0x08,0xA7,0x31,0x29,0x3A,0x69,0x42,0x08,0x3A,0xCB,0x4A,
	0x2D,0x5B,0x8A,0x4A,0xAA,0x52,0xCB,0x5A,0x0C,0x63,0xEB,0x62,0xEB,0x5A,0x0B,0x63,0x0C,0x6B,0xEB,0x62,
	0xAA,0x5A,0xEB,0x62,0x69,0x52,0x65,0x29,0x45,0x21,0x45,0x21,0x45,0x21,0x65,0x29,0x86,0x29,0xE4,0x18,
	0xC7,0x39,0x0B,0x63,0x8E,0x73,0x28,0x4A,0xA6,0x39,0xF3,0x9C,0xC7,0x39,0x6D,0x6B,0x34,0xA5,0xA2,0x18,
	0x44,0x31,0xC7,0x39,0x14,0xA5,0xE3,0x20,0x07,0x42,0xF3,0x9C,0x82,0x10,0xCB,0x5A,0x10,0x84,0x61,0x08,
	0x75,0xAD,0x49,0x4A,0xE3,0x20,0xB3,0x94,0x51,0x84,0x89,0x52,0xE7,0x39,0x34,0xA5,0x7D,0xEF,0x3C,0xE7,
	0xE7,0x41,0xC7,0x39,0x71,0x8C,0xE3,0x20,0x89,0x52,0x4D,0x6B,0xA9,0x5A,0x04,0x21,0x24,0x21,0x66,0x29,
	0x65,0x29,0x65,0x29,0x65,0x29,0x04,0x19,0x82,0x08,0xC3,0x18,0x04,0x21,0xE4,0x20,0xE3,0x18,0xE4,0x20,
	0xE4,0x20,0xE4,0x20,0xE3,0x18,0xE3,0x18,0xE3,0x18,0x82,0x08,0x62,0x08,0x45,0x21,0x61,0x08,0x82,0x08,
	0x62,0x08,0x62,0x10,0x62,0x10,0x00,0x00,0x62,0x08,0xA3,0x28,0x04,0x61,0xC3,0x40,0xA3,0x40,0x21,0x18,
	0xA6,0xA9,0xA7,0xD1,0xA6,0xC1,0x86,0xC1,0xEB,0xC2,0x08,0xAA,0x6A,0x9A,0x0C,0x9B,0xEB,0x8A,0x66,0x29,
	0xCB,0x5A,0xA3,0x18,0x04,0x21,0xD3,0x9C,0x9A,0xCE,0x6D,0x6B,0xB2,0x94,0x00,0x00,0xAA,0x52,0x92,0x94,
	0x04,0x21,0x2D,0x63,0x38,0xC6,0xBA,0xD6,0x38,0xC6,0x45,0x29,0x45,0x21,0x66,0x29,0x66,0x29,0x87,0x31,
	0x00,0x00,0x00,0x00,0xCB,0x5A,0xEF,0x7B,0xFB,0xD6,0xD7,0xB5,0x29,0x4A,0x69,0x4A,0x25,0x29,0xAA,0x52,
	0x96,0xB5,0x51,0x8C,0x75,0xAD,0x28,0x42,0x75,0xAD,0xB2,0x94,0x45,0x29,0x41,0x08,0x49,0x42,0xC6,0x49,
	0xEC,0x92,0xCF,0x9B,0x08,0x8A,0xA7,0xA9,0x69,0xBA,0x49,0xC2,0xC7,0xC9,0xA7,0xA1,0x41,0x10,0x61,0x08,
	0x41,0x08,0x21,0x00,0xC4,0x18,0x6A,0x42,0x86,0x29,0xC7,0x31,0x49,0x42,0x49,0x42,0x69,0x42,0x69,0x42,
	0x8A,0x4A,0xAA,0x52,0xCA,0x5A,0xEB,0x5A,0xEB,0x5A,0xCB,0x5A,0xEB,0x62,0xEB,0x62,0xAA,0x5A,0x8A,0x5A,
	0xCA,0x5A,0x28,0x4A,0x44,0x21,0x25,0x21,0x25,0x21,0x45,0x21,0x45,0x21,0x66,0x29,0x86,0x29,0xA3,0x10,
	0xCB,0x5A,0xCB,0x5A,0x86,0x31,0xE7,0x41,0x44,0x29,0xE3,0x20,0x44,0x29,0x86,0x31,0x55,0xAD,0x8E,0x73,
	0x10,0x84,0xAE,0x73,0xF7,0xBD,0xC7,0x39,0x0C,0x63,0x18,0xBE,0x45,0x29,0xCF,0x7B,0x13,0x9D,0xAE,0x73,
	0xD7,0xB5,0xAE,0x73,0x30,0x84,0xD3,0x94,0x8E,0x73,0xD2,0x9C,0xBA,0xD6,0xDE,0xFF,0x79,0xCE,0xAE,0x73,
	0x41,0x08,0xC3,0x18,0x82,0x18,0x04,0x21,0xC7,0x39,0x65,0x29,0xCB,0x5A,0x08,0x42,0xA3,0x10,0x86,0x29,
	0x45,0x21,0x65,0x29,0x45,0x21,0x45,0x21,0x25,0x21,0x82,0x10,0x82,0x10,0xE4,0x20,0xE3,0x18,0xE3,0x18,
	0xE4,0x20,0xE3,0x18,0xE3,0x18,0x04,0x21,0xC3,0x10,0xA6,0x39,0xC3,0x18,0x41,0x00,0x82,0x08,0x82,0x08,
	0x82,0x10,0x41,0x08,0x01,0x00,0xAF,0x6B,0x6D,0x63,0x41,0x08,0x82,0x20,0x04,0x61,0x24,0x69,0x20,0x00,
	0x83,0x40,0xC7,0xC9,0xA6,0xC9,0xA6,0xC1,0xA6,0xB9,0x28,0xB2,0x8A,0xAA,0xCB,0x92,0xEC,0x9A,0x69,0x5A,
	0xA3,0x10,0x71,0x94,0xFB,0xDE,0x13,0x9D,0x45,0x29,0x04,0x21,0xF3,0x9C,0x10,0x7C,0x54,0xA5,0xC7,0x39,
	0xA3,0x18,0x69,0x4A,0xD3,0x94,0xDB,0xD6,0xDB,0xD6,0x8E,0x73,0x25,0x21,0xE7,0x39,0x86,0x31,0x45,0x29,
	0x00,0x00,0xC3,0x18,0x0C,0x5B,0xE7,0x39,0xB2,0x94,0x8E,0x73,0xC7,0x39,0x69,0x4A,0x04,0x21,0x86,0x31,
	0x92,0x8C,0x4D,0x6B,0x75,0xAD,0xE7,0x39,0xC7,0x39,0x54,0xA5,0xBA,0xD6,0x71,0x8C,0x04,0x21,0xA6,0x59,
	0x30,0xA4,0x49,0x8A,0xAB,0xAA,0xCB,0xBA,0x86,0xB9,0xA6,0xC1,0x28,0xCA,0xC3,0x40,0x21,0x00,0x41,0x08,
	0x41,0x08,0x61,0x08,0x21,0x00,0x8F,0x6B,0xB7,0xA5,0xAB,0x4A,0xC7,0x29,0x49,0x3A,0x49,0x42,0x69,0x42,
	0x8A,0x4A,0xCB,0x5A,0xEB,0x62,0xCA,0x5A,0xAA,0x5A,0xCA,0x5A,0xEB,0x62,0x89,0x52,0x89,0x52,0xAA,0x5A,
	0xE7,0x39,0x24,0x21,0x45,0x21,0x25,0x21,0x45,0x21,0x45,0x21,0x45,0x21,0x66,0x29,0x65,0x29,0x04,0x21,
	0xAA,0x5A,0xAA,0x5A,0xAE,0x7B,0x24,0x29,0x85,0x31,0x86,0x39,0x65,0x31,0x45,0x31,0x65,0x31,0xEB,0x5A,
	0x28,0x42,0xA6,0x31,0x28,0x4A,0xA6,0x39,0xE7,0x41,0x08,0x42,0x86,0x31,0xE7,0x41,0x07,0x42,0xE7,0x39,
	0x08,0x42,0x48,0x4A,0x65,0x29,0x8D,0x73,0x3C,0xE7,0xDE,0xF7,0xFF,0xFF,0x38,0xC6,0x04,0x21,0xC3,0x18,
	0x03,0x21,0x04,0x29,0x44,0x29,0x44,0x29,0x44,0x29,0xCE,0x7B,0x89,0x52,0x89,0x52,0xA2,0x10,0x65,0x29,
	0x45,0x29,0x65,0x29,0x45,0x21,0x25,0x21,0x25,0x21,0x45,0x21,0xA3,0x10,0x82,0x10,0xE4,0x18,0xE4,0x18,
	0xE3,0x18,0xE3,0x18,0xE3,0x18,0xC3,0x18,0xC6,0x51,0x08,0x5A,0xC3,0x18,0x82,0x08,0x82,0x08,0x82,0x08,
	0x42,0x00,0xE4,0x18,0xF4,0x94,0xB2,0x8C,0xE4,0x18,0x41,0x00,0x61,0x10,0xE3,0x40,0x41,0x10,0x61,0x08,
	0x21,0x00,0x25,0x81,0xC7,0xD1,0x86,0xC1,0xA6,0xC1,0xA9,0xC2,0xC6,0xA1,0x69,0xA2,0x2C,0x9B,0xAB,0x92,
	0xE7,0x39,0x71,0x8C,0x86,0x31,0xA2,0x10,0xAA,0x52,0xE4,0x20,0xA6,0x31,0x0C,0x63,0xC7,0x31,0x8A,0x4A,
	0xC3,0x18,0xC7,0x39,0x4D,0x63,0x39,0xC6,0xBA,0xD6,0xB6,0xB5,0x45,0x21,0xC3,0x18,0x82,0x10,0x82,0x10,
	0x00,0x00,0x00,0x00,0x86,0x31,0x8A,0x4A,0x6A,0x4A,0x86,0x31,0x28,0x42,0xE8,0x39,0xE4,0x18,0x62,0x08,
	0x25,0x21,0xB6,0xB5,0x08,0x42,0x41,0x08,0xA3,0x10,0x00,0x00,0xC7,0x39,0x75,0xAD,0xCB,0x6A,0x8E,0x8B,
	0x6E,0x93,0x49,0x9A,0xC7,0xA9,0x86,0xB9,0xA6,0xC1,0xE7,0xD1,0x45,0x89,0x00,0x00,0x21,0x08,0x41,0x08,
	0x41,0x08,0x41,0x08,0x82,0x08,0x25,0x19,0x0C,0x5B,0x96,0xA5,0x10,0x74,0x49,0x3A,0x69,0x42,0x89,0x4A,
	0xAA,0x52,0xCA,0x5A,0xAA,0x5A,0xAA,0x5A,0xCB,0x62,0xCA,0x62,0x89,0x52,0x69,0x52,0xAA,0x5A,0xC6,0x39,
	0x24,0x21,0x24,0x21,0x45,0x21,0x45,0x29,0x45,0x21,0x45,0x21,0x45,0x29,0x66,0x29,0x24,0x21,0x65,0x31,
	0x6D,0x6B,0x28,0x42,0xEF,0x7B,0xD6,0xB5,0x45,0x29,0x65,0x31,0x65,0x31,0x65,0x39,0x65,0x31,0x03,0x21,
	0x24,0x29,0x44,0x31,0x04,0x29,0x45,0x31,0x24,0x29,0x24,0x29,0x44,0x29,0xE3,0x20,0x24,0x29,0x45,0x29,
	0x03,0x21,0xA6,0x39,0x55,0xAD,0x9D,0xEF,0x5D,0xEF,0xDF,0xF7,0x96,0xB5,0xC2,0x18,0x41,0x08,0xE3,0x18,
	0x24,0x29,0x24,0x29,0x04,0x29,0xA6,0x39,0x17,0xBE,0x2C,0x63,0x08,0x42,0xEB,0x62,0xE3,0x18,0x45,0x21,
	0x65,0x29,0x65,0x29,0x45,0x21,0x45,0x21,0x45,0x21,0x25,0x21,0x45,0x21,0xC3,0x10,0x62,0x08,0xC3,0x18,
	0xC3,0x18,0xA3,0x18,0xE3,0x20,0x69,0x7A,0x08,0x5A,0xC3,0x10,0xE3,0x18,0xC3,0x18,0x82,0x10,0x42,0x08,
	0x86,0x29,0xF8,0xB5,0x6E,0x63,0x20,0x00,0x42,0x08,0x62,0x08,0x61,0x08,0x40,0x00,0x41,0x08,0x62,0x08,
	0x41,0x00,0x21,0x18,0xC7,0xB9,0xA6,0xC9,0xA6,0xC1,0x86,0xC1,0xAA,0xB2,0x69,0xAA,0xAA,0x9A,0x0C,0x9B,
	0x49,0x5A,0x41,0x08,0xAB,0x5A,0xEF,0x83,0x08,0x42,0x82,0x10,0x61,0x08,0xE4,0x18,0x51,0x8C,0x31,0x84,
	0x2D,0x63,0xC3,0x18,0xCB,0x5A,0xF4,0x9C,0x1C,0xDF,0xB2,0x94,0x29,0x42,0x62,0x08,0x24,0x21,0x69,0x4A,
	0x00,0x00,0x00,0x00,0x61,0x08,0xCF,0x73,0x08,0x42,0xC7,0x39,0x08,0x42,0x66,0x29,0xC3,0x18,0xE3,0x18,
	0xA3,0x10,0xA2,0x10,0xC3,0x18,0xE3,0x18,0xE4,0x18,0x0C,0x63,0x86,0x31,0x20,0x00,0xC7,0x69,0x50,0xAC,
	0x49,0x8A,0xEF,0xB3,0x35,0xD5,0x0C,0xC3,0xE7,0xC1,0xC6,0xB9,0x25,0x41,0x4D,0x63,0xE3,0x18,0x21,0x08,
	0xA3,0x10,0x41,0x08,0x45,0x21,0xC7,0x31,0xC6,0x29,0x49,0x3A,0x72,0x84,0x69,0x42,0x28,0x3A,0xAA,0x52,
	0xAA,0x52,0xA9,0x52,0xAA,0x5A,0xCA,0x62,0xAA,0x5A,0x69,0x4A,0x69,0x52,0x69,0x52,0xA6,0x31,0x24,0x21,
	0x25,0x21,0x45,0x21,0x45,0x21,0x45,0x21,0x45,0x21,0x45,0x21,0x65,0x21,0x86,0x29,0x04,0x19,0x28,0x42,
	0x89,0x52,0xCB,0x5A,0x69,0x4A,0x07,0x42,0x85,0x31,0x65,0x39,0x85,0x39,0x65,0x31,0x65,0x31,0x85,0x31,
	0x65,0x31,0x65,0x31,0x65,0x31,0x65,0x31,0x45,0x31,0x44,0x31,0x44,0x29,0x69,0x4A,0xAA,0x52,0x8A,0x52,
	0x85,0x31,0xCE,0x73,0xFF,0xFF,0x7C,0xEF,0xDE,0xF7,0xF3,0x9C,0x41,0x08,0x61,0x08,0x03,0x21,0x24,0x29,
	0x44,0x29,0x24,0x29,0x24,0x29,0x65,0x31,0xE7,0x41,0xEB,0x5A,0xCB,0x52,0x8A,0x5A,0x86,0x31,0x04,0x19,
	0x86,0x29,0x45,0x21,0x45,0x21,0x25,0x21,0x45,0x21,0x45,0x21,0x45,0x21,0x45,0x21,0xC3,0x18,0x62,0x08,
	0xA2,0x10,0x04,0x21,0x69,0x82,0x07,0x5A,0xC2,0x10,0xE3,0x18,0xE3,0x18,0xE3,0x18,0xA3,0x18,0x62,0x08,
	0x66,0x29,0xC7,0x31,0x00,0x00,0x82,0x10,0x41,0x00,0x82,0x10,0x61,0x08,0x62,0x08,0x62,0x08,0x21,0x08,
	0x61,0x08,0xE4,0x18,0xE3,0x58,0xE7,0xD1,0xA6,0xC9,0xA6,0xC1,0xE7,0xB9,0xE7,0xA9,0xCB,0xAA,0x6D,0x93,
	0x30,0x94,0x65,0x29,0x08,0x42,0x62,0x10,0x65,0x29,0xEB,0x5A,0xA2,0x10,0xA7,0x39,0x71,0x8C,0x8E,0x73,
	0x10,0x7C,0x62,0x08,0x49,0x4A,0x4D,0x6B,0xEC,0x5A,0x0C,0x5B,0x28,0x42,0x24,0x21,0x8E,0x6B,0x04,0x21,
	0x00,0x00,0x00,0x00,0x20,0x00,0x51,0x8C,0xC7,0x39,0xC7,0x39,0x08,0x42,0xE4,0x18,0xC3,0x18,0xE3,0x18,
	0xE3,0x18,0xC3,0x18,0xC4,0x18,0xA3,0x10,0x62,0x08,0xA7,0x31,0x6D,0x6B,0x86,0x41,0x2C,0x9B,0xAE,0x9B,
	0x08,0x92,0xE7,0xA1,0x2C,0xBB,0x55,0xD5,0x2C,0xD3,0x24,0x71,0x2D,0x53,0xAB,0x4A,0xCF,0x6B,0xC3,0x18,
	0x21,0x08,0x49,0x4A,0x79,0xCE,0x8E,0x6B,0xA6,0x31,0xE7,0x31,0xC7,0x31,0x28,0x3A,0x89,0x4A,0xAA,0x52,
	0xAA,0x52,0xAA,0x52,0xAA,0x5A,0xA9,0x52,0x69,0x52,0x48,0x4A,0x48,0x4A,0xA6,0x31,0x04,0x21,0x45,0x21,
	0x45,0x21,0x45,0x21,0x45,0x21,0x45,0x21,0x45,0x21,0x65,0x21,0x65,0x21,0xA6,0x31,0xE4,0x18,0x28,0x42,
	0x0B,0x63,0xCB,0x5A,0x24,0x29,0x24,0x29,0x65,0x31,0x45,0x31,0x45,0x31,0x86,0x39,0x24,0x29,0x65,0x31,
	0x65,0x31,0x45,0x29,0x45,0x29,0x65,0x31,0x44,0x31,0x04,0x29,0xAA,0x52,0x8A,0x4A,0x86,0x29,0x65,0x29,
	0xC7,0x31,0x08,0x3A,0x38,0xBE,0xDE,0xF7,0x50,0x8C,0x00,0x00,0x61,0x08,0xE3,0x20,0x24,0x29,0x44,0x29,
	0x03,0x21,0x44,0x29,0x45,0x29,0x44,0x29,0x04,0x21,0x65,0x31,0xAA,0x52,0xEB,0x62,0x86,0x31,0xE4,0x18,
	0x85,0x29,0x45,0x29,0x25,0x21,0x45,0x21,0x45,0x21,0x45,0x21,0x25,0x21,0x25,0x21,0x44,0x21,0xC3,0x08,
	0xC3,0x20,0x8A,0x92,0xA6,0x41,0xC2,0x10,0xC3,0x18,0xE3,0x18,0xE3,0x18,0xE3,0x18,0xC3,0x18,0xA3,0x10,
	0x62,0x08,0x61,0x08,0x62,0x10,0x41,0x08,0xAE,0x73,0xF7,0xBD,0xE4,0x18,0x41,0x08,0xA3,0x10,0x62,0x08,
	0x8A,0x4A,0xF3,0x8C,0xA7,0x39,0x65,0xA1,0xC6,0xD1,0xE7,0xC1,0xAE,0xCB,0x95,0xDD,0x2C,0xBB,0x8A,0x92,
	0x0C,0x93,0x08,0x52,0xE3,0x18,0x8E,0x73,0x8E,0x6B,0x86,0x31,0x82,0x10,0x62,0x10,0xEB,0x5A,0x96,0xAD,
	0xD3,0x94,0xA7,0x31,0x45,0x29,0xEC,0x62,0x8A,0x52,0xAB,0x52,0x08,0x3A,0x86,0x31,0x66,0x29,0x08,0x42,
	0x00,0x00,0x00,0x00,0x25,0x21,0xCC,0x5A,0x25,0x29,0x28,0x42,0xA7,0x31,0xC3,0x18,0xC4,0x18,0xE4,0x18,
	0xE3,0x18,0xE3,0x18,0xA3,0x18,0xCB,0x5A,0x8A,0x52,0xC3,0x18,0x41,0x08,0x86,0x69,0x30,0xAC,0x49,0x8A,
	0x69,0xAA,0xAA,0xBA,0x65,0xB9,0xA6,0xC1,0xE7,0xB1,0xA3,0x28,0xCF,0x6B,0xA3,0x10,0xAF,0x6B,0xA2,0x10,
	0x41,0x08,0xB6,0xB5,0xBE,0xF7,0x7C,0xE7,0x13,0x9D,0x28,0x42,0xE8,0x39,0x6A,0x4A,0x8A,0x52,0x89,0x52,
	0x89,0x52,0x89,0x52,0x89,0x52,0x89,0x52,0x28,0x4A,0x48,0x4A,0xA6,0x39,0x24,0x21,0x45,0x21,0x45,0x21,
	0x65,0x29,0x45,0x29,0x45,0x29,0x65,0x29,0x65,0x29,0x86,0x29,0x65,0x29,0x86,0x29,0xE4,0x18,0x49,0x4A,
	0x28,0x4A,0xAA,0x5A,0x44,0x29,0xC3,0x20,0x48,0x4A,0x51,0x8C,0x91,0x94,0xD3,0x94,0x31,0x8C,0x24,0x29,
	0x65,0x31,0x45,0x29,0x45,0x31,0x44,0x31,0x24,0x29,0xA6,0x31,0xCA,0x52,0x45,0x21,0xAA,0x52,0xAD,0x73,
	0xC7,0x31,0xA6,0x31,0x08,0x42,0x49,0x4A,0x00,0x00,0x61,0x10,0x03,0x21,0x24,0x29,0x44,0x31,0x04,0x29,
	0x6D,0x6B,0xF3,0x9C,0xCF,0x73,0x24,0x29,0xE3,0x20,0x65,0x31,0xAA,0x5A,0x48,0x4A,0xE7,0x39,0xC3,0x18,
	0x65,0x29,0x45,0x29,0x65,0x29,0x65,0x29,0x65,0x21,0x45,0x21,0x45,0x21,0x24,0x21,0x24,0x11,0x86,0x49,
	0x66,0x81,0x04,0x29,0xA2,0x08,0xC3,0x18,0xC3,0x18,0xC3,0x18,0xE3,0x18,0xE3,0x18,0xE3,0x18,0xE3,0x18,
	0xC3,0x18,0x20,0x00,0x65,0x29,0xB6,0xB5,0xBE,0xF7,0x9D,0xEF,0x30,0x84,0x21,0x00,0x21,0x00,0x6A,0x4A,
	0x31,0x7C,0x0D,0x5B,0x6E,0x63,0xC3,0x50,0xA6,0xC9,0x30,0xD4,0x13,0xDD,0xAB,0xC2,0xC7,0xA9,0xAA,0xAA,
	0xCB,0x92,0xCB,0x8A,0x86,0x31,0x65,0x29,0x62,0x08,0x28,0x42,0xEB,0x5A,0xA3,0x10,0x45,0x29,0xD3,0x9C,
	0x71,0x8C,0x08,0x42,0xC3,0x10,0xAB,0x52,0x0C,0x63,0xAB,0x52,0x6D,0x6B,0x49,0x42,0x45,0x29,0x04,0x21,
	0x20,0x00,0x00,0x00,0x69,0x4A,0x49,0x42,0x65,0x31,0x49,0x4A,0x45,0x21,0xA3,0x18,0xC3,0x18,0xE3,0x18,
	0xE3,0x18,0xC3,0x18,0xC3,0x18,0x04,0x21,0x69,0x4A,0xAE,0x73,0x66,0x41,0xAA,0x92,0xEF,0xA3,0x28,0x92,
	0xC7,0xA9,0xA6,0xB9,0xC7,0xC9,0xE7,0xD1,0x25,0x69,0x08,0x3A,0xAB,0x4A,0x31,0x7C,0xC7,0x31,0x00,0x00,
	0x0C,0x63,0x5D,0xEF,0x1B,0xE7,0x3B,0xE7,0x9D,0xEF,0x79,0xCE,0x4D,0x6B,0x28,0x42,0x89,0x4A,0x89,0x52,
	0x89,0x52,0x89,0x52,0x69,0x52,0x28,0x4A,0x48,0x4A,0xC6,0x39,0x24,0x21,0x25,0x21,0x24,0x21,0x04,0x21,
	0x04,0x19,0x65,0x29,0x25,0x21,0x04,0x21,0x04,0x21,0x45,0x29,0x86,0x29,0xA6,0x29,0xE4,0x18,0x28,0x4A,
	0x0F,0x84,0x76,0xAD,0x96,0xB5,0x75,0xAD,0x0C,0x63,0x14,0x9D,0x96,0xAD,0xB2,0x94,0x55,0xAD,0x04,0x29,
	0x44,0x31,0x45,0x31,0x45,0x31,0x24,0x31,0x04,0x29,0x86,0x31,0x08,0x3A,0x86,0x29,0x2C,0x63,0x0F,0x8C,
	0x28,0x42,0xA6,0x31,0xE4,0x20,0x00,0x00,0x82,0x10,0xE3,0x20,0x24,0x29,0x44,0x29,0x44,0x31,0x45,0x31,
	0xF8,0xBD,0x92,0x8C,0x4D,0x63,0x69,0x4A,0x96,0xB5,0x14,0xA5,0x14,0x9D,0x8E,0x73,0xC7,0x39,0xC3,0x18,
	0x86,0x29,0x45,0x29,0xC3,0x18,0xA3,0x10,0xC3,0x10,0xA3,0x10,0xA2,0x10,0xC3,0x00,0x04,0x49,0x45,0x81,
	0x04,0x31,0xA3,0x08,0xA2,0x10,0xE3,0x18,0xC3,0x18,0xC3,0x18,0xE3,0x18,0xE3,0x18,0x04,0x21,0xC3,0x18,
	0x82,0x10,0x4D,0x6B,0x1B,0xE7,0xDE,0xF7,0x3B,0xE7,0xDA,0xDE,0xFB,0xDE,0xA7,0x31,0x00,0x00,0xC3,0x18,
	0x10,0x74,0x15,0x95,0xF0,0x6B,0x61,0x10,0x85,0xA1,0x08,0xCA,0x65,0xC1,0xC6,0xC9,0xCA,0xC2,0xE7,0xA1,
	0xEB,0x9A,0xEC,0xA2,0xC7,0x41,0x86,0x29,0x30,0x84,0x0C,0x5B,0x04,0x21,0x82,0x10,0x04,0x21,0x30,0x84,
	0xC3,0x18,0x62,0x10,0xA3,0x10,0x08,0x3A,0x0C,0x5B,0x51,0x84,0x51,0x84,0x4D,0x63,0x08,0x3A,0x45,0x29,
	0x00,0x00,0x41,0x08,0x0C,0x63,0x86,0x29,0xA6,0x31,0xE7,0x39,0xE4,0x18,0xC3,0x18,0xC3,0x18,0xC3,0x10,
	0xE3,0x18,0xC3,0x18,0xC3,0x18,0x04,0x21,0x21,0x08,0x82,0x10,0x45,0x59,0xAE,0xAB,0xAB,0x92,0x69,0xA2,
	0x6D,0xBB,0x48,0xC2,0x86,0xC9,0x86,0xB1,0x08,0x52,0x11,0x74,0x31,0x7C,0x6A,0x42,0x21,0x00,0x04,0x21,
	0x99,0xCE,0x3B,0xE7,0xFB,0xDE,0x1B,0xDF,0x1B,0xE7,0x7D,0xEF,0x7D,0xEF,0x13,0xA5,0x69,0x4A,0x69,0x4A,
	0xA9,0x52,0x89,0x52,0x28,0x4A,0x28,0x4A,0x07,0x42,0x25,0x21,0x45,0x21,0x66,0x29,0xAB,0x52,0xAF,0x6B,
	0x72,0x84,0xA7,0x31,0xF0,0x73,0x51,0x7C,0xEC,0x5A,0xE8,0x39,0x66,0x29,0x65,0x29,0xE3,0x18,0x49,0x4A,
	0x8A,0x52,0xEC,0x5A,0x2C,0x63,0xCB,0x5A,0x8A,0x52,0x54,0xA5,0x96,0xAD,0xD3,0x94,0x75,0xAD,0x24,0x29,
	0x45,0x31,0x45,0x31,0x44,0x31,0x24,0x29,0x24,0x29,0xA6,0x31,0xA6,0x31,0xA6,0x31,0xC7,0x31,0xE7,0x41,
	0x86,0x29,0x86,0x29,0x62,0x10,0x61,0x10,0xE3,0x20,0x24,0x21,0x24,0x29,0x24,0x29,0x44,0x29,0x04,0x21,
	0x55,0xA5,0xB2,0x8C,0x38,0xBE,0x49,0x4A,0x0C,0x63,0x0C,0x63,0x0C,0x63,0xAA,0x52,0x28,0x4A,0xC3,0x10,
	0xC3,0x10,0xC3,0x10,0x29,0x42,0x6E,0x6B,0xCF,0x73,0x31,0x7C,0x31,0x74,0x08,0x72,0xAB,0xAA,0x69,0x4A,
	0xA2,0x08,0x82,0x10,0xA3,0x10,0xC3,0x18,0xE3,0x18,0xE3,0x18,0xE3,0x20,0x04,0x21,0x82,0x10,0x65,0x31,
	0x54,0xAD,0xDE,0xF7,0x7D,0xEF,0x1B,0xDF,0xFA,0xDE,0xB9,0xD6,0x1B,0xE7,0x75,0xAD,0x61,0x08,0x21,0x08,
	0xE4,0x18,0xCF,0x6B,0x72,0x84,0x6D,0x5B,0xE3,0x50,0xC7,0xD1,0xA6,0xC9,0xA6,0xC9,0xE7,0xB9,0x89,0xB2,
	0xAA,0xAA,0xCB,0xA2,0xAA,0x7A,0x66,0x29,0xE4,0x20,0xE4,0x20,0x0C,0x63,0x69,0x4A,0x21,0x08,0x24,0x21,
	0x82,0x10,0x45,0x29,0x86,0x31,0x25,0x29,0x0C,0x63,0xF4,0x9C,0x55,0xA5,0x10,0x7C,0xCB,0x5A,0x86,0x31,
	0x62,0x10,0x0C,0x63,0xAA,0x52,0x45,0x29,0x08,0x42,0x66,0x29,0xC3,0x18,0xC3,0x18,0xE3,0x18,0xC3,0x10,
	0xE3,0x18,0xC3,0x18,0xC3,0x18,0x0C,0x63,0xAF,0x73,0x45,0x31,0x08,0x82,0xEF,0xA3,0x29,0x92,0xA6,0xA9,
	0xE7,0xB1,0x07,0xC2,0xE7,0xD9,0x04,0x79,0x86,0x31,0xAF,0x6B,0xCF,0x6B,0xE8,0x39,0x20,0x00,0x69,0x4A,
	0x1C,0xDF,0x5C,0xE7,0xFB,0xDE,0xDB,0xDE,0xFB,0xDE,0x3B,0xDF,0x5C,0xE7,0xBE,0xF7,0x58,0xCE,0x0C,0x63,
	0x28,0x4A,0x69,0x52,0x28,0x4A,0x48,0x4A,0x04,0x21,0xA3,0x10,0x66,0x29,0x56,0xA5,0xF8,0xAD,0x19,0xB6,
	0xBB,0xC6,0x09,0x42,0x55,0xA5,0x39,0xBE,0xB7,0xAD,0xD7,0xAD,0x2D,0x63,0x45,0x29,0x24,0x21,0x28,0x42,
	0xEB,0x62,0xEF,0x7B,0x24,0x29,0xC2,0x20,0xC6,0x39,0xAA,0x52,0xEB,0x5A,0xEF,0x7B,0x8A,0x4A,0x24,0x29,
	0x65,0x31,0x45,0x29,0x44,0x31,0x44,0x29,0x85,0x31,0xA6,0x31,0x86,0x29,0xA6,0x29,0xA6,0x31,0x66,0x29,
	0xA6,0x29,0xA2,0x10,0x41,0x08,0xE3,0x20,0x24,0x29,0x24,0x29,0x24,0x29,0x44,0x29,0x44,0x29,0x03,0x21,
	0xA6,0x39,0x8E,0x6B,0x69,0x4A,0x03,0x21,0xC2,0x18,0x44,0x29,0xCE,0x7B,0xAA,0x52,0xE7,0x41,0xC3,0x18,
	0x8A,0x4A,0x72,0x8C,0x30,0x7C,0xB2,0x8C,0xE7,0x39,0x48,0x3A,0x2D,0xB3,0x66,0x81,0xCF,0x73,0xCF,0x73,
	0xF0,0x73,0xCB,0x52,0x82,0x08,0x62,0x08,0xE3,0x18,0x03,0x21,0xC2,0x18,0xA3,0x18,0x4C,0x6B,0xBA,0xD6,
	0xBE,0xF7,0x1B,0xE7,0xFA,0xDE,0xDA,0xDE,0xDA,0xDE,0x1B,0xDF,0x5C,0xE7,0xF7,0xBD,0x04,0x21,0x62,0x08,
	0x41,0x08,0xF0,0x73,0x00,0x00,0x2D,0x5B,0x08,0x42,0x45,0xA9,0xC7,0xD1,0x86,0xC9,0x28,0xCA,0x49,0xB2,
	0xE7,0xA1,0xCB,0x9A,0x0C,0xA3,0x66,0x31,0x69,0x4A,0xAE,0x73,0xE8,0x39,0xC3,0x18,0x08,0x42,0x86,0x31,
	0x4D,0x6B,0xB2,0x94,0x08,0x42,0xA3,0x10,0xCB,0x5A,0xAF,0x73,0x55,0xA5,0x55,0xA5,0xF0,0x7B,0x69,0x4A,
	0x65,0x29,0x6D,0x6B,0xC7,0x31,0x86,0x31,0x08,0x42,0x24,0x21,0xC3,0x10,0xE3,0x18,0xC3,0x10,0xC3,0x10,
	0xC3,0x10,0x04,0x21,0xA3,0x10,0x21,0x08,0x45,0x29,0x85,0x41,0x2C,0x93,0xEC,0x92,0x69,0x9A,0x2B,0xBB,
	0xA6,0xC1,0xA6,0xC9,0xE7,0xC9,0xA2,0x38,0x00,0x00,0x4D,0x63,0x08,0x3A,0x00,0x00,0x82,0x10,0x24,0x21,
	0xE8,0x39,0x71,0x8C,0x99,0xCE,0x5C,0xEF,0x1B,0xE7,0xFA,0xDE,0xFB,0xDE,0x1B,0xE7,0x9D,0xEF,0x1B,0xE7,
	0x71,0x94,0x07,0x42,0x69,0x4A,0x24,0x21,0x45,0x29,0xD3,0x94,0x08,0x42,0x51,0x84,0x19,0xBE,0x14,0x9D,
	0x14,0x9D,0xC7,0x39,0xB3,0x94,0xF8,0xB5,0xF8,0xB5,0xF7,0xB5,0xA6,0x31,0xE3,0x20,0xC3,0x20,0x28,0x4A,
	0x69,0x52,0xA6,0x39,0x44,0x29,0xE3,0x20,0x45,0x31,0x04,0x29,0x04,0x29,0xE3,0x20,0x04,0x29,0x45,0x31,
	0x45,0x31,0x45,0x31,0x44,0x29,0x03,0x29,0x28,0x4A,0x86,0x21,0xC7,0x41,0xA7,0x39,0xA3,0x10,0xA3,0x10,
	0x82,0x10,0x21,0x08,0xA2,0x18,0x04,0x29,0x24,0x29,0x24,0x29,0x24,0x29,0x24,0x29,0x24,0x29,0x44,0x29,
	0x04,0x29,0xA2,0x18,0xE3,0x20,0x44,0x31,0xE3,0x20,0x65,0x31,0x65,0x31,0x89,0x5A,0xA6,0x39,0xCF,0x7B,
	0x34,0xA5,0xB2,0x94,0x82,0x10,0xC7,0x31,0x45,0x29,0x65,0x89,0x86,0x81,0x82,0x10,0xE7,0x39,0x61,0x10,
	0x4D,0x63,0x54,0x9D,0xCF,0x73,0xA3,0x10,0x62,0x10,0xE3,0x18,0x86,0x31,0x54,0xA5,0x9D,0xEF,0x3C,0xE7,
	0xDA,0xDE,0xBA,0xDE,0xBA,0xD6,0x3B,0xE7,0x5C,0xE7,0xD6,0xB5,0x0B,0x63,0xC3,0x18,0x21,0x00,0x00,0x00,
	0x00,0x00,0xCB,0x52,0xF0,0x73,0xF0,0x73,0xE3,0x18,0xE4,0x68,0xC7,0xD1,0xA6,0xC9,0x86,0xC9,0x49,0xBA,
	0xAA,0xB2,0x8A,0x9A,0xEB,0xAA,0x49,0x62,0x04,0x19,0x86,0x31,0x8E,0x73,0x18,0xC6,0xBA,0xD6,0xCB,0x5A,
	0x51,0x8C,0x65,0x29,0xE8,0x39,0xE4,0x18,0x29,0x42,0x6E,0x6B,0xCB,0x52,0x92,0x8C,0x14,0xA5,0x8D,0x6B,
	0x04,0x21,0xAA,0x52,0x86,0x31,0xC7,0x39,0xC7,0x39,0xE4,0x18,0xE3,0x18,0xE3,0x18,0xC3,0x18,0xC3,0x18,
	0x82,0x10,0x69,0x4A,0xEF,0x7B,0xEC,0x5A,0xC3,0x18,0x2D,0x73,0x51,0x9C,0x49,0x8A,0x85,0x99,0x65,0xB9,
	0x86,0xC1,0xE7,0xD1,0x65,0x91,0x21,0x08,0x61,0x08,0x41,0x08,0xA3,0x10,0xE8,0x39,0x66,0x21,0xA2,0x10,
	0x04,0x19,0x04,0x19,0x86,0x31,0xCE,0x7B,0x38,0xC6,0x7C,0xEF,0x3C,0xE7,0xDB,0xDE,0xFB,0xDE,0x3C,0xE7,
	0x9D,0xF7,0x95,0xB5,0x85,0x31,0x66,0x21,0x56,0xA5,0xDB,0xCE,0xCF,0x73,0xE4,0x20,0xA6,0x39,0x04,0x21,
	0xE3,0x20,0x45,0x31,0xC3,0x20,0x71,0x8C,0x9A,0xD6,0xCB,0x5A,0xE3,0x20,0x44,0x29,0x03,0x21,0xC7,0x41,
	0xEB,0x62,0xEF,0x7B,0xCF,0x7B,0x50,0x84,0x45,0x31,0x45,0x31,0x65,0x31,0x85,0x39,0x65,0x31,0x45,0x31,
	0x45,0x31,0x65,0x31,0xC3,0x20,0xEB,0x7A,0xF3,0xDC,0xC7,0x71,0xE4,0x38,0x00,0x00,0x00,0x00,0x00,0x00,
	0x00,0x00,0x20,0x00,0xA2,0x18,0x24,0x29,0x24,0x29,0x24,0x29,0x24,0x29,0x44,0x29,0x24,0x29,0x24,0x29,
	0x44,0x31,0x44,0x29,0x24,0x29,0x86,0x31,0x50,0x8C,0x6D,0x6B,0xAE,0x73,0x48,0x52,0x54,0xAD,0x51,0x84,
	0x41,0x08,0x71,0x8C,0x8A,0x4A,0xC3,0x30,0x87,0xA1,0x6A,0x92,0xE3,0x10,0xAE,0x73,0x86,0x31,0x24,0x29,
	0xEF,0x7B,0xC3,0x18,0xAA,0x52,0x75,0xA5,0xA3,0x10,0x65,0x29,0xDA,0xDE,0x7C,0xEF,0xDA,0xD6,0x99,0xD6,
	0xB9,0xD6,0x3C,0xE7,0x1B,0xDF,0x54,0xA5,0x8A,0x52,0xA2,0x10,0x00,0x00,0x00,0x00,0x66,0x21,0x30,0x7C,
	0xAB,0x52,0x83,0x10,0x29,0x3A,0xC3,0x18,0x20,0x00,0x82,0x28,0xC7,0xC1,0xA6,0xD1,0xA6,0xD1,0x49,0xD2,
	0xC7,0xA9,0x49,0xA2,0xEB,0xA2,0xAA,0x8A,0xC7,0x31,0x59,0xCE,0xD6,0xB5,0xEC,0x5A,0xC7,0x39,0x25,0x29,
	0xAA,0x52,0x75,0xAD,0x76,0xAD,0xAA,0x52,0x04,0x21,0xF0,0x7B,0x0C,0x5B,0x8E,0x6B,0x55,0xAD,0xD3,0x94,
	0xA6,0x31,0x8E,0x6B,0x04,0x21,0x08,0x42,0x86,0x31,0xA3,0x18,0x82,0x10,0xA2,0x10,0xC3,0x18,0xC3,0x18,
	0xC3,0x18,0x82,0x10,0x04,0x21,0xCC,0x5A,0x28,0x4A,0x30,0x94,0x8F,0x93,0xC7,0x91,0xAA,0xB2,0x0F,0xCC,
	0xB2,0xCC,0x30,0xD4,0xC3,0x50,0x20,0x00,0x41,0x08,0x41,0x00,0x62,0x08,0x0C,0x5B,0x96,0xA5,0x51,0x7C,
	0x28,0x3A,0x45,0x21,0x45,0x21,0x04,0x19,0x85,0x31,0x6D,0x73,0xF7,0xBD,0x5C,0xE7,0x3C,0xE7,0xDA,0xD6,
	0x5C,0xE7,0xF3,0x9C,0xE3,0x18,0x96,0xAD,0xB7,0xAD,0x49,0x4A,0xE3,0x20,0x44,0x29,0x24,0x29,0x45,0x31,
	0x65,0x31,0x44,0x31,0xA6,0x39,0x1B,0xDF,0xB2,0x94,0x61,0x10,0x65,0x31,0x24,0x29,0x24,0x31,0x86,0x39,
	0xCA,0x5A,0x24,0x21,0xCF,0x73,0xEF,0x7B,0x45,0x29,0x45,0x31,0x45,0x31,0x45,0x31,0x45,0x31,0x45,0x31,
	0x65,0x31,0xC3,0x20,0xAA,0x6A,0x55,0xED,0xEC,0xD2,0x4A,0x8A,0xC7,0x31,0x49,0x42,0x8A,0x4A,0xAB,0x4A,
	0xEC,0x5A,0x4D,0x63,0xEC,0x5A,0xE3,0x20,0x24,0x29,0x24,0x29,0x24,0x29,0x24,0x29,0x24,0x29,0x24,0x29,
	0x24,0x29,0x24,0x29,0x24,0x29,0x45,0x29,0x91,0x8C,0x4C,0x63,0xE3,0x20,0xAD,0x7B,0xCE,0x7B,0xCB,0x5A,
	0x44,0x29,0x24,0x19,0x44,0x41,0xE8,0xB1,0x2D,0xA3,0x0F,0x74,0xD2,0x94,0xDB,0xD6,0xAA,0x52,0xC3,0x20,
	0x24,0x29,0x24,0x21,0x2C,0x63,0x6D,0x63,0xCF,0x6B,0xA3,0x10,0xD6,0xBD,0xDA,0xDE,0xB9,0xD6,0x3B,0xE7,
	0xDA,0xD6,0xF2,0x9C,0x28,0x42,0x61,0x08,0x21,0x00,0x82,0x08,0xE8,0x39,0x92,0x84,0x76,0xA5,0x6E,0x63,
	0xC4,0x18,0x21,0x08,0x00,0x00,0x21,0x08,0x41,0x08,0x21,0x00,0x45,0x91,0xC7,0xD1,0xA6,0xC9,0xC7,0xC9,
	0xEB,0xC2,0x49,0xAA,0xAA,0x9A,0xCB,0x9A,0xC7,0x39,0x65,0x29,0xC3,0x18,0xA6,0x31,0xDA,0xD6,0xF3,0x9C,
	0x66,0x31,0x35,0xA5,0x75,0xAD,0xCB,0x5A,0x62,0x10,0xAE,0x73,0xCF,0x73,0x92,0x8C,0x75,0xAD,0xB6,0xB5,
	0xA6,0x31,0x28,0x42,0x45,0x21,0x08,0x42,0x25,0x21,0xE4,0x18,0xE8,0x39,0xA7,0x31,0x6A,0x4A,0xC3,0x18,
	0xA3,0x18,0x65,0x29,0x65,0x29,0x41,0x00,0xC3,0x30,0x2C,0x93,0x2C,0x93,0x65,0x99,0x28,0xB2,0x95,0xCD,
	0xDB,0xD6,0x6D,0xAB,0x20,0x18,0x04,0x19,0x45,0x29,0x86,0x29,0x20,0x00,0x41,0x08,0x45,0x21,0x8E,0x63,
	0x96,0xA5,0x6E,0x63,0xE4,0x18,0xA6,0x31,0xE7,0x39,0x65,0x29,0x85,0x31,0x0B,0x63,0x75,0xAD,0x3C,0xE7,
	0x1B,0xDF,0x45,0x29,0x24,0x29,0x51,0x8C,0x65,0x31,0xC3,0x20,0x45,0x31,0x45,0x31,0x45,0x31,0x44,0x31,
	0x65,0x31,0xE3,0x20,0x50,0x8C,0xDE,0xF7,0x6D,0x6B,0xC2,0x18,0x65,0x31,0x44,0x31,0x45,0x31,0x24,0x29,
	0xAA,0x5A,0xAE,0x73,0x6A,0x4A,0x41,0x10,0x65,0x31,0x24,0x29,0x45,0x31,0x45,0x31,0x45,0x31,0x45,0x31,
	0xE3,0x20,0x69,0x62,0x34,0xED,0xAB,0xCA,0x04,0x51,0x0C,0x53,0xB3,0x8C,0xF4,0x94,0xB3,0x8C,0xB3,0x8C,
	0x55,0x9D,0x35,0x95,0xF4,0x94,0xE3,0x20,0x44,0x29,0x24,0x29,0x24,0x29,0x24,0x29,0x24,0x29,0x24,0x29,
	0x24,0x29,0x24,0x29,0x24,0x29,0x44,0x29,0x41,0x10,0x0C,0x63,0xEB,0x62,0x6D,0x73,0x04,0x29,0xE3,0x20,
	0x65,0x21,0x85,0x51,0x08,0xBA,0x86,0x61,0x51,0x84,0x51,0x8C,0xEC,0x5A,0x71,0x8C,0x8A,0x52,0xC3,0x20,
	0x44,0x29,0x24,0x29,0x85,0x31,0x41,0x08,0x10,0x7C,0xCB,0x52,0xC7,0x39,0x7D,0xEF,0x99,0xCE,0x91,0x8C,
	0xC6,0x39,0x61,0x08,0x82,0x10,0xC3,0x18,0xA3,0x18,0x42,0x08,0xAF,0x6B,0x4D,0x63,0x82,0x08,0x00,0x00,
	0x41,0x00,0x41,0x08,0x41,0x08,0x41,0x08,0x41,0x08,0x20,0x00,0xA3,0x50,0xC7,0xD1,0x86,0xC9,0x65,0xC9,
	0xE8,0xB9,0xCB,0xBA,0xAA,0x9A,0x50,0xB4,0x6A,0x5A,0xA6,0x31,0xCB,0x5A,0xEF,0x7B,0x75,0xAD,0x55,0xAD,
	0xC3,0x18,0xCF,0x7B,0x10,0x84,0x71,0x8C,0xC3,0x18,0xAB,0x52,0xB2,0x94,0x51,0x84,0xB6,0xB5,0x59,0xC6,
	0xAB,0x52,0x66,0x29,0x86,0x31,0x28,0x42,0xC3,0x18,0xAB,0x52,0xF3,0x9C,0x55,0xAD,0xCB,0x5A,0x62,0x10,
	0xC3,0x18,0xA6,0x31,0xAE,0x73,0xEC,0x5A,0x45,0x59,0x6E,0xAB,0xAA,0x92,0xEB,0xB2,0x28,0xBA,0x29,0xBA,
	0x55,0xDD,0xC7,0x79,0x00,0x00,0xCF,0x73,0xEC,0x5A,0xC3,0x18,0x41,0x08,0xC3,0x10,0xC3,0x18,0x62,0x08,
	0x05,0x19,0x87,0x29,0x04,0x19,0x86,0x29,0xC7,0x39,0xE7,0x39,0xE7,0x39,0x65,0x29,0x24,0x21,0xCA,0x5A,
	0x69,0x4A,0xA2,0x30,0x07,0x7A,0x82,0x18,0x24,0x29,0x45,0x29,0x24,0x29,0x24,0x29,0x44,0x31,0x45,0x31,
	0x24,0x29,0x85,0x31,0x79,0xCE,0x1B,0xDF,0xE7,0x41,0xE3,0x20,0x45,0x31,0x44,0x31,0x45,0x31,0x24,0x29,
	0x48,0x4A,0xC7,0x39,0x69,0x52,0x69,0x52,0x82,0x18,0xC7,0x39,0x85,0x31,0x45,0x31,0x44,0x31,0x24,0x21,
	0xE7,0x51,0xD3,0xEC,0x8A,0xBA,0x82,0x38,0x61,0x08,0x2D,0x63,0x92,0x8C,0x72,0x8C,0x14,0x95,0xD3,0x94,
	0x31,0x7C,0xF8,0xB5,0x92,0x8C,0xE3,0x20,0x44,0x29,0x24,0x29,0x24,0x29,0x24,0x29,0x24,0x29,0x24,0x29,
	0x04,0x21,0x86,0x31,0x85,0x31,0x81,0x18,0xEB,0x62,0x08,0x42,0xE7,0x41,0x8E,0x73,0xF3,0x9C,0xA6,0x29,
	0xA6,0x61,0x89,0xC2,0xA5,0x51,0x03,0x21,0x04,0x21,0x44,0x29,0xE3,0x20,0xC3,0x18,0x04,0x21,0x24,0x29,
	0x24,0x29,0x24,0x29,0xE3,0x20,0x2C,0x63,0x0F,0x7C,0x51,0x84,0x04,0x19,0xCB,0x5A,0xA6,0x31,0x41,0x08,
	0x82,0x10,0xE3,0x18,0xE3,0x18,0xC3,0x18,0xA2,0x10,0x62,0x10,0x21,0x00,0x00,0x00,0x62,0x08,0x82,0x08,
	0x62,0x08,0x62,0x08,0x41,0x08,0x42,0x08,0x21,0x08,0x82,0x18,0x61,0x20,0xA6,0xB9,0x28,0xCA,0x30,0xD4,
	0x55,0xDD,0x72,0xD4,0xAA,0xA2,0x6D,0xA3,0xEB,0x7A,0xE4,0x18,0x65,0x31,0x69,0x4A,0x8E,0x73,0xE8,0x39,
	0x62,0x10,0x8E,0x73,0xB2,0x94,0xB2,0x94,0x86,0x31,0xE7,0x39,0xD3,0x94,0x8A,0x52,0x69,0x4A,0x1B,0xDF,
	0x2C,0x63,0x04,0x21,0xC7,0x39,0x08,0x42,0xA3,0x18,0xAB,0x52,0xB2,0x94,0xCF,0x7B,0x49,0x4A,0x82,0x10,
	0xE4,0x20,0x42,0x08,0x41,0x08,0xE3,0x20,0xE8,0x81,0xAE,0xAB,0xC7,0x91,0x08,0xB2,0x28,0xC2,0xA6,0xC1,
	0x49,0xCA,0xC3,0x48,0x82,0x08,0xEC,0x5A,0x49,0x4A,0x41,0x08,0x82,0x08,0xC3,0x10,0xC3,0x10,0x04,0x19,
	0xE4,0x18,0xC4,0x18,0x45,0x21,0x86,0x31,0xA6,0x31,0xA6,0x39,0xC7,0x39,0xE7,0x39,0xC7,0x39,0x65,0x29,
	0x61,0x08,0x85,0x71,0x45,0x59,0x24,0x29,0x24,0x29,0x24,0x29,0x44,0x29,0x44,0x29,0x45,0x31,0x65,0x29,
	0xA2,0x18,0x30,0x84,0xDE,0xF7,0x17,0xC6,0xE3,0x20,0x24,0x29,0x45,0x31,0x44,0x31,0x24,0x31,0x44,0x31,
	0x65,0x31,0xCB,0x5A,0x0C,0x63,0xA6,0x31,0x10,0x7C,0x79,0xCE,0x49,0x4A,0x03,0x21,0x65,0x31,0x03,0x21,
	0x0D,0xAB,0x29,0xA2,0x21,0x20,0x41,0x08,0xA2,0x18,0xD3,0x94,0xD3,0x8C,0x35,0x9D,0xD7,0xAD,0xB7,0xAD,
	0x96,0xAD,0x14,0x95,0xF4,0x94,0xC3,0x20,0x24,0x29,0x24,0x29,0x24,0x29,0x24,0x29,0x24,0x29,0x24,0x29,
	0xC3,0x20,0xEC,0x5A,0x59,0xC6,0x0C,0x63,0xA7,0x39,0x0C,0x63,0xEB,0x62,0xC3,0x18,0xA6,0x31,0x08,0x8A,
	0xCB,0xC2,0x86,0x49,0x03,0x21,0x44,0x29,0x24,0x29,0x03,0x29,0x24,0x29,0x24,0x29,0x24,0x29,0x24,0x29,
	0x24,0x29,0x24,0x29,0x04,0x29,0xA6,0x39,0x81,0x10,0xEB,0x52,0xEB,0x52,0x00,0x00,0xA3,0x18,0xE3,0x18,
	0xC3,0x18,0xC3,0x18,0xC3,0x18,0xC3,0x18,0xC3,0x18,0x82,0x10,0x82,0x08,0x82,0x08,0x82,0x08,0x82,0x08,
	0x62,0x08,0x21,0x00,0x00,0x00,0x61,0x18,0x24,0x61,0x24,0x59,0x41,0x08,0x25,0x89,0x69,0xD2,0xCE,0xCB,
	0x8A,0xC2,0x08,0xAA,0x8A,0xB2,0xCB,0x9A,0xEB,0x92,0x65,0x29,0xEC,0x62,0x6A,0x4A,0x45,0x29,0xC3,0x18,
	0x82,0x10,0x08,0x42,0xAE,0x73,0x62,0x10,0x41,0x08,0x45,0x29,0x92,0x94,0x45,0x29,0x00,0x00,0xAA,0x52,
	0x28,0x42,0x24,0x21,0xC7,0x39,0xC7,0x39,0xA3,0x10,0xEF,0x7B,0xF3,0x9C,0xCF,0x7B,0xA3,0x10,0x04,0x21,
	0x4D,0x6B,0x4D,0x6B,0x8A,0x4A,0xE4,0x38,0xAB,0x9A,0x4D,0xA3,0x49,0xA2,0x28,0xBA,0xA7,0xC1,0xC7,0xC9,
	0xE7,0xB9,0x21,0x18,0xA6,0x29,0x51,0x84,0xA7,0x31,0x20,0x00,0x20,0x00,0x62,0x08,0xC3,0x10,0xE4,0x10,
	0xE4,0x18,0xE4,0x18,0x45,0x29,0x86,0x31,0x86,0x31,0xA6,0x31,0xA6,0x31,0x86,0x31,0xA6,0x39,0xA6,0x31,
	0xC3,0x28,0x86,0x79,0xE3,0x28,0x24,0x29,0x44,0x29,0x44,0x29,0x44,0x29,0x44,0x29,0x44,0x29,0x44,0x29,
	0x65,0x29,0xEB,0x5A,0x75,0xAD,0xD2,0x94,0x82,0x10,0x44,0x29,0x24,0x29,0x24,0x29,0x24,0x31,0x44,0x31,
	0x23,0x29,0x68,0x4A,0x48,0x4A,0xD7,0xB5,0x14,0x9D,0xE7,0x39,0x24,0x29,0x44,0x31,0x44,0x29,0x24,0x29,
	0xC3,0x30,0x00,0x08,0x61,0x08,0x03,0x21,0x04,0x29,0xA6,0x39,0x08,0x42,0xE7,0x41,0xE8,0x41,0x08,0x3A,
	0xE8,0x39,0x08,0x42,0xA6,0x39,0x04,0x29,0x24,0x29,0x24,0x29,0x24,0x29,0x24,0x29,0x04,0x29,0x24,0x29,
	0x44,0x29,0x04,0x21,0x8A,0x52,0xD7,0xB5,0xF3,0x9C,0x86,0x39,0x6D,0x6B,0x49,0x4A,0x45,0x91,0xCB,0xCA,
	0x28,0x4A,0x03,0x21,0x44,0x31,0x04,0x29,0x85,0x31,0x08,0x42,0xA6,0x31,0x45,0x29,0x04,0x29,0x24,0x29,
	0x24,0x29,0x24,0x29,0x24,0x29,0xE3,0x20,0x86,0x31,0x30,0x7C,0xF0,0x73,0x21,0x08,0xC3,0x18,0xC3,0x18,
	0xC3,0x18,0xC3,0x18,0xC3,0x18,0xC3,0x18,0xC3,0x18,0xA3,0x10,0x82,0x08,0x82,0x08,0x41,0x00,0x00,0x00,
	0x21,0x00,0xA7,0x31,0xC7,0x31,0xC3,0x30,0xC3,0x50,0x20,0x08,0x21,0x00,0xC3,0x58,0xC6,0xD9,0x44,0xC9,
	0x86,0xC9,0x8A,0xCA,0x08,0xB2,0xAA,0x9A,0xEC,0x9A,0xE7,0x49,0xC3,0x18,0x08,0x42,0x2C,0x63,0xEB,0x5A,
	0x82,0x10,0x86,0x31,0xAA,0x52,0x4D,0x6B,0x34,0xA5,0xE7,0x39,0xF0,0x7B,0xCF,0x7B,0x21,0x08,0x00,0x00,
	0xC7,0x39,0x45,0x29,0x08,0x42,0x25,0x29,0x66,0x29,0xD6,0xB5,0x54,0xA5,0x30,0x84,0x62,0x10,0xA3,0x10,
	0xE4,0x20,0x86,0x31,0xAA,0x52,0x86,0x59,0x2C,0xA3,0xAA,0x9A,0x49,0xAA,0x6D,0xC3,0xAA,0xC2,0xA7,0xD1,
	0x86,0x91,0x00,0x00,0x08,0x3A,0x31,0x84,0x25,0x21,0xAF,0x6B,0x51,0x7C,0x6A,0x42,0x04,0x19,0xA3,0x10,
	0xE4,0x18,0x04,0x19,0x66,0x29,0x65,0x29,0x65,0x31,0x86,0x31,0x85,0x31,0x85,0x31,0xA6,0x39,0x04,0x21,
	0xE3,0x38,0x44,0x51,0xE3,0x20,0xE3,0x20,0xE3,0x20,0x03,0x21,0x03,0x21,0xE4,0x20,0x24,0x29,0x85,0x31,
	0xC6,0x31,0x44,0x21,0x24,0x21,0x65,0x29,0xE3,0x20,0x44,0x29,0x24,0x29,0x24,0x29,0x44,0x31,0x24,0x29,
	0x24,0x29,0x24,0x29,0x4C,0x6B,0x8A,0x52,0xE7,0x41,0x65,0x31,0x03,0x29,0xE3,0x20,0x24,0x29,0x24,0x29,
	0xA2,0x18,0xA2,0x10,0x03,0x21,0x04,0x29,0x24,0x29,0x04,0x29,0xE3,0x20,0xC2,0x20,0xA2,0x18,0x61,0x10,
	0xA2,0x18,0xE3,0x20,0x03,0x21,0x24,0x29,0x24,0x29,0x24,0x29,0x24,0x29,0x24,0x29,0x24,0x29,0x04,0x21,
	0xC3,0x20,0xE3,0x20,0xA6,0x39,0xE7,0x39,0xAA,0x5A,0x6C,0x73,0x44,0x31,0xA7,0xA9,0xAB,0xBA,0x08,0x42,
	0x44,0x29,0x24,0x29,0x24,0x29,0x44,0x29,0x07,0x3A,0x65,0x29,0x65,0x29,0x24,0x21,0x04,0x29,0x04,0x29,
	0x24,0x29,0x24,0x29,0x24,0x29,0x24,0x29,0xE3,0x20,0xE3,0x20,0xAF,0x73,0xC3,0x10,0x82,0x08,0xC3,0x18,
	0xC3,0x18,0xE3,0x18,0xC3,0x18,0xC3,0x18,0xC3,0x18,0xA3,0x10,0x82,0x10,0x62,0x08,0x46,0x21,0x4D,0x63,
	0xF4,0x8C,0x55,0x9D,0xAB,0x52,0x41,0x08,0xC4,0x48,0x61,0x18,0x41,0x00,0x62,0x20,0xA6,0xC1,0xC6,0xD1,
	0xA6,0xC9,0x08,0xC2,0xAA,0xBA,0xAA,0xAA,0x0C,0xA3,0x49,0x6A,0xA7,0x31,0xAB,0x5A,0x66,0x31,0x82,0x10,
	0x49,0x4A,0x79,0xCE,0xBA,0xD6,0x34,0xA5,0xB6,0xB5,0x6D,0x6B,0x2C,0x63,0xB2,0x94,0x0C,0x63,0x65,0x29,
	0x66,0x31,0x66,0x31,0x08,0x42,0x25,0x21,0xA3,0x18,0xEB,0x5A,0x14,0x9D,0xCB,0x5A,0xC7,0x39,0x49,0x42,
	0xA3,0x18,0x04,0x21,0x61,0x08,0x86,0x71,0xAE,0xAB,0x69,0x92,0xA6,0xA9,0x86,0xC1,0xA6,0xC9,0xE7,0xD1,
	0xE4,0x60,0x62,0x00,0xEF,0x73,0x6A,0x4A,0x62,0x08,0x04,0x19,0x2D,0x5B,0xB3,0x8C,0x96,0xA5,0x2D,0x63,
	0x82,0x08,0x25,0x21,0x66,0x29,0x66,0x31,0x66,0x31,0x66,0x31,0x86,0x31,0x86,0x31,0x86,0x31,0xE3,0x18,
	0xA2,0x20,0x4C,0x73,0x28,0x42,0x6D,0x6B,0x51,0x8C,0xCB,0x5A,0x69,0x4A,0x8E,0x73,0xC3,0x20,0x65,0x29,
	0xC6,0x39,0xAD,0x7B,0x48,0x4A,0x24,0x21,0x04,0x21,0x24,0x29,0x24,0x29,0x44,0x31,0x03,0x29,0x08,0x42,
	0x30,0x84,0x85,0x31,0xC6,0x41,0x89,0x52,0xCE,0x7B,0x65,0x29,0x65,0x29,0x2C,0x63,0x85,0x31,0x04,0x29,
	0x24,0x29,0x24,0x29,0x04,0x29,0x24,0x29,0x24,0x29,0x24,0x29,0x85,0x31,0x69,0x4A,0xEB,0x5A,0x6D,0x6B,
	0x08,0x42,0x04,0x21,0x44,0x29,0x24,0x29,0x24,0x29,0x24,0x29,0x24,0x29,0x24,0x29,0x04,0x29,0xC7,0x39,
	0x2C,0x63,0x24,0x21,0x07,0x42,0x6D,0x73,0xE7,0x39,0x4D,0x73,0x09,0xC2,0x4D,0xCB,0x89,0x4A,0xE2,0x18,
	0x44,0x29,0x44,0x29,0x24,0x29,0x65,0x29,0x04,0x21,0x48,0x4A,0x2B,0x6B,0x24,0x29,0x04,0x21,0x24,0x29,
	0x24,0x29,0x24,0x29,0x24,0x29,0x04,0x29,0xAA,0x5A,0x4D,0x63,0xF3,0x94,0x45,0x21,0x81,0x08,0xC3,0x10,
	0xC3,0x18,0xC3,0x18,0xC3,0x18,0xC3,0x18,0xC3,0x18,0xC3,0x18,0x83,0x10,0x41,0x08,0xCF,0x73,0x31,0x7C,
	0xE8,0x39,0x62,0x08,0x21,0x00,0x41,0x00,0xA3,0x28,0x62,0x18,0x41,0x00,0x21,0x08,0x65,0x99,0xC7,0xD9,
	0x86,0xD1,0x28,0xCA,0x28,0xAA,0x69,0xAA,0xEB,0xA2,0xEB,0x8A,0xE4,0x18,0xC7,0x39,0x4D,0x6B,0x49,0x4A,
	0xE8,0x41,0xD7,0xBD,0x8E,0x6B,0x30,0x84,0xF7,0xBD,0x51,0x8C,0x8A,0x52,0x92,0x94,0x71,0x8C,0x34,0xA5,
	0x04,0x21,0x86,0x31,0x08,0x42,0xE4,0x20,0x86,0x31,0x45,0x29,0xEC,0x5A,0xC7,0x39,0x30,0x84,0x9E,0xEF,
	0x96,0xAD,0x51,0x8C,0x69,0x52,0xC7,0x81,0xAE,0xAB,0x69,0x9A,0x2C,0xC3,0xE8,0xC9,0x86,0xC9,0xE7,0xC9,
	0x61,0x30,0xE4,0x10,0x6E,0x6B,0xE8,0x39,0x20,0x00,0x61,0x08,0x41,0x00,0x41,0x00,0x86,0x29,0xC7,0x31,
	0xA3,0x10,0x25,0x21,0x45,0x29,0x65,0x29,0x65,0x29,0x65,0x29,0x45,0x29,0x86,0x31,0x24,0x21,0xE4,0x18,
	0x61,0x10,0x91,0x8C,0xAA,0x52,0x54,0xAD,0x34,0xA5,0x10,0x7C,0xD3,0x94,0x18,0xBE,0x04,0x21,0x44,0x29,
	0xC6,0x39,0xA9,0x5A,0x28,0x4A,0x24,0x21,0xE3,0x20,0x24,0x29,0x44,0x31,0x44,0x31,0x03,0x29,0xC7,0x39,
	0xF3,0x9C,0x2C,0x63,0x82,0x18,0xCA,0x62,0x44,0x29,0x6D,0x6B,0xAD,0x73,0x54,0xA5,0xC6,0x39,0x24,0x29,
	0x04,0x29,0xA2,0x18,0x24,0x29,0x24,0x29,0x24,0x29,0xE3,0x20,0x08,0x42,0xD2,0x94,0xCB,0x5A,0xF3,0x9C,
	0xB7,0xB5,0xE3,0x20,0x24,0x29,0x24,0x29,0x24,0x29,0x04,0x21,0xC2,0x18,0x24,0x29,0x03,0x21,0x28,0x4A,
	0x55,0xA5,0x8E,0x73,0xAA,0x5A,0xE7,0x31,0x4D,0x73,0x4A,0xCA,0x29,0x9A,0xEB,0x52,0xA6,0x39,0x03,0x29,
	0x03,0x21,0x23,0x21,0x24,0x29,0x24,0x21,0x04,0x19,0xA6,0x39,0x89,0x5A,0x45,0x29,0xC2,0x18,0xE3,0x20,
	0x03,0x21,0x03,0x21,0x04,0x29,0x04,0x21,0x2C,0x63,0x10,0x7C,0x4D,0x63,0x04,0x21,0xC3,0x18,0x82,0x10,
	0xE3,0x18,0xE3,0x18,0xE3,0x18,0xE3,0x18,0xE3,0x18,0xC3,0x18,0xA3,0x10,0x82,0x10,0x42,0x08,0x00,0x00,
	0x21,0x00,0x62,0x08,0x82,0x08,0x62,0x08,0x41,0x08,0x61,0x08,0x61,0x10,0x21,0x00,0x04,0x71,0xC7,0xD9,
	0x86,0xC9,0xA6,0xC9,0xEB,0xC2,0xCA,0xB2,0xCB,0xA2,0xEB,0x92,0xA6,0x31,0x08,0x42,0x66,0x31,0xE4,0x18,
	0xC7,0x39,0x59,0xCE,0xDB,0xDE,0xD7,0xB5,0x59,0xCE,0x75,0xAD,0x08,0x42,0xB3,0x94,0x10,0x84,0x34,0xA5,
	0x25,0x21,0xE7,0x39,0xE7,0x39,0xA3,0x18,0xE8,0x39,0x51,0x8C,0xF4,0x9C,0x04,0x21,0xAE,0x73,0x30,0x84,
	0xAA,0x52,0x04,0x21,0xE3,0x28,0x8A,0x9A,0x4D,0xA3,0xC7,0xA1,0x86,0xB9,0xA6,0xC9,0xC7,0xD1,0xE7,0xB9,
	0x00,0x10,0x29,0x3A,0x52,0x7C,0x45,0x29,0x20,0x00,0xA2,0x10,0xC3,0x10,0xC3,0x10,0xA2,0x08,0x82,0x08,
	0xC4,0x18,0x25,0x21,0x45,0x29,0x45,0x29,0x45,0x29,0x45,0x29,0x45,0x29,0x66,0x31,0xE4,0x18,0x25,0x21,
	0x61,0x10,0x2C,0x63,0x34,0xA5,0xAE,0x73,0x91,0x8C,0x13,0x9D,0x30,0x84,0x51,0x8C,0x48,0x4A,0xE3,0x18,
	0x44,0x29,0xC6,0x39,0x65,0x29,0x04,0x21,0xA2,0x10,0x24,0x29,0x44,0x29,0x44,0x29,0x24,0x29,0x85,0x31,
	0xEF,0x7B,0xE8,0x41,0xC3,0x18,0xC3,0x18,0xCA,0x62,0x89,0x52,0xE7,0x39,0x4D,0x6B,0x82,0x18,0x04,0x29,
	0xC7,0x39,0x8E,0x73,0x04,0x21,0x24,0x29,0x24,0x29,0xE3,0x20,0x08,0x42,0xB2,0x94,0x51,0x84,0x71,0x8C,
	0x0C,0x5B,0x03,0x21,0x24,0x29,0x24,0x29,0x04,0x29,0x44,0x29,0x6D,0x6B,0x45,0x29,0x04,0x29,0xA2,0x18,
	0x0C,0x63,0x65,0x31,0x2C,0x5B,0xCF,0xAB,0x6A,0xDA,0x08,0x8A,0x03,0x19,0xC2,0x20,0x03,0x29,0xA6,0x31,
	0x65,0x31,0x65,0x29,0xC7,0x39,0x48,0x42,0xC6,0x31,0x85,0x29,0x48,0x42,0x85,0x29,0xA5,0x31,0x85,0x29,
	0x85,0x29,0xA6,0x39,0x85,0x31,0x24,0x21,0xE3,0x20,0x81,0x18,0xA2,0x18,0x24,0x21,0x25,0x21,0x62,0x08,
	0xC3,0x18,0xE3,0x18,0xE3,0x18,0xE3,0x18,0xC3,0x18,0xC3,0x18,0xA3,0x18,0x62,0x10,0x82,0x08,0x82,0x08,
	0x82,0x08,0x82,0x08,0x82,0x08,0x82,0x08,0x61,0x08,0x20,0x00,0x00,0x00,0x21,0x00,0xA3,0x48,0xC7,0xD1,
	0x86,0xD1,0xC7,0xC9,0x08,0xBA,0x08,0xAA,0xAA,0xAA,0xEC,0xAA,0x86,0x39,0xAA,0x52,0x55,0xAD,0xF7,0xBD,
	0x17,0xBE,0x99,0xCE,0x10,0x7C,0x71,0x8C,0x8E,0x73,0xD3,0x9C,0x49,0x4A,0x92,0x8C,0xB3,0x94,0x30,0x84,
	0xE4,0x20,0x08,0x42,0xE7,0x39,0xC3,0x18,0x82,0x10,0x62,0x10,0xA3,0x10,0xA3,0x18,0xE4,0x18,0x0C,0x63,
	0x8A,0x52,0x69,0x42,0x24,0x41,0xEB,0xA2,0x0C,0xA3,0xEB,0xB2,0x4C,0xCB,0x28,0xCA,0xA7,0xD9,0xA6,0x99,
	0x00,0x00,0xAB,0x4A,0x92,0x84,0xE4,0x18,0x00,0x00,0x82,0x08,0xA3,0x10,0xC3,0x10,0xC3,0x10,0xA3,0x10,
	0xE4,0x18,0x24,0x21,0x25,0x29,0x25,0x29,0x45,0x29,0x25,0x29,0x45,0x29,0x25,0x21,0xC3,0x10,0x45,0x21,
	0xC3,0x18,0xA2,0x18,0xEF,0x7B,0x24,0x21,0xE3,0x20,0xC3,0x18,0xA2,0x18,0x82,0x18,0xC2,0x18,0x41,0x08,
	0xE3,0x18,0xE3,0x20,0xE3,0x18,0x61,0x10,0x82,0x10,0xE3,0x20,0x03,0x29,0xA2,0x18,0xC3,0x20,0xE7,0x41,
	0x71,0x8C,0x48,0x4A,0xC3,0x20,0x25,0x21,0xE3,0x18,0x07,0x42,0xAA,0x5A,0xC7,0x39,0xAA,0x5A,0x24,0x29,
	0xB2,0x94,0x34,0x9D,0xA2,0x18,0x24,0x29,0x04,0x21,0xC3,0x20,0xE7,0x41,0x71,0x8C,0xB2,0x94,0x92,0x8C,
	0xCF,0x73,0x44,0x21,0x03,0x21,0x03,0x29,0x24,0x29,0x04,0x29,0x38,0xBE,0x6D,0x6B,0x65,0x31,0x69,0x4A,
	0xC7,0x39,0x2C,0x5B,0x8A,0x9A,0x49,0xDA,0xE8,0x71,0x03,0x19,0xCE,0x7B,0x48,0x42,0xA6,0x29,0x65,0x21,
	0xC6,0x31,0x48,0x42,0x28,0x3A,0x28,0x3A,0x28,0x3A,0x69,0x42,0x07,0x3A,0x68,0x42,0x07,0x32,0x48,0x3A,
	0x28,0x3A,0xE7,0x31,0x48,0x4A,0x85,0x31,0xC6,0x39,0xEF,0x7B,0x86,0x31,0x04,0x21,0x45,0x21,0x82,0x08,
	0xA3,0x10,0xE3,0x18,0xE3,0x18,0xC3,0x18,0xC3,0x18,0xC3,0x18,0xA3,0x18,0x82,0x10,0x62,0x08,0x82,0x08,
	0x82,0x08,0x41,0x00,0x00,0x00,0x00,0x00,0x20,0x00,0x04,0x21,0x8E,0x6B,0x4E,0x5B,0x21,0x20,0xC7,0xC1,
	0xA6,0xD9,0x66,0xC9,0x69,0xCA,0x89,0xB2,0x89,0xA2,0xEB,0xAA,0xE7,0x51,0xAA,0x52,0x6D,0x6B,0x29,0x4A,
	0xE3,0x20,0x30,0x84,0x8E,0x6B,0xDA,0xD6,0xEF,0x7B,0xD2,0x94,0xAA,0x52,0x51,0x8C,0x92,0x8C,0x08,0x42,
	0x65,0x29,0x49,0x4A,0xA6,0x31,0xA2,0x10,0xC3,0x18,0x82,0x10,0xC3,0x18,0xC3,0x18,0xE4,0x18,0xA7,0x31,
	0x8A,0x4A,0x0C,0x5B,0x65,0x59,0x2C,0xA3,0xAA,0xA2,0xE7,0xB1,0xEB,0xCA,0x69,0xCA,0xC7,0xD9,0x25,0x79,
	0x20,0x00,0x41,0x08,0xC3,0x18,0x04,0x21,0x86,0x29,0xA3,0x10,0x21,0x00,0x21,0x00,0x82,0x08,0xA3,0x10,
	0x04,0x19,0x24,0x21,0x24,0x21,0x24,0x21,0x45,0x29,0x24,0x21,0x65,0x29,0xE3,0x18,0xE3,0x18,0x45,0x21,
	0xE3,0x18,0x82,0x18,0xAE,0x73,0x69,0x4A,0x0B,0x63,0xEB,0x5A,0xE8,0x41,0x48,0x4A,0x0B,0x63,0xCB,0x5A,
	0xC3,0x18,0x41,0x08,0x41,0x08,0x81,0x10,0x08,0x42,0xAA,0x5A,0xC7,0x39,0xCF,0x7B,0xC7,0x39,0x65,0x31,
	0x0C,0x63,0x69,0x52,0xC3,0x18,0x66,0x29,0x04,0x21,0xC3,0x18,0x28,0x42,0xC6,0x39,0xCB,0x5A,0x8A,0x52,
	0x79,0xCE,0x24,0x21,0xC3,0x20,0x04,0x29,0xA6,0x39,0x65,0x31,0x24,0x29,0xE3,0x20,0x89,0x4A,0x8A,0x52,
	0x24,0x29,0x24,0x29,0xC6,0x39,0xC6,0x39,0x04,0x29,0xA2,0x18,0x48,0x4A,0x9A,0xCE,0xE7,0x39,0x0B,0x63,
	0x89,0x42,0xEB,0xB2,0x8A,0xDA,0x49,0x62,0x04,0x11,0x44,0x21,0x07,0x32,0x84,0x19,0x07,0x32,0x30,0x84,
	0x58,0xC6,0xDA,0xD6,0xDA,0xD6,0xDA,0xCE,0xBA,0xCE,0xBA,0xD6,0x79,0xCE,0x79,0xC6,0x99,0xC6,0x99,0xC6,
	0x69,0x42,0x48,0x42,0x6C,0x63,0x24,0x21,0xA2,0x18,0x24,0x29,0x44,0x29,0x45,0x29,0x65,0x21,0xC3,0x10,
	0x82,0x08,0xE3,0x18,0xC3,0x18,0xC3,0x18,0xC3,0x18,0xC3,0x18,0xC3,0x18,0xA3,0x10,0x82,0x08,0x62,0x08,
	0xA3,0x10,0xC7,0x31,0x0D,0x5B,0x31,0x7C,0x85,0x31,0xEC,0x52,0xB3,0x84,0x10,0x74,0x82,0x18,0x65,0xA1,
	0xA6,0xD9,0xE8,0xC1,0xCB,0xCA,0x4D,0xBB,0xCB,0xA2,0xCE,0xAB,0xCB,0x62,0xE4,0x20,0x0C,0x63,0xAE,0x73,
	0xC3,0x18,0x6D,0x6B,0x79,0xCE,0xAE,0x73,0xD3,0x94,0x1B,0xDF,0x8A,0x52,0x10,0x84,0x30,0x84,0x00,0x00,
	0x04,0x21,0x08,0x42,0x65,0x31,0x24,0x21,0xE4,0x18,0x28,0x42,0x04,0x21,0xA3,0x18,0xC3,0x18,0xA3,0x10,
	0x42,0x08,0x20,0x00,0x44,0x61,0x6D,0xB3,0xCA,0xA2,0x08,0xBA,0x86,0xC9,0x86,0xD1,0x08,0xDA,0xC3,0x50,
	0x00,0x00,0x21,0x00,0x21,0x00,0xE8,0x39,0xD3,0x94,0x14,0x95,0xB3,0x8C,0xCF,0x73,0x25,0x21,0x82,0x10,
	0x24,0x21,0x04,0x21,0x04,0x21,0x24,0x21,0x24,0x21,0x24,0x21,0x65,0x29,0xA3,0x10,0x04,0x19,0x66,0x21,
	0xE3,0x18,0xE7,0x39,0x55,0xA5,0x0C,0x63,0xD7,0xB5,0x92,0x8C,0x4D,0x63,0x30,0x84,0x17,0xBE,0xF7,0xB5,
	0x08,0x42,0xA2,0x18,0x03,0x21,0x61,0x10,0xAE,0x73,0xB7,0xB5,0x35,0xA5,0x6D,0x6B,0xAA,0x5A,0xC3,0x18,
	0xC3,0x20,0xE3,0x20,0x24,0x21,0x45,0x21,0x65,0x29,0x25,0x21,0xA3,0x10,0x28,0x42,0xC6,0x39,0xCF,0x7B,
	0xEB,0x5A,0x8A,0x52,0x28,0x4A,0xC3,0x20,0xF7,0xBD,0xAA,0x52,0xC3,0x20,0x82,0x18,0xF3,0x94,0xEF,0x7B,
	0x61,0x18,0xA2,0x18,0x6D,0x6B,0xD7,0xB5,0x82,0x18,0xCB,0x5A,0xE7,0x39,0xAE,0x73,0x6D,0x63,0xAA,0x5A,
	0x4D,0xD3,0x6A,0xDA,0x07,0x52,0xE3,0x08,0x03,0x19,0x44,0x19,0xE7,0x39,0x70,0x84,0xDA,0xCE,0xBD,0xEF,
	0x7D,0xEF,0x5C,0xE7,0x7C,0xE7,0x7C,0xE7,0x5C,0xE7,0x7D,0xEF,0x7C,0xE7,0x7D,0xE7,0x7D,0xE7,0xCE,0x6B,
	0x48,0x42,0xCE,0x73,0xA6,0x39,0x48,0x4A,0x51,0x8C,0x24,0x29,0x24,0x29,0x45,0x29,0x25,0x21,0xE4,0x18,
	0x82,0x08,0xC3,0x18,0xE3,0x18,0xE3,0x18,0xC3,0x18,0xC3,0x18,0xE3,0x18,0xA3,0x10,0x21,0x00,0xE8,0x39,
	0x76,0xA5,0xD4,0x8C,0xF0,0x73,0xAB,0x4A,0x82,0x10,0x66,0x29,0x93,0x84,0xB3,0x8C,0xAB,0x4A,0xE3,0x80,
	0x8A,0xDA,0x34,0xDD,0x14,0xDD,0xEF,0xCB,0x8A,0xA2,0x8E,0xAB,0x0C,0x7B,0x24,0x21,0x86,0x31,0x24,0x21,
	0x45,0x29,0x08,0x42,0x30,0x84,0x4C,0x63,0x8A,0x52,0x86,0x31,0xA3,0x18,0x10,0x84,0x51,0x84,0x00,0x00,
	0x86,0x31,0x29,0x4A,0x66,0x29,0x8E,0x73,0x2C,0x63,0xF7,0xBD,0x51,0x8C,0xC3,0x18,0xC3,0x18,0x69,0x4A,
	0xEF,0x7B,0xAA,0x52,0xA6,0x71,0x8E,0xB3,0x89,0xA2,0x4C,0xCB,0x29,0xD2,0xA6,0xD1,0xC7,0xD1,0x24,0x49,
	0xE4,0x18,0x04,0x21,0x41,0x08,0x21,0x00,0x41,0x08,0x04,0x19,0x49,0x42,0xCF,0x73,0x46,0x29,0xA2,0x10,
	0x04,0x21,0x24,0x21,0x24,0x21,0x24,0x21,0x24,0x21,0x24,0x21,0x25,0x29,0xA3,0x10,0x45,0x21,0x45,0x21,
	0x45,0x21,0x24,0x21,0xB2,0x8C,0xAE,0x73,0x95,0xAD,0xEF,0x7B,0x71,0x8C,0xB2,0x94,0xD3,0x9C,0xB2,0x94,
	0x49,0x4A,0xC3,0x18,0xC3,0x18,0x2C,0x63,0x75,0xA5,0xF4,0x9C,0xB2,0x94,0xEF,0x7B,0xCB,0x5A,0xC3,0x20,
	0x24,0x29,0x24,0x29,0x25,0x21,0x24,0x21,0x25,0x21,0x45,0x21,0x45,0x21,0xA2,0x10,0x65,0x31,0xAA,0x52,
	0x28,0x42,0x4C,0x6B,0x25,0x29,0x8E,0x73,0x8A,0x52,0xEB,0x5A,0x65,0x31,0x65,0x31,0x72,0x8C,0x8E,0x73,
	0xA6,0x39,0x65,0x31,0x4D,0x63,0xEB,0x5A,0x6D,0x6B,0x45,0x29,0x2C,0x6B,0xEB,0x5A,0xAE,0x7B,0x28,0xC2,
	0x6A,0xD2,0xC7,0x41,0x03,0x11,0x85,0x21,0x89,0x42,0xB1,0x8C,0xDA,0xD6,0x9D,0xEF,0x3C,0xE7,0x3C,0xE7,
	0x5C,0xE7,0x5C,0xE7,0x5C,0xE7,0x5C,0xE7,0x5C,0xE7,0x3C,0xE7,0x5C,0xE7,0x3B,0xDF,0x6C,0x63,0x07,0x3A,
	0xEA,0x52,0xA6,0x31,0xC2,0x20,0x04,0x21,0x0C,0x63,0x86,0x31,0x44,0x29,0x25,0x21,0x25,0x21,0x24,0x21,
	0x82,0x08,0xA3,0x10,0xC3,0x18,0xE3,0x18,0xC3,0x18,0xC3,0x18,0xC3,0x18,0xC3,0x10,0x62,0x08,0xC3,0x18,
	0x25,0x21,0x41,0x00,0x00,0x00,0x00,0x00,0x20,0x00,0xE4,0x18,0x11,0x74,0x72,0x7C,0x87,0x29,0xE3,0x68,
	0x08,0xDA,0xE7,0xC9,0x86,0xC9,0x89,0xBA,0xAA,0xB2,0xAB,0xAA,0xEC,0x8A,0x45,0x21,0x0D,0x63,0xAF,0x73,
	0xCF,0x7B,0x86,0x31,0x00,0x00,0x41,0x08,0x62,0x10,0xA3,0x18,0x82,0x10,0x8E,0x73,0xB2,0x94,0x49,0x4A,
	0x86,0x31,0x49,0x42,0x66,0x29,0x13,0x9D,0xD7,0xB5,0x49,0x4A,0x71,0x8C,0x41,0x08,0x41,0x08,0x82,0x10,
	0x04,0x21,0x45,0x29,0x08,0x7A,0x8D,0xAB,0xC7,0xA1,0x24,0xB9,0x65,0xC9,0x85,0xD9,0x85,0xB9,0x49,0x5A,
	0xCF,0x6B,0x92,0x8C,0x25,0x21,0x21,0x00,0x82,0x08,0x42,0x08,0x21,0x00,0x00,0x00,0x41,0x08,0xC3,0x18,
	0x04,0x21,0x04,0x21,0x04,0x21,0x04,0x21,0x04,0x21,0x45,0x29,0x04,0x21,0xC3,0x10,0x45,0x21,0x25,0x21,
	0x65,0x29,0x04,0x21,0x24,0x29,0xA6,0x31,0x69,0x4A,0xA6,0x39,0xEF,0x7B,0xE7,0x39,0x45,0x29,0x86,0x31,
	0x45,0x29,0xE3,0x20,0xE3,0x20,0x65,0x31,0x69,0x4A,0x24,0x29,0xAA,0x52,0xCE,0x73,0x45,0x29,0xE4,0x20,
	0x04,0x29,0x24,0x21,0x24,0x21,0x04,0x21,0x45,0x21,0x45,0x21,0x45,0x21,0x45,0x29,0xE3,0x18,0xC3,0x18,
	0x07,0x42,0x8A,0x52,0x4D,0x6B,0x0B,0x63,0xC6,0x39,0x8A,0x52,0x07,0x42,0x48,0x4A,0xAF,0x73,0xEC,0x5A,
	0x89,0x52,0x86,0x31,0x0C,0x63,0x86,0x31,0xAE,0x73,0xCE,0x7B,0xAE,0x73,0xCB,0x72,0xC7,0xC1,0x8A,0xCA,
	0x28,0x3A,0x65,0x21,0xC6,0x29,0x85,0x21,0x91,0x8C,0xFE,0xF7,0x7D,0xE7,0x1B,0xDF,0x3C,0xE7,0x5C,0xE7,
	0x5C,0xE7,0x5C,0xE7,0x5C,0xE7,0x5C,0xE7,0x3C,0xE7,0x5C,0xE7,0xFB,0xD6,0x0B,0x5B,0xE6,0x31,0xCE,0x73,
	0x30,0x84,0xA2,0x18,0xEB,0x62,0xE7,0x41,0x61,0x10,0x45,0x29,0x45,0x29,0x05,0x21,0x24,0x21,0x25,0x21,
	0x82,0x08,0x82,0x08,0xC4,0x18,0xE3,0x18,0xE3,0x18,0xC3,0x18,0xC3,0x18,0xC3,0x18,0x82,0x08,0x62,0x08,
	0x41,0x08,0x82,0x08,0xA2,0x08,0x82,0x08,0x61,0x08,0x82,0x10,0x8F,0x6B,0xD4,0x8C,0xAB,0x4A,0x82,0x48,
	0xC7,0xD9,0x86,0xD1,0xC6,0xD1,0x49,0xBA,0x49,0xAA,0xCB,0xAA,0x0C,0x9B,0x65,0x29,0x45,0x29,0x25,0x21,
	0x65,0x29,0x45,0x29,0xC3,0x18,0xE3,0x18,0xE3,0x18,0xE3,0x18,0x62,0x08,0x2D,0x63,0x92,0x94,0x30,0x84,
	0x86,0x31,0x29,0x42,0x04,0x21,0x69,0x4A,0x4D,0x6B,0x66,0x31,0x0C,0x63,0x8E,0x73,0x2C,0x63,0x8A,0x52,
	0x08,0x42,0x45,0x31,0x71,0xAC,0x6D,0xA3,0xEF,0xBB,0x55,0xDD,0x92,0xDC,0x8E,0xDB,0x65,0xA1,0xCB,0x5A,
	0x31,0x74,0x0C,0x5B,0xC7,0x31,0x21,0x00,0x82,0x08,0x82,0x10,0x82,0x10,0xA3,0x10,0x82,0x08,0xC3,0x18,
	0x04,0x21,0x04,0x21,0x04,0x21,0x04,0x21,0x04,0x21,0x45,0x29,0xC3,0x18,0xE3,0x18,0x45,0x21,0x45,0x21,
	0x45,0x21,0x65,0x21,0x04,0x21,0xC3,0x20,0xC3,0x18,0xA2,0x18,0xCF,0x7B,0x82,0x10,0x4D,0x6B,0xB2,0x94,
	0xCF,0x7B,0xEB,0x5A,0xB2,0x8C,0x30,0x84,0x2C,0x63,0x04,0x21,0x0C,0x63,0xA6,0x39,0xA2,0x18,0x04,0x29,
	0x24,0x21,0x24,0x21,0x04,0x21,0x25,0x21,0x25,0x21,0x25,0x21,0x25,0x21,0x25,0x21,0x45,0x29,0x45,0x21,
	0xC3,0x18,0xE3,0x20,0xC7,0x39,0x2C,0x63,0x50,0x8C,0x0F,0x84,0x50,0x84,0xCE,0x7B,0x30,0x8C,0xEF,0x7B,
	0xCF,0x7B,0x50,0x8C,0x50,0x8C,0x71,0x94,0x2C,0x6B,0xE7,0x31,0xE3,0x40,0xE8,0xC9,0xAB,0xC2,0x08,0x3A,
	0x85,0x29,0xC7,0x31,0xC6,0x29,0xE7,0x31,0x86,0x29,0x6D,0x63,0x79,0xC6,0x3B,0xE7,0x3C,0xE7,0x5C,0xE7,
	0x5C,0xE7,0x5C,0xE7,0x3C,0xE7,0x3C,0xE7,0x7D,0xE7,0xBA,0xCE,0xAA,0x4A,0x48,0x42,0x65,0x29,0x85,0x31,
	0x55,0xA5,0x24,0x21,0xA6,0x31,0x07,0x42,0x03,0x21,0x85,0x31,0x24,0x21,0x25,0x21,0x25,0x21,0x25,0x21,
	0xC3,0x10,0x82,0x08,0xE4,0x18,0xE4,0x20,0xE4,0x18,0xE3,0x18,0xE4,0x18,0xE4,0x18,0xA3,0x10,0x82,0x08,
	0xA2,0x10,0x82,0x10,0x82,0x08,0x82,0x08,0x62,0x08,0x21,0x00,0x2D,0x5B,0xCF,0x6B,0x66,0x21,0x62,0x40,
	0xC7,0xD1,0x86,0xD1,0x86,0xD1,0xAA,0xCA,0xAA,0xBA,0x8A,0xA2,0x2D,0xA3,0x65,0x31,0x8A,0x52,0x8E,0x73,
	0x4D,0x63,0xE8,0x39,0x83,0x10,0xE3,0x10,0xC3,0x18,0xE3,0x18,0x62,0x08,0xCB,0x5A,0xD3,0x9C,0x6E,0x6B,
	0xC7,0x39,0x08,0x42,0x04,0x21,0x51,0x84,0x51,0x8C,0xF3,0x9C,0xAA,0x52,0x14,0x9D,0xB6,0xB5,0xF7,0xBD,
	0xBA,0xCE,0x8E,0x83,0xAA,0x92,0x8D,0xAB,0x69,0xB2,0x6D,0xD3,0x71,0xD4,0xCF,0xDB,0x45,0x99,0x66,0x31,
	0xCC,0x52,0xAB,0x52,0xC3,0x18,0x00,0x00,0x62,0x08,0x82,0x10,0x62,0x00,0x41,0x00,0x61,0x08,0xE4,0x18,
	0xC3,0x18,0xE3,0x18,0x04,0x21,0x24,0x29,0x04,0x21,0x24,0x21,0xA2,0x18,0x04,0x21,0x45,0x21,0x45,0x21,
	0x45,0x21,0x45,0x21,0x65,0x29,0x04,0x21,0xC3,0x18,0xEB,0x5A,0x54,0xA5,0xE3,0x20,0x34,0xA5,0x29,0x42,
	0x55,0xA5,0x76,0xAD,0xB6,0xAD,0xB7,0xB5,0x38,0xC6,0x24,0x29,0x6D,0x6B,0x2F,0x84,0xC2,0x18,0x24,0x29,
	0x24,0x21,0x04,0x21,0x25,0x21,0x25,0x21,0x25,0x21,0x25,0x21,0x25,0x21,0x25,0x21,0x25,0x21,0x25,0x21,
	0x45,0x21,0x45,0x21,0x04,0x21,0xE3,0x18,0x04,0x21,0xA6,0x31,0x28,0x42,0xAA,0x52,0xCA,0x5A,0xAA,0x5A,
	0x8A,0x52,0x08,0x42,0x65,0x31,0xC3,0x18,0xC2,0x10,0x65,0x59,0x49,0xEA,0xCB,0xB2,0xE7,0x31,0xA6,0x29,
	0x07,0x32,0xE7,0x31,0x65,0x21,0x85,0x21,0x48,0x3A,0x85,0x21,0x27,0x3A,0xDA,0xD6,0x5C,0xE7,0x3C,0xE7,
	0x3C,0xE7,0x5C,0xE7,0x1C,0xDF,0x9D,0xEF,0x9A,0xCE,0x68,0x42,0x48,0x3A,0x07,0x42,0xA6,0x31,0x62,0x10,
	0x8A,0x52,0x0C,0x63,0x82,0x10,0x24,0x21,0x85,0x31,0x24,0x21,0x25,0x21,0x24,0x21,0x25,0x21,0x25,0x21,
	0xE3,0x18,0x62,0x08,0xC3,0x18,0x82,0x10,0x61,0x10,0x61,0x08,0x61,0x08,0xC3,0x18,0x62,0x08,0x00,0x00,
	0x00,0x00,0x41,0x00,0x82,0x08,0x21,0x00,0x41,0x00,0x62,0x08,0x61,0x08,0x00,0x00,0x20,0x00,0x82,0x30,
	0xC6,0xC9,0xA6,0xD1,0x86,0xD1,0x28,0xCA,0x49,0xB2,0x8A,0xA2,0x0C,0xA3,0xA6,0x41,0x25,0x21,0x86,0x31,
	0xC7,0x39,0xA7,0x31,0xE3,0x18,0xC3,0x10,0x82,0x10,0xC3,0x18,0x83,0x10,0x6A,0x4A,0xF3,0x9C,0x8E,0x6B,
	0xE7,0x39,0xA7,0x31,0x6A,0x4A,0x92,0x94,0xB3,0x94,0xCF,0x7B,0xEF,0x7B,0x00,0x00,0x83,0x10,0x41,0x08,
	0xA3,0x10,0xE3,0x30,0xAB,0xA2,0x4C,0xAB,0x08,0xB2,0xE7,0xC9,0x45,0xC9,0xA7,0xD9,0x45,0x89,0xAA,0x4A,
	0x92,0x84,0xEC,0x52,0x24,0x21,0xCB,0x52,0xC3,0x18,0x41,0x08,0x04,0x29,0x45,0x41,0x45,0x39,0xE3,0x28,
	0xA6,0x51,0x65,0x49,0xE3,0x20,0xE4,0x20,0x04,0x21,0x24,0x21,0xA2,0x10,0x04,0x21,0x45,0x21,0x45,0x21,
	0x45,0x21,0x45,0x21,0x65,0x21,0x65,0x29,0x04,0x21,0xA6,0x39,0x92,0x94,0xE7,0x39,0xCA,0x52,0xB2,0x94,
	0xAE,0x73,0x69,0x4A,0x31,0x84,0xCB,0x5A,0x30,0x84,0x85,0x31,0x30,0x84,0x89,0x52,0x03,0x21,0x24,0x21,
	0x04,0x19,0x24,0x21,0x24,0x21,0x25,0x21,0x25,0x21,0x25,0x21,0x25,0x21,0x24,0x21,0x24,0x21,0x25,0x21,
	0x24,0x21,0x04,0x19,0x25,0x21,0x65,0x29,0x65,0x29,0x45,0x21,0x24,0x21,0xE4,0x20,0x04,0x19,0xE4,0x20,
	0xE4,0x20,0x04,0x21,0x04,0x19,0x44,0x19,0xC7,0x79,0x69,0xF2,0xA9,0xA2,0xE7,0x29,0x85,0x29,0x86,0x29,
	0x65,0x21,0x04,0x21,0xE4,0x18,0xE4,0x18,0x86,0x29,0xC7,0x31,0x69,0x4A,0x1B,0xDF,0x3C,0xE7,0x3C,0xE7,
	0x7D,0xEF,0x7D,0xEF,0x5C,0xE7,0xD7,0xB5,0x68,0x42,0xC9,0x4A,0xAA,0x52,0xA2,0x18,0x8E,0x73,0x65,0x31,
	0xC3,0x18,0x44,0x29,0x65,0x31,0xA6,0x31,0x24,0x21,0x24,0x21,0x45,0x21,0x24,0x21,0x24,0x21,0x24,0x21,
	0x04,0x19,0x82,0x08,0xC3,0x18,0x0C,0x63,0xAE,0x73,0x6D,0x6B,0xAE,0x73,0xC6,0x39,0xE7,0x39,0x4D,0x63,
	0xEC,0x5A,0xE7,0x39,0x41,0x00,0xD0,0x6B,0xD4,0x94,0xA6,0x31,0x62,0x08,0x61,0x08,0x61,0x00,0x61,0x20,
	0xA6,0xC1,0xA6,0xD1,0x86,0xC9,0x69,0xCA,0xAA,0xBA,0x69,0xA2,0x2C,0xAB,0xC7,0x49,0x08,0x3A,0xCB,0x5A,
	0xAA,0x52,0xA6,0x31,0x00,0x00,0x45,0x29,0x31,0x84,0xB3,0x94,0xA7,0x31,0xC7,0x39,0xD3,0x9C,0x2D,0x63,
	0xA7,0x31,0xA7,0x31,0xE8,0x41,0xAB,0x52,0xE4,0x20,0xEB,0x5A,0x8E,0x73,0x62,0x08,0x04,0x21,0x49,0x4A,
	0x49,0x42,0x25,0x41,0xCB,0xA2,0x0C,0xAB,0xEB,0xC2,0xEB,0xD2,0xA6,0xD1,0xE7,0xE1,0x66,0x89,0x8E,0x63,
	0x8E,0x6B,0x4D,0x63,0xC7,0x31,0x10,0x74,0x45,0x29,0xC6,0x79,0x49,0xB2,0x28,0xC2,0x07,0xAA,0xC3,0x48,
	0x28,0xBA,0x48,0xC2,0x08,0x9A,0x04,0x39,0xE3,0x20,0x04,0x21,0x82,0x10,0x04,0x21,0x04,0x21,0x25,0x21,
	0x25,0x21,0x25,0x21,0x25,0x21,0x24,0x21,0x24,0x21,0x04,0x21,0xA2,0x10,0xE3,0x20,0xA2,0x18,0x41,0x08,
	0xA6,0x31,0x14,0x9D,0x2D,0x63,0x61,0x10,0x82,0x10,0xE3,0x20,0xE3,0x20,0x04,0x21,0x24,0x21,0x04,0x19,
	0x04,0x19,0xE4,0x18,0x04,0x19,0x04,0x19,0x04,0x19,0x04,0x21,0x04,0x19,0x04,0x19,0x04,0x19,0x04,0x19,
	0x04,0x19,0x04,0x19,0x04,0x19,0x04,0x19,0x04,0x21,0x04,0x21,0x24,0x19,0x24,0x19,0x04,0x21,0x04,0x19,
	0x03,0x19,0x04,0x19,0x65,0x21,0xE8,0x99,0x6A,0xFA,0xCA,0x92,0xA6,0x29,0x24,0x21,0xE4,0x18,0xE4,0x18,
	0xE4,0x18,0xE4,0x18,0xE4,0x18,0xE4,0x18,0xA6,0x31,0x65,0x21,0x50,0x84,0xDE,0xF7,0x7C,0xE7,0x3C,0xE7,
	0x17,0xBE,0x30,0x84,0xCA,0x52,0xC6,0x31,0x07,0x3A,0x07,0x3A,0x08,0x3A,0xE3,0x20,0x24,0x29,0x44,0x29,
	0x65,0x31,0x85,0x31,0x65,0x29,0x04,0x21,0x05,0x21,0x04,0x21,0x04,0x19,0x04,0x19,0x04,0x19,0x04,0x19,
	0xE4,0x18,0x82,0x10,0xE3,0x18,0x79,0xCE,0xBE,0xF7,0x3C,0xE7,0xDE,0xF7,0xCE,0x73,0x91,0x94,0xFE,0xFF,
	0x3C,0xE7,0x3C,0xE7,0x71,0x8C,0xA7,0x31,0x66,0x29,0x82,0x08,0x62,0x08,0x41,0x08,0x41,0x08,0x41,0x18,
	0x86,0xB1,0x86,0xD1,0xA6,0xC9,0x28,0xCA,0x8A,0xBA,0x89,0xA2,0x2C,0xAB,0xE8,0x51,0x08,0x3A,0x4D,0x6B,
	0x6D,0x6B,0x0F,0x7C,0x51,0x8C,0xC7,0x39,0x31,0x84,0xF7,0xBD,0xCB,0x5A,0x45,0x29,0x14,0x9D,0xCB,0x5A,
	0x86,0x31,0xE7,0x39,0xE3,0x18,0x82,0x10,0x82,0x10,0x24,0x21,0x04,0x21,0xA3,0x18,0x04,0x21,0x8A,0x4A,
	0x0C,0x5B,0x86,0x51,0xAB,0xA2,0xEB,0xAA,0x45,0xB9,0x65,0xD1,0x86,0xD1,0xC7,0xD9,0x45,0x81,0xC7,0x31,
	0x45,0x29,0x2D,0x63,0x20,0x00,0x00,0x00,0xE6,0x89,0xE7,0xC1,0x65,0xB9,0x86,0xC1,0x85,0xA1,0x82,0x40,
	0xA6,0xB9,0x85,0xC1,0xA6,0xC9,0x07,0xAA,0xE3,0x30,0xE4,0x20,0x82,0x10,0xE4,0x18,0xE4,0x18,0xE4,0x18,
	0xE4,0x18,0xE4,0x18,0xE4,0x18,0xE4,0x18,0xE4,0x18,0x04,0x19,0x04,0x21,0x03,0x21,0x24,0x21,0x24,0x29,
	0x24,0x29,0x65,0x29,0x44,0x29,0x24,0x29,0x65,0x29,0x65,0x29,0x24,0x21,0x04,0x19,0xE4,0x18,0xE4,0x18,
	0xC4,0x18,0xC3,0x10,0xC3,0x10,0xC3,0x18,0xC3,0x10,0xC3,0x10,0xE4,0x18,0xC3,0x10,0xC2,0x10,0xA2,0x10,
	0x82,0x08,0xA2,0x08,0xA2,0x10,0xA3,0x08,0xC3,0x10,0xC3,0x10,0xC3,0x10,0xC3,0x10,0xC3,0x10,0xE3,0x10,
	0x65,0x19,0xA6,0x31,0xE8,0xA9,0x6B,0xEA,0x29,0x7A,0x45,0x11,0x82,0x10,0xC3,0x10,0xC4,0x18,0xC4,0x18,
	0xA3,0x10,0xC3,0x10,0xA2,0x10,0x24,0x19,0x28,0x3A,0x85,0x29,0xB1,0x8C,0x13,0x9D,0x8D,0x73,0x28,0x42,
	0xE3,0x18,0xC2,0x10,0x24,0x29,0xC6,0x39,0x45,0x29,0xA2,0x18,0xE3,0x20,0x65,0x29,0x45,0x29,0xA6,0x31,
	0x65,0x29,0x03,0x19,0xE3,0x18,0xE4,0x18,0xE4,0x18,0xE4,0x18,0xE3,0x18,0xE4,0x18,0xE3,0x18,0xE3,0x18,
	0xC4,0x10,0x82,0x08,0xE3,0x18,0x38,0xC6,0x7D,0xEF,0x1B,0xDF,0x9D,0xEF,0xAE,0x73,0x51,0x8C,0xBE,0xF7,
	0xDA,0xD6,0xBA,0xCE,0x7D,0xE7,0xEB,0x5A,0x00,0x00,0x62,0x10,0x61,0x08,0x41,0x08,0x41,0x08,0x41,0x08,
	0x66,0xA9,0x86,0xD1,0x45,0xC1,0x08,0xC2,0x49,0xB2,0x69,0xAA,0x2C,0xAB,0xE8,0x51,0xCB,0x5A,0x91,0x94,
	0xEF,0x7B,0xCE,0x7B,0x2C,0x6B,0x65,0x29,0xB2,0x94,0xB2,0x94,0x66,0x29,0x66,0x31,0xD3,0x9C,0x0C,0x63,
	0x86,0x31,0xC7,0x39,0xE4,0x18,0xE4,0x18,0xE4,0x18,0xC3,0x18,0xC3,0x18,0xC3,0x18,0x62,0x08,0x21,0x00,
	0x00,0x00,0xC3,0x38,0x2D,0xBB,0xCB,0xAA,0xCB,0xC2,0x4D,0xD3,0x49,0xD2,0xC7,0xE1,0x24,0x71,0x00,0x00,
	0x41,0x08,0xA3,0x10,0x21,0x00,0xE3,0x38,0xE7,0xC1,0x65,0xB9,0xA6,0xB1,0xE3,0x58,0xA2,0x30,0x82,0x20,
	0xE3,0x48,0x86,0xA1,0x86,0xC1,0xC6,0xC9,0x86,0x81,0xE4,0x18,0xC3,0x18,0xA3,0x10,0xA3,0x10,0xA3,0x10,
	0xA3,0x10,0xA2,0x10,0xA2,0x10,0x82,0x10,0x82,0x10,0x82,0x10,0x82,0x08,0x82,0x10,0x82,0x10,0xA2,0x10,
	0xC3,0x18,0xC3,0x18,0xE3,0x20,0xE3,0x18,0xC3,0x18,0x82,0x10,0x82,0x08,0x82,0x10,0xA3,0x10,0x82,0x10,
	0x82,0x10,0x82,0x08,0x82,0x08,0x82,0x08,0x62,0x08,0x62,0x08,0x62,0x08,0x82,0x08,0x04,0x19,0x04,0x19,
	0xE3,0x10,0xE3,0x18,0xA2,0x08,0x61,0x08,0xA2,0x10,0x04,0x19,0xE3,0x10,0x04,0x21,0x44,0x19,0x45,0x19,
	0x86,0x41,0x28,0xC2,0x6A,0xEA,0x49,0x6A,0x03,0x11,0x61,0x08,0xA2,0x10,0x82,0x10,0xA2,0x10,0xC2,0x10,
	0x03,0x19,0x85,0x21,0xC6,0x29,0xA5,0x29,0x44,0x21,0x04,0x21,0xC2,0x18,0x81,0x08,0x61,0x10,0x04,0x21,
	0xC3,0x18,0xA3,0x10,0xC3,0x10,0x82,0x10,0xA3,0x10,0xC3,0x18,0xE3,0x18,0xA3,0x10,0xC3,0x18,0xA3,0x10,
	0xA2,0x10,0xA2,0x10,0xA3,0x10,0x82,0x10,0x82,0x10,0x82,0x08,0x82,0x08,0xA2,0x10,0xA3,0x10,0xA3,0x10,
	0x82,0x10,0xA2,0x10,0xE3,0x18,0x69,0x4A,0xEB,0x5A,0xCA,0x52,0x0B,0x63,0x86,0x31,0xC7,0x39,0xEB,0x5A,
	0xB6,0xB5,0xFA,0xDE,0xFB,0xDE,0x54,0xAD,0x41,0x00,0x62,0x08,0x62,0x08,0x41,0x08,0x41,0x08,0x41,0x10,
	0x45,0xA1,0x69,0xD2,0xEF,0xD3,0xEF,0xD3,0x8E,0xC3,0xCB,0xAA,0xCF,0xB3,0x69,0x5A,0x45,0x29,0xAA,0x52,
	0x08,0x42,0xE7,0x39,0xC3,0x18,0xE4,0x20,0x92,0x8C,0x92,0x8C,0xC7,0x39,0x66,0x29,0x51,0x8C,0x92,0x8C,
	0x65,0x29,0xC7,0x39,0xE3,0x18,0xC3,0x18,0xC3,0x18,0xC4,0x18,0xC3,0x18,0x25,0x21,0x2C,0x63,0x2D,0x63,
	0x4D,0x63,0x86,0x51,0xEC,0xB2,0xAA,0xAA,0x08,0xC2,0x8A,0xD2,0x08,0xD2,0xC7,0xD9,0x04,0x71,0x20,0x00,
	0x41,0x08,0x41,0x08,0x21,0x00,0x04,0x51,0xC6,0xC1,0x86,0xC1,0xA6,0xA1,0x20,0x00,0x41,0x00,0xC3,0x18,
	0x81,0x08,0x82,0x30,0xA6,0xB1,0x86,0xC1,0xA7,0xB1,0xC3,0x28,0x82,0x10,0xA2,0x10,0xA2,0x10,0x82,0x10,
	0xA2,0x10,0x24,0x21,0x65,0x29,0xA6,0x31,0xE7,0x39,0xE7,0x39,0x08,0x3A,0x08,0x42,0x28,0x42,0x08,0x42,
	0x28,0x42,0x49,0x4A,0x49,0x42,0x49,0x4A,0x49,0x4A,0x49,0x42,0x08,0x42,0x08,0x42,0xC7,0x39,0x86,0x29,
	0x45,0x29,0x04,0x19,0xE4,0x18,0x45,0x29,0x45,0x29,0x25,0x21,0xE3,0x18,0x04,0x19,0xE4,0x10,0x04,0x19,
	0x04,0x19,0x24,0x19,0x04,0x19,0xE4,0x18,0xE3,0x10,0x24,0x19,0x24,0x11,0x04,0x11,0x04,0x31,0x66,0x59,
	0x08,0xD2,0x49,0xE2,0xE7,0x51,0x65,0x19,0xC6,0x31,0xC3,0x10,0xC3,0x18,0xC3,0x10,0x24,0x19,0xA5,0x29,
	0xC6,0x29,0xC6,0x29,0x04,0x19,0xE3,0x18,0xE3,0x18,0x24,0x19,0x44,0x21,0xC7,0x31,0x28,0x42,0xE7,0x39,
	0xE8,0x39,0xA7,0x31,0x08,0x42,0x48,0x42,0x28,0x42,0x28,0x42,0x08,0x3A,0x08,0x3A,0x08,0x42,0x28,0x42,
	0x28,0x42,0x28,0x42,0x08,0x42,0x08,0x42,0xE7,0x39,0xA6,0x31,0xC7,0x39,0x66,0x29,0xA3,0x10,0xA3,0x10,
	0xC3,0x18,0xC3,0x18,0x04,0x21,0xA3,0x18,0x41,0x08,0x41,0x08,0x20,0x00,0xC3,0x18,0xC3,0x18,0x00,0x00,
	0x2F,0x84,0x3C,0xE7,0xFB,0xDE,0x54,0xAD,0x20,0x00,0x62,0x08,0x62,0x08,0x41,0x08,0x41,0x08,0x20,0x08,
	0x65,0x99,0xE7,0xD1,0x69,0xCA,0x8A,0xCA,0x69,0xB2,0x69,0xAA,0x2C,0xAB,0x49,0x62,0x45,0x21,0x69,0x4A,
	0x92,0x8C,0xDB,0xD6,0xF3,0x9C,0xA2,0x10,0xAE,0x73,0x96,0xAD,0x2D,0x63,0x45,0x29,0x30,0x84,0xF0,0x7B,
	0x65,0x29,0xC7,0x39,0xC3,0x18,0xC3,0x18,0xC3,0x18,0xC3,0x18,0xC3,0x18,0x04,0x19,0x08,0x42,0x08,0x42,
	0x49,0x42,0x65,0x49,0xEB,0xB2,0x89,0xAA,0xC7,0xC1,0xA6,0xD1,0x86,0xD1,0xE7,0xD9,0xE4,0x68,0x20,0x00,
	0x61,0x08,0x61,0x08,0x00,0x00,0x82,0x38,0xC7,0xC1,0x85,0xB9,0xC7,0xB9,0xA6,0x81,0x86,0x61,0xC3,0x28,
	0xC7,0x79,0xC6,0x81,0xC7,0xB9,0x86,0xC1,0xC7,0xC1,0xC3,0x40,0xC3,0x18,0x24,0x21,0x04,0x21,0xC7,0x39,
	0x8D,0x73,0xCE,0x7B,0xEF,0x7B,0x30,0x84,0x30,0x84,0x30,0x84,0xAE,0x73,0xAE,0x73,0x8E,0x73,0x8D,0x6B,
	0x4C,0x6B,0x2C,0x6B,0x2C,0x6B,0x6D,0x6B,0x4C,0x6B,0xAE,0x73,0xAE,0x73,0xEF,0x83,0x0F,0x84,0xEF,0x7B,
	0xCE,0x7B,0x2C,0x6B,0xC6,0x39,0xE3,0x18,0xE4,0x20,0xA3,0x10,0xE4,0x18,0xA3,0x10,0x61,0x08,0x04,0x19,
	0x04,0x19,0x04,0x19,0x04,0x19,0x24,0x19,0x24,0x19,0x04,0x11,0x04,0x29,0x04,0x89,0x64,0xE8,0xC5,0xF0,
	0x29,0xD2,0x86,0x49,0x25,0x19,0x45,0x21,0xA6,0x29,0x44,0x21,0x44,0x21,0xA6,0x29,0xA6,0x29,0xA6,0x29,
	0x04,0x21,0x62,0x10,0xA3,0x18,0xA2,0x10,0x04,0x19,0xEB,0x5A,0xCE,0x7B,0xEF,0x7B,0x2F,0x84,0x50,0x8C,
	0x50,0x8C,0x50,0x8C,0x30,0x8C,0x2F,0x8C,0x0F,0x84,0xEF,0x7B,0xEF,0x7B,0xEE,0x7B,0xCE,0x7B,0xCE,0x7B,
	0xAE,0x7B,0xAE,0x7B,0x8D,0x73,0xAE,0x7B,0xCE,0x7B,0xAE,0x73,0x4D,0x6B,0x2C,0x6B,0xA6,0x31,0x04,0x21,
	0x04,0x21,0x24,0x21,0xE4,0x20,0xE3,0x18,0x71,0x8C,0xD6,0xB5,0xD6,0xB5,0xCA,0x5A,0x0C,0x63,0x37,0xC6,
	0xDA,0xD6,0xDA,0xD6,0xFB,0xDE,0xAE,0x73,0xC4,0x18,0xE4,0x18,0x62,0x08,0x41,0x08,0x41,0x08,0x20,0x08,
	0x45,0x91,0x86,0xD9,0x45,0xC9,0x08,0xCA,0xAA,0xBA,0x89,0xAA,0xEB,0xB2,0x08,0x62,0xA6,0x31,0x4C,0x63,
	0x6D,0x6B,0x18,0xC6,0x14,0x9D,0x62,0x10,0x71,0x8C,0xD3,0x94,0x0C,0x63,0x04,0x21,0x31,0x84,0x6E,0x6B,
	0x45,0x29,0xA7,0x31,0xE4,0x18,0xE3,0x18,0xC3,0x18,0xC3,0x18,0xC3,0x10,0xE3,0x18,0x82,0x10,0x21,0x08,
	0x41,0x00,0x04,0x39,0x0C,0xBB,0xAA,0xAA,0x6D,0xCB,0xCB,0xD2,0xA6,0xD1,0xA6,0xD9,0x04,0x71,0x00,0x00,
	0x41,0x08,0x41,0x08,0xAB,0x4A,0x8A,0x52,0x65,0x99,0xC7,0xC9,0x66,0xC1,0xA6,0xC9,0xC7,0xA9,0x82,0x40,
	0xC6,0xC1,0xC7,0xD1,0xA6,0xC1,0xA6,0xC1,0xC7,0xC9,0xC3,0x48,0xE4,0x18,0x24,0x21,0x44,0x29,0x69,0x4A,
	0xCA,0x5A,0xCA,0x5A,0x89,0x52,0x89,0x52,0x69,0x4A,0x28,0x4A,0xE7,0x41,0x07,0x42,0x07,0x42,0x07,0x42,
	0xE7,0x41,0xC6,0x39,0xE7,0x41,0x07,0x42,0x07,0x42,0x07,0x42,0x07,0x42,0xE7,0x41,0x07,0x42,0x48,0x4A,
	0x69,0x52,0x69,0x52,0x07,0x42,0x62,0x10,0x21,0x00,0xE4,0x20,0x24,0x21,0x62,0x08,0x41,0x00,0xA2,0x10,
	0xC3,0x08,0xE3,0x10,0x04,0x19,0x04,0x19,0x04,0x19,0xC3,0x10,0xC6,0x91,0x06,0xF9,0x43,0xF0,0x64,0xF8,
	0x05,0x79,0x04,0x11,0xA3,0x18,0x65,0x29,0xE7,0x39,0x24,0x21,0xA5,0x29,0xC6,0x31,0xE6,0x29,0xE6,0x29,
	0xAA,0x52,0x0C,0x5B,0x28,0x42,0xC3,0x10,0x62,0x08,0xAA,0x52,0x2B,0x6B,0x2C,0x6B,0x4C,0x6B,0xAA,0x5A,
	0x69,0x52,0x49,0x52,0xAA,0x5A,0x2C,0x6B,0x4C,0x6B,0x4C,0x6B,0x0B,0x6B,0x2B,0x6B,0x4C,0x6B,0x2C,0x6B,
	0x2C,0x6B,0x4C,0x6B,0x2C,0x6B,0x4C,0x6B,0x4C,0x6B,0x4C,0x6B,0x2C,0x6B,0x4D,0x6B,0x49,0x4A,0xC3,0x18,
	0x24,0x21,0x24,0x21,0xE4,0x18,0xE4,0x20,0x58,0xCE,0x5C,0xE7,0xBE,0xF7,0x30,0x84,0x50,0x8C,0xBE,0xF7,
	0xBA,0xD6,0x1B,0xDF,0x13,0xA5,0x49,0x42,0x56,0x9D,0xEC,0x52,0xA3,0x10,0x41,0x08,0x41,0x08,0x20,0x08,
	0x45,0x91,0xA6,0xD9,0x86,0xD1,0x28,0xCA,0x8A,0xB2,0x89,0xB2,0x0B,0xB3,0x49,0x62,0x04,0x21,0x65,0x29,
	0x62,0x08,0xE4,0x18,0xA7,0x31,0x41,0x08,0x28,0x42,0x75,0xAD,0x8E,0x73,0x04,0x21,0x51,0x8C,0x8E,0x6B,
	0x25,0x21,0xA7,0x31,0xE3,0x18,0xE3,0x18,0xE3,0x18,0xC3,0x10,0xC3,0x18,0xC3,0x10,0x45,0x21,0x6D,0x6B,
	0xAE,0x73,0xC7,0x51,0xEC,0xAA,0xAA,0xB2,0xA6,0xC1,0x86,0xD1,0xC7,0xC9,0xCF,0xDB,0x45,0x69,0x21,0x08,
	0xC3,0x18,0x65,0x29,0xE8,0x39,0x86,0x29,0x61,0x28,0x86,0x99,0xA6,0xB9,0x86,0xC1,0x85,0x99,0x62,0x38,
	0x86,0xA9,0xA6,0xB9,0xA6,0xC1,0x86,0xC1,0xC7,0xC1,0xC3,0x40,0x04,0x19,0x65,0x29,0x45,0x29,0xE7,0x41,
	0x2C,0x6B,0x4D,0x6B,0x2C,0x6B,0x4D,0x73,0x89,0x52,0xA9,0x5A,0xCA,0x5A,0xE3,0x20,0xC3,0x18,0xC3,0x18,
	0x24,0x21,0x0B,0x63,0x89,0x52,0xC3,0x18,0xC3,0x18,0xE3,0x18,0x85,0x31,0x2C,0x6B,0x0B,0x63,0x2B,0x6B,
	0x2C,0x6B,0x2B,0x6B,0xAA,0x5A,0x62,0x08,0x24,0x21,0x45,0x29,0x82,0x10,0x61,0x08,0xA2,0x10,0xC2,0x10,
	0x24,0x29,0x03,0x19,0x24,0x19,0xC3,0x18,0xC3,0x18,0xC3,0x30,0x08,0xC2,0x6A,0xDA,0x06,0xF1,0xA4,0xD8,
	0xE3,0x28,0xE4,0x18,0xA1,0x08,0x30,0x7C,0x75,0xAD,0x91,0x84,0xAD,0x63,0x49,0x4A,0x89,0x4A,0xE6,0x31,
	0xC6,0x31,0x89,0x42,0xEB,0x52,0x0B,0x5B,0x28,0x42,0xAA,0x52,0xEA,0x5A,0x8D,0x73,0xAA,0x5A,0x61,0x10,
	0x24,0x21,0xE4,0x20,0xAA,0x5A,0x2F,0x84,0xAA,0x52,0x4C,0x6B,0x50,0x8C,0xCE,0x7B,0x28,0x4A,0x2F,0x84,
	0xE7,0x39,0xAA,0x52,0x70,0x8C,0x4C,0x6B,0xA6,0x39,0x50,0x8C,0xEF,0x83,0x50,0x8C,0xAA,0x5A,0xC3,0x18,
	0x25,0x21,0x25,0x21,0xE4,0x18,0xE3,0x18,0x75,0xAD,0xFB,0xDE,0x1B,0xE7,0x8E,0x73,0xAE,0x73,0x5C,0xE7,
	0xDB,0xDE,0xBA,0xD6,0xDA,0xD6,0x8A,0x4A,0x21,0x00,0x82,0x08,0x82,0x10,0x62,0x08,0x21,0x00,0x20,0x00,
	0x65,0x99,0xA6,0xD9,0x86,0xD1,0x08,0xCA,0x69,0xB2,0x69,0xAA,0x0B,0xAB,0x08,0x62,0xA6,0x31,0x8E,0x73,
	0xCF,0x73,0x4D,0x6B,0x82,0x10,0x24,0x21,0xA6,0x31,0xEB,0x5A,0x66,0x29,0x25,0x21,0xF0,0x7B,0x8E,0x6B,
	0x24,0x21,0xC7,0x39,0xE4,0x18,0xE3,0x18,0xC3,0x18,0xC3,0x18,0xC3,0x18,0xC3,0x18,0x04,0x21,0xA6,0x31,
	0x66,0x31,0x45,0x31,0x6D,0x83,0xCA,0xB2,0xA6,0xC9,0x0C,0xD3,0xB6,0xDD,0x58,0xE6,0x65,0x69,0x41,0x08,
	0xEF,0x73,0x8A,0x4A,0x00,0x00,0x00,0x00,0x41,0x08,0x41,0x10,0x82,0x30,0x82,0x38,0x82,0x28,0xA2,0x20,
	0x82,0x28,0xA2,0x38,0xA6,0xB1,0x86,0xC1,0xA7,0xB9,0xA2,0x30,0x24,0x19,0x65,0x29,0x45,0x29,0xA9,0x52,
	0x50,0x8C,0x91,0x94,0xB2,0x9C,0x13,0xA5,0x65,0x31,0x2C,0x63,0x2C,0x63,0x45,0x29,0x8D,0x73,0xE7,0x39,
	0x20,0x00,0x6D,0x6B,0x69,0x4A,0xA6,0x31,0x6D,0x6B,0x86,0x31,0x61,0x08,0x8D,0x73,0x91,0x94,0xB1,0x9C,
	0xD2,0x9C,0xB2,0x94,0xCE,0x7B,0xA3,0x10,0x25,0x21,0x62,0x10,0x41,0x08,0x04,0x21,0x65,0x21,0x48,0x72,
	0x6A,0xD2,0xAB,0xD2,0xAA,0x9A,0xC6,0x29,0x44,0x39,0x08,0xBA,0xE9,0xF1,0x6E,0xD3,0x0C,0xBB,0x24,0x49,
	0x04,0x11,0x24,0x21,0xE3,0x18,0xB6,0xAD,0x5C,0xDF,0x3C,0xDF,0x5C,0xDF,0x1B,0xD7,0xDA,0xD6,0x38,0xC6,
	0x54,0xA5,0x2F,0x7C,0x4C,0x63,0x89,0x4A,0x07,0x3A,0xE7,0x31,0x48,0x3A,0xCA,0x52,0x69,0x42,0x65,0x29,
	0xAE,0x73,0xB2,0x94,0x2C,0x63,0x0F,0x84,0x07,0x42,0x48,0x4A,0x34,0xA5,0x50,0x8C,0xE3,0x18,0x91,0x8C,
	0x65,0x29,0x41,0x08,0x71,0x8C,0x8D,0x73,0x04,0x21,0x0F,0x84,0x91,0x94,0x34,0xAD,0x2C,0x6B,0xC3,0x18,
	0x45,0x21,0x24,0x21,0xE4,0x18,0x04,0x21,0x45,0x29,0xC6,0x39,0xC6,0x39,0x24,0x21,0x45,0x29,0x86,0x31,
	0xD2,0x9C,0xFB,0xDE,0x1B,0xDF,0x55,0xAD,0x21,0x00,0x62,0x08,0x61,0x08,0x00,0x00,0xE4,0x18,0x62,0x10,
	0x45,0xA1,0xA6,0xD9,0x86,0xD1,0x49,0xCA,0xEB,0xBA,0x8A,0xAA,0xEC,0xB2,0x49,0x62,0x04,0x21,0xA6,0x31,
	0x86,0x31,0x45,0x29,0xC3,0x18,0xC3,0x18,0xC3,0x18,0x00,0x00,0x41,0x08,0x45,0x29,0xCF,0x7B,0x29,0x42,
	0x24,0x21,0xC7,0x39,0x04,0x21,0xC3,0x18,0xC3,0x18,0xC3,0x18,0xC3,0x18,0xC3,0x18,0x83,0x10,0x62,0x08,
	0x82,0x10,0xE4,0x18,0x4E,0x73,0xCB,0xB2,0xA6,0xC1,0x6D,0xD3,0xB6,0xD5,0x79,0xE6,0xC7,0x71,0x20,0x08,
	0xF0,0x7B,0x6A,0x4A,0x21,0x08,0x41,0x08,0x41,0x08,0x42,0x08,0x41,0x00,0x61,0x00,0x82,0x08,0xC2,0x10,
	0x82,0x08,0x65,0x59,0xC7,0xC1,0xA6,0xC1,0x86,0xA1,0x81,0x18,0x24,0x21,0x66,0x29,0x45,0x29,0xAA,0x5A,
	0xF2,0xA4,0x33,0xA5,0x33,0xA5,0x95,0xB5,0xC7,0x39,0xAA,0x52,0xAA,0x52,0x45,0x29,0x30,0x84,0x69,0x4A,
	0x20,0x00,0x2C,0x63,0x28,0x42,0xC6,0x39,0x30,0x84,0xE7,0x39,0x61,0x08,0x0C,0x63,0xB2,0x94,0x54,0xAD,
	0x34,0xAD,0x54,0xAD,0x91,0x94,0xA3,0x10,0x42,0x08,0x41,0x08,0x04,0x21,0x86,0x31,0x44,0x19,0xCB,0x9A,
	0xEB,0x9A,0x69,0x6A,0x4A,0xDA,0x29,0xD2,0x08,0xCA,0x6A,0xFA,0x08,0xA2,0x03,0x31,0xA1,0x08,0x03,0x11,
	0xC3,0x18,0xC2,0x10,0x44,0x21,0x69,0x42,0x4D,0x5B,0xD2,0x94,0x17,0xB6,0x1B,0xD7,0x7C,0xE7,0x9E,0xEF,
	0xBE,0xEF,0x9D,0xEF,0x7C,0xE7,0xFB,0xD6,0x99,0xCE,0x50,0x84,0x24,0x19,0xAA,0x4A,0x27,0x3A,0xE7,0x31,
	0xE7,0x39,0x6C,0x6B,0x48,0x42,0xAA,0x52,0x28,0x42,0xA6,0x31,0x4C,0x6B,0x0F,0x84,0x04,0x21,0x6D,0x6B,
	0xC6,0x31,0xE7,0x39,0x6D,0x6B,0xEE,0x7B,0xA6,0x31,0x8D,0x73,0xD2,0x9C,0x75,0xB5,0x6D,0x6B,0xC3,0x18,
	0x45,0x29,0x04,0x21,0xE3,0x18,0x04,0x21,0x24,0x21,0xE3,0x20,0xE3,0x18,0xE4,0x20,0xE4,0x20,0xA2,0x10,
	0x71,0x8C,0x3C,0xE7,0xDA,0xD6,0xB6,0xB5,0x82,0x10,0x41,0x00,0x86,0x29,0x30,0x7C,0x55,0x9D,0xAB,0x52,
	0x04,0x99,0xA6,0xD9,0x86,0xD1,0x28,0xCA,0x6A,0xB2,0x6A,0xAA,0x0C,0xB3,0x08,0x52,0x65,0x29,0xEB,0x5A,
	0x0C,0x63,0xAB,0x5A,0x21,0x08,0x69,0x4A,0xAE,0x73,0x92,0x8C,0x6D,0x6B,0x25,0x21,0xAF,0x73,0x49,0x4A,
	0x25,0x21,0xA6,0x31,0x04,0x21,0xC3,0x10,0xC3,0x18,0xC4,0x18,0xC3,0x18,0x04,0x19,0x4D,0x63,0x8E,0x6B,
	0xAE,0x73,0xA6,0x39,0x0C,0x83,0xEB,0xBA,0x85,0xC1,0x45,0xD1,0x86,0xC9,0x6D,0xDB,0xC7,0x89,0x20,0x08,
	0x6A,0x4A,0x4D,0x63,0xA3,0x10,0x20,0x00,0x04,0x39,0x28,0x8A,0x08,0x8A,0x08,0x92,0xE7,0x81,0xC3,0x30,
	0x08,0x8A,0x08,0xBA,0x86,0xB9,0xC7,0xC9,0xE4,0x58,0x82,0x10,0x04,0x21,0x66,0x29,0x65,0x29,0xEB,0x5A,
	0x13,0xA5,0x54,0xAD,0x54,0xAD,0xB6,0xBD,0x4C,0x6B,0xEB,0x5A,0xEB,0x5A,0xCA,0x52,0xCF,0x7B,0x13,0xA5,
	0x48,0x4A,0xEB,0x5A,0xCA,0x52,0xEB,0x5A,0x0F,0x84,0x13,0xA5,0x07,0x3A,0xEB,0x5A,0xD2,0x9C,0x75,0xB5,
	0x54,0xB5,0x75,0xB5,0xB2,0x9C,0x82,0x10,0x41,0x08,0x04,0x19,0xC7,0x31,0xC2,0x10,0x44,0x19,0x69,0x62,
	0x07,0x52,0x85,0x11,0x29,0x9A,0x09,0xFA,0x09,0xF2,0xE8,0xA1,0xC3,0x10,0x61,0x00,0x03,0x19,0x04,0x21,
	0x41,0x00,0x20,0x00,0x24,0x21,0xA6,0x29,0x65,0x29,0x44,0x21,0x85,0x29,0x69,0x4A,0x6D,0x6B,0xF3,0x94,
	0x17,0xBE,0xFA,0xD6,0x5C,0xE7,0x9D,0xE7,0xFF,0xF7,0xB2,0x8C,0xC6,0x31,0x1B,0xDF,0xDA,0xD6,0xF7,0xB5,
	0xD2,0x94,0x6D,0x6B,0xAA,0x4A,0x08,0x3A,0xC6,0x29,0xC5,0x29,0xA6,0x29,0x48,0x42,0xE7,0x39,0xCB,0x5A,
	0x4C,0x63,0x2F,0x7C,0xAE,0x73,0xAD,0x73,0x28,0x42,0xAE,0x73,0xF3,0xA4,0x54,0xAD,0x6D,0x6B,0xC3,0x18,
	0x45,0x29,0x04,0x21,0xA2,0x10,0xB2,0x94,0xBA,0xD6,0x17,0xC6,0x9A,0xCE,0xAE,0x73,0x6D,0x6B,0xFA,0xDE,
	0xFB,0xDE,0x9A,0xD6,0x3C,0xE7,0x71,0x8C,0x00,0x00,0x61,0x08,0xE3,0x18,0xE7,0x39,0x65,0x21,0xA3,0x20,
	0x86,0xB1,0xA6,0xD1,0x25,0xC9,0x08,0xC2,0xCB,0xBA,0x69,0xAA,0x0C,0xAB,0xC7,0x49,0x4D,0x6B,0xB2,0x94,
	0xEF,0x7B,0x8E,0x73,0xCB,0x5A,0x08,0x42,0x0C,0x63,0x4C,0x63,0x8A,0x52,0x86,0x31,0x4D,0x6B,0x10,0x7C,
	0x65,0x29,0xA6,0x31,0x25,0x21,0xC3,0x10,0xE4,0x18,0xC4,0x18,0xC3,0x18,0xE4,0x18,0x65,0x29,0x45,0x21,
	0x04,0x21,0xC3,0x20,0x8A,0x9A,0xEB,0xBA,0xCB,0xC2,0x0B,0xD3,0x86,0xD1,0x65,0xD9,0x86,0x99,0x21,0x08,
	0x86,0x31,0xCF,0x73,0xC3,0x18,0x00,0x00,0x24,0x51,0xE7,0xD9,0xA6,0xD1,0xA6,0xD1,0xA7,0xB9,0xC3,0x48,
	0xC7,0xC1,0x86,0xC9,0xC7,0xC1,0x04,0x71,0x82,0x18,0xA3,0x18,0x04,0x21,0x65,0x29,0x65,0x29,0x0B,0x63,
	0x12,0xA5,0x54,0xAD,0x54,0xAD,0xB6,0xBD,0x28,0x42,0x0B,0x63,0x2C,0x63,0x24,0x21,0x4C,0x63,0x95,0xB5,
	0xA6,0x39,0x4D,0x6B,0xAA,0x52,0x45,0x29,0xCE,0x73,0x54,0xAD,0x85,0x31,0x6D,0x6B,0xD2,0x9C,0x75,0xB5,
	0x55,0xB5,0x75,0xB5,0xD2,0x9C,0x82,0x10,0x04,0x21,0xC7,0x39,0xA3,0x10,0x21,0x00,0xA2,0x10,0x44,0x19,
	0x65,0x29,0x49,0x9A,0x4A,0xEA,0x49,0xEA,0x8A,0xFA,0x86,0x81,0x61,0x00,0x24,0x21,0x45,0x29,0x42,0x08,
	0x41,0x08,0xA2,0x10,0x04,0x21,0x62,0x08,0xA2,0x10,0xE3,0x18,0x85,0x29,0xC6,0x31,0x44,0x21,0x64,0x19,
	0x85,0x21,0x48,0x3A,0x4C,0x63,0x92,0x8C,0x17,0xBE,0xAA,0x4A,0x2C,0x5B,0xDE,0xF7,0x5C,0xE7,0x7D,0xE7,
	0x7C,0xE7,0x5C,0xE7,0x1B,0xDF,0x99,0xCE,0xD6,0xB5,0xF2,0x94,0xCE,0x73,0xCA,0x52,0x07,0x3A,0xC6,0x31,
	0xE7,0x39,0xCA,0x52,0xAE,0x73,0x2C,0x63,0x28,0x42,0x2C,0x63,0x91,0x94,0xB5,0xB5,0x6D,0x6B,0xC3,0x18,
	0x45,0x29,0x04,0x21,0xA3,0x10,0xF6,0xBD,0xDE,0xF7,0x3C,0xE7,0xDE,0xF7,0xB2,0x94,0x50,0x8C,0xDE,0xF7,
	0x1B,0xDF,0x5C,0xE7,0x58,0xCE,0x0C,0x63,0x69,0x42,0x04,0x19,0x00,0x00,0x00,0x00,0x00,0x00,0x41,0x18,
	0x65,0xB1,0x8D,0xD3,0x55,0xDD,0xB2,0xDC,0xCF,0xC3,0xAA,0xAA,0x4D,0xB3,0xE7,0x49,0xCB,0x5A,0x71,0x8C,
	0xB2,0x94,0x55,0xAD,0x76,0xAD,0xA3,0x10,0x00,0x00,0x00,0x00,0x01,0x00,0xC8,0x39,0xAB,0x52,0x6D,0x6B,
	0x86,0x31,0x86,0x31,0x25,0x21,0xA3,0x18,0xC4,0x18,0xE4,0x18,0xC3,0x18,0xC3,0x18,0xA3,0x10,0xA3,0x10,
	0x04,0x21,0xE4,0x20,0x29,0x92,0x0C,0xBB,0x28,0xBA,0x08,0xD2,0x86,0xD1,0xC7,0xE1,0xA6,0xA9,0x21,0x08,
	0xE7,0x39,0x10,0x7C,0xE8,0x39,0x72,0x84,0xE7,0x59,0x86,0x99,0x66,0xA1,0x66,0xA1,0x66,0x89,0xA2,0x30,
	0x86,0x91,0x45,0x89,0xC3,0x48,0x82,0x10,0xC3,0x18,0xC3,0x18,0x04,0x21,0x66,0x29,0x65,0x29,0x0B,0x63,
	0xF3,0xA4,0x74,0xAD,0x54,0xAD,0xB5,0xB5,0x86,0x31,0xAA,0x52,0x0B,0x63,0x00,0x00,0xEB,0x5A,0x33,0xA5,
	0x45,0x29,0x4D,0x6B,0x69,0x4A,0x20,0x00,0x8D,0x73,0xD2,0x9C,0x04,0x21,0x4D,0x6B,0xD3,0x9C,0x95,0xB5,
	0x75,0xB5,0x75,0xB5,0xD2,0x9C,0xC3,0x18,0x86,0x31,0xC3,0x10,0x42,0x08,0xA3,0x18,0xA6,0x29,0x86,0x41,
	0x08,0xAA,0x2A,0xF2,0x4A,0xF2,0x49,0x92,0xC7,0x81,0x49,0xD2,0x86,0x39,0x45,0x21,0x62,0x08,0x42,0x08,
	0xA2,0x10,0x45,0x29,0xA3,0x10,0x41,0x00,0x82,0x10,0x04,0x19,0xC3,0x10,0x41,0x00,0x82,0x08,0x85,0x29,
	0x65,0x21,0x44,0x21,0x65,0x21,0x65,0x21,0x65,0x21,0x03,0x19,0x28,0x3A,0xB2,0x8C,0xD6,0xB5,0xDA,0xD6,
	0x5C,0xDF,0x7D,0xEF,0x5C,0xE7,0x3C,0xDF,0x3C,0xE7,0x5C,0xE7,0x7D,0xE7,0x3B,0xDF,0x99,0xC6,0x17,0xB6,
	0xB2,0x94,0x6D,0x6B,0x8A,0x4A,0x08,0x3A,0xC6,0x31,0xA6,0x31,0x28,0x42,0x0F,0x7C,0xEB,0x5A,0xE3,0x18,
	0xE3,0x18,0x04,0x19,0xC3,0x18,0x0F,0x84,0xD6,0xBD,0x75,0xAD,0xF7,0xBD,0x6D,0x6B,0xEB,0x62,0x95,0xB5,
	0x13,0xA5,0x50,0x84,0x65,0x29,0xAB,0x52,0xD3,0x8C,0xA7,0x31,0xE8,0x39,0x4D,0x63,0x72,0x7C,0x66,0x41,
	0x65,0xC1,0x49,0xD2,0x2C,0xCB,0xAE,0xCB,0x4D,0xBB,0xAB,0xAA,0xEF,0xB3,0x86,0x39,0xE8,0x41,0xEB,0x5A,
	0xCB,0x5A,0xA6,0x31,0x21,0x08,0xAA,0x52,0xEB,0x5A,0x8E,0x6B,0xC7,0x39,0xC7,0x39,0x69,0x4A,0xAA,0x52,
	0x04,0x21,0x86,0x31,0x45,0x29,0xC3,0x18,0xE3,0x18,0xE4,0x18,0xC4,0x18,0xE3,0x18,0xA3,0x10,0xAA,0x52,
	0x0F,0x7C,0x69,0x4A,0xC7,0x81,0x0C,0xC3,0xA7,0xB9,0xA6,0xD1,0xE7,0xD1,0xA6,0xD9,0xC7,0xB9,0x20,0x10,
	0x08,0x3A,0x92,0x8C,0x25,0x21,0x86,0x29,0x82,0x10,0x21,0x10,0x41,0x10,0x41,0x10,0x41,0x10,0x82,0x10,
	0x62,0x10,0x62,0x08,0x82,0x08,0xA3,0x18,0xC3,0x18,0xC3,0x18,0xE3,0x18,0x66,0x29,0x65,0x29,0xEB,0x5A,
	0x13,0xA5,0x75,0xAD,0x54,0xAD,0x95,0xB5,0x8D,0x73,0xEB,0x5A,0x2C,0x63,0xA2,0x10,0x04,0x21,0x65,0x29,
	0x44,0x21,0x6D,0x6B,0xAA,0x52,0x82,0x10,0x24,0x21,0x65,0x29,0x85,0x29,0x4D,0x6B,0xB2,0x9C,0x95,0xB5,
	0x75,0xB5,0x75,0xB5,0xF2,0x9C,0xC3,0x18,0x62,0x08,0x42,0x08,0x82,0x10,0xA6,0x21,0xA6,0x51,0x29,0xD2,
	0x29,0xF2,0x49,0xF2,0x28,0x92,0xE3,0x10,0x04,0x19,0x8A,0xD2,0xA7,0x69,0x41,0x00,0x41,0x08,0xA3,0x10,
	0x45,0x21,0xC3,0x18,0x21,0x08,0x62,0x10,0x25,0x21,0xE4,0x18,0x21,0x00,0x62,0x08,0xC4,0x18,0x04,0x19,
	0x21,0x00,0x41,0x00,0x04,0x21,0xC6,0x31,0x44,0x21,0x28,0x3A,0x07,0x32,0x24,0x19,0x24,0x19,0xC6,0x31,
	0xEB,0x5A,0x51,0x8C,0xD6,0xB5,0xBA,0xD6,0x5C,0xDF,0x7D,0xE7,0x7C,0xE7,0x1B,0xDF,0x1B,0xDF,0x3C,0xDF,
	0x7C,0xE7,0x9D,0xEF,0x5C,0xE7,0x79,0xCE,0xB6,0xB5,0xD2,0x94,0xAE,0x73,0x8A,0x4A,0xA6,0x29,0xA6,0x29,
	0xE7,0x39,0x03,0x19,0xC3,0x18,0xE3,0x18,0xE3,0x18,0xE3,0x18,0xE3,0x18,0x04,0x21,0xC3,0x18,0x62,0x08,
	0x62,0x08,0x41,0x00,0x82,0x08,0x41,0x08,0x01,0x00,0x21,0x00,0xC7,0x39,0xCB,0x52,0x6A,0x42,0x24,0x49,
	0x86,0xC9,0x65,0xD1,0x45,0xC9,0x48,0xC2,0x8A,0xB2,0x29,0xAA,0xEC,0xA2,0x86,0x31,0x86,0x31,0xC7,0x39,
	0xE7,0x39,0x86,0x31,0xA3,0x10,0x49,0x4A,0x2C,0x63,0x71,0x8C,0xEB,0x5A,0xC7,0x39,0xAA,0x52,0x49,0x4A,
	0xE4,0x20,0x66,0x29,0x65,0x29,0xA3,0x10,0xE3,0x18,0xE3,0x18,0xC3,0x18,0xC3,0x18,0xC3,0x18,0x04,0x21,
	0xC3,0x18,0x82,0x10,0xA6,0x79,0xEC,0xC2,0xCB,0xB2,0xCF,0xD3,0x4D,0xD3,0xC7,0xD9,0xC7,0xC9,0x61,0x28,
	0xC3,0x10,0x31,0x84,0x29,0x42,0x00,0x00,0x62,0x08,0x62,0x08,0x62,0x08,0x62,0x08,0x62,0x08,0x82,0x10,
	0xA3,0x18,0xA3,0x18,0xA3,0x18,0xA3,0x18,0xA3,0x18,0xC3,0x18,0xC3,0x18,0x65,0x29,0x45,0x29,0xEB,0x5A,
	0x33,0xA5,0x74,0xB5,0x75,0xB5,0x54,0xAD,0xB6,0xBD,0x71,0x94,0x71,0x8C,0x0F,0x84,0x49,0x4A,0x69,0x4A,
	0x2C,0x63,0x6D,0x73,0x71,0x94,0xAD,0x73,0x29,0x4A,0x69,0x4A,0x6D,0x6B,0x8D,0x6B,0xD2,0x9C,0x75,0xB5,
	0x55,0xB5,0x75,0xB5,0x13,0xA5,0xA3,0x10,0x21,0x00,0xC3,0x18,0xA6,0x29,0xC8,0x61,0x2A,0xE2,0x29,0xEA,
	0x29,0xEA,0x29,0x8A,0xC3,0x08,0x28,0x62,0x49,0x9A,0x6B,0xEA,0x08,0x6A,0x62,0x00,0xE3,0x18,0x45,0x29,
	0xA3,0x10,0x42,0x08,0xA3,0x10,0x25,0x21,0xE4,0x18,0x41,0x08,0x82,0x10,0x04,0x21,0x04,0x21,0x42,0x08,
	0x62,0x08,0xE4,0x18,0x86,0x31,0x62,0x10,0x62,0x08,0x4C,0x6B,0x0F,0x84,0x8D,0x6B,0x0B,0x5B,0x07,0x3A,
	0xC6,0x31,0x24,0x21,0x03,0x19,0xA6,0x29,0xEB,0x52,0x50,0x84,0x95,0xAD,0x99,0xCE,0x3C,0xE7,0x7C,0xE7,
	0x5C,0xE7,0x1B,0xDF,0xFB,0xDE,0x1B,0xDF,0x3C,0xE7,0x7C,0xE7,0x7D,0xEF,0x5C,0xE7,0x38,0xBE,0x2C,0x63,
	0xA6,0x29,0xE7,0x31,0xC6,0x31,0x24,0x21,0x04,0x19,0x25,0x21,0x25,0x21,0x25,0x21,0xE4,0x18,0xC4,0x10,
	0xE3,0x10,0xC3,0x10,0xC3,0x10,0xA3,0x08,0xA3,0x10,0x62,0x08,0x00,0x00,0x00,0x00,0x00,0x00,0x82,0x48,
	0xC7,0xD9,0x86,0xD1,0xC7,0xD1,0x89,0xCA,0x49,0xAA,0x49,0xAA,0xEC,0x9A,0x45,0x29,0xAB,0x52,0x2C,0x63,
	0x4D,0x6B,0xA7,0x39,0x62,0x08,0xE7,0x39,0xEF,0x7B,0xE8,0x39,0x41,0x08,0x29,0x42,0x28,0x42,0xE7,0x39,
	0xE4,0x20,0x66,0x29,0x86,0x31,0xA3,0x10,0xE3,0x18,0xE3,0x18,0xE3,0x18,0xC3,0x18,0xA3,0x10,0x82,0x10,
	0x04,0x21,0x45,0x29,0x65,0x61,0xEC,0xC2,0x28,0xB2,0xA6,0xC9,0x86,0xD1,0xA6,0xD9,0xE7,0xD9,0xA2,0x48,
	0xA2,0x10,0xCF,0x73,0x6A,0x4A,0x20,0x00,0x62,0x08,0x62,0x08,0x62,0x08,0x62,0x08,0x62,0x08,0x82,0x10,
	0xA3,0x10,0x82,0x10,0xA3,0x10,0xA3,0x18,0xC3,0x18,0xC3,0x18,0xA3,0x18,0x45,0x29,0x45,0x21,0x89,0x52,
	0x33,0xA5,0x54,0xAD,0x75,0xB5,0x74,0xAD,0x75,0xB5,0x75,0xB5,0x54,0xAD,0x95,0xB5,0xD2,0x9C,0x71,0x8C,
	0x51,0x8C,0x50,0x8C,0x54,0xAD,0x75,0xB5,0x91,0x94,0x71,0x8C,0x0F,0x84,0x51,0x8C,0x34,0xA5,0x54,0xAD,
	0x54,0xAD,0x54,0xAD,0x10,0x84,0xE3,0x18,0x61,0x08,0xC3,0x10,0x49,0x72,0x29,0xE2,0x09,0xF2,0x29,0xEA,
	0x49,0x8A,0xC3,0x08,0x41,0x08,0x85,0x39,0xC7,0x69,0x28,0x6A,0xC3,0x18,0x82,0x08,0xC3,0x18,0x82,0x10,
	0x41,0x08,0x62,0x08,0x83,0x10,0x82,0x10,0x41,0x00,0x42,0x08,0x82,0x10,0xA3,0x18,0x41,0x08,0x42,0x08,
	0x62,0x08,0xA3,0x18,0x62,0x10,0x41,0x08,0x82,0x10,0x4C,0x6B,0x13,0xA5,0x54,0xB5,0x54,0xAD,0x33,0xA5,
	0x91,0x94,0x30,0x84,0xAD,0x6B,0xAA,0x52,0xE6,0x29,0x85,0x29,0x65,0x21,0xE6,0x31,0xAA,0x52,0x0F,0x7C,
	0x75,0xA5,0xB9,0xCE,0x1B,0xDF,0x7D,0xEF,0x7D,0xE7,0x3C,0xDF,0x1B,0xDF,0xFB,0xD6,0x5C,0xDF,0x5C,0xE7,
	0xD6,0xB5,0x0B,0x5B,0x85,0x21,0x07,0x32,0x86,0x29,0x04,0x21,0x25,0x21,0x25,0x21,0xE3,0x10,0xC3,0x10,
	0x82,0x08,0x83,0x10,0xA3,0x10,0xA3,0x10,0x83,0x10,0x62,0x08,0x41,0x08,0x62,0x10,0x41,0x00,0xE4,0x60,
	0xA6,0xD9,0x86,0xD1,0xC6,0xD1,0x89,0xBA,0x69,0xAA,0x49,0xAA,0xAA,0x82,0x65,0x29,0x69,0x4A,0xE7,0x39,
	0xA6,0x31,0x04,0x21,0xA3,0x10,0x92,0x94,0x4D,0x6B,0xF3,0x9C,0x25,0x21,0xE8,0x41,0xC7,0x31,0xA3,0x10,
	0x82,0x10,0x45,0x21,0xA7,0x31,0xC3,0x18,0xC3,0x10,0xE4,0x18,0xE4,0x18,0xA2,0x10,0xC7,0x39,0xEF,0x7B,
	0xAF,0x7B,0x0C,0x63,0x45,0x49,0xCA,0xBA,0x49,0xB2,0x28,0xCA,0x08,0xD2,0x86,0xD1,0xE7,0xD9,0x04,0x61,
	0x41,0x00,0xD3,0x8C,0xEC,0x52,0x21,0x08,0x42,0x08,0x01,0x00,0x00,0x00,0x00,0x00,0x21,0x08,0x62,0x10,
	0x82,0x10,0xA3,0x10,0xA3,0x10,0xA3,0x10,0xA3,0x18,0xA3,0x18,0xA2,0x10,0x24,0x21,0x45,0x29,0x44,0x29,
	0x07,0x42,0x28,0x42,0x69,0x4A,0x48,0x4A,0x48,0x4A,0x48,0x4A,0x48,0x4A,0x48,0x4A,0x48,0x4A,0x48,0x4A,
	0x48,0x4A,0x48,0x4A,0x28,0x42,0x48,0x42,0x48,0x4A,0x28,0x42,0xCB,0x5A,0x28,0x42,0x28,0x42,0x08,0x42,
	0x28,0x42,0x28,0x42,0xA6,0x31,0x65,0x29,0x44,0x19,0xC7,0x59,0x6A,0xE2,0x29,0xF2,0x69,0xEA,0xE7,0x81,
	0x65,0x21,0x65,0x31,0x64,0x29,0x23,0x21,0x03,0x19,0x44,0x21,0x24,0x29,0x24,0x29,0xA2,0x10,0x82,0x10,
	0xC3,0x18,0xC3,0x18,0xC3,0x18,0xA2,0x18,0xA2,0x10,0xA2,0x18,0xA2,0x10,0xA2,0x10,0xA2,0x18,0xA2,0x18,
	0xA2,0x18,0x82,0x18,0xC3,0x18,0xC3,0x18,0x24,0x21,0x4C,0x6B,0x91,0x94,0x13,0xA5,0x13,0xA5,0x13,0xA5,
	0x13,0xA5,0x34,0xAD,0x13,0xA5,0xD2,0x9C,0x30,0x84,0xAD,0x73,0xCA,0x5A,0x48,0x42,0x07,0x32,0x44,0x19,
	0xE3,0x10,0xC6,0x29,0x89,0x4A,0x0F,0x7C,0x34,0xA5,0x58,0xC6,0x3B,0xDF,0x7D,0xE7,0x7D,0xE7,0x7C,0xE7,
	0x9D,0xEF,0x9D,0xEF,0x75,0xA5,0xE6,0x31,0xC6,0x31,0xE7,0x31,0x04,0x19,0x24,0x21,0xC3,0x10,0xE4,0x10,
	0xE7,0x31,0xE4,0x18,0x42,0x08,0x21,0x00,0x41,0x08,0x62,0x08,0x41,0x08,0x42,0x08,0x21,0x00,0x04,0x81,
	0xA6,0xD9,0x86,0xD1,0xE7,0xD1,0xEB,0xC2,0x69,0xAA,0x69,0xAA,0x8A,0x72,0x04,0x21,0x69,0x4A,0xCB,0x5A,
	0x2C,0x63,0x46,0x29,0x83,0x10,0x51,0x84,0xEF,0x7B,0xAE,0x73,0xE4,0x20,0xE8,0x39,0xA7,0x31,0x8A,0x4A,
	0xA2,0x10,0x45,0x29,0xC7,0x39,0xE4,0x18,0xC3,0x18,0xE3,0x18,0xC3,0x18,0xC3,0x18,0x04,0x21,0x45,0x29,
	0xC3,0x18,0x62,0x08,0xE3,0x30,0x8A,0xAA,0xAA,0xB2,0xEB,0xC2,0x89,0xCA,0x86,0xD1,0xC7,0xD9,0x45,0x81,
	0x21,0x00,0x66,0x29,0x45,0x21,0x41,0x00,0xC3,0x18,0xE8,0x39,0x2D,0x5B,0xB2,0x8C,0xE8,0x39,0x21,0x00,
	0xA3,0x10,0x82,0x10,0xA2,0x10,0xA3,0x18,0xA2,0x10,0xA3,0x18,0xA3,0x18,0xC3,0x18,0x04,0x21,0xC3,0x18,
	0xC3,0x18,0xC3,0x18,0xC3,0x18,0xC3,0x18,0xE3,0x18,0xE3,0x18,0xE3,0x18,0xE3,0x18,0xE3,0x18,0xE4,0x18,
	0xE4,0x20,0x04,0x19,0x04,0x19,0x24,0x21,0xC3,0x18,0xAA,0x52,0xBA,0xCE,0xAA,0x52,0xE3,0x18,0x65,0x29,
	0x44,0x21,0x45,0x29,0x65,0x29,0x44,0x21,0x65,0x39,0x29,0xCA,0x4A,0xFA,0x6A,0xCA,0x07,0x6A,0xC6,0x31,
	0xA6,0x31,0xA6,0x39,0xA6,0x31,0x86,0x31,0x65,0x31,0x24,0x29,0x24,0x29,0x24,0x21,0xC3,0x18,0xA2,0x10,
	0x24,0x29,0xC3,0x18,0xE3,0x18,0xE3,0x20,0x03,0x21,0xE3,0x20,0xE3,0x20,0xE3,0x20,0xE3,0x20,0xE3,0x20,
	0xE3,0x20,0xE3,0x20,0xE3,0x20,0xE3,0x20,0x65,0x29,0x4D,0x6B,0xD2,0x9C,0x54,0xAD,0xD2,0x9C,0x6D,0x6B,
	0x8D,0x73,0x6D,0x73,0x6D,0x73,0x6D,0x6B,0x8E,0x73,0x8D,0x73,0x6D,0x6B,0x0C,0x63,0x4C,0x6B,0x2C,0x63,
	0xEB,0x5A,0xCA,0x52,0x07,0x3A,0x64,0x21,0x44,0x19,0x85,0x21,0x69,0x42,0x0B,0x5B,0x0C,0x5B,0xAA,0x52,
	0x69,0x4A,0x69,0x42,0xA9,0x4A,0xE6,0x31,0x44,0x21,0xC6,0x31,0x44,0x21,0xC3,0x10,0xC3,0x10,0x04,0x19,
	0xD3,0x8C,0x55,0x95,0xD3,0x8C,0xCF,0x6B,0xA7,0x29,0x41,0x08,0x41,0x08,0x41,0x08,0x40,0x08,0x45,0xA1,
	0x65,0xD9,0x45,0xD1,0x08,0xCA,0xAA,0xB2,0x28,0xAA,0xAA,0xAA,0x28,0x5A,0x86,0x29,0x0C,0x63,0x89,0x4A,
	0xE7,0x39,0xE4,0x18,0x82,0x10,0x71,0x8C,0xCE,0x73,0x04,0x21,0xE4,0x20,0xE7,0x39,0x08,0x3A,0x14,0xA5,
	0x62,0x10,0x24,0x21,0xA7,0x39,0x04,0x21,0xC3,0x10,0xE3,0x18,0xC3,0x18,0xE3,0x18,0xC3,0x18,0xA3,0x10,
	0xC3,0x18,0x86,0x29,0x24,0x29,0x28,0x92,0xCB,0xBA,0x66,0xC1,0x45,0xD1,0x65,0xD1,0xA6,0xD9,0x86,0xA9,
	0x21,0x10,0x20,0x00,0x00,0x00,0x29,0x3A,0x35,0x9D,0xB3,0x8C,0xD0,0x73,0xAB,0x4A,0xE4,0x18,0x41,0x08,
	0x82,0x10,0xA3,0x10,0xA3,0x10,0xA3,0x18,0xA3,0x18,0xA3,0x18,0xA3,0x18,0xC3,0x18,0x44,0x29,0x24,0x29,
	0x45,0x29,0x65,0x29,0x65,0x29,0x65,0x29,0x45,0x29,0x44,0x29,0x44,0x29,0x45,0x29,0x65,0x29,0x45,0x29,
	0x65,0x29,0x65,0x29,0x65,0x29,0x24,0x29,0x8A,0x52,0x9A,0xCE,0xD7,0xB5,0x59,0xC6,0x69,0x4A,0x45,0x29,
	0xA6,0x39,0x85,0x31,0x65,0x31,0x85,0x29,0x08,0xAA,0x69,0xEA,0x29,0x92,0xC7,0x41,0x85,0x29,0x85,0x31,
	0xA6,0x39,0xA6,0x31,0x86,0x31,0x44,0x29,0x49,0x4A,0xCF,0x7B,0xAE,0x73,0xCF,0x73,0x13,0x9D,0x71,0x8C,
	0x41,0x08,0xCB,0x5A,0xD3,0x94,0x66,0x31,0xC3,0x18,0xE3,0x20,0xE3,0x20,0xE3,0x20,0xE3,0x20,0xE3,0x20,
	0xC3,0x20,0xE3,0x20,0xE3,0x20,0xE3,0x20,0x86,0x31,0x6D,0x6B,0xF2,0xA4,0x34,0xAD,0x54,0xAD,0x74,0xAD,
	0x54,0xB5,0x74,0xAD,0x74,0xAD,0x54,0xB5,0x54,0xAD,0x34,0xAD,0x54,0xAD,0x54,0xAD,0x33,0xA5,0x75,0xB5,
	0x54,0xAD,0x13,0xA5,0xD2,0x9C,0x70,0x8C,0xAD,0x73,0x4C,0x63,0x2C,0x63,0xA9,0x4A,0xA6,0x29,0x0F,0x74,
	0x50,0x84,0x0F,0x7C,0x50,0x84,0xF2,0x94,0x70,0x84,0x28,0x3A,0x24,0x21,0x04,0x19,0xC3,0x10,0xA3,0x10,
	0x62,0x08,0x25,0x19,0x08,0x3A,0x6E,0x5B,0x69,0x42,0x82,0x10,0x21,0x08,0x41,0x00,0x41,0x20,0x86,0xB9,
	0x69,0xD2,0x49,0xCA,0x69,0xC2,0xCA,0xB2,0x08,0xA2,0xAA,0xAA,0xE7,0x49,0x28,0x42,0x69,0x4A,0x49,0x4A,
	0x28,0x42,0x41,0x08,0xC3,0x18,0xB2,0x94,0xF7,0xBD,0x4D,0x6B,0xC4,0x18,0xA7,0x31,0xE8,0x39,0x75,0xAD,
	0x61,0x08,0x04,0x21,0x86,0x31,0x45,0x29,0xA3,0x10,0xC3,0x10,0xC3,0x18,0xC3,0x18,0xC3,0x18,0xC3,0x18,
	0x2C,0x63,0xEF,0x7B,0xA7,0x31,0xA6,0x79,0xEB,0xC2,0x28,0xBA,0xCB,0xD2,0xCB,0xCA,0xA6,0xD1,0xC7,0xC1,
	0x62,0x20,0x41,0x00,0x61,0x08,0xA3,0x10,0xA3,0x10,0x00,0x00,0x00,0x00,0x00,0x00,0x41,0x08,0x62,0x08,
	0x82,0x10,0xA2,0x10,0xA3,0x18,0xA3,0x10,0xA3,0x10,0xA3,0x18,0xA3,0x18,0xA2,0x18,0x65,0x29,0x85,0x31,
	0x65,0x31,0x65,0x31,0x85,0x31,0x65,0x31,0x65,0x31,0x65,0x31,0x65,0x31,0x65,0x31,0x86,0x31,0x85,0x31,
	0x85,0x31,0x86,0x31,0x65,0x29,0x69,0x4A,0x18,0xBE,0xB6,0xAD,0x96,0xAD,0xB6,0xB5,0xB6,0xB5,0x08,0x42,
	0x85,0x39,0xA6,0x39,0x65,0x31,0x07,0x82,0xAA,0xB2,0xE6,0x51,0x65,0x29,0x85,0x31,0x86,0x39,0x86,0x39,
	0xA6,0x39,0x85,0x31,0x85,0x31,0x44,0x29,0xC6,0x39,0x38,0xC6,0x59,0xC6,0x51,0x84,0x4D,0x63,0xCF,0x73,
	0xAA,0x52,0x10,0x7C,0xF8,0xBD,0x49,0x4A,0xA2,0x18,0x03,0x21,0xE3,0x20,0xE3,0x20,0xE3,0x20,0xE3,0x20,
	0xE3,0x20,0xE3,0x20,0xE3,0x20,0xE3,0x18,0x65,0x29,0x4D,0x6B,0xF2,0x9C,0x34,0xAD,0x54,0xAD,0x54,0xAD,
	0x54,0xAD,0x54,0xAD,0x54,0xAD,0x54,0xAD,0x54,0xAD,0x75,0xB5,0x95,0xB5,0x95,0xB5,0x54,0xAD,0x33,0xA5,
	0x13,0xA5,0x75,0xB5,0x75,0xB5,0x54,0xAD,0x33,0xAD,0x13,0xA5,0x33,0xAD,0x33,0xA5,0xCD,0x73,0x07,0x3A,
	0x49,0x42,0x07,0x3A,0x86,0x29,0xA6,0x31,0x45,0x21,0x25,0x21,0x25,0x21,0x04,0x19,0xA3,0x10,0xC3,0x10,
	0xC4,0x18,0xA3,0x10,0x62,0x08,0x21,0x00,0x21,0x00,0x41,0x08,0x41,0x08,0x21,0x00,0x82,0x38,0xA6,0xC9,
	0xAA,0xCA,0xCF,0xD3,0xCF,0xCB,0xEB,0xB2,0x08,0x9A,0xCB,0x9A,0x65,0x31,0xEF,0x7B,0x75,0xAD,0xF3,0x9C,
	0x51,0x8C,0xAA,0x52,0x08,0x42,0x55,0xA5,0xCB,0x52,0x04,0x21,0x66,0x29,0x45,0x29,0x08,0x42,0xD7,0xB5,
	0x41,0x08,0xE4,0x20,0x65,0x29,0x65,0x29,0xC3,0x10,0xC3,0x10,0xC3,0x18,0xC3,0x18,0xC4,0x18,0xE4,0x18,
	0x04,0x21,0x82,0x10,0x62,0x08,0x65,0x61,0xCB,0xBA,0x8A,0xB2,0xCB,0xCA,0x28,0xCA,0x86,0xD1,0xE7,0xD9,
	0xC3,0x48,0x20,0x00,0x00,0x00,0x00,0x00,0x41,0x08,0x62,0x08,0x82,0x08,0x82,0x08,0x62,0x08,0x62,0x08,
	0x62,0x08,0xA2,0x10,0xA3,0x10,0xA3,0x10,0xA3,0x10,0xA3,0x18,0xA3,0x18,0x82,0x10,0x24,0x29,0x65,0x31,
	0x65,0x31,0x65,0x31,0x65,0x31,0x65,0x31,0x65,0x31,0x85,0x39,0x65,0x31,0x85,0x31,0x45,0x29,0x45,0x31,
	0xA6,0x39,0x85,0x31,0x85,0x31,0x49,0x4A,0xA6,0x31,0xAE,0x73,0xD7,0xB5,0x6D,0x6B,0xA6,0x39,0x28,0x42,
	0x86,0x31,0xA6,0x39,0x85,0x39,0xA6,0x51,0x85,0x31,0xA6,0x31,0x85,0x39,0xA6,0x39,0x85,0x31,0x85,0x31,
	0x86,0x31,0x65,0x31,0x65,0x29,0x64,0x29,0x24,0x21,0xCF,0x73,0x6D,0x6B,0xAA,0x52,0x08,0x3A,0x69,0x4A,
	0xE8,0x39,0x0C,0x5B,0xB2,0x94,0xC7,0x39,0xA2,0x18,0xE3,0x20,0xE3,0x20,0xE3,0x20,0xE3,0x20,0xE3,0x20,
	0xE3,0x20,0xE3,0x20,0xE3,0x20,0xC3,0x20,0x65,0x29,0x4D,0x6B,0xF2,0x9C,0x33,0xAD,0x54,0xAD,0x54,0xAD,
	0x54,0xAD,0x54,0xAD,0x54,0xAD,0x54,0xAD,0x54,0xAD,0x91,0x94,0x50,0x8C,0x50,0x8C,0xB2,0x94,0x54,0xB5,
	0x74,0xB5,0x92,0x94,0x30,0x8C,0x50,0x8C,0x91,0x94,0x54,0xA5,0x13,0xA5,0x54,0xAD,0xEE,0x7B,0x82,0x10,
	0x65,0x29,0x65,0x29,0x45,0x21,0x45,0x21,0x45,0x21,0x45,0x21,0x25,0x21,0xE4,0x18,0xC3,0x10,0xC3,0x10,
	0xC3,0x10,0xC3,0x10,0xC3,0x10,0xC3,0x10,0x62,0x08,0x41,0x08,0x61,0x08,0x21,0x00,0xE3,0x60,0xC7,0xD9,
	0x45,0xC9,0x86,0xC9,0x69,0xBA,0x29,0xA2,0x69,0xAA,0x0C,0x8B,0x45,0x21,0x49,0x4A,0x49,0x4A,0x49,0x4A,
	0x8E,0x6B,0x2C,0x63,0xCF,0x73,0x30,0x84,0xCF,0x73,0x04,0x19,0x66,0x29,0x45,0x29,0xC3,0x18,0x30,0x84,
	0x62,0x08,0xC3,0x18,0x25,0x29,0xA7,0x31,0xA3,0x10,0xC3,0x10,0xE3,0x18,0xE3,0x18,0xC4,0x18,0xC4,0x18,
	0x82,0x10,0x24,0x21,0xC7,0x31,0x24,0x41,0x8A,0xAA,0x08,0xB2,0x24,0xC1,0x45,0xD1,0x86,0xD1,0xC7,0xD9,
	0x04,0x71,0x82,0x10,0x8E,0x6B,0x8A,0x4A,0x20,0x00,0x62,0x08,0x62,0x08,0x62,0x08,0x00,0x00,0x00,0x00,
	0x62,0x08,0xA2,0x10,0x82,0x10,0xA3,0x10,0xA3,0x18,0xA3,0x18,0xA2,0x18,0x82,0x10,0xE3,0x20,0x65,0x31,
	0x45,0x31,0x45,0x31,0x65,0x31,0x65,0x31,0x65,0x31,0x65,0x31,0x65,0x31,0x86,0x31,0x89,0x52,0x69,0x52,
	0x44,0x29,0x44,0x29,0x65,0x31,0x24,0x29,0x65,0x31,0x44,0x29,0x49,0x4A,0x69,0x52,0x65,0x31,0x24,0x29,
	0xC7,0x39,0xE7,0x41,0x65,0x31,0x65,0x29,0x44,0x31,0x45,0x31,0xA6,0x39,0x86,0x31,0x85,0x31,0x85,0x31,
	0x65,0x31,0x65,0x31,0x44,0x29,0x44,0x29,0x24,0x29,0xC3,0x18,0xC3,0x18,0x24,0x21,0x92,0x8C,0x92,0x8C,
	0x04,0x21,0xA2,0x10,0x82,0x10,0xC2,0x18,0xE3,0x20,0xE3,0x20,0xE3,0x20,0xE3,0x20,0xE3,0x20,0xE3,0x20,
	0xE3,0x20,0xE3,0x20,0xE3,0x20,0xC3,0x20,0x65,0x29,0x4C,0x6B,0xD2,0x9C,0x34,0xAD,0x34,0xAD,0x54,0xAD,
	0x54,0xAD,0x54,0xAD,0x54,0xAD,0x54,0xAD,0x95,0xB5,0x4C,0x6B,0x44,0x21,0x44,0x21,0xE3,0x18,0x50,0x8C,
	0x71,0x94,0x04,0x21,0x65,0x29,0x04,0x21,0x04,0x21,0x71,0x94,0x33,0xA5,0x34,0xAD,0x8D,0x73,0xC3,0x18,
	0x86,0x31,0x45,0x29,0x45,0x29,0x45,0x29,0x45,0x29,0x45,0x29,0x25,0x21,0xE4,0x18,0xE4,0x18,0x82,0x10,
	0x21,0x00,0x83,0x10,0xC3,0x10,0xA3,0x10,0x00,0x00,0x00,0x00,0x00,0x00,0x00,0x00,0x45,0x91,0xA6,0xD9,
	0x86,0xD1,0xE8,0xC9,0x8A,0xBA,0x69,0xAA,0x49,0xAA,0x8A,0x72,0x04,0x19,0x28,0x42,0xAA,0x52,0x2C,0x63,
	0xE3,0x18,0x21,0x00,0xCB,0x5A,0x82,0x10,0xC3,0x18,0xE4,0x18,0x86,0x29,0x24,0x21,0xC3,0x18,0x08,0x42,
	0x48,0x42,0x82,0x10,0x04,0x21,0xA7,0x31,0xE3,0x18,0xE3,0x18,0xE3,0x18,0xE3,0x18,0xC3,0x18,0x05,0x21,
	0x2D,0x6B,0xAE,0x73,0x0C,0x63,0x04,0x29,0x29,0x9A,0x6A,0xBA,0x8A,0xC2,0xAB,0xD2,0x86,0xD1,0xC7,0xD9,
	0x24,0x99,0xCB,0x5A,0xCB,0x52,0x0C,0x5B,0xA6,0x29,0x00,0x00,0x00,0x00,0x41,0x08,0xE8,0x39,0x6A,0x4A,
	0x21,0x00,0x83,0x10,0x82,0x10,0xA3,0x10,0xA3,0x10,0xA3,0x18,0xA3,0x18,0xA2,0x10,0xA2,0x10,0x45,0x29,
	0x45,0x31,0x45,0x31,0x65,0x31,0x45,0x31,0x45,0x31,0x65,0x31,0x24,0x29,0x49,0x4A,0xB6,0xB5,0x2C,0x63,
	0x2C,0x63,0x0C,0x63,0xAA,0x5A,0xAE,0x73,0xC6,0x39,0x85,0x31,0x50,0x8C,0x51,0x8C,0xAE,0x73,0x2C,0x63,
	0x4C,0x6B,0x6D,0x6B,0xE7,0x41,0xAA,0x5A,0x2D,0x6B,0xAA,0x52,0x65,0x31,0x85,0x31,0x65,0x31,0x65,0x31,
	0x65,0x31,0x65,0x31,0x24,0x29,0x44,0x29,0x24,0x29,0x04,0x21,0xA2,0x10,0xA3,0x18,0xC7,0x31,0xA7,0x31,
	0xA2,0x18,0xA2,0x18,0xE3,0x20,0xE3,0x20,0xE3,0x20,0xE3,0x20,0xE3,0x20,0xE3,0x20,0xE3,0x20,0xE3,0x20,
	0xE3,0x20,0xE3,0x20,0xE3,0x20,0xC3,0x18,0x65,0x29,0x6C,0x6B,0xD2,0x9C,0x33,0xAD,0x54,0xAD,0x54,0xAD,
	0x54,0xAD,0x54,0xAD,0x54,0xAD,0x54,0xAD,0x54,0xAD,0x95,0xB5,0xB1,0x94,0xEF,0x7B,0x24,0x21,0x8A,0x52,
	0x0B,0x63,0x85,0x31,0x71,0x8C,0x28,0x42,0x00,0x00,0xEB,0x5A,0xD2,0x9C,0x54,0xB5,0xAE,0x7B,0xE3,0x18,
	0x65,0x29,0x45,0x29,0x45,0x29,0x45,0x29,0x45,0x29,0x45,0x29,0x25,0x21,0x82,0x08,0xAA,0x4A,0x15,0x95,
	0x4D,0x5B,0x86,0x29,0xA3,0x10,0x21,0x00,0x49,0x4A,0x6E,0x6B,0x8E,0x6B,0xE4,0x30,0x86,0xB1,0xA6,0xD1,
	0x86,0xD1,0x48,0xCA,0xAA,0xB2,0xC7,0xA1,0x8A,0xAA,0x08,0x52,0xA6,0x31,0x4D,0x6B,0xAA,0x52,0xC7,0x39,
	0xC3,0x18,0x04,0x21,0x66,0x29,0xA3,0x10,0xC3,0x18,0xE3,0x18,0x65,0x29,0xC3,0x18,0xC3,0x18,0x69,0x4A,
	0xE3,0x18,0x61,0x08,0x04,0x21,0xA6,0x31,0x24,0x21,0xC3,0x10,0xE3,0x18,0xE3,0x18,0xE3,0x18,0x04,0x19,
	0x45,0x29,0xC3,0x18,0x62,0x08,0xA3,0x10,0x08,0x82,0x8A,0xBA,0x48,0xB2,0xE7,0xC9,0x65,0xD1,0x25,0xD1,
	0x45,0xC1,0x08,0x52,0xCB,0x52,0xAB,0x52,0x29,0x3A,0x66,0x29,0xAF,0x6B,0x14,0x95,0x15,0x95,0xAB,0x52,
	0x21,0x00,0x82,0x10,0xA2,0x10,0xA3,0x10,0xA3,0x10,0xA3,0x10,0xA2,0x10,0xA2,0x18,0x82,0x10,0x04,0x21,
	0x65,0x31,0x45,0x31,0x45,0x31,0x65,0x31,0x65,0x31,0x65,0x31,0xE3,0x20,0x8D,0x73,0xF3,0x9C,0x4D,0x6B,
	0x91,0x94,0x8E,0x73,0xB2,0x94,0x92,0x8C,0xAE,0x73,0xAE,0x73,0x30,0x84,0x49,0x4A,0x34,0xA5,0xEF,0x7B,
	0x8E,0x73,0x10,0x84,0xF3,0x9C,0x92,0x94,0xF7,0xBD,0x10,0x84,0x24,0x29,0x85,0x31,0x45,0x29,0x04,0x21,
	0x45,0x29,0x44,0x29,0x04,0x21,0xE3,0x20,0x03,0x21,0x04,0x21,0x03,0x21,0x03,0x21,0x61,0x08,0x41,0x08,
	0xE3,0x20,0x03,0x21,0xE3,0x20,0xE3,0x20,0xE3,0x20,0xC2,0x18,0xE3,0x20,0xC3,0x18,0xE3,0x20,0xE3,0x20,
	0xC2,0x18,0xE3,0x20,0xE3,0x20,0xC3,0x18,0x45,0x29,0x4C,0x6B,0xD2,0x9C,0x34,0xAD,0x54,0xAD,0x54,0xAD,
	0x54,0xAD,0x54,0xAD,0x54,0xAD,0x54,0xAD,0x54,0xAD,0x13,0xA5,0xB2,0x9C,0xF2,0x9C,0x85,0x31,0xAA,0x52,
	0xAA,0x52,0x86,0x31,0xEF,0x7B,0x2C,0x63,0xE3,0x18,0xAA,0x52,0x50,0x8C,0x54,0xAD,0xEF,0x7B,0x04,0x21,
	0x65,0x29,0x45,0x29,0x65,0x29,0x45,0x29,0x45,0x29,0x45,0x29,0x04,0x19,0xE4,0x10,0x04,0x19,0x49,0x3A,
	0x10,0x74,0x35,0x95,0x92,0x84,0xC3,0x18,0xC3,0x18,0xAB,0x52,0x6E,0x63,0x66,0x59,0xA6,0xD1,0xA6,0xD1,
	0xA6,0xD1,0x8A,0xCA,0x69,0xAA,0xE7,0xA1,0xCB,0xA2,0x86,0x31,0xE7,0x39,0x08,0x42,0x29,0x4A,0x49,0x42,
	0xA3,0x10,0xA3,0x10,0x83,0x10,0xC3,0x10,0xC3,0x10,0x04,0x21,0x24,0x21,0xA3,0x18,0xC7,0x39,0x92,0x94,
	0xE3,0x18,0x20,0x00,0xE4,0x20,0x65,0x29,0x65,0x29,0xC3,0x18,0xE3,0x18,0xE3,0x18,0xE3,0x18,0xC3,0x18,
	0xA3,0x10,0xC3,0x10,0x45,0x29,0xC7,0x31,0x66,0x59,0x8A,0xBA,0xE7,0xB1,0x86,0xC9,0x49,0xD2,0xAE,0xD3,
	0xCB,0xDA,0xA3,0x58,0xAB,0x4A,0x51,0x7C,0x29,0x3A,0x6E,0x63,0x8E,0x6B,0x66,0x29,0x21,0x08,0x00,0x00,
	0x62,0x08,0x42,0x08,0x82,0x10,0xA3,0x10,0xA3,0x10,0xA3,0x18,0xA2,0x10,0xA2,0x10,0xA2,0x10,0xC3,0x18,
	0x45,0x29,0x44,0x31,0x45,0x31,0x44,0x29,0x65,0x31,0x65,0x31,0x24,0x29,0x0B,0x63,0xEF,0x7B,0x08,0x3A,
	0xEF,0x7B,0xAA,0x52,0x10,0x7C,0x2C,0x63,0x04,0x21,0xC7,0x39,0x91,0x8C,0x8E,0x73,0xAA,0x52,0x28,0x42,
	0xAA,0x52,0x69,0x4A,0xAE,0x73,0x28,0x4A,0x51,0x8C,0xC7,0x39,0x45,0x31,0x65,0x31,0xA6,0x39,0xAB,0x5A,
	0xA6,0x31,0x45,0x29,0xC7,0x39,0x28,0x42,0x45,0x29,0xE3,0x20,0x03,0x21,0xE3,0x20,0xA2,0x10,0x82,0x10,
	0xE3,0x20,0xE3,0x18,0xE3,0x20,0xE3,0x20,0xC3,0x28,0x24,0x41,0xC3,0x28,0x04,0x41,0xC3,0x18,0xA3,0x18,
	0x44,0x41,0xE3,0x30,0xE3,0x20,0xC3,0x18,0x45,0x29,0x2C,0x63,0xD2,0x9C,0x33,0xAD,0x34,0xAD,0x54,0xAD,
	0x54,0xAD,0x54,0xAD,0x54,0xAD,0x34,0xAD,0x95,0xB5,0x8D,0x73,0xE7,0x39,0x69,0x4A,0xE3,0x20,0x0C,0x63,
	0xEB,0x5A,0xAA,0x52,0xAE,0x73,0x74,0xAD,0x89,0x4A,0xAA,0x52,0x71,0x8C,0x74,0xB5,0xAE,0x7B,0xE4,0x18,
	0x65,0x29,0x45,0x29,0x45,0x29,0x65,0x29,0x65,0x29,0x25,0x21,0xE4,0x18,0xE4,0x18,0xE4,0x18,0x82,0x08,
	0x42,0x00,0xC4,0x10,0xC7,0x31,0x86,0x29,0x8A,0x4A,0x00,0x00,0x21,0x00,0x04,0x79,0x86,0xD1,0x45,0xC9,
	0xC7,0xD1,0x89,0xBA,0x69,0xAA,0x08,0xAA,0xCA,0x8A,0x04,0x21,0xE7,0x41,0x0C,0x63,0x4D,0x6B,0x65,0x29,
	0xA3,0x10,0xE3,0x18,0xC3,0x10,0xC3,0x10,0xA3,0x10,0x25,0x21,0x04,0x19,0xA7,0x31,0x92,0x94,0x34,0xA5,
	0x65,0x29,0x61,0x08,0xA3,0x18,0x25,0x29,0x86,0x31,0xC3,0x10,0x03,0x19,0xE4,0x18,0xC3,0x10,0xE4,0x18,
	0xA3,0x10,0xE7,0x39,0xCE,0x73,0x8A,0x4A,0x04,0x31,0xAA,0xAA,0x69,0xB2,0x71,0xCC,0x75,0xDD,0xB1,0xD4,
	0x89,0xD2,0x04,0x91,0xC7,0x39,0x92,0x84,0x72,0x84,0xC4,0x18,0x00,0x00,0x21,0x00,0x62,0x08,0x62,0x08,
	0x42,0x08,0x62,0x08,0x82,0x10,0x82,0x10,0x82,0x10,0xA2,0x10,0xA2,0x10,0xA2,0x10,0xA2,0x18,0xA2,0x10,
	0x04,0x21,0x45,0x29,0x45,0x31,0x65,0x31,0x45,0x29,0x65,0x31,0x85,0x31,0x03,0x21,0x86,0x31,0x8E,0x73,
	0x86,0x31,0xC3,0x18,0xE3,0x20,0xE3,0x20,0x24,0x29,0x03,0x21,0x03,0x21,0x03,0x21,0xC3,0x20,0x04,0x21,
	0x44,0x29,0x03,0x21,0xC3,0x18,0x03,0x21,0xA2,0x18,0x24,0x29,0x85,0x31,0x04,0x21,0x92,0x94,0xEF,0x7B,
	0x51,0x84,0xF3,0x94,0xF3,0x94,0xF8,0xB5,0xAF,0x73,0x82,0x10,0x04,0x21,0xE3,0x20,0xA2,0x10,0x82,0x10,
	0xE3,0x20,0xE3,0x20,0xE3,0x20,0xC3,0x18,0x24,0x49,0x08,0xB2,0x04,0x59,0x65,0x69,0x82,0x18,0x24,0x49,
	0xC7,0x81,0x04,0x51,0xC3,0x18,0xC3,0x18,0x65,0x29,0x0C,0x63,0xB2,0x9C,0x33,0xA5,0x34,0xAD,0x54,0xAD,
	0x54,0xAD,0x54,0xAD,0x34,0xAD,0x54,0xAD,0x54,0xAD,0x54,0xAD,0xB2,0x94,0xCE,0x7B,0x65,0x29,0x8A,0x52,
	0x0B,0x63,0x41,0x08,0x0B,0x5B,0x54,0xAD,0x45,0x29,0x0B,0x63,0x71,0x8C,0x54,0xAD,0xCE,0x7B,0x04,0x21,
	0x45,0x29,0x45,0x29,0x45,0x29,0x45,0x29,0x45,0x29,0x04,0x21,0xE4,0x10,0xE4,0x18,0xE4,0x18,0xE4,0x18,
	0xE4,0x18,0xE3,0x10,0x00,0x00,0x49,0x42,0x14,0x95,0xAB,0x4A,0xCB,0x62,0x25,0x99,0x6D,0xD3,0x0C,0xCB,
	0x89,0xC2,0xEB,0xB2,0x08,0xA2,0x6A,0xB2,0x49,0x62,0x24,0x21,0xEB,0x5A,0x28,0x42,0xC7,0x39,0x24,0x21,
	0x62,0x08,0x41,0x08,0x62,0x10,0xA2,0x10,0xC3,0x18,0x25,0x21,0xC3,0x18,0xC7,0x39,0xB3,0x94,0x72,0x8C,
	0x28,0x42,0x62,0x08,0x82,0x10,0x04,0x21,0xA6,0x31,0xE4,0x18,0x62,0x10,0xC4,0x18,0x45,0x21,0xA3,0x10,
	0xC3,0x18,0x04,0x21,0xC3,0x18,0x41,0x08,0x62,0x08,0xAE,0x93,0xAA,0xB2,0x0C,0xBB,0x6D,0xCB,0x45,0xC1,
	0x65,0xD1,0x65,0xC1,0xC7,0x51,0xD0,0x6B,0xEC,0x5A,0xCB,0x52,0x01,0x00,0x62,0x08,0x62,0x08,0x62,0x08,
	0x21,0x00,0x00,0x00,0x62,0x10,0x82,0x10,0x82,0x10,0xA2,0x10,0xA3,0x18,0xC3,0x18,0x82,0x10,0x41,0x08,
	0xA2,0x18,0x44,0x29,0x44,0x29,0x24,0x29,0x45,0x29,0x45,0x31,0x45,0x31,0x65,0x31,0x14,0xA5,0x75,0xAD,
	0x34,0xA5,0x4D,0x6B,0x4D,0x6B,0x6D,0x6B,0x0C,0x63,0xAE,0x73,0x28,0x4A,0xE8,0x41,0x10,0x84,0xCB,0x5A,
	0x49,0x4A,0xEF,0x7B,0x0C,0x63,0x4D,0x6B,0x0F,0x84,0xC7,0x39,0x44,0x29,0x23,0x21,0xD2,0x9C,0x8E,0x6B,
	0x92,0x8C,0xF3,0x94,0xF4,0x94,0x14,0x9D,0xAE,0x73,0x81,0x10,0xE3,0x20,0xE3,0x20,0x82,0x10,0x62,0x10,
	0xC3,0x20,0xC3,0x20,0xC3,0x20,0x82,0x18,0x44,0x69,0x86,0x91,0x45,0x71,0xA6,0x81,0x25,0x51,0x03,0x41,
	0x04,0x59,0x04,0x49,0xA2,0x18,0xC3,0x18,0x65,0x29,0x0C,0x63,0xB1,0x9C,0x13,0xA5,0x34,0xAD,0x54,0xAD,
	0x54,0xAD,0x54,0xAD,0x34,0xAD,0x34,0xAD,0x54,0xAD,0x34,0xAD,0xB1,0x94,0xB1,0x94,0x65,0x31,0x89,0x52,
	0xEB,0x5A,0x20,0x00,0x89,0x4A,0xEF,0x7B,0x24,0x29,0xAA,0x5A,0x70,0x8C,0x54,0xAD,0xCE,0x7B,0x04,0x21,
	0x86,0x31,0x65,0x29,0x45,0x29,0x45,0x29,0x45,0x29,0xE4,0x18,0xE4,0x18,0x82,0x08,0xA3,0x08,0x04,0x19,
	0xE4,0x10,0xE3,0x18,0x62,0x08,0x8E,0x6B,0x31,0x7C,0x92,0x84,0x65,0x51,0x86,0xC9,0xAE,0xD3,0xB6,0xE5,
	0x95,0xE5,0xAE,0xBB,0xC7,0xA1,0xAA,0xAA,0xC7,0x39,0x2C,0x63,0x2C,0x63,0xCB,0x52,0x69,0x4A,0x00,0x00,
	0xCB,0x5A,0x8E,0x73,0x08,0x42,0x65,0x29,0xA3,0x18,0x04,0x21,0xA3,0x18,0x0C,0x5B,0x72,0x8C,0x10,0x7C,
	0x24,0x21,0xA2,0x10,0x61,0x08,0xE3,0x18,0x86,0x31,0xE3,0x18,0xAA,0x52,0x34,0xA5,0x75,0xAD,0x8A,0x52,
	0x41,0x08,0x41,0x08,0x82,0x10,0x69,0x4A,0xEB,0x5A,0xA6,0x51,0x69,0xB2,0x08,0xAA,0x2C,0xCB,0x08,0xCA,
	0x66,0xC9,0xA6,0xD1,0x25,0x69,0xA7,0x29,0x82,0x10,0x04,0x21,0x21,0x08,0x61,0x08,0x01,0x00,0x00,0x00,
	0x04,0x19,0xE8,0x39,0x41,0x08,0x82,0x10,0xC3,0x18,0xC3,0x18,0x61,0x10,0x41,0x08,0x86,0x31,0xD2,0x94,
	0x33,0xA5,0xE3,0x20,0x44,0x29,0x44,0x29,0x24,0x29,0x44,0x29,0x45,0x31,0x04,0x21,0xCF,0x7B,0x14,0x9D,
	0x10,0x84,0x96,0xAD,0x75,0xAD,0x75,0xAD,0xB6,0xB5,0x59,0xC6,0x31,0x84,0x6E,0x6B,0xB6,0xB5,0x75,0xAD,
	0xF4,0x9C,0x38,0xBE,0x2D,0x63,0xB6,0xAD,0x51,0x8C,0x75,0xAD,0x65,0x29,0x04,0x21,0x86,0x31,0xCB,0x5A,
	0xC6,0x39,0x44,0x29,0x28,0x42,0x48,0x42,0x28,0x42,0x24,0x29,0x44,0x29,0x24,0x21,0xC3,0x18,0x82,0x10,
	0x04,0x21,0x24,0x29,0x24,0x21,0x65,0x31,0xC6,0x49,0xC3,0x20,0x82,0x20,0xC2,0x30,0xC3,0x28,0x82,0x08,
	0xA2,0x20,0xC2,0x20,0xC3,0x20,0xC3,0x18,0x65,0x29,0x2C,0x6B,0xB1,0x9C,0x33,0xA5,0x33,0xAD,0x33,0xAD,
	0x34,0xAD,0x33,0xAD,0x33,0xAD,0x34,0xAD,0x75,0xB5,0x0C,0x63,0x45,0x29,0x45,0x29,0x65,0x29,0x6D,0x6B,
	0x6D,0x6B,0x65,0x29,0xC3,0x18,0xE3,0x18,0xA6,0x31,0x4D,0x6B,0x30,0x84,0x54,0xAD,0xEF,0x83,0x25,0x21,
	0xE4,0x20,0x04,0x19,0x65,0x29,0x65,0x29,0x25,0x21,0xA3,0x10,0x8A,0x4A,0xB3,0x8C,0xE8,0x31,0x82,0x08,
	0x82,0x08,0xC3,0x10,0x62,0x08,0xE4,0x18,0xA7,0x31,0x08,0x3A,0x04,0x81,0xE7,0xE1,0x45,0xC9,0xE7,0xC9,
	0x4D,0xBB,0xAB,0xAA,0xEB,0xB2,0x4D,0x93,0xE4,0x18,0x31,0x8C,0x18,0xC6,0xB6,0xB5,0x51,0x84,0xC7,0x39,
	0x04,0x21,0x6E,0x6B,0x54,0xA5,0xD3,0x94,0xA3,0x10,0xE4,0x18,0x41,0x08,0xEB,0x5A,0x31,0x84,0x8E,0x73,
	0x08,0x42,0x04,0x19,0x00,0x00,0xC3,0x18,0x04,0x21,0xA6,0x31,0x55,0xA5,0xC3,0x18,0x25,0x21,0x14,0x9D,
	0x25,0x29,0xEF,0x7B,0x17,0xBE,0x58,0xCE,0x72,0x8C,0x24,0x31,0x69,0xAA,0x28,0xB2,0xAA,0xBA,0xAA,0xCA,
	0x86,0xC9,0xA6,0xD9,0x86,0xA9,0x00,0x08,0x41,0x08,0x20,0x00,0x41,0x08,0x21,0x00,0x45,0x21,0xCF,0x73,
	0x76,0x9D,0x0C,0x5B,0x41,0x08,0xA2,0x10,0x61,0x10,0x61,0x10,0xE7,0x39,0xD3,0x9C,0x3C,0xE7,0xDE,0xF7,
	0x9D,0xF7,0x0B,0x63,0xC3,0x18,0x44,0x29,0x24,0x29,0x44,0x29,0x04,0x21,0xC7,0x39,0x92,0x94,0x55,0xAD,
	0xF0,0x7B,0x14,0xA5,0xD2,0x94,0xF3,0x9C,0x92,0x8C,0x30,0x84,0xD2,0x94,0xCE,0x73,0x99,0xCE,0x34,0xA5,
	0xCF,0x73,0x18,0xBE,0x29,0x4A,0x55,0xA5,0x25,0x21,0x18,0xBE,0xC7,0x39,0x04,0x21,0x04,0x21,0xA2,0x18,
	0xE3,0x20,0xC2,0x18,0x48,0x4A,0xB6,0xB5,0x2C,0x63,0x82,0x10,0xE3,0x18,0xE3,0x18,0x65,0x21,0x65,0x29,
	0xE3,0x18,0xC3,0x18,0x82,0x10,0x8D,0x6B,0x95,0xAD,0x08,0x42,0x82,0x18,0xC2,0x18,0xC3,0x18,0xC3,0x20,
	0xC2,0x18,0xC3,0x18,0xE3,0x20,0xC3,0x18,0x45,0x29,0x2C,0x63,0xB1,0x9C,0x13,0xA5,0x33,0xAD,0x34,0xAD,
	0x33,0xAD,0x33,0xAD,0x33,0xAD,0x34,0xAD,0x34,0xAD,0x13,0xA5,0x50,0x8C,0x4D,0x6B,0x8D,0x73,0x6D,0x6B,
	0x71,0x94,0xD2,0x9C,0x4D,0x6B,0x4D,0x6B,0x6D,0x73,0x8D,0x6B,0x70,0x8C,0x54,0xAD,0x8D,0x73,0x65,0x29,
	0x10,0x84,0xEB,0x5A,0x04,0x21,0xE3,0x18,0x24,0x21,0x04,0x19,0x45,0x21,0x2D,0x5B,0x14,0x95,0xB3,0x84,
	0x49,0x42,0x82,0x08,0x41,0x08,0x41,0x08,0x00,0x00,0x00,0x20,0xC7,0xC1,0xA6,0xD9,0xA6,0xD1,0x08,0xD2,
	0xCB,0xB2,0x08,0xA2,0x8A,0xB2,0x8A,0x62,0x24,0x21,0x2C,0x6B,0xAA,0x52,0x0C,0x63,0x34,0xA5,0xB2,0x94,
	0xAA,0x52,0x41,0x08,0x42,0x08,0xE4,0x18,0x04,0x19,0xA3,0x10,0x41,0x08,0xC3,0x18,0x4D,0x63,0x4D,0x63,
	0xC7,0x39,0x30,0x84,0x04,0x21,0x82,0x10,0x04,0x21,0x65,0x29,0x71,0x8C,0x6D,0x6B,0x51,0x8C,0xCB,0x5A,
	0x0F,0x7C,0xF7,0xBD,0x4D,0x6B,0x2D,0x6B,0x0C,0x5B,0x65,0x29,0xE7,0x79,0x49,0xBA,0x28,0xAA,0xEB,0xCA,
	0xA6,0xC9,0x65,0xC9,0xC7,0xD1,0xC3,0x48,0x20,0x00,0x61,0x10,0x00,0x00,0x6D,0x63,0x75,0x9D,0x4D,0x63,
	0xE4,0x18,0x00,0x00,0x00,0x00,0x21,0x08,0x28,0x42,0x13,0xA5,0x5C,0xEF,0xDE,0xF7,0x5C,0xE7,0xBA,0xDE,
	0x1B,0xE7,0x79,0xCE,0x24,0x29,0x24,0x29,0x24,0x29,0x44,0x29,0x04,0x21,0x10,0x84,0x96,0xAD,0xD3,0x94,
	0xB2,0x94,0x10,0x84,0x91,0x8C,0x54,0xA5,0x14,0x9D,0x72,0x8C,0x92,0x8C,0x4D,0x63,0x10,0x7C,0x10,0x84,
	0x51,0x84,0xB6,0xB5,0x8E,0x73,0x14,0x9D,0x75,0xAD,0x4D,0x6B,0xE3,0x20,0xC3,0x20,0x82,0x18,0xC2,0x18,
	0xE3,0x20,0xA2,0x18,0xA2,0x18,0xA3,0x18,0xC3,0x18,0xA2,0x10,0x82,0x10,0xE3,0x18,0x65,0x21,0x45,0x21,
	0x04,0x19,0xA2,0x10,0xA2,0x18,0xA2,0x18,0xA2,0x10,0x82,0x10,0xC3,0x20,0xC2,0x20,0xC3,0x20,0xC3,0x18,
	0xA2,0x20,0xC2,0x18,0xE3,0x18,0xC3,0x18,0x44,0x21,0x2C,0x6B,0xB1,0x9C,0x13,0xA5,0x33,0xA5,0x33,0xA5,
	0x33,0xAD,0x33,0xAD,0x33,0xAD,0x33,0xAD,0x33,0xAD,0x53,0xAD,0xF3,0xA4,0xB2,0x9C,0xB2,0x9C,0xD2,0x9C,
	0x13,0xA5,0x33,0xAD,0xD2,0x9C,0xB2,0x9C,0x91,0x94,0xB1,0x94,0x33,0xA5,0xB2,0x9C,0x86,0x31,0xEB,0x5A,
	0xDE,0xF7,0x5C,0xE7,0xB6,0xB5,0x0C,0x63,0xE4,0x18,0xA2,0x10,0x04,0x19,0xA3,0x10,0xA3,0x10,0xAB,0x4A,
	0xF0,0x73,0xE4,0x18,0x41,0x08,0x61,0x08,0x41,0x00,0x04,0x69,0xC7,0xD9,0xA6,0xD1,0x86,0xD1,0xAA,0xC2,
	0xAA,0xAA,0xC7,0xA9,0xCA,0xAA,0xC7,0x39,0xE7,0x39,0x08,0x42,0x8A,0x52,0xCB,0x5A,0x00,0x00,0x4D,0x6B,
	0x79,0xCE,0x86,0x31,0x66,0x29,0x66,0x29,0xC3,0x10,0x81,0x08,0x62,0x08,0x04,0x19,0xAB,0x52,0xCB,0x52,
	0x04,0x21,0x0C,0x5B,0xA6,0x31,0x41,0x08,0xE3,0x18,0x65,0x29,0x86,0x29,0xCF,0x7B,0x71,0x8C,0xD2,0x94,
	0xE7,0x39,0x21,0x08,0x82,0x10,0x8A,0x52,0x4D,0x6B,0x08,0x3A,0x45,0x49,0x89,0xB2,0xC7,0xA1,0xAA,0xBA,
	0xEB,0xCA,0x28,0xC2,0x86,0xD1,0x65,0x91,0x21,0x08,0x41,0x08,0x41,0x08,0x66,0x29,0xA3,0x10,0x00,0x00,
	0x00,0x00,0x41,0x08,0x28,0x42,0x34,0xA5,0x5C,0xE7,0xBE,0xF7,0x3C,0xE7,0xFB,0xDE,0xB9,0xD6,0x1B,0xDF,
	0xDA,0xD6,0x4C,0x6B,0x82,0x10,0x04,0x21,0x24,0x29,0x24,0x21,0x44,0x29,0x24,0x21,0x45,0x29,0xF0,0x7B,
	0x8A,0x52,0x10,0x7C,0x0C,0x5B,0x49,0x4A,0x10,0x84,0xAB,0x52,0xC7,0x39,0xD3,0x94,0xAB,0x52,0xAA,0x52,
	0x08,0x42,0xCB,0x5A,0x08,0x42,0x2D,0x63,0x6E,0x6B,0xEC,0x5A,0xE3,0x20,0xEB,0x5A,0x8E,0x6B,0x0C,0x63,
	0xE7,0x39,0x2C,0x63,0x2D,0x63,0x08,0x42,0xC3,0x18,0xE3,0x20,0xC3,0x18,0xE3,0x18,0x65,0x21,0x66,0x21,
	0x04,0x19,0xC2,0x18,0xC3,0x18,0xC2,0x18,0x04,0x39,0x45,0x61,0xE4,0x40,0x45,0x49,0x62,0x08,0xC3,0x28,
	0xC7,0x89,0x04,0x49,0xC3,0x10,0xC3,0x18,0x44,0x29,0x0B,0x63,0x91,0x9C,0xF3,0xA4,0x34,0xAD,0x33,0xA5,
	0x34,0xAD,0x33,0xAD,0x33,0xA5,0x33,0xAD,0x33,0xAD,0x33,0xA5,0x34,0xAD,0x54,0xAD,0x54,0xAD,0x54,0xAD,
	0x33,0xA5,0x33,0xA5,0x33,0xA5,0x53,0xAD,0x54,0xAD,0x13,0xA5,0x54,0xAD,0xCA,0x5A,0xA6,0x39,0x17,0xC6,
	0x3C,0xE7,0xDA,0xDE,0x3B,0xE7,0x5C,0xE7,0x17,0xBE,0x8D,0x6B,0x25,0x21,0x82,0x08,0xC3,0x18,0x82,0x08,
	0x41,0x08,0x61,0x08,0x41,0x08,0x41,0x08,0x41,0x10,0x86,0xB1,0xA6,0xD9,0x86,0xC9,0x28,0xD2,0xAA,0xBA,
	0x08,0xA2,0x48,0xB2,0xCB,0x82,0x04,0x21,0x49,0x4A,0x4D,0x6B,0xCB,0x5A,0x45,0x21,0xE4,0x18,0x51,0x8C,
	0xEF,0x7B,0xCB,0x5A,0x51,0x84,0x08,0x42,0x82,0x08,0xA2,0x10,0xC3,0x18,0xE7,0x39,0xCB,0x52,0x49,0x42,
	0x00,0x00,0x69,0x4A,0xA2,0x10,0x20,0x00,0xC3,0x18,0x25,0x29,0x86,0x31,0x51,0x8C,0x37,0xC6,0xEF,0x83,
	0x72,0x8C,0xC3,0x10,0xA3,0x18,0xC7,0x39,0x4D,0x6B,0x0C,0x63,0x04,0x29,0x49,0x92,0xC7,0xA9,0x49,0xAA,
	0x0C,0xCB,0xE7,0xC1,0x86,0xC9,0xC6,0xC1,0x82,0x38,0x21,0x00,0x41,0x08,0x00,0x00,0x21,0x08,0x82,0x10,
	0x89,0x4A,0x96,0xB5,0x7D,0xEF,0xBE,0xF7,0x5C,0xEF,0xFA,0xDE,0xDA,0xD6,0xDA,0xD6,0x5C,0xEF,0xB6,0xB5,
	0xA6,0x31,0x20,0x00,0x82,0x10,0xA2,0x18,0x04,0x21,0x24,0x21,0x44,0x29,0xA2,0x18,0x10,0x84,0x59,0xC6,
	0xB2,0x94,0xB6,0xB5,0x55,0xA5,0x34,0xA5,0x55,0xA5,0x76,0xAD,0x75,0xAD,0x0F,0x7C,0x14,0x9D,0xF7,0xB5,
	0x31,0x84,0xF8,0xB5,0xF0,0x7B,0x96,0xAD,0x38,0xBE,0x0C,0x63,0x61,0x10,0x8E,0x6B,0x72,0x8C,0x56,0xA5,
	0xB7,0xB5,0x39,0xBE,0x39,0xBE,0x30,0x84,0x61,0x10,0xE3,0x20,0xA2,0x10,0xE3,0x18,0x24,0x19,0x25,0x21,
	0x04,0x19,0x81,0x10,0xC3,0x18,0x82,0x10,0x65,0x71,0x08,0xB2,0x65,0x69,0x44,0x69,0xC3,0x38,0x86,0x61,
	0xC7,0x99,0x04,0x59,0xA2,0x10,0xC3,0x18,0x24,0x21,0x0B,0x63,0x91,0x94,0x13,0xA5,0x13,0xA5,0x33,0xA5,
	0x13,0xA5,0x33,0xAD,0x33,0xA5,0x33,0xA5,0x33,0xA5,0x33,0xAD,0x33,0xA5,0x34,0xAD,0x33,0xAD,0x33,0xA5,
	0x33,0xA5,0x33,0xA5,0x13,0xA5,0x13,0xA5,0x13,0xA5,0x54,0xAD,0x0F,0x84,0x65,0x29,0xAA,0x52,0x5C,0xE7,
	0xFA,0xDE,0xBA,0xD6,0xDA,0xD6,0xDA,0xD6,0x3B,0xE7,0x5C,0xE7,0x58,0xCE,0xCF,0x7B,0x45,0x21,0xC3,0x18,
	0x82,0x10,0x41,0x08,0x61,0x08,0x21,0x00,0xA3,0x58,0xC7,0xD9,0x65,0xC9,0x65,0xC9,0x69,0xCA,0x8A,0xA2,
	0x08,0xAA,0xAA,0xB2,0x08,0x4A,0x45,0x29,0x0C,0x63,0x08,0x42,0x49,0x4A,0x86,0x31,0xC3,0x18,0x24,0x21,
	0x65,0x29,0x96,0xB5,0xEF,0x7B,0x82,0x08,0xC3,0x18,0xE4,0x20,0xC7,0x31,0xAB,0x52,0x49,0x42,0x08,0x3A,
	0x00,0x00,0xE7,0x39,0xA7,0x31,0x00,0x00,0x82,0x10,0xC3,0x18,0xC7,0x39,0xD3,0x9C,0xCB,0x5A,0xC7,0x39,
	0x2D,0x63,0x24,0x21,0xA2,0x10,0x04,0x21,0x0C,0x63,0x2D,0x6B,0xC7,0x39,0xA6,0x59,0x49,0xB2,0xC7,0xA1,
	0xCA,0xBA,0xE7,0xC1,0x65,0xC1,0xA6,0xC9,0x45,0x81,0x20,0x00,0x41,0x08,0x61,0x08,0x21,0x00,0x86,0x31,
	0x5C,0xE7,0x7D,0xEF,0x1B,0xDF,0xFB,0xDE,0xDA,0xD6,0xB9,0xD6,0xFB,0xDE,0x1B,0xE7,0x0F,0x7C,0x81,0x10,
	0x41,0x08,0xA2,0x10,0x82,0x10,0x82,0x10,0xC2,0x18,0x04,0x21,0xA2,0x18,0xEB,0x5A,0xBA,0xCE,0xB6,0xAD,
	0x92,0x8C,0x59,0xC6,0xB2,0x94,0xCF,0x73,0x9A,0xCE,0x92,0x8C,0xB6,0xB5,0x45,0x21,0x71,0x8C,0xF3,0x94,
	0x38,0xBE,0x14,0x9D,0x59,0xC6,0x29,0x42,0xCE,0x73,0xB6,0xAD,0xE3,0x20,0x28,0x4A,0x0C,0x63,0x8E,0x6B,
	0x92,0x8C,0x51,0x84,0x6E,0x6B,0x0C,0x63,0xC2,0x18,0x03,0x21,0xE3,0x18,0x24,0x21,0x8A,0x52,0xAA,0x52,
	0x24,0x21,0x04,0x21,0xE3,0x18,0xE3,0x20,0x03,0x51,0xC3,0x50,0x24,0x59,0x65,0x69,0xC3,0x38,0xC3,0x38,
	0xA7,0x81,0xE3,0x40,0xA3,0x10,0xC3,0x18,0x44,0x29,0xEB,0x62,0x91,0x94,0x13,0xA5,0x13,0xA5,0x33,0xA5,
	0x13,0xA5,0x33,0xA5,0x33,0xA5,0x33,0xA5,0x13,0xA5,0x33,0xA5,0x33,0xAD,0x13,0xA5,0x33,0xA5,0x13,0xA5,
	0x33,0xAD,0x13,0xA5,0x13,0xA5,0x13,0xA5,0x13,0xA5,0xF2,0x9C,0x89,0x52,0xA6,0x31,0x45,0x29,0xCA,0x5A,
	0x58,0xC6,0x3B,0xE7,0xB9,0xD6,0xB9,0xD6,0xDA,0xD6,0xBA,0xD6,0xDA,0xD6,0x5C,0xE7,0x49,0x4A,0x41,0x08,
	0x41,0x08,0x41,0x08,0x41,0x08,0x21,0x10,0x65,0xA1,0x28,0xD2,0xEF,0xD3,0xEB,0xCA,0xAA,0xB2,0x29,0xA2,
	0xE7,0xA9,0xEB,0x92,0x45,0x21,0x49,0x4A,0x08,0x42,0xCB,0x5A,0xEC,0x5A,0x82,0x10,0xC3,0x18,0xA3,0x10,
	0x82,0x10,0xA3,0x10,0xA3,0x18,0xE3,0x18,0x82,0x10,0xC3,0x18,0x69,0x4A,0x8A,0x4A,0x08,0x3A,0xA6,0x31,
	0x00,0x00,0x04,0x21,0xAA,0x52,0x41,0x08,0x41,0x08,0xC4,0x18,0x04,0x21,0xEC,0x5A,0x86,0x31,0x62,0x08,
	0xA3,0x10,0xC3,0x18,0xE4,0x18,0xA2,0x10,0x28,0x42,0x4D,0x6B,0xAA,0x52,0x24,0x31,0x49,0xA2,0xC7,0xA1,
	0x8A,0xB2,0xAA,0xC2,0x86,0xC1,0x65,0xC1,0xA6,0xC1,0x82,0x30,0x21,0x00,0x41,0x08,0x82,0x10,0x41,0x08,
	0xF3,0x9C,0xFB,0xDE,0x99,0xD6,0xBA,0xD6,0xB9,0xD6,0x3C,0xE7,0x59,0xCE,0x49,0x4A,0x00,0x00,0x82,0x10,
	0xA2,0x10,0x82,0x10,0xA3,0x10,0x82,0x10,0x82,0x10,0xA3,0x18,0x24,0x21,0xD3,0x94,0x28,0x42,0xEF,0x7B,
	0x51,0x84,0x6E,0x6B,0xEF,0x7B,0xB2,0x94,0x4D,0x6B,0x30,0x84,0x4D,0x63,0x18,0xBE,0xD3,0x9C,0xC7,0x31,
	0x75,0xAD,0xAB,0x52,0x14,0x9D,0x08,0x3A,0x14,0x9D,0x92,0x8C,0xE3,0x20,0xE3,0x20,0xE3,0x20,0xC3,0x18,
	0x41,0x08,0x08,0x42,0x13,0x9D,0x6D,0x6B,0x24,0x21,0x45,0x29,0x45,0x29,0x45,0x21,0x48,0x4A,0x68,0x5A,
	0x45,0x29,0x04,0x21,0xE4,0x20,0xA3,0x18,0x2C,0x63,0x34,0xA5,0x86,0x39,0x41,0x08,0xA2,0x18,0xA2,0x18,
	0x82,0x10,0xA2,0x18,0xC3,0x18,0xA3,0x18,0x24,0x21,0xEB,0x5A,0x71,0x94,0xF2,0xA4,0x13,0xA5,0x13,0xA5,
	0x13,0xA5,0xF3,0xA4,0x13,0xA5,0x13,0xA5,0x13,0xA5,0x13,0xA5,0x13,0xA5,0x13,0xA5,0x13,0xA5,0x13,0xA5,
	0x13,0xA5,0x13,0xA5,0xF3,0xA4,0x13,0xA5,0x33,0xA5,0x4D,0x6B,0xE7,0x39,0x86,0x31,0x86,0x31,0x24,0x21,
	0x86,0x31,0xD2,0x94,0x1B,0xDF,0xDA,0xD6,0x99,0xD6,0x99,0xD6,0xFA,0xDE,0xB2,0x94,0x82,0x10,0xE4,0x18,
	0x82,0x10,0x00,0x00,0x20,0x00,0xA2,0x48,0xE7,0xD1,0xA6,0xC9,0x69,0xCA,0xEF,0xCB,0x6D,0xB3,0xE7,0xA1,
	0x89,0xB2,0x49,0x5A,0xA7,0x31,0x8A,0x52,0xEC,0x62,0x8A,0x52,0x04,0x21,0xA3,0x18,0x41,0x08,0x82,0x08,
	0xC3,0x10,0xC3,0x10,0xE4,0x18,0xC4,0x18,0x82,0x10,0x66,0x29,0x29,0x42,0x28,0x42,0xE7,0x39,0x65,0x29,
	0x00,0x00,0x82,0x10,0x8A,0x52,0x82,0x10,0x82,0x10,0x82,0x10,0x04,0x21,0x04,0x21,0xA2,0x10,0xE3,0x18,
	0xC3,0x18,0xE4,0x18,0xC3,0x18,0xC3,0x18,0xAA,0x52,0x4D,0x6B,0xEB,0x62,0x65,0x29,0xC7,0x69,0x08,0xB2,
	0xC7,0x99,0xCB,0xBA,0xE7,0xC1,0x45,0xC1,0x86,0xC9,0x65,0x91,0x20,0x00,0x41,0x08,0x61,0x08,0x41,0x08,
	0x86,0x29,0xDA,0xD6,0x99,0xCE,0xBA,0xD6,0x3B,0xE7,0x13,0x9D,0xE4,0x20,0x20,0x00,0xA3,0x10,0x82,0x10,
	0x82,0x10,0xA3,0x10,0xA3,0x10,0x82,0x10,0x82,0x10,0x82,0x10,0xE3,0x20,0xC3,0x18,0xA2,0x18,0xC3,0x18,
	0xE3,0x18,0xC2,0x18,0xE3,0x18,0x03,0x21,0xA3,0x18,0xE3,0x20,0xA2,0x18,0xE3,0x20,0xC2,0x18,0xC3,0x18,
	0xE3,0x20,0xC3,0x18,0xE3,0x20,0xC3,0x18,0x24,0x21,0xA2,0x18,0xA2,0x18,0xE3,0x20,0xE3,0x20,0xE3,0x18,
	0xC3,0x20,0x24,0x29,0x48,0x42,0x65,0x31,0x61,0x08,0x61,0x08,0x82,0x10,0x24,0x21,0x44,0x29,0x44,0x29,
	0x04,0x21,0xA2,0x10,0x41,0x08,0x61,0x08,0x86,0x31,0x08,0x42,0xE3,0x20,0xC2,0x18,0xC3,0x18,0xC3,0x18,
	0xC2,0x18,0xC2,0x18,0xC3,0x18,0xC3,0x18,0xC3,0x20,0xEB,0x62,0xB2,0x9C,0xF3,0xA4,0x13,0xA5,0x33,0xA5,
	0x33,0xAD,0x33,0xAD,0x34,0xAD,0x34,0xAD,0x33,0xAD,0x54,0xAD,0x34,0xAD,0x53,0xAD,0x54,0xAD,0x34,0xAD,
	0x54,0xAD,0x54,0xAD,0x34,0xAD,0x54,0xAD,0xEF,0x7B,0x48,0x42,0xA6,0x31,0xA6,0x31,0x85,0x31,0x86,0x31,
	0x45,0x29,0x04,0x21,0x0B,0x63,0x78,0xCE,0xFB,0xDE,0x99,0xCE,0x99,0xCE,0xC7,0x39,0x20,0x00,0x28,0x42,
	0x14,0x95,0xAF,0x6B,0xC3,0x20,0x65,0xA1,0xC6,0xD9,0xA6,0xD1,0xA6,0xC9,0xCA,0xBA,0x69,0xAA,0x29,0xB2,
	0xEB,0xA2,0x24,0x21,0x4D,0x6B,0xB6,0xB5,0x6D,0x6B,0x29,0x42,0x82,0x10,0xA3,0x18,0x2D,0x63,0x08,0x3A,
	0xA3,0x10,0xA3,0x10,0xE4,0x18,0xC3,0x18,0x82,0x10,0xA7,0x31,0x08,0x3A,0x08,0x3A,0x86,0x29,0x24,0x21,
	0x00,0x00,0xA6,0x31,0x45,0x29,0x30,0x84,0xEB,0x5A,0x41,0x08,0xE3,0x18,0x86,0x31,0xE3,0x18,0xC3,0x10,
	0xE3,0x18,0xC3,0x18,0xC3,0x18,0x25,0x29,0xAB,0x52,0x49,0x4A,0x2D,0x6B,0x08,0x42,0x24,0x29,0x49,0xAA,
	0xA7,0xA1,0x49,0xAA,0x69,0xC2,0xC6,0xB9,0x86,0xC1,0x86,0xC1,0xA2,0x40,0x41,0x00,0x41,0x08,0xA3,0x18,
	0x21,0x00,0xEF,0x7B,0x7C,0xEF,0x99,0xCE,0x0B,0x63,0x20,0x00,0x41,0x08,0x82,0x10,0x82,0x10,0x82,0x10,
	0x82,0x10,0x83,0x10,0x82,0x10,0x82,0x10,0x82,0x10,0x82,0x10,0x82,0x10,0xE3,0x18,0xE3,0x20,0xE3,0x20,
	0xE3,0x20,0x03,0x21,0xE3,0x20,0xE3,0x20,0xE3,0x20,0xE3,0x20,0xE3,0x20,0xC3,0x20,0xE3,0x20,0xE3,0x20,
	0xE3,0x18,0xE3,0x20,0xE3,0x18,0xE3,0x20,0xC2,0x18,0xC2,0x18,0xC3,0x20,0xC3,0x18,0xC3,0x18,0xC3,0x18,
	0xC3,0x18,0xA2,0x18,0x61,0x10,0x82,0x10,0xC3,0x18,0xC2,0x18,0xA2,0x18,0x62,0x08,0xE7,0x39,0xAA,0x52,
	0xA2,0x18,0x61,0x10,0xC2,0x18,0xC2,0x18,0x82,0x10,0x61,0x08,0xA2,0x18,0xC3,0x18,0xC2,0x18,0xC2,0x18,
	0xC2,0x18,0xC2,0x18,0xC2,0x18,0xC3,0x18,0xA2,0x18,0x86,0x31,0x8D,0x73,0x2F,0x84,0x30,0x8C,0x50,0x8C,
	0x50,0x8C,0x50,0x8C,0x71,0x8C,0x71,0x8C,0x70,0x8C,0x71,0x8C,0x91,0x94,0x71,0x94,0x70,0x8C,0x71,0x94,
	0x50,0x8C,0xCE,0x7B,0xAE,0x73,0xAE,0x73,0x89,0x52,0xA6,0x31,0xA6,0x31,0x85,0x29,0x85,0x29,0x86,0x31,
	0x65,0x29,0x45,0x29,0xE3,0x18,0xA6,0x31,0xF3,0x9C,0x5C,0xE7,0xEF,0x7B,0x61,0x10,0xE3,0x18,0xC3,0x18,
	0x25,0x29,0x6E,0x63,0x86,0x71,0xA6,0xD1,0xA6,0xD1,0x85,0xC9,0xAA,0xD2,0xAA,0xAA,0x28,0xAA,0x69,0xB2,
	0x69,0x5A,0x45,0x21,0xEB,0x5A,0xAA,0x52,0x71,0x8C,0xB6,0xB5,0xAA,0x52,0xAB,0x52,0x0F,0x84,0xCE,0x7B,
	0x6A,0x4A,0x82,0x10,0x04,0x21,0xA3,0x10,0x21,0x08,0x45,0x21,0x29,0x42,0xC7,0x31,0x45,0x21,0xE3,0x18,
	0x00,0x00,0xC7,0x39,0x65,0x29,0x18,0xBE,0x72,0x8C,0x82,0x10,0xC3,0x18,0x24,0x21,0x25,0x29,0xC3,0x10,
	0xC3,0x18,0xC3,0x18,0xE3,0x18,0xC3,0x18,0x41,0x08,0x86,0x31,0xCB,0x5A,0xEC,0x62,0xE4,0x18,0xE8,0x71,
	0x28,0xBA,0xE7,0x99,0xCB,0xBA,0xAA,0xC2,0xA6,0xB9,0x65,0xC1,0x65,0xA1,0x61,0x18,0x82,0x08,0x62,0x08,
	0xA2,0x10,0xE4,0x18,0x91,0x94,0x86,0x31,0x00,0x00,0x41,0x08,0x21,0x00,0x62,0x08,0x62,0x10,0xA3,0x10,
	0x82,0x10,0x82,0x10,0x82,0x10,0x82,0x10,0xA3,0x10,0xA2,0x10,0x82,0x10,0x82,0x10,0xC2,0x18,0xE3,0x20,
	0xE3,0x20,0xE3,0x20,0xE3,0x20,0xE3,0x20,0xC3,0x20,0xC3,0x20,0xC2,0x20,0xC3,0x18,0xE3,0x18,0xC3,0x18,
	0xC3,0x18,0xC3,0x18,0xC3,0x18,0xC2,0x18,0xC2,0x18,0xC2,0x18,0xA2,0x18,0xC2,0x18,0xC3,0x18,0xC3,0x18,
	0xC3,0x18,0xC3,0x18,0xC3,0x20,0xC2,0x18,0xA2,0x18,0xC2,0x18,0x81,0x10,0x44,0x29,0x96,0xB5,0xBA,0xCE,
	0xCA,0x5A,0x40,0x08,0xC2,0x18,0xC2,0x18,0xC3,0x20,0xE3,0x20,0xC3,0x18,0xC3,0x18,0xC2,0x18,0xC2,0x18,
	0xC2,0x18,0xA2,0x18,0xC2,0x18,0xC2,0x18,0xC3,0x18,0xA2,0x10,0x82,0x10,0xA2,0x10,0xA2,0x10,0xC2,0x10,
	0xC3,0x18,0xE3,0x18,0xE3,0x18,0x03,0x21,0xE3,0x18,0x03,0x19,0x04,0x19,0x04,0x21,0x04,0x21,0xE3,0x18,
	0xC6,0x39,0x07,0x42,0xE7,0x39,0xE7,0x39,0xA6,0x31,0xA6,0x39,0xA6,0x31,0x86,0x29,0xA6,0x31,0x65,0x29,
	0x45,0x21,0x49,0x42,0x65,0x21,0x03,0x19,0x04,0x19,0xAA,0x52,0x85,0x31,0x40,0x08,0x0C,0x5B,0x29,0x42,
	0xE4,0x18,0x41,0x18,0x86,0xB9,0xA6,0xD9,0x86,0xD1,0x07,0xD2,0xAA,0xBA,0x8A,0xAA,0xE7,0xB1,0xCB,0x92,
	0x86,0x29,0xE7,0x39,0x49,0x4A,0x0C,0x63,0x69,0x4A,0xA6,0x31,0x49,0x4A,0x2C,0x63,0x71,0x8C,0xA6,0x31,
	0xC3,0x10,0xE4,0x18,0xC3,0x18,0x92,0x94,0x51,0x84,0xA3,0x10,0xE8,0x39,0xC7,0x31,0x45,0x21,0xA2,0x10,
	0x00,0x00,0x25,0x29,0x45,0x29,0xB2,0x94,0x18,0xBE,0xA6,0x31,0x62,0x10,0xE4,0x18,0x65,0x29,0xC3,0x18,
	0xC3,0x18,0xC3,0x18,0xC3,0x18,0xC3,0x18,0xE4,0x18,0xC3,0x18,0x8A,0x52,0xCB,0x5A,0x29,0x42,0x04,0x29,
	0x89,0xAA,0xC6,0xA1,0x48,0xA2,0x8A,0xC2,0x65,0xB9,0x65,0xB9,0xA6,0xC9,0xE4,0x60,0x82,0x08,0x62,0x08,
	0x82,0x10,0x82,0x10,0x00,0x00,0x42,0x08,0x01,0x00,0xE4,0x18,0xD3,0x94,0xA7,0x31,0x00,0x00,0x82,0x10,
	0x82,0x10,0x82,0x10,0x82,0x10,0x82,0x10,0x82,0x10,0xA3,0x10,0xA2,0x10,0x82,0x10,0x82,0x18,0xC2,0x18,
	0xC3,0x18,0xC2,0x18,0xC3,0x18,0xC2,0x18,0xA2,0x18,0xC3,0x18,0xC2,0x18,0xC3,0x18,0xC3,0x18,0xC2,0x18,
	0xC3,0x18,0xC2,0x18,0xC2,0x18,0xC2,0x18,0xC2,0x18,0xA2,0x18,0xE3,0x20,0x82,0x10,0x61,0x10,0xA2,0x18,
	0xA2,0x18,0xC2,0x18,0xC3,0x18,0xE3,0x20,0xA2,0x18,0xC2,0x18,0x41,0x10,0x07,0x42,0x99,0xCE,0x79,0xCE,
	0xEF,0x73,0x20,0x08,0xC3,0x18,0xC3,0x18,0x82,0x10,0x82,0x10,0xA2,0x18,0x82,0x18,0xA2,0x18,0xC3,0x18,
	0x61,0x10,0xA2,0x18,0xC2,0x18,0xC2,0x18,0xC2,0x18,0xE3,0x18,0xE3,0x18,0xC3,0x18,0xC3,0x18,0xC3,0x18,
	0xC3,0x18,0xC3,0x18,0xC3,0x18,0xC3,0x18,0xA3,0x18,0xA2,0x18,0xA3,0x18,0xA3,0x10,0x82,0x10,0xC6,0x39,
	0x89,0x52,0x07,0x42,0xE7,0x39,0xC6,0x39,0xC7,0x39,0xC7,0x39,0xA6,0x31,0xA6,0x31,0xA6,0x31,0x85,0x31,
	0x24,0x21,0xCF,0x73,0xF3,0x8C,0x86,0x29,0xE3,0x18,0xE3,0x18,0xA2,0x10,0x86,0x31,0x72,0x84,0xAF,0x6B,
	0xAF,0x6B,0x65,0x81,0x28,0xD2,0xC7,0xC9,0x45,0xC9,0x89,0xCA,0xA9,0xA2,0xE8,0xA9,0x8A,0xAA,0x8A,0x5A,
	0xE4,0x18,0x29,0x42,0x2C,0x63,0x29,0x42,0x86,0x31,0x82,0x10,0xE3,0x18,0x25,0x29,0xC7,0x39,0x0C,0x63,
	0xA3,0x10,0xA3,0x10,0x49,0x42,0x59,0xC6,0x9A,0xCE,0x6A,0x4A,0x24,0x21,0x69,0x4A,0xE4,0x18,0x41,0x08,
	0x00,0x00,0x62,0x10,0xE7,0x39,0x28,0x42,0xDB,0xD6,0x8E,0x6B,0x41,0x08,0xA2,0x10,0x25,0x21,0x25,0x21,
	0xC3,0x18,0xC3,0x18,0xC3,0x18,0xC3,0x18,0xE3,0x18,0xA3,0x10,0x65,0x29,0xCB,0x5A,0xEC,0x62,0x66,0x29,
	0xC6,0x59,0x48,0xBA,0xA6,0x91,0x8A,0xB2,0x07,0xBA,0x45,0xB9,0x65,0xC1,0x86,0xB9,0x82,0x28,0x82,0x08,
	0x41,0x08,0x41,0x08,0x62,0x08,0x00,0x00,0x49,0x42,0x96,0xA5,0xEC,0x52,0x41,0x08,0x41,0x08,0x41,0x08,
	0x82,0x10,0x82,0x10,0x82,0x10,0x82,0x10,0x82,0x10,0xA2,0x10,0xA3,0x10,0xA2,0x10,0x82,0x10,0x82,0x10,
	0xA2,0x18,0xA2,0x18,0xA2,0x18,0xC2,0x18,0xA2,0x18,0xA2,0x18,0xA2,0x18,0xA2,0x18,0xA2,0x18,0xA2,0x18,
	0xA2,0x18,0xA2,0x18,0xA2,0x18,0xA2,0x18,0xA2,0x18,0xA2,0x18,0xC3,0x18,0x2D,0x5B,0x8E,0x6B,0x08,0x42,
	0x8A,0x52,0x29,0x42,0x08,0x3A,0xA2,0x10,0xA2,0x10,0xC2,0x18,0x81,0x10,0x85,0x31,0x38,0xC6,0x9A,0xCE,
	0x6D,0x6B,0x20,0x08,0xE3,0x20,0x82,0x10,0xCB,0x5A,0xEB,0x5A,0x8A,0x52,0x6A,0x4A,0xC7,0x39,0x86,0x31,
	0x8E,0x6B,0x04,0x21,0x81,0x10,0xA2,0x18,0xA2,0x18,0xC2,0x18,0xC3,0x18,0xC3,0x18,0xC3,0x18,0xC3,0x18,
	0xE3,0x20,0xE3,0x18,0xC3,0x18,0xC3,0x18,0xC3,0x18,0xC2,0x18,0xC2,0x18,0xA2,0x10,0xE7,0x41,0xAA,0x52,
	0x07,0x42,0xE7,0x41,0xC7,0x39,0xC7,0x39,0xC7,0x39,0xC7,0x39,0xA7,0x31,0x86,0x31,0xA6,0x31,0x86,0x29,
	0x86,0x29,0x24,0x19,0xCB,0x52,0x14,0x95,0xAB,0x4A,0x04,0x21,0x41,0x08,0xE4,0x18,0xF0,0x73,0xD3,0x8C,
	0xA6,0x59,0x65,0xC1,0xEB,0xCA,0x96,0xE5,0xCE,0xCB,0x2C,0xB3,0x49,0xAA,0x09,0xBA,0x0C,0x8B,0xA6,0x31,
	0x62,0x08,0x45,0x29,0x28,0x42,0x4D,0x6B,0x45,0x29,0xA3,0x18,0x8E,0x73,0xAB,0x5A,0x25,0x21,0x42,0x08,
	0x04,0x21,0x82,0x10,0x92,0x94,0x38,0xC6,0x38,0xC6,0x6A,0x4A,0x86,0x29,0xE4,0x18,0x04,0x21,0xAB,0x5A,
	0x00,0x00,0x00,0x00,0x69,0x4A,0xE4,0x20,0x34,0xA5,0xB6,0xB5,0x24,0x21,0x62,0x10,0xC3,0x18,0x46,0x29,
	0xC3,0x10,0xC4,0x18,0xC3,0x18,0xC3,0x18,0xC3,0x18,0xC3,0x18,0xA3,0x10,0x69,0x4A,0xEC,0x5A,0xAB,0x52,
	0x25,0x29,0x69,0x9A,0xC6,0xA9,0x08,0xA2,0xAA,0xBA,0xA6,0xB9,0x45,0xB9,0x86,0xC9,0x45,0x91,0x20,0x08,
	0x41,0x08,0x41,0x08,0x00,0x00,0x4D,0x5B,0x96,0xA5,0x66,0x29,0x00,0x00,0x41,0x08,0x42,0x08,0x42,0x08,
	0x62,0x08,0x82,0x10,0x82,0x10,0x82,0x10,0x82,0x10,0xA2,0x10,0xA3,0x18,0xA3,0x18,0xA3,0x18,0xA2,0x10,
	0x82,0x10,0x82,0x10,0xA2,0x10,0xA2,0x10,0xA2,0x10,0xA2,0x10,0x82,0x10,0xA2,0x10,0xA2,0x18,0xA2,0x18,
	0xA2,0x18,0x82,0x10,0x82,0x18,0xA2,0x18,0xA2,0x18,0x81,0x10,0x45,0x21,0xF4,0x94,0x8A,0x4A,0xD3,0x8C,
	0x75,0xA5,0xD0,0x73,0x6A,0x4A,0x00,0x00,0xA2,0x18,0xC2,0x18,0xA2,0x10,0x45,0x29,0x18,0xBE,0x9A,0xCE,
	0x4D,0x6B,0x40,0x08,0xE2,0x20,0x61,0x08,0x34,0x9D,0x18,0xB6,0xEC,0x5A,0x59,0xC6,0x29,0x42,0xAE,0x73,
	0xD7,0xB5,0xE8,0x39,0x41,0x10,0xC2,0x18,0xC2,0x18,0xC2,0x18,0xC2,0x18,0xC2,0x18,0xC2,0x18,0xC2,0x18,
	0xC2,0x18,0xC2,0x18,0xA2,0x18,0xA2,0x18,0xA2,0x18,0x82,0x10,0xA2,0x10,0x28,0x42,0xAA,0x52,0x07,0x42,
	0x08,0x42,0xE7,0x39,0xE7,0x39,0xE7,0x39,0xC7,0x39,0xA7,0x31,0xA6,0x31,0xA6,0x31,0xA6,0x31,0x86,0x29,
	0x86,0x29,0x86,0x29,0xE4,0x18,0xC7,0x31,0x72,0x84,0x86,0x29,0x20,0x00,0x21,0x08,0x00,0x00,0x82,0x20,
	0x85,0xA9,0xC6,0xD9,0x86,0xC9,0xEC,0xCA,0x75,0xD5,0x30,0xBC,0x29,0xBA,0xCB,0xAA,0x28,0x4A,0x04,0x21,
	0xEB,0x62,0xAA,0x52,0x79,0xCE,0x99,0xCE,0xAA,0x52,0xA6,0x31,0x34,0xA5,0xD3,0x9C,0x50,0x84,0x83,0x10,
	0xC3,0x18,0xC6,0x31,0xF7,0xBD,0x58,0xC6,0x34,0xA5,0xE3,0x18,0x41,0x08,0x49,0x4A,0x2C,0x63,0x82,0x10,
	0x00,0x00,0x00,0x00,0xE3,0x18,0xA7,0x31,0x8A,0x52,0xBA,0xD6,0x0C,0x63,0x41,0x08,0xC3,0x18,0x25,0x21,
	0x04,0x21,0xA4,0x18,0xC4,0x18,0xC4,0x18,0xC4,0x18,0xC3,0x18,0xC3,0x18,0x28,0x42,0x4D,0x6B,0xEB,0x5A,
	0x86,0x31,0xC6,0x49,0x8A,0xBA,0x86,0x99,0x89,0xAA,0x69,0xBA,0x65,0xB1,0x65,0xB9,0xA6,0xC1,0xC3,0x58,
	0x20,0x00,0x41,0x08,0x20,0x00,0xE8,0x39,0xA3,0x10,0x00,0x00,0x62,0x08,0x41,0x08,0x62,0x08,0x21,0x00,
	0x00,0x00,0x62,0x08,0x82,0x10,0xA3,0x10,0x82,0x10,0xA2,0x10,0xA2,0x10,0xA3,0x10,0xA3,0x18,0xA3,0x18,
	0xA2,0x10,0x82,0x10,0x82,0x10,0x82,0x10,0xA2,0x10,0xA2,0x10,0x82,0x10,0x82,0x10,0x81,0x10,0xA2,0x18,
	0xA2,0x10,0x82,0x10,0x82,0x10,0xA2,0x18,0xA2,0x10,0x82,0x10,0xA3,0x18,0x72,0x84,0x72,0x84,0x72,0x84,
	0xF0,0x7B,0x92,0x8C,0xD3,0x8C,0x45,0x21,0x41,0x08,0xC2,0x18,0x81,0x10,0x24,0x21,0xF7,0xB5,0x9A,0xCE,
	0x4D,0x6B,0x20,0x08,0xA2,0x18,0x81,0x10,0x30,0x7C,0x30,0x84,0x30,0x7C,0x71,0x84,0x10,0x7C,0xCF,0x73,
	0x96,0xAD,0x49,0x42,0x41,0x08,0xC2,0x18,0xA2,0x18,0xC2,0x18,0xC2,0x18,0xC2,0x18,0xA2,0x18,0xC2,0x18,
	0xC2,0x18,0xA2,0x18,0xA2,0x18,0xC2,0x18,0x61,0x10,0xE3,0x20,0x89,0x52,0xAA,0x52,0x28,0x42,0x28,0x42,
	0xE8,0x41,0xE7,0x39,0xE7,0x39,0xC7,0x39,0xC6,0x31,0xA6,0x31,0xA6,0x31,0xE7,0x31,0x65,0x21,0x85,0x29,
	0x65,0x29,0x65,0x21,0x86,0x29,0x45,0x21,0xC3,0x10,0xA2,0x10,0x41,0x08,0x61,0x08,0x21,0x00,0x04,0x71,
	0xE7,0xD9,0xA6,0xC9,0x86,0xD1,0x08,0xD2,0xAA,0xA2,0xCB,0xAA,0xEB,0xC2,0xCA,0x72,0xA7,0x31,0x50,0x8C,
	0xEB,0x5A,0xEC,0x62,0x30,0x84,0x58,0xC6,0xC3,0x18,0x08,0x42,0x4D,0x63,0xCF,0x7B,0x08,0x42,0xA3,0x10,
	0x82,0x10,0xEF,0x7B,0x59,0xC6,0x99,0xCE,0x8A,0x4A,0x21,0x00,0xE3,0x18,0xAA,0x4A,0xEC,0x5A,0x41,0x08,
	0x00,0x00,0x00,0x00,0x21,0x08,0x8A,0x52,0xA3,0x10,0xD7,0xB5,0x55,0xAD,0xE4,0x18,0x82,0x10,0xC3,0x18,
	0x45,0x29,0xC3,0x18,0xC3,0x10,0xC3,0x18,0xC3,0x18,0xA3,0x18,0xE4,0x18,0xCB,0x5A,0x08,0x42,0x0C,0x63,
	0x69,0x4A,0x04,0x21,0x89,0x82,0x08,0xB2,0xA7,0x99,0xAA,0xBA,0xAA,0xC2,0xE7,0xB9,0x45,0xB9,0xA6,0xB9,
	0x62,0x30,0x21,0x00,0x41,0x08,0x00,0x00,0x21,0x08,0x41,0x08,0x41,0x08,0x62,0x08,0x00,0x00,0xA7,0x29,
	0x8E,0x6B,0x21,0x00,0x62,0x08,0x82,0x10,0x82,0x10,0xA2,0x10,0xA2,0x10,0xA2,0x10,0xA2,0x10,0xA3,0x18,
	0xC3,0x18,0xA2,0x10,0xA3,0x18,0x82,0x10,0x82,0x10,0xA2,0x10,0xA2,0x10,0x82,0x10,0xA2,0x10,0x82,0x10,
	0x81,0x10,0x82,0x10,0x82,0x10,0x81,0x10,0x82,0x10,0xA2,0x18,0x41,0x08,0xA2,0x10,0x04,0x21,0x04,0x21,
	0xE3,0x18,0x45,0x21,0x66,0x29,0x04,0x21,0xE3,0x20,0x04,0x21,0xE3,0x18,0x04,0x21,0x96,0xB5,0x99,0xCE,
	0xEB,0x5A,0x61,0x08,0xE3,0x18,0xE3,0x18,0x24,0x21,0xE4,0x18,0x86,0x31,0x24,0x21,0x24,0x21,0x61,0x08,
	0x45,0x21,0x41,0x08,0xA2,0x18,0xA2,0x18,0xA2,0x18,0xA2,0x18,0xC2,0x18,0xA2,0x18,0xA2,0x18,0xA2,0x18,
	0xA2,0x18,0xA2,0x18,0xA2,0x18,0x61,0x10,0x65,0x29,0xAA,0x52,0x69,0x4A,0x08,0x42,0x28,0x42,0x08,0x42,
	0x07,0x42,0xE8,0x39,0xE7,0x39,0xE7,0x39,0xC7,0x31,0xC6,0x31,0x86,0x29,0x6A,0x4A,0xF4,0x94,0xA6,0x29,
	0x45,0x21,0x86,0x29,0x86,0x29,0x65,0x29,0x61,0x08,0x41,0x08,0x61,0x08,0x21,0x00,0xA2,0x40,0xE7,0xD1,
	0x86,0xC9,0xA6,0xD1,0x08,0xD2,0xEB,0xC2,0x49,0xA2,0x49,0xC2,0x0B,0x9B,0xC7,0x31,0xA7,0x31,0xB2,0x94,
	0x38,0xC6,0xEF,0x7B,0xA6,0x31,0x25,0x29,0x0C,0x63,0xC7,0x39,0x00,0x00,0xE4,0x18,0xC4,0x18,0xC3,0x18,
	0x65,0x29,0xD7,0xBD,0x59,0xC6,0x34,0x9D,0x62,0x08,0x45,0x21,0xAB,0x52,0xE7,0x39,0x28,0x42,0xC7,0x39,
	0x00,0x00,0x00,0x00,0x00,0x00,0x04,0x21,0x86,0x31,0x8A,0x52,0xBA,0xD6,0xEB,0x5A,0x21,0x08,0xC3,0x18,
	0x25,0x21,0x24,0x21,0xA3,0x10,0xC3,0x10,0xC3,0x10,0xC3,0x10,0xC3,0x18,0x62,0x08,0x45,0x21,0x49,0x4A,
	0x2C,0x63,0x86,0x31,0x65,0x31,0xAA,0xAA,0xA6,0xA1,0x28,0x9A,0xAA,0xBA,0xC6,0xB1,0x45,0xB1,0x85,0xC1,
	0x85,0xA1,0x21,0x10,0x41,0x08,0x41,0x08,0x41,0x08,0x41,0x08,0x41,0x08,0x00,0x00,0xA7,0x31,0xF8,0xAD,
	0xAA,0x4A,0x21,0x00,0x62,0x08,0x62,0x08,0x82,0x10,0x82,0x10,0xA3,0x10,0xA3,0x18,0xA3,0x10,0xA3,0x18,
	0xC3,0x18,0xC3,0x18,0xA3,0x18,0xC3,0x18,0xA2,0x18,0x41,0x08,0x20,0x08,0xA2,0x18,0xA2,0x10,0x81,0x10,
	0x81,0x10,0x81,0x10,0x82,0x10,0x81,0x10,0x82,0x10,0x82,0x10,0x82,0x10,0x61,0x10,0x41,0x08,0x92,0x94,
	0x75,0xAD,0x45,0x29,0xA2,0x10,0xE3,0x18,0xE3,0x18,0xE3,0x20,0x04,0x29,0x62,0x10,0x0F,0x84,0xB9,0xD6,
	0xA6,0x39,0xC3,0x20,0xE3,0x20,0xC3,0x18,0xA3,0x10,0x82,0x08,0x45,0x29,0x75,0xAD,0xCE,0x7B,0x61,0x08,
	0x61,0x10,0xA2,0x18,0xA2,0x18,0xA2,0x18,0xA2,0x18,0xA2,0x18,0xA2,0x18,0xA2,0x18,0xA2,0x10,0xA2,0x18,
	0xC2,0x18,0x61,0x10,0x81,0x10,0xE7,0x39,0xAA,0x5A,0x49,0x4A,0x28,0x42,0x08,0x42,0x08,0x42,0x08,0x42,
	0x07,0x42,0xE7,0x39,0xC6,0x31,0xC7,0x39,0xC7,0x39,0xC6,0x31,0xC6,0x31,0x86,0x29,0x4D,0x63,0x35,0x95,
	0xE8,0x31,0x45,0x21,0x85,0x29,0x40,0x00,0x41,0x08,0x41,0x08,0x41,0x00,0x41,0x18,0xC7,0xB9,0x85,0xD1,
	0x86,0xD1,0xA6,0xD1,0xAA,0xC2,0x8A,0xA2,0x6A,0xC2,0xAA,0xB2,0xCB,0x62,0x24,0x21,0x49,0x4A,0x0C,0x63,
	0xEB,0x5A,0xF7,0xBD,0xB6,0xB5,0x82,0x10,0xAB,0x52,0x14,0xA5,0x13,0xA5,0x66,0x31,0xE4,0x18,0x82,0x10,
	0xEF,0x7B,0x38,0xC6,0x79,0xCE,0xAA,0x52,0x41,0x00,0xC7,0x39,0x08,0x3A,0x8A,0x4A,0xAB,0x52,0x08,0x42,
	0x00,0x00,0x00,0x00,0x00,0x00,0x41,0x08,0xCB,0x5A,0xA3,0x18,0xB6,0xB5,0x55,0xAD,0xE3,0x20,0x82,0x10,
	0xC3,0x18,0x65,0x29,0xA3,0x18,0xC3,0x18,0xC3,0x10,0xC3,0x10,0xC3,0x10,0xE4,0x18,0x82,0x10,0x28,0x42,
	0x8A,0x52,0x0C,0x63,0xC3,0x10,0x08,0x5A,0x8A,0xBA,0x65,0x91,0x48,0xAA,0x69,0xBA,0x86,0xB1,0x65,0xB1,
	0x86,0xC1,0x24,0x81,0x20,0x08,0x41,0x08,0x41,0x08,0x41,0x08,0x21,0x08,0x29,0x42,0xD7,0xAD,0xE8,0x31,
	0x00,0x00,0x61,0x08,0x41,0x08,0x62,0x08,0x82,0x08,0xA3,0x10,0xA3,0x10,0xA3,0x10,0xA3,0x10,0xA3,0x18,
	0xA3,0x18,0xC3,0x18,0xA3,0x18,0xE3,0x18,0x82,0x10,0x28,0x4A,0xCA,0x5A,0x40,0x08,0x41,0x08,0x82,0x10,
	0x81,0x10,0x81,0x10,0x81,0x10,0x82,0x10,0x82,0x10,0x82,0x10,0x82,0x10,0xA2,0x10,0xA2,0x10,0xA2,0x18,
	0xC3,0x18,0x61,0x10,0x81,0x10,0x82,0x10,0x61,0x08,0x24,0x61,0x44,0x71,0xE4,0x68,0xCB,0x82,0x17,0xC6,
	0x24,0x61,0x65,0x81,0x65,0x79,0x61,0x18,0x61,0x10,0x81,0x10,0x82,0x10,0xC2,0x18,0xA2,0x18,0xC2,0x18,
	0xC3,0x18,0xC2,0x18,0xA2,0x18,0xA2,0x18,0xA2,0x18,0xA2,0x18,0xA2,0x18,0x82,0x18,0xA2,0x18,0x81,0x10,
	0x20,0x08,0x07,0x42,0x4C,0x6B,0x48,0x4A,0x48,0x4A,0x28,0x42,0x28,0x42,0x08,0x42,0x07,0x42,0xE7,0x39,
	0xE7,0x39,0xC7,0x39,0xC7,0x31,0xC7,0x31,0xC6,0x31,0xC7,0x31,0xC7,0x31,0xE7,0x31,0x24,0x19,0xAB,0x4A,
	0x76,0x9D,0x49,0x42,0xE4,0x18,0x08,0x3A,0x20,0x00,0x41,0x08,0x20,0x08,0x65,0x91,0xE7,0xD9,0x2C,0xD3,
	0xE7,0xC1,0x69,0xCA,0x89,0xAA,0x8A,0xBA,0x89,0xC2,0x2C,0x83,0x45,0x21,0xE8,0x41,0x2D,0x6B,0xE7,0x39,
	0x0C,0x63,0x25,0x21,0x4D,0x6B,0x8E,0x73,0x00,0x00,0xA3,0x10,0xEF,0x7B,0x69,0x4A,0x81,0x08,0xA6,0x31,
	0xD7,0xB5,0x59,0xC6,0x75,0xAD,0x82,0x08,0xA3,0x10,0xC7,0x31,0x66,0x29,0x08,0x3A,0x49,0x42,0xCB,0x52,
	0x00,0x00,0x00,0x00,0x00,0x00,0x00,0x00,0xA6,0x31,0x45,0x29,0x8A,0x52,0xDB,0xD6,0x0C,0x63,0x21,0x08,
	0xA3,0x18,0x04,0x21,0x25,0x21,0xA3,0x18,0xC3,0x18,0xC3,0x18,0xC3,0x10,0xC3,0x10,0xC3,0x18,0x82,0x10,
	0xCB,0x5A,0x8A,0x52,0xAA,0x52,0xA3,0x10,0x8A,0x82,0x28,0xBA,0x65,0x91,0xAA,0xB2,0xE8,0xB9,0x65,0xB1,
	0x64,0xB1,0xA6,0xC1,0xE3,0x68,0x00,0x00,0x41,0x08,0x41,0x08,0x82,0x10,0xB3,0x8C,0x87,0x31,0x00,0x00,
	0x82,0x08,0x42,0x08,0x62,0x08,0x21,0x00,0x21,0x00,0x62,0x08,0x82,0x10,0xA3,0x10,0xA3,0x10,0xA3,0x10,
	0xC3,0x18,0xC3,0x18,0xE3,0x18,0xC3,0x18,0x45,0x29,0xBA,0xD6,0x9D,0xEF,0x13,0xA5,0x86,0x31,0x61,0x08,
	0x82,0x10,0x81,0x10,0x81,0x10,0x81,0x10,0x81,0x10,0x82,0x10,0x41,0x08,0x41,0x08,0x61,0x10,0x82,0x10,
	0x82,0x18,0xC2,0x18,0xC2,0x18,0xC2,0x18,0x81,0x10,0x45,0x91,0x24,0x81,0x45,0x89,0x04,0x51,0x08,0x5A,
	0xC3,0x58,0x24,0x79,0x86,0xA1,0x82,0x20,0xA2,0x18,0xC2,0x18,0xA2,0x18,0xA2,0x18,0xA2,0x18,0x61,0x10,
	0x61,0x10,0x61,0x10,0x82,0x10,0xA2,0x10,0xA2,0x10,0xA2,0x10,0xA2,0x10,0x61,0x10,0x61,0x08,0x44,0x29,
	0x50,0x8C,0x5C,0xE7,0x1C,0xE7,0xAB,0x5A,0xE7,0x39,0x28,0x42,0x28,0x42,0x28,0x42,0x08,0x42,0xE7,0x39,
	0x07,0x3A,0xE7,0x39,0xC7,0x31,0xE7,0x39,0xE7,0x31,0xC7,0x31,0xE7,0x31,0xA6,0x29,0xA6,0x29,0x45,0x21,
	0xAA,0x4A,0x08,0x3A,0x21,0x00,0x31,0x7C,0x14,0x9D,0x65,0x29,0xE4,0x70,0xE7,0xD9,0x86,0xD1,0x89,0xCA,
	0x0F,0xD4,0x0B,0xBB,0x48,0xAA,0x69,0xCA,0x4C,0x9B,0x08,0x3A,0x24,0x21,0x0C,0x63,0xE8,0x41,0x4D,0x6B,
	0xA6,0x31,0x61,0x08,0x8E,0x73,0xAB,0x5A,0x45,0x29,0xE4,0x18,0x82,0x10,0xC3,0x18,0x82,0x10,0x50,0x84,
	0x38,0xC6,0x79,0xC6,0x49,0x42,0x00,0x00,0x04,0x19,0x24,0x21,0x66,0x29,0x08,0x3A,0xAB,0x52,0x0C,0x5B,
	0x00,0x00,0x00,0x00,0x00,0x00,0x00,0x00,0x00,0x00,0x29,0x42,0xA2,0x10,0x34,0xA5,0xB6,0xB5,0x25,0x29,
	0x62,0x10,0xA3,0x10,0x45,0x29,0xE3,0x18,0xC3,0x18,0xC3,0x18,0xC4,0x18,0xC3,0x10,0xE3,0x18,0xC3,0x18,
	0x04,0x21,0xEB,0x5A,0x69,0x4A,0xE8,0x39,0x04,0x21,0xAB,0xA2,0xA6,0xA9,0xC6,0x91,0xCB,0xC2,0xC7,0xB9,
	0x45,0xB1,0x45,0xB1,0xA6,0xB9,0xC3,0x50,0x00,0x00,0x41,0x08,0x41,0x08,0x00,0x00,0x00,0x00,0x61,0x08,
	0x62,0x08,0x82,0x08,0x00,0x00,0x49,0x42,0x6E,0x6B,0x00,0x00,0x62,0x10,0x82,0x10,0xA3,0x10,0xA3,0x18,
	0xC3,0x18,0xC3,0x18,0xE4,0x20,0x82,0x10,0x13,0x9D,0x7D,0xEF,0xB9,0xD6,0x9D,0xEF,0x71,0x8C,0x82,0x10,
	0xA3,0x18,0x61,0x10,0x81,0x10,0x81,0x10,0x61,0x10,0xE3,0x18,0x92,0x94,0x28,0x42,0xE3,0x20,0xC3,0x18,
	0x82,0x10,0x41,0x08,0x40,0x10,0x61,0x10,0x81,0x10,0x24,0x91,0x45,0xA9,0x85,0xA9,0x65,0x91,0x45,0x89,
	0x65,0x89,0x24,0x89,0x65,0x99,0x61,0x18,0x61,0x08,0x41,0x08,0x81,0x18,0x81,0x10,0xE3,0x20,0xE7,0x41,
	0x2C,0x63,0xCF,0x73,0x03,0x21,0x82,0x10,0xA2,0x10,0x61,0x10,0x61,0x10,0x04,0x21,0x07,0x42,0x6D,0x73,
	0x7D,0xEF,0xFB,0xDE,0x1B,0xE7,0xF7,0xBD,0x08,0x42,0x28,0x42,0x28,0x42,0x07,0x42,0xE8,0x39,0xE7,0x39,
	0xE7,0x31,0xE7,0x39,0xC7,0x39,0xE7,0x39,0x14,0x95,0x6A,0x42,0x65,0x21,0xA6,0x29,0x86,0x29,0xE7,0x31,
	0x62,0x08,0xA3,0x10,0x4D,0x63,0x00,0x00,0x69,0x4A,0xC7,0x71,0xC6,0xD1,0x86,0xD1,0x86,0xD1,0x86,0xC9,
	0xAA,0xBA,0xCB,0xAA,0x6A,0xC2,0xEB,0xAA,0xAA,0x52,0xA3,0x18,0x6A,0x52,0x08,0x42,0x2C,0x63,0xE7,0x39,
	0x45,0x29,0x62,0x08,0x71,0x8C,0x75,0xAD,0xAE,0x73,0xEF,0x7B,0xC7,0x39,0x62,0x10,0x08,0x42,0xF7,0xBD,
	0x59,0xC6,0xF3,0x94,0x61,0x08,0x82,0x08,0xE4,0x18,0x65,0x29,0xA6,0x31,0xC7,0x39,0xAB,0x52,0x6A,0x4A,
	0x00,0x00,0x00,0x00,0x00,0x00,0x00,0x00,0x00,0x00,0x86,0x31,0x65,0x29,0xC7,0x39,0x9A,0xD6,0x8E,0x73,
	0x21,0x08,0x82,0x10,0xE3,0x18,0x45,0x29,0xC3,0x10,0xE3,0x18,0xC3,0x10,0xC3,0x10,0xC3,0x10,0xC3,0x18,
	0xE4,0x18,0x69,0x4A,0x0C,0x63,0x69,0x4A,0x86,0x29,0x86,0x39,0xAA,0xB2,0x86,0xA1,0xE8,0x99,0x8A,0xBA,
	0x49,0xB2,0x08,0xBA,0x44,0xB9,0xA6,0xB9,0xA3,0x40,0x20,0x00,0x41,0x08,0x6E,0x6B,0x29,0x42,0x00,0x00,
	0x62,0x08,0x00,0x00,0x66,0x29,0x96,0xA5,0xA7,0x31,0x21,0x00,0x62,0x08,0x62,0x08,0xA3,0x10,0xA3,0x18,
	0xC3,0x18,0xE3,0x18,0x82,0x10,0xEC,0x62,0x7D,0xEF,0xDA,0xD6,0xB9,0xD6,0x99,0xCE,0xE7,0x39,0xE4,0x20,
	0x25,0x29,0x04,0x21,0xA2,0x18,0x81,0x10,0x00,0x00,0x08,0x42,0xF7,0xBD,0x92,0x8C,0x34,0x9D,0x6E,0x6B,
	0xEF,0x7B,0x28,0x42,0x89,0x52,0xA6,0x31,0x41,0x08,0x65,0x59,0x25,0x69,0x25,0x69,0x24,0x61,0xE3,0x60,
	0x24,0x61,0x65,0x69,0x86,0x59,0xC3,0x20,0x28,0x4A,0xAA,0x52,0x45,0x29,0xAA,0x52,0x28,0x42,0xB6,0xB5,
	0x51,0x84,0x35,0xA5,0x08,0x42,0x20,0x00,0x82,0x10,0x44,0x29,0x28,0x4A,0xAA,0x5A,0xAA,0x52,0xE7,0x39,
	0x75,0xAD,0x1B,0xDF,0xBA,0xD6,0x5C,0xE7,0xB2,0x94,0xC7,0x39,0x28,0x42,0x07,0x3A,0x07,0x3A,0xE7,0x39,
	0xE7,0x39,0xE7,0x31,0xE8,0x39,0x86,0x29,0xCB,0x4A,0x55,0x95,0xE7,0x31,0x65,0x21,0xC7,0x31,0xC3,0x10,
	0x08,0x42,0xAF,0x73,0xD3,0x8C,0x08,0x3A,0x00,0x38,0xC6,0xD1,0x86,0xD9,0x86,0xD1,0xC6,0xD1,0xAA,0xCA,
	0x69,0xAA,0x49,0xBA,0xCB,0xBA,0x0C,0x73,0x45,0x21,0xCE,0x7B,0xAA,0x52,0xCB,0x5A,0x28,0x42,0xE7,0x39,
	0x42,0x08,0x66,0x29,0x45,0x29,0x8E,0x73,0xD7,0xBD,0x6D,0x6B,0xA3,0x10,0xC3,0x18,0xD3,0x94,0x18,0xBE,
	0x59,0xCE,0xC7,0x39,0x20,0x00,0x86,0x29,0xC3,0x10,0xC7,0x39,0xE8,0x39,0xAA,0x4A,0xAA,0x52,0xAA,0x52,
	0x00,0x00,0x00,0x00,0x00,0x00,0x00,0x00,0x00,0x00,0x00,0x00,0x08,0x42,0xA2,0x10,0x92,0x94,0x18,0xBE,
	0xC7,0x39,0x20,0x00,0xA2,0x10,0x04,0x21,0x04,0x21,0xC3,0x10,0xC3,0x10,0xC3,0x10,0xC3,0x18,0xA3,0x10,
	0x86,0x31,0xCB,0x5A,0xC7,0x39,0x2D,0x63,0x08,0x42,0x45,0x21,0x28,0x5A,0x8A,0xBA,0x65,0x91,0x08,0x9A,
	0x0B,0xC3,0xA6,0xB1,0x65,0xB9,0x45,0xB9,0xA6,0xB9,0x62,0x38,0x6A,0x42,0x92,0x8C,0xF0,0x73,0x69,0x4A,
	0x00,0x00,0x24,0x21,0x96,0xA5,0xE8,0x39,0x00,0x00,0x62,0x08,0x62,0x08,0x62,0x08,0x21,0x00,0x62,0x10,
	0xC3,0x18,0xC3,0x18,0x65,0x29,0x99,0xD6,0x1B,0xDF,0x99,0xD6,0xFA,0xDE,0xB2,0x94,0x82,0x10,0x24,0x21,
	0x24,0x21,0x45,0x21,0x45,0x29,0x24,0x21,0xC3,0x18,0xE3,0x18,0x65,0x29,0x2D,0x63,0x51,0x84,0xD3,0x94,
	0xB2,0x94,0x18,0xBE,0xD3,0x94,0xF0,0x7B,0x04,0x21,0x30,0x84,0x8E,0x6B,0x10,0x7C,0x10,0x7C,0x51,0x84,
	0x10,0x7C,0x51,0x84,0xB3,0x94,0x76,0xAD,0x71,0x8C,0x76,0xAD,0x10,0x84,0xEF,0x7B,0x10,0x7C,0x51,0x8C,
	0x0C,0x63,0x8A,0x52,0x04,0x21,0xC6,0x39,0x69,0x4A,0xAA,0x52,0x69,0x4A,0x28,0x42,0x28,0x42,0xC6,0x39,
	0x4C,0x6B,0x1B,0xDF,0xBA,0xD6,0xDB,0xDE,0x1B,0xE7,0x4C,0x63,0xC7,0x31,0x28,0x42,0x08,0x3A,0xE7,0x31,
	0xA6,0x31,0xE7,0x39,0xC7,0x31,0xE7,0x31,0x65,0x21,0xEC,0x52,0x14,0x95,0xC7,0x31,0x04,0x19,0x00,0x00,
	0x6D,0x6B,0xD3,0x94,0xF0,0x73,0x28,0x6A,0xA6,0xC9,0xC7,0xC9,0x86,0xC9,0x86,0xD1,0xAA,0xCA,0x89,0x9A,
	0x49,0xBA,0x8A,0xC2,0x4D,0x8B,0x86,0x31,0xA7,0x39,0xEF,0x7B,0x75,0xAD,0xCB,0x5A,0xE7,0x39,0x41,0x08,
	0x66,0x29,0x92,0x94,0x92,0x94,0x04,0x21,0x45,0x29,0x04,0x21,0x82,0x10,0xEB,0x5A,0x18,0xBE,0x59,0xC6,
	0x10,0x7C,0x21,0x00,0x62,0x08,0x45,0x21,0x45,0x29,0x08,0x3A,0xC7,0x31,0x8A,0x4A,0xAB,0x52,0xE8,0x39,
	0x00,0x00,0x00,0x00,0x00,0x00,0x00,0x00,0x00,0x00,0x00,0x00,0xC3,0x18,0x86,0x29,0x65,0x29,0x79,0xCE,
	0x72,0x8C,0x82,0x10,0x62,0x10,0xA2,0x10,0x45,0x29,0xC3,0x10,0xC3,0x10,0xC3,0x10,0xE3,0x18,0xE3,0x18,
	0xC3,0x18,0x62,0x08,0x45,0x29,0x08,0x42,0x4D,0x6B,0xC7,0x39,0x45,0x21,0x8A,0x72,0x69,0xBA,0x65,0x91,
	0x49,0xAA,0x69,0xBA,0x65,0xB1,0x65,0xB9,0x65,0xB9,0x86,0xB1,0xA6,0x59,0x10,0x74,0x11,0x7C,0x08,0x3A,
	0x6A,0x4A,0xAF,0x6B,0xAB,0x4A,0x00,0x00,0x62,0x08,0x42,0x08,0x62,0x08,0x41,0x00,0xA7,0x31,0x83,0x10,
	0x82,0x10,0x62,0x10,0x34,0xA5,0x5C,0xE7,0xB9,0xD6,0x99,0xD6,0xDA,0xD6,0x28,0x42,0xA3,0x18,0x24,0x21,
	0x24,0x21,0x24,0x21,0x25,0x21,0x45,0x29,0x65,0x29,0x45,0x29,0x24,0x21,0xC3,0x18,0xA2,0x10,0xC7,0x39,
	0xE7,0x39,0x08,0x42,0xCF,0x7B,0x69,0x4A,0xC3,0x18,0x71,0x8C,0xEF,0x7B,0x92,0x8C,0xB2,0x94,0x96,0xAD,
	0xF0,0x7B,0x0D,0x5B,0x8E,0x6B,0xEF,0x7B,0xAF,0x73,0xEB,0x5A,0xEC,0x5A,0x69,0x4A,0xE7,0x41,0x45,0x29,
	0xA6,0x39,0xE7,0x41,0x89,0x52,0x69,0x4A,0x28,0x42,0x08,0x42,0x07,0x42,0x08,0x42,0x08,0x42,0x28,0x42,
	0xE7,0x39,0xD6,0xB5,0xFB,0xDE,0xBA,0xD6,0xFB,0xDE,0x58,0xC6,0x28,0x42,0x07,0x3A,0xE7,0x39,0x8A,0x4A,
	0x0C,0x5B,0x86,0x29,0xE7,0x31,0xE7,0x31,0xE7,0x31,0x25,0x21,0x4D,0x5B,0x8A,0x4A,0x00,0x00,0x82,0x10,
	0x41,0x08,0xE4,0x10,0xE7,0x61,0x65,0xC1,0xA7,0xC9,0x14,0xDD,0xAE,0xCB,0x69,0xCA,0xAA,0xAA,0x48,0xAA,
	0x69,0xC2,0x4D,0x9B,0x08,0x42,0x45,0x29,0x69,0x4A,0x0B,0x63,0xCB,0x5A,0xD7,0xB5,0x6D,0x6B,0x62,0x08,
	0x4C,0x63,0x91,0x94,0x4D,0x6B,0x8E,0x73,0x41,0x08,0xE3,0x18,0x65,0x29,0x76,0xAD,0x18,0xBE,0xF7,0xB5,
	0xE4,0x18,0x04,0x21,0x6A,0x4A,0x86,0x31,0x29,0x42,0x05,0x21,0x49,0x42,0xE8,0x39,0x49,0x4A,0xCF,0x73,
	0x00,0x00,0x00,0x00,0x00,0x00,0x00,0x00,0x00,0x00,0x00,0x00,0x00,0x00,0x86,0x31,0xE4,0x18,0xF0,0x7B,
	0x79,0xCE,0xCB,0x52,0x00,0x00,0xA2,0x10,0xC3,0x18,0x25,0x29,0xA3,0x10,0xC3,0x18,0xC3,0x18,0xE3,0x18,
	0xC3,0x18,0xE3,0x18,0xA3,0x10,0xA7,0x31,0x28,0x42,0x4D,0x6B,0x86,0x31,0x65,0x29,0xCB,0x82,0x28,0xB2,
	0x65,0x89,0x89,0xAA,0x48,0xBA,0x65,0xB1,0x65,0xB1,0x65,0xB9,0x04,0xA1,0x45,0x49,0x69,0x42,0xCF,0x73,
	0x72,0x84,0xF0,0x73,0x00,0x00,0x41,0x08,0x42,0x08,0x62,0x08,0x00,0x00,0x69,0x42,0x55,0x9D,0x82,0x10,
	0x00,0x00,0x2C,0x63,0x5C,0xEF,0xDA,0xDE,0x99,0xD6,0xDA,0xD6,0x34,0xA5,0xA2,0x10,0x04,0x21,0x04,0x21,
	0x24,0x21,0x25,0x21,0x25,0x21,0x25,0x21,0x45,0x21,0x65,0x29,0x66,0x29,0xA6,0x31,0xA6,0x31,0x45,0x29,
	0x24,0x21,0x04,0x21,0x04,0x21,0xE3,0x20,0xC2,0x18,0x86,0x31,0xC3,0x18,0x85,0x31,0x45,0x29,0xE3,0x20,
	0x24,0x21,0x24,0x21,0xC3,0x20,0xE3,0x20,0x44,0x29,0x85,0x31,0x85,0x31,0xC7,0x39,0x07,0x42,0x49,0x4A,
	0x49,0x4A,0x28,0x4A,0x07,0x42,0xE7,0x41,0x07,0x42,0xE7,0x39,0x07,0x42,0x07,0x42,0x08,0x42,0x28,0x42,
	0xC6,0x39,0x6D,0x6B,0x1B,0xDF,0xBA,0xD6,0xBA,0xD6,0x3B,0xE7,0x34,0xA5,0xA6,0x31,0x07,0x3A,0x28,0x3A,
	0x56,0x9D,0x8A,0x4A,0xA6,0x29,0xE7,0x39,0xC7,0x29,0xC7,0x31,0xC3,0x10,0x41,0x08,0x61,0x08,0x62,0x08,
	0x21,0x00,0x61,0x38,0x86,0xC1,0xA6,0xD9,0x66,0xC9,0xAA,0xC2,0xF7,0xE5,0x91,0xBC,0x8A,0xAA,0x69,0xCA,
	0x2C,0xA3,0x89,0x52,0x45,0x29,0x49,0x4A,0x2C,0x63,0x28,0x4A,0x0C,0x63,0x86,0x29,0x6E,0x6B,0x45,0x29,
	0x34,0xA5,0xCB,0x5A,0xF0,0x7B,0x25,0x21,0xE4,0x20,0x82,0x10,0x30,0x84,0xF7,0xBD,0x79,0xCE,0xEB,0x5A,
	0x00,0x00,0x04,0x21,0xC7,0x39,0xE3,0x18,0x49,0x42,0xA7,0x31,0x4D,0x6B,0x45,0x21,0x6A,0x4A,0x72,0x84,
	0x00,0x00,0x00,0x00,0x00,0x00,0x00,0x00,0x00,0x00,0x00,0x00,0x00,0x00,0x41,0x08,0xA6,0x31,0x04,0x19,
	0x17,0xBE,0x96,0xAD,0x45,0x29,0x20,0x08,0xA2,0x18,0x04,0x21,0x04,0x21,0xC3,0x18,0xC3,0x18,0xC3,0x18,
	0xC3,0x18,0xC3,0x18,0xE3,0x18,0x82,0x10,0x49,0x4A,0x28,0x42,0x4D,0x63,0x45,0x21,0x66,0x29,0xCB,0x92,
	0x07,0xBA,0x45,0x91,0x69,0xB2,0x28,0xB2,0x25,0xA9,0xA6,0xA9,0x4D,0xC3,0x65,0xA9,0x04,0x51,0xCF,0x6B,
	0x2D,0x63,0x0C,0x5B,0x4A,0x4A,0xC3,0x10,0x21,0x00,0x21,0x08,0xC4,0x18,0x96,0xA5,0x66,0x21,0x00,0x00,
	0x66,0x29,0xBA,0xD6,0xFB,0xDE,0xB9,0xD6,0x79,0xCE,0xDA,0xD6,0x89,0x52,0xA2,0x10,0x04,0x21,0x04,0x21,
	0x04,0x21,0x04,0x21,0x25,0x21,0x25,0x21,0x45,0x21,0x45,0x21,0x65,0x29,0x65,0x29,0x66,0x29,0x86,0x31,
	0xA6,0x31,0xA6,0x31,0xC6,0x39,0x07,0x42,0xE6,0x39,0x07,0x42,0x91,0x94,0xF7,0xC5,0x50,0x8C,0xEB,0x5A,
	0x58,0xCE,0x17,0xBE,0x38,0xC6,0xD6,0xBD,0x69,0x4A,0x48,0x4A,0x28,0x4A,0xE7,0x41,0xE7,0x39,0xC7,0x39,
	0xC7,0x39,0xE7,0x41,0x07,0x42,0xE7,0x41,0xE7,0x41,0xE7,0x39,0xE7,0x41,0xE7,0x39,0xE7,0x39,0xE7,0x39,
	0x07,0x42,0xE7,0x39,0xF6,0xBD,0xFA,0xDE,0xDA,0xD6,0xBA,0xD6,0x3B,0xE7,0x8D,0x6B,0xA6,0x31,0xA6,0x31,
	0xAB,0x4A,0x35,0x95,0xA6,0x29,0xE7,0x31,0xC7,0x31,0xC3,0x10,0x00,0x00,0x41,0x08,0x41,0x08,0x21,0x00,
	0xA2,0x48,0xC7,0xC9,0xA6,0xD9,0x86,0xD1,0x86,0xD1,0x08,0xCA,0x6D,0xB3,0xAE,0xB3,0xAB,0xCA,0x4D,0xAB,
	0xAA,0x5A,0xE3,0x18,0x08,0x42,0x4D,0x6B,0xE7,0x39,0x6D,0x6B,0x65,0x29,0xA2,0x10,0x61,0x08,0x72,0x8C,
	0x75,0xAD,0xAE,0x73,0x82,0x10,0x04,0x21,0x82,0x10,0x8A,0x52,0xD7,0xB5,0x38,0xBE,0xD3,0x94,0x00,0x00,
	0x24,0x21,0x66,0x29,0xEC,0x5A,0x69,0x4A,0x8A,0x4A,0xA6,0x31,0x86,0x31,0x86,0x29,0x4D,0x63,0x6E,0x6B,
	0x00,0x00,0x00,0x00,0x00,0x00,0x00,0x00,0x00,0x00,0x00,0x00,0x00,0x00,0x00,0x00,0x45,0x29,0xC7,0x39,
	0xE8,0x39,0x9A,0xD6,0x30,0x84,0x61,0x08,0x61,0x10,0xA3,0x18,0x25,0x29,0xE4,0x18,0xC3,0x18,0xC4,0x18,
	0xC3,0x18,0xE3,0x18,0xC3,0x18,0xE4,0x18,0x83,0x10,0x8A,0x52,0xE8,0x41,0x4D,0x6B,0xE4,0x18,0xC7,0x31,
	0x0C,0xA3,0x85,0xB1,0x44,0x81,0x8A,0xB2,0x8A,0xB2,0xB2,0xCC,0xAE,0xBB,0x65,0xB1,0x65,0xB1,0x25,0x61,
	0xE7,0x39,0x04,0x21,0x55,0xA5,0x2D,0x5B,0x61,0x08,0x00,0x00,0xF4,0x94,0xAB,0x4A,0x00,0x00,0x41,0x08,
	0x54,0xA5,0x3C,0xE7,0xBA,0xD6,0x99,0xCE,0xBA,0xD6,0x54,0xAD,0xA2,0x18,0xE3,0x18,0x04,0x21,0x04,0x21,
	0x24,0x21,0x24,0x21,0x24,0x21,0x25,0x21,0x25,0x21,0x25,0x21,0x45,0x29,0x45,0x29,0x65,0x29,0x66,0x29,
	0x66,0x29,0x66,0x29,0x86,0x31,0x65,0x29,0x28,0x42,0x79,0xCE,0x9D,0xEF,0xBE,0xF7,0x95,0xB5,0x8D,0x73,
	0xFE,0xFF,0x5C,0xE7,0x7C,0xEF,0x3B,0xE7,0x69,0x4A,0x86,0x31,0xC7,0x39,0xC7,0x39,0xC7,0x39,0xC7,0x39,
	0xC7,0x39,0xC7,0x39,0xC7,0x39,0xE7,0x39,0xC7,0x39,0xE7,0x39,0xE7,0x39,0xE7,0x39,0xE7,0x39,0xC7,0x39,
	0xC6,0x39,0xC6,0x31,0xAE,0x73,0x1B,0xDF,0x99,0xD6,0xDA,0xD6,0xFA,0xD6,0x99,0xCE,0x49,0x42,0xC7,0x31,
	0x65,0x29,0xCF,0x6B,0x72,0x7C,0x24,0x19,0x62,0x08,0xAF,0x6B,0x29,0x42,0x61,0x08,0x20,0x00,0xC3,0x50,
	0xC6,0xC9,0x65,0xD1,0x86,0xD1,0xA6,0xD1,0x69,0xD2,0x0C,0xBB,0x49,0xAA,0x6A,0xBA,0x4D,0xB3,0xEB,0x6A,
	0xA6,0x31,0x8A,0x52,0xEB,0x5A,0xE8,0x39,0x6D,0x6B,0x86,0x31,0xE4,0x20,0x24,0x21,0xF3,0x9C,0x10,0x84,
	0x8E,0x73,0x4D,0x6B,0xC3,0x18,0xC3,0x18,0x24,0x21,0x54,0xA5,0xD7,0xB5,0x18,0xBE,0x65,0x29,0xA3,0x10,
	0xCB,0x52,0xE7,0x39,0x24,0x21,0x04,0x21,0x08,0x3A,0xCB,0x52,0x20,0x00,0xE8,0x39,0x4D,0x63,0x0C,0x63,
	0x00,0x00,0x00,0x00,0x00,0x00,0x00,0x00,0x00,0x00,0x00,0x00,0x00,0x00,0x00,0x00,0x00,0x00,0xC7,0x39,
	0x41,0x08,0x51,0x8C,0x9A,0xCE,0xCB,0x52,0x00,0x00,0xA2,0x18,0xA3,0x18,0x45,0x29,0xC3,0x18,0xC3,0x18,
	0xE3,0x18,0xE3,0x18,0xE3,0x18,0xC3,0x18,0xC3,0x18,0xA6,0x31,0xEF,0x7B,0xE7,0x39,0x4D,0x6B,0xC3,0x18,
	0xC7,0x31,0xCB,0xA2,0x85,0xB1,0x24,0x89,0x71,0xC4,0xEF,0xC3,0x24,0xA1,0x45,0xB1,0x65,0xB1,0x65,0xB9,
	0x82,0x60,0xEC,0x5A,0x51,0x7C,0x51,0x84,0xEB,0x52,0xCB,0x52,0xEC,0x52,0x21,0x00,0x21,0x08,0x6D,0x6B,
	0x1B,0xE7,0x99,0xCE,0x99,0xCE,0x79,0xCE,0xFA,0xDE,0xEB,0x5A,0x41,0x08,0xE3,0x18,0xA3,0x18,0xE4,0x18,
	0xA3,0x10,0xE3,0x18,0x25,0x21,0x45,0x21,0x25,0x21,0x25,0x21,0x25,0x29,0x45,0x29,0x45,0x29,0x65,0x29,
	0x65,0x29,0x66,0x29,0x86,0x31,0x45,0x29,0xB6,0xB5,0x7C,0xEF,0xBA,0xD6,0xBA,0xDE,0xEE,0x7B,0x69,0x4A,
	0x95,0xB5,0x54,0xA5,0x54,0xAD,0xF2,0x9C,0x07,0x42,0xA6,0x31,0xA6,0x31,0xA6,0x31,0xC6,0x39,0xC6,0x39,
	0xC7,0x39,0xC7,0x39,0xC6,0x39,0xC7,0x39,0xC7,0x39,0xC7,0x39,0xC6,0x39,0xA6,0x31,0xA6,0x31,0x08,0x42,
	0x4D,0x63,0x10,0x7C,0xE7,0x39,0x17,0xC6,0xBA,0xD6,0xBA,0xD6,0x99,0xD6,0xDA,0xDE,0x95,0xAD,0xC7,0x31,
	0x08,0x3A,0xE8,0x39,0x8A,0x4A,0x69,0x4A,0xE4,0x20,0xE4,0x20,0x56,0xA5,0xE8,0x39,0xA2,0x58,0xC7,0xD1,
	0x49,0xCA,0x8E,0xD3,0xA6,0xC9,0x69,0xCA,0x0B,0xB3,0x69,0xA2,0x6A,0xCA,0x0C,0xB3,0x2C,0x73,0x04,0x21,
	0x0B,0x63,0x59,0xCE,0x2D,0x6B,0x0C,0x63,0xA7,0x31,0xE4,0x20,0x62,0x10,0x2C,0x63,0x08,0x42,0xCF,0x73,
	0x08,0x42,0x42,0x08,0xE4,0x20,0x82,0x08,0x51,0x8C,0xD6,0xB5,0x38,0xC6,0xEC,0x5A,0x00,0x00,0x82,0x10,
	0xA3,0x10,0xA7,0x31,0x28,0x42,0xEB,0x5A,0x08,0x3A,0x08,0x42,0x83,0x10,0x66,0x29,0x28,0x42,0x8A,0x4A,
	0x00,0x00,0x00,0x00,0x00,0x00,0x00,0x00,0x00,0x00,0x00,0x00,0x00,0x00,0x00,0x00,0x00,0x00,0x00,0x00,
	0x08,0x3A,0xC3,0x18,0x76,0xAD,0xD7,0xB5,0xC7,0x31,0x41,0x08,0x82,0x10,0xC3,0x18,0x25,0x21,0xC3,0x18,
	0xE4,0x18,0xE4,0x18,0xE3,0x18,0xC3,0x18,0xA2,0x10,0x28,0x42,0x25,0x21,0xCB,0x5A,0xE8,0x41,0x2C,0x63,
	0xE3,0x18,0xE7,0x39,0xEB,0xA2,0x08,0xB2,0xA6,0x89,0x69,0xA2,0x49,0xBA,0x86,0xB1,0x45,0xB1,0x44,0xB1,
	0xA6,0xC1,0x04,0x89,0xE7,0x49,0x86,0x21,0x6E,0x6B,0x51,0x7C,0xF0,0x73,0xE4,0x18,0x00,0x00,0xCF,0x7B,
	0xDA,0xD6,0xBA,0xD6,0x58,0xCE,0x99,0xCE,0xF6,0xBD,0xE4,0x18,0xC3,0x18,0x62,0x08,0x49,0x42,0x11,0x7C,
	0xAB,0x52,0xC7,0x31,0xC3,0x18,0xC3,0x18,0x04,0x21,0x25,0x21,0x45,0x21,0x45,0x29,0x45,0x29,0x65,0x29,
	0x65,0x29,0x86,0x29,0x24,0x21,0xAA,0x52,0x3B,0xE7,0xDA,0xDE,0x99,0xCE,0x48,0x4A,0x24,0x21,0x86,0x31,
	0x24,0x21,0x24,0x21,0x24,0x29,0x45,0x29,0xA6,0x31,0xA6,0x31,0xA6,0x31,0xA6,0x31,0xA6,0x39,0xA6,0x31,
	0xA6,0x39,0xC7,0x39,0xA6,0x31,0xA6,0x39,0x85,0x31,0x85,0x31,0xE7,0x39,0x8A,0x4A,0x8E,0x6B,0x49,0x42,
	0xCF,0x73,0xE7,0x39,0x86,0x31,0x0F,0x7C,0xFA,0xDE,0x78,0xCE,0xDA,0xD6,0xDA,0xDE,0x13,0x9D,0x08,0x3A,
	0xE7,0x31,0xE4,0x18,0xAB,0x52,0x8E,0x6B,0x10,0x7C,0x66,0x21,0xA2,0x20,0xA6,0x89,0xA6,0xD9,0xA6,0xD1,
	0xA6,0xC9,0x6D,0xD3,0x10,0xD4,0xEB,0xB2,0x49,0xA2,0x69,0xCA,0x0C,0xBB,0x4D,0x73,0x66,0x29,0x86,0x31,
	0x2C,0x63,0x8E,0x73,0x79,0xCE,0x4D,0x6B,0xA3,0x18,0xA7,0x39,0x49,0x4A,0x04,0x21,0x62,0x08,0xC3,0x18,
	0x45,0x29,0x24,0x21,0x62,0x10,0x0C,0x5B,0xB7,0xB5,0x18,0xBE,0xF3,0x9C,0x62,0x08,0x45,0x21,0xC7,0x31,
	0xE8,0x39,0x49,0x42,0xE3,0x18,0x66,0x29,0x04,0x19,0x21,0x00,0x41,0x08,0x82,0x10,0xE4,0x18,0x65,0x29,
	0x00,0x00,0x00,0x00,0x00,0x00,0x00,0x00,0x00,0x00,0x00,0x00,0x00,0x00,0x00,0x00,0x00,0x00,0x00,0x00,
	0xA7,0x39,0xC7,0x39,0x04,0x21,0x38,0xBE,0x71,0x84,0x41,0x08,0x41,0x08,0x82,0x10,0x04,0x21,0x24,0x21,
	0xE4,0x18,0xE4,0x18,0xE4,0x18,0xC4,0x18,0xE4,0x18,0xA3,0x18,0xE4,0x18,0xA2,0x10,0xEC,0x62,0x08,0x42,
	0xEB,0x5A,0x04,0x21,0xE8,0x39,0x8E,0xA3,0xA6,0xB1,0x25,0x91,0x69,0xAA,0x69,0xBA,0xA6,0xB1,0x45,0xB1,
	0x44,0xB1,0x86,0xB9,0x44,0x99,0x82,0x38,0xD0,0x6B,0x8F,0x6B,0x0D,0x5B,0x29,0x42,0x28,0x42,0x00,0x00,
	0x85,0x29,0xF3,0x9C,0x99,0xD6,0x1B,0xDF,0x8D,0x73,0x41,0x08,0x61,0x10,0xAB,0x4A,0xAF,0x6B,0xE8,0x39,
	0xAF,0x6B,0x11,0x7C,0xCF,0x73,0x8A,0x4A,0x45,0x21,0xE3,0x18,0xC3,0x18,0xE4,0x18,0x24,0x21,0x45,0x21,
	0x45,0x29,0x65,0x29,0x04,0x21,0x0F,0x84,0x3B,0xE7,0xFB,0xDE,0x75,0xAD,0xA6,0x31,0xE7,0x39,0xA6,0x31,
	0x69,0x4A,0x89,0x52,0x08,0x42,0x65,0x29,0x86,0x31,0xA6,0x31,0xA6,0x31,0xA6,0x31,0xA6,0x31,0x86,0x31,
	0xA6,0x31,0x86,0x31,0x86,0x31,0xE7,0x39,0xAB,0x52,0x2D,0x5B,0xAE,0x6B,0x31,0x7C,0xEC,0x5A,0xA6,0x31,
	0x10,0x74,0xAB,0x52,0x65,0x29,0xE7,0x39,0x79,0xCE,0xFB,0xDE,0x95,0xB5,0x2C,0x63,0x65,0x29,0x45,0x21,
	0x82,0x10,0x21,0x08,0xAF,0x73,0x10,0x74,0xB3,0x84,0x69,0x6A,0x04,0x99,0xA6,0xD9,0x86,0xD1,0x86,0xD1,
	0xC7,0xD1,0x89,0xCA,0x4D,0xB3,0xCA,0xB2,0x69,0xCA,0x2C,0xBB,0x6D,0x73,0x65,0x29,0x65,0x29,0x8D,0x6B,
	0x49,0x42,0x2D,0x63,0x4D,0x6B,0xDB,0xDE,0x49,0x4A,0xE4,0x20,0x14,0xA5,0x8A,0x52,0xC4,0x18,0xE4,0x18,
	0x04,0x21,0xA2,0x10,0xC7,0x39,0x76,0xAD,0xB6,0xB5,0xD7,0xB5,0x45,0x29,0x41,0x08,0x66,0x29,0x86,0x29,
	0xA3,0x10,0x86,0x31,0x28,0x42,0xEB,0x5A,0xC7,0x31,0x82,0x08,0x82,0x08,0x82,0x10,0x62,0x08,0x82,0x10,
	0x00,0x00,0x00,0x00,0x00,0x00,0x00,0x00,0x00,0x00,0x00,0x00,0x00,0x00,0x00,0x00,0x00,0x00,0x00,0x00,
	0x00,0x00,0xC7,0x39,0x66,0x29,0x21,0x00,0x62,0x08,0x00,0x00,0x00,0x00,0x61,0x08,0x82,0x10,0x24,0x21,
	0x04,0x21,0xC3,0x18,0xE4,0x18,0xE4,0x18,0xE4,0x18,0xE4,0x18,0xE4,0x18,0xE4,0x20,0xC3,0x18,0xEC,0x5A,
	0x69,0x4A,0xCB,0x5A,0x04,0x21,0xA6,0x31,0x2C,0xA3,0x07,0xC2,0x24,0x99,0x28,0x9A,0xAA,0xB2,0xA6,0xB1,
	0x86,0xA9,0xB2,0xCC,0x08,0xB2,0x65,0xB1,0x04,0x69,0x6A,0x52,0xC4,0x10,0x92,0x8C,0x72,0x84,0xAF,0x73,
	0xA3,0x10,0x00,0x00,0x69,0x4A,0x34,0xA5,0x45,0x29,0x82,0x10,0x62,0x10,0xF4,0x8C,0xE8,0x31,0x21,0x00,
	0x82,0x08,0x04,0x21,0xCB,0x52,0x30,0x7C,0x66,0x29,0x69,0x42,0xAF,0x6B,0x6A,0x4A,0xA7,0x31,0x66,0x29,
	0x24,0x21,0x45,0x29,0x04,0x21,0xB2,0x94,0x1B,0xE7,0xB9,0xD6,0xB9,0xD6,0xFB,0xDE,0x13,0x9D,0xEB,0x5A,
	0x1B,0xE7,0xFB,0xDE,0xBA,0xD6,0xB2,0x94,0x86,0x31,0x65,0x31,0x65,0x29,0x65,0x29,0x85,0x31,0xE7,0x39,
	0xC7,0x39,0x6A,0x4A,0x6D,0x63,0x4D,0x63,0xCF,0x73,0xAF,0x6B,0x49,0x42,0xC7,0x39,0xA6,0x29,0x65,0x29,
	0xEC,0x52,0xB3,0x84,0x65,0x29,0x65,0x29,0xAE,0x73,0x0F,0x84,0x65,0x29,0x04,0x21,0xC3,0x18,0x21,0x08,
	0x41,0x08,0x41,0x08,0x00,0x00,0x49,0x4A,0xE7,0x79,0x65,0xB9,0x28,0xD2,0x86,0xC9,0x65,0xD1,0xC7,0xD1,
	0x0B,0xCB,0xCA,0xA2,0x49,0xAA,0xCB,0xCA,0x4D,0xB3,0x4D,0x73,0x04,0x21,0xC7,0x39,0x6D,0x6B,0x28,0x42,
	0x4D,0x6B,0x08,0x42,0x65,0x29,0x04,0x21,0x0C,0x63,0x29,0x4A,0x82,0x10,0x96,0xAD,0x6D,0x6B,0x82,0x10,
	0x04,0x21,0x41,0x08,0x49,0x4A,0x18,0xC6,0x39,0xC6,0x69,0x4A,0x00,0x00,0x6A,0x4A,0x86,0x29,0x08,0x3A,
	0xC6,0x31,0x49,0x42,0x66,0x29,0x24,0x21,0x45,0x29,0x45,0x21,0xC3,0x18,0x82,0x10,0x62,0x08,0x62,0x10,
	0x00,0x00,0x00,0x00,0x00,0x00,0x00,0x00,0x00,0x00,0x00,0x00,0x00,0x00,0x00,0x00,0x00,0x00,0x00,0x00,
	0x00,0x00,0x41,0x08,0x69,0x4A,0xC7,0x39,0xA7,0x31,0xA7,0x31,0x24,0x21,0x20,0x00,0x82,0x10,0x82,0x10,
	0x45,0x29,0x04,0x21,0xE4,0x18,0xE4,0x18,0xE4,0x18,0xE4,0x18,0xE4,0x20,0x04,0x21,0x04,0x21,0x45,0x29,
	0xAA,0x52,0xAA,0x52,0xF3,0x9C,0x8A,0x52,0x45,0x29,0x2C,0x93,0x08,0xC2,0x44,0x99,0xE7,0x91,0xAA,0xAA,
	0xB3,0xCC,0xAE,0xBB,0x24,0xA9,0x65,0xB1,0x85,0xB9,0xE3,0x88,0x24,0x41,0xF0,0x73,0xF0,0x73,0x45,0x29,
	0xCB,0x52,0x8E,0x6B,0xA3,0x18,0x21,0x08,0x82,0x10,0x41,0x08,0x49,0x42,0x72,0x7C,0x41,0x00,0xE3,0x18,
	0xE3,0x10,0x62,0x08,0xC7,0x31,0x6E,0x63,0x62,0x08,0x29,0x42,0xCF,0x6B,0xCF,0x6B,0xF0,0x73,0x8A,0x4A,
	0x2D,0x5B,0x08,0x3A,0xE4,0x18,0xD2,0x94,0xFB,0xDE,0x99,0xCE,0xBA,0xD6,0x7D,0xEF,0xD6,0xB5,0x4D,0x6B,
	0x9D,0xEF,0xDA,0xD6,0xBA,0xD6,0x7C,0xEF,0x91,0x94,0x65,0x29,0xAB,0x4A,0x8E,0x6B,0x10,0x74,0x92,0x84,
	0x0C,0x53,0x8A,0x4A,0x0C,0x5B,0xC7,0x31,0x24,0x21,0x31,0x7C,0x29,0x42,0x65,0x29,0xC6,0x31,0xC6,0x31,
	0x65,0x29,0xB3,0x8C,0x6A,0x42,0xC6,0x31,0x85,0x29,0x03,0x21,0xA6,0x31,0x25,0x21,0x00,0x00,0x61,0x10,
	0x41,0x08,0x20,0x00,0x61,0x28,0x24,0x89,0xA6,0xD1,0x65,0xC9,0x71,0xD4,0x10,0xD4,0xC7,0xC1,0xEB,0xC2,
	0x6A,0xA2,0x69,0xBA,0xAA,0xCA,0x8E,0xB3,0x2C,0x6B,0x45,0x29,0x8D,0x73,0x6D,0x6B,0x49,0x4A,0x4D,0x6B,
	0x29,0x42,0x45,0x29,0x82,0x10,0x6D,0x6B,0xF3,0x9C,0x34,0xA5,0x04,0x21,0xE4,0x18,0xE7,0x39,0xE3,0x18,
	0xC3,0x18,0xA2,0x10,0x62,0x08,0xA6,0x31,0xA6,0x31,0x82,0x10,0x69,0x4A,0xCB,0x52,0x8A,0x4A,0x29,0x42,
	0xA7,0x31,0x08,0x3A,0x49,0x42,0xAB,0x52,0x4E,0x6B,0xAB,0x52,0xE7,0x39,0x44,0x21,0xC3,0x10,0x41,0x08,
	0x00,0x00,0x00,0x00,0x00,0x00,0x00,0x00,0x00,0x00,0x00,0x00,0x00,0x00,0x00,0x00,0x00,0x00,0x00,0x00,
	0x00,0x00,0x00,0x00,0x00,0x00,0xEC,0x5A,0x6D,0x6B,0xEB,0x5A,0xA6,0x31,0x21,0x00,0x00,0x00,0x82,0x10,
	0xA2,0x10,0x45,0x29,0xE4,0x20,0xE4,0x20,0xE4,0x18,0xE4,0x18,0xC3,0x18,0x62,0x10,0xA3,0x18,0xE4,0x20,
	0x24,0x21,0xD3,0x9C,0xD7,0xBD,0xAA,0x52,0x86,0x31,0x25,0x21,0xEB,0x7A,0x89,0xBA,0x24,0xA1,0x07,0x9A,
	0x10,0xBC,0x08,0xAA,0x65,0xB1,0x45,0xA9,0x45,0xB1,0x85,0xB9,0x65,0xA9,0x25,0x71,0x29,0x4A,0xE7,0x31,
	0x92,0x84,0x10,0x74,0x51,0x7C,0x04,0x19,0xE4,0x18,0x00,0x00,0xB3,0x84,0x49,0x42,0x62,0x08,0xC3,0x10,
	0xE3,0x18,0x62,0x08,0xF0,0x6B,0x2D,0x5B,0x62,0x08,0xC3,0x10,0x82,0x08,0x04,0x19,0x0D,0x5B,0x45,0x21,
	0xE7,0x39,0x08,0x3A,0xA2,0x10,0x30,0x84,0xFA,0xDE,0x99,0xCE,0xF7,0xBD,0x71,0x8C,0x4D,0x6B,0x07,0x42,
	0x71,0x8C,0x95,0xB5,0xB9,0xD6,0xB9,0xD6,0x58,0xC6,0x69,0x42,0xEF,0x73,0x6E,0x63,0xAA,0x52,0xAA,0x4A,
	0x4D,0x5B,0x04,0x21,0x45,0x29,0x65,0x29,0x04,0x21,0xAF,0x6B,0xAF,0x6B,0x24,0x21,0xA6,0x31,0xA6,0x31,
	0x44,0x21,0x2D,0x5B,0x52,0x84,0xE3,0x18,0x66,0x29,0xA3,0x10,0x25,0x21,0x14,0x9D,0x86,0x31,0x21,0x00,
	0x21,0x10,0xE4,0x68,0xC7,0xC1,0xA7,0xD9,0x86,0xD1,0x66,0xD1,0x28,0xC2,0xD7,0xE5,0x10,0xBC,0x49,0xA2,
	0x6A,0xC2,0xCB,0xD2,0xEE,0xAB,0xEB,0x5A,0xE4,0x18,0x29,0x4A,0x13,0x9D,0x71,0x8C,0xEB,0x5A,0x49,0x4A,
	0x66,0x29,0xA3,0x18,0xC3,0x18,0x34,0xA5,0xD2,0x94,0x6D,0x6B,0x10,0x84,0x82,0x10,0xE4,0x18,0xE3,0x20,
	0xE4,0x18,0xC3,0x18,0x86,0x29,0x65,0x29,0x24,0x21,0x69,0x4A,0x2D,0x63,0x69,0x4A,0xCB,0x52,0xAA,0x4A,
	0xAA,0x52,0x29,0x42,0xAA,0x52,0x6E,0x6B,0xEF,0x73,0xAE,0x6B,0x4D,0x63,0xAA,0x52,0x04,0x19,0x62,0x08,
	0x00,0x00,0x00,0x00,0x00,0x00,0x00,0x00,0x00,0x00,0x00,0x00,0x00,0x00,0x00,0x00,0x00,0x00,0x00,0x00,
	0x00,0x00,0x00,0x00,0x00,0x00,0x00,0x00,0x00,0x00,0x86,0x31,0xC7,0x39,0x41,0x08,0x00,0x00,0x41,0x08,
	0x82,0x10,0xA3,0x18,0x45,0x29,0xE4,0x18,0xE4,0x18,0xC4,0x18,0x86,0x31,0xD2,0x9C,0xAB,0x5A,0x62,0x08,
	0x51,0x8C,0x38,0xC6,0x49,0x4A,0x2D,0x63,0xE8,0x39,0x28,0x42,0xC3,0x10,0xAB,0x6A,0xEB,0xB2,0x07,0xB2,
	0x24,0x91,0x28,0xA2,0x69,0xB2,0xE7,0xB1,0x45,0xA9,0x65,0xA9,0x65,0xB1,0x85,0xB9,0x44,0x91,0x44,0x59,
	0x4E,0x6B,0x2D,0x5B,0x62,0x08,0xA7,0x31,0x31,0x7C,0x0C,0x5B,0xAB,0x4A,0x41,0x08,0x41,0x08,0xA3,0x10,
	0xA3,0x10,0xA3,0x10,0xD3,0x84,0x66,0x21,0xA2,0x10,0xE3,0x18,0xC3,0x18,0x66,0x29,0xD4,0x8C,0x04,0x19,
	0xE3,0x18,0x04,0x19,0xA2,0x10,0xEB,0x5A,0xDA,0xDE,0x99,0xCE,0xF6,0xBD,0xA2,0x10,0xA3,0x18,0x24,0x21,
	0x20,0x08,0x07,0x42,0xDA,0xD6,0x79,0xCE,0x79,0xCE,0xC7,0x39,0xE4,0x18,0x04,0x21,0xE3,0x18,0x45,0x21,
	0xD3,0x8C,0x86,0x29,0x65,0x29,0x65,0x29,0x45,0x29,0x29,0x3A,0x92,0x84,0x45,0x21,0xA6,0x31,0x86,0x29,
	0x86,0x29,0x86,0x29,0xC7,0x31,0x29,0x42,0x6E,0x6B,0xF3,0x94,0x24,0x21,0xCB,0x4A,0x6E,0x6B,0x62,0x38,
	0x86,0xA9,0xC7,0xD9,0x86,0xD1,0x65,0xD1,0x66,0xD1,0x29,0xD2,0xE7,0xC9,0xAA,0xB2,0xEF,0xC3,0x69,0xC2,
	0x2C,0xC3,0xCE,0x93,0x89,0x4A,0xE4,0x18,0x8A,0x52,0xAA,0x52,0x6A,0x4A,0xF3,0x9C,0x10,0x84,0x25,0x21,
	0xA3,0x18,0xE4,0x20,0xE4,0x20,0x62,0x10,0x49,0x4A,0x96,0xB5,0x69,0x4A,0x04,0x21,0xE4,0x20,0xC3,0x18,
	0x62,0x10,0xC3,0x18,0x08,0x42,0xAE,0x73,0x69,0x4A,0x4D,0x63,0x6D,0x6B,0x8E,0x6B,0x4D,0x63,0xEB,0x5A,
	0x2C,0x63,0xCB,0x52,0x49,0x4A,0x69,0x4A,0x4D,0x63,0xCF,0x73,0xEF,0x7B,0x6D,0x6B,0x04,0x21,0x69,0x4A,
	0x00,0x00,0x00,0x00,0x00,0x00,0x00,0x00,0x00,0x00,0x00,0x00,0x00,0x00,0x00,0x00,0x00,0x00,0x00,0x00,
	0x00,0x00,0x00,0x00,0x00,0x00,0x20,0x00,0x20,0x00,0x20,0x00,0x8A,0x52,0x08,0x42,0x41,0x08,0x00,0x00,
	0x21,0x08,0x82,0x10,0xC3,0x18,0x45,0x29,0x04,0x21,0x21,0x00,0x71,0x8C,0xAE,0x7B,0x10,0x84,0x8E,0x73,
	0xB6,0xB5,0xE7,0x41,0x2D,0x63,0x86,0x31,0x8E,0x73,0xC7,0x39,0x8A,0x52,0xA3,0x10,0xCB,0x52,0x8E,0xA3,
	0xE7,0xB9,0x24,0x99,0xC6,0x99,0x69,0xB2,0x89,0xBA,0x65,0xA9,0x65,0xA9,0x71,0xCC,0x69,0xC2,0x64,0xB9,
	0x24,0x89,0x86,0x61,0x61,0x10,0x11,0x74,0xAF,0x6B,0xCF,0x73,0xE7,0x39,0xEB,0x5A,0x45,0x29,0x82,0x10,
	0x41,0x08,0x29,0x3A,0x92,0x84,0x82,0x08,0xE4,0x18,0xE3,0x18,0x82,0x10,0x6A,0x42,0xF0,0x73,0x82,0x08,
	0x25,0x21,0x04,0x21,0xE4,0x20,0x45,0x29,0x38,0xC6,0x79,0xCE,0xB9,0xD6,0xD2,0x9C,0xE7,0x39,0x45,0x29,
	0xAA,0x52,0xD2,0x94,0xBA,0xD6,0x99,0xD6,0xD6,0xB5,0x24,0x21,0x24,0x21,0x45,0x29,0x45,0x29,0x04,0x21,
	0x72,0x7C,0x08,0x3A,0x24,0x21,0x65,0x29,0x85,0x29,0x45,0x21,0xB3,0x84,0x49,0x42,0x04,0x21,0x24,0x21,
	0xA2,0x10,0x41,0x08,0x00,0x00,0x71,0x84,0xAF,0x6B,0xD3,0x8C,0x29,0x42,0x41,0x30,0x45,0x99,0xC7,0xD1,
	0xA6,0xD9,0x86,0xD1,0x86,0xD1,0xC7,0xD1,0xC7,0xD1,0x49,0xC2,0x8A,0xB2,0x86,0xA9,0xCB,0xCA,0xAE,0xBB,
	0xAE,0x83,0xA6,0x31,0xE4,0x20,0xEB,0x5A,0xCB,0x52,0xAB,0x5A,0xAA,0x52,0x69,0x4A,0x55,0xAD,0x6A,0x52,
	0x82,0x10,0xE4,0x18,0xE4,0x20,0x04,0x21,0xA3,0x18,0x04,0x21,0x04,0x21,0xC3,0x18,0xC3,0x18,0x00,0x00,
	0x62,0x10,0xF0,0x7B,0x6D,0x6B,0x24,0x21,0xC7,0x39,0x0C,0x63,0x2D,0x63,0x6E,0x6B,0xEF,0x7B,0xEF,0x7B,
	0xCF,0x7B,0x0C,0x5B,0x00,0x00,0xC3,0x10,0xE8,0x39,0xCB,0x52,0x8E,0x6B,0x49,0x42,0x86,0x31,0x08,0x42,
	0x00,0x00,0x00,0x00,0x00,0x00,0x00,0x00,0x00,0x00,0x00,0x00,0x00,0x00,0x00,0x00,0x00,0x00,0x00,0x00,
	0x00,0x00,0x00,0x00,0x00,0x00,0x00,0x00,0x00,0x00,0x00,0x00,0x45,0x29,0x69,0x4A,0x08,0x42,0x41,0x08,
	0x00,0x00,0x21,0x08,0x82,0x10,0xE4,0x20,0x04,0x21,0x0C,0x5B,0x4D,0x6B,0xB2,0x94,0x25,0x21,0xCB,0x5A,
	0x4D,0x6B,0x62,0x10,0x04,0x21,0x8E,0x73,0x86,0x31,0x6D,0x6B,0xC7,0x39,0xEB,0x5A,0xC3,0x18,0xC7,0x39,
	0xEB,0x8A,0x8A,0xC2,0x65,0xB1,0x86,0x91,0xE8,0x99,0x89,0xB2,0xAF,0xBB,0xD3,0xD4,0x24,0xA9,0x65,0xB1,
	0x85,0xB9,0x65,0xB1,0x24,0x89,0xC7,0x69,0x4D,0x6B,0x65,0x21,0x4D,0x63,0x72,0x84,0xF4,0x94,0x25,0x21,
	0x00,0x00,0xE8,0x39,0x28,0x3A,0x41,0x08,0x82,0x10,0xE3,0x18,0x82,0x08,0x8E,0x63,0x0C,0x53,0x62,0x08,
	0x04,0x19,0x04,0x19,0x24,0x21,0x82,0x10,0x2C,0x63,0x1B,0xDF,0x99,0xCE,0x1B,0xDF,0x54,0xAD,0x8A,0x52,
	0x3C,0xE7,0xDA,0xD6,0x99,0xCE,0xFB,0xDE,0x4C,0x6B,0xC3,0x18,0x25,0x21,0x04,0x21,0x24,0x29,0xC3,0x18,
	0xD0,0x6B,0x0C,0x53,0xE3,0x20,0x66,0x29,0x65,0x29,0xC3,0x10,0x29,0x42,0x08,0x42,0x25,0x21,0x00,0x00,
	0x41,0x08,0x61,0x08,0x41,0x00,0xC3,0x10,0x8E,0x6B,0x29,0x6A,0x04,0x89,0x86,0xC9,0xA6,0xD9,0x66,0xD1,
	0x86,0xD1,0xA6,0xD1,0x86,0xD1,0x69,0xCA,0xAA,0xAA,0x45,0xA9,0x49,0xCA,0x2C,0xD3,0x0F,0xAC,0x2C,0x63,
	0xC7,0x39,0x0C,0x63,0x2D,0x6B,0x69,0x4A,0xEB,0x5A,0xAA,0x52,0x29,0x4A,0xE4,0x20,0x45,0x29,0xA6,0x31,
	0xC2,0x10,0xE4,0x18,0xE4,0x18,0xE4,0x20,0x25,0x21,0x65,0x29,0xE3,0x18,0xA2,0x10,0xA2,0x10,0x41,0x08,
	0xCF,0x73,0x92,0x94,0x49,0x4A,0x00,0x00,0x20,0x00,0x04,0x21,0xAB,0x52,0x0C,0x63,0x0C,0x63,0x2D,0x63,
	0xCF,0x73,0xEB,0x5A,0x28,0x42,0xA3,0x10,0x00,0x00,0xE4,0x18,0x65,0x29,0xE3,0x18,0x28,0x42,0x00,0x00,
	0x00,0x00,0x00,0x00,0x00,0x00,0x00,0x00,0x00,0x00,0x00,0x00,0x00,0x00,0x00,0x00,0x00,0x00,0x00,0x00,
	0x00,0x00,0x00,0x00,0x00,0x00,0x00,0x00,0x00,0x00,0x00,0x00,0x86,0x31,0x49,0x4A,0xAB,0x52,0x65,0x29,
	0x00,0x00,0x20,0x00,0x41,0x08,0x82,0x10,0xA3,0x18,0x09,0x42,0x14,0xA5,0x34,0xA5,0x8A,0x52,0x0C,0x63,
	0x54,0xA5,0x8E,0x73,0xA3,0x18,0xE4,0x20,0x0C,0x63,0x08,0x42,0xEC,0x62,0x69,0x4A,0x75,0xAD,0x29,0x42,
	0x24,0x19,0xAA,0x62,0x0B,0xB3,0xE8,0xB9,0x65,0xA1,0x86,0x89,0xD3,0xC4,0xAB,0xBA,0xE7,0xB9,0x45,0xA9,
	0x65,0xB1,0x45,0xB9,0x85,0xC1,0x44,0xB1,0x24,0x99,0x24,0x59,0x4D,0x73,0xEF,0x6B,0xA7,0x29,0x20,0x00,
	0x41,0x08,0xAF,0x73,0xC3,0x18,0xE4,0x18,0x86,0x29,0x82,0x10,0x41,0x00,0x51,0x7C,0xC8,0x31,0x41,0x08,
	0xE3,0x18,0xE4,0x18,0xE4,0x18,0x11,0x74,0x45,0x21,0xCA,0x5A,0xD6,0xB5,0xDA,0xD6,0x54,0xA5,0xAA,0x52,
	0xFA,0xDE,0x79,0xCE,0xF6,0xBD,0x0B,0x63,0xE8,0x39,0xF0,0x73,0xC3,0x18,0x45,0x21,0x24,0x29,0xA2,0x18,
	0xCB,0x4A,0x6E,0x63,0x82,0x10,0xE3,0x18,0xC3,0x18,0xE7,0x39,0x00,0x00,0x04,0x21,0xD3,0x8C,0xE3,0x18,
	0x21,0x00,0x21,0x00,0x41,0x18,0xA3,0x50,0x45,0x99,0x65,0xD1,0x48,0xDA,0xEB,0xD2,0x65,0xD1,0x86,0xD1,
	0x66,0xD1,0x69,0xCA,0x89,0xBA,0x65,0xA9,0x89,0xBA,0x8A,0xCA,0x6D,0xC3,0xEF,0x9B,0xAA,0x52,0xE3,0x18,
	0xC3,0x18,0x38,0xC6,0x71,0x8C,0xCB,0x5A,0x8A,0x52,0x49,0x4A,0xC3,0x18,0xC4,0x18,0xC4,0x18,0xC3,0x18,
	0xE4,0x20,0xE4,0x20,0xE4,0x20,0x25,0x21,0x86,0x31,0xE3,0x20,0xA2,0x18,0xC3,0x18,0x25,0x21,0xCF,0x73,
	0x92,0x94,0x4D,0x6B,0xC7,0x39,0x00,0x00,0x20,0x00,0x00,0x00,0x21,0x08,0x28,0x42,0x8E,0x73,0x2D,0x63,
	0x0C,0x5B,0x45,0x29,0xE4,0x20,0x49,0x4A,0x6A,0x4A,0x82,0x10,0x00,0x00,0x28,0x42,0x66,0x31,0x00,0x00,
	0x00,0x00,0x00,0x00,0x00,0x00,0x00,0x00,0x00,0x00,0x00,0x00,0x00,0x00,0x00,0x00,0x00,0x00,0x00,0x00,
	0x00,0x00,0x00,0x00,0x00,0x00,0x00,0x00,0x00,0x00,0x00,0x00,0xA3,0x18,0x49,0x4A,0xC7,0x31,0x69,0x4A,
	0x61,0x08,0x20,0x00,0x00,0x00,0x41,0x08,0x82,0x10,0x82,0x10,0xA7,0x31,0x08,0x42,0x55,0xAD,0x2D,0x63,
	0x72,0x8C,0x4D,0x6B,0xA3,0x18,0xC3,0x18,0xE4,0x20,0x69,0x4A,0x8A,0x52,0x51,0x8C,0x75,0xAD,0x69,0x4A,
	0x49,0x42,0xE4,0x18,0x08,0x3A,0x0C,0x8B,0xCB,0xBA,0x28,0xC2,0x65,0x91,0xC7,0x91,0x29,0xAA,0x89,0xBA,
	0x86,0xB1,0x85,0xB9,0x44,0xB1,0x65,0xB1,0xAA,0xC2,0xA6,0xC1,0x24,0xA1,0xE8,0x89,0x45,0x49,0x00,0x00,
	0x66,0x29,0x14,0x95,0x41,0x08,0x09,0x3A,0x51,0x7C,0xB3,0x8C,0x86,0x31,0x82,0x10,0x45,0x29,0x66,0x29,
	0x61,0x08,0x62,0x08,0x41,0x08,0xCF,0x6B,0x24,0x21,0x40,0x08,0xA2,0x10,0xA6,0x31,0x65,0x31,0x04,0x21,
	0x28,0x42,0xA6,0x31,0xC3,0x18,0x41,0x08,0x86,0x29,0x8E,0x63,0x61,0x08,0x62,0x10,0xA2,0x10,0xE4,0x20,
	0x82,0x10,0xA2,0x10,0x41,0x08,0x00,0x00,0x24,0x21,0x10,0x7C,0x65,0x29,0xA2,0x10,0x8E,0x5B,0xAB,0x52,
	0x41,0x28,0x04,0x71,0x86,0xB1,0xC7,0xD9,0xA6,0xD9,0x66,0xD9,0x08,0xCA,0xD6,0xE5,0x49,0xCA,0x48,0xD2,
	0x8A,0xBA,0x65,0xA1,0x89,0xBA,0x69,0xD2,0x0C,0xCB,0x10,0xAC,0x6D,0x6B,0x65,0x29,0xE3,0x18,0x2C,0x63,
	0xC3,0x18,0xA7,0x39,0x99,0xD6,0x8E,0x73,0xA7,0x39,0x82,0x10,0xA3,0x18,0xE4,0x18,0xE4,0x18,0xE4,0x20,
	0xE4,0x20,0xE4,0x18,0x25,0x21,0x86,0x29,0x24,0x21,0x86,0x31,0xC7,0x31,0x45,0x29,0x49,0x42,0xF3,0x9C,
	0x0C,0x5B,0xAA,0x52,0x62,0x10,0x00,0x00,0x00,0x00,0x00,0x00,0x00,0x00,0x00,0x00,0xA3,0x18,0xC7,0x39,
	0x45,0x29,0x00,0x00,0x00,0x00,0x00,0x00,0xA6,0x31,0xC7,0x39,0x28,0x42,0x08,0x42,0x21,0x08,0x00,0x00,
	0x00,0x00,0x00,0x00,0x00,0x00,0x00,0x00,0x00,0x00,0x00,0x00,0x00,0x00,0x00,0x00,0x00,0x00,0x00,0x00,
	0x00,0x00,0x00,0x00,0x00,0x00,0x00,0x00,0x00,0x00,0x00,0x00,0x20,0x00,0x8A,0x52,0xE4,0x18,0x2C,0x63,
	0x10,0x84,0x24,0x21,0x00,0x00,0x00,0x00,0x21,0x08,0x82,0x10,0xC3,0x18,0x65,0x29,0xF3,0x9C,0x8A,0x4A,
	0x82,0x10,0xA3,0x10,0x04,0x21,0x08,0x42,0x45,0x29,0xE3,0x18,0x0C,0x63,0x9A,0xD6,0x08,0x42,0x4D,0x6B,
	0xE7,0x39,0x0C,0x63,0xE4,0x18,0xA6,0x31,0xAA,0x5A,0xEF,0xAB,0x8A,0xC2,0x65,0xA9,0x86,0x99,0xC6,0x99,
	0xAA,0xB2,0x08,0xB2,0x86,0xB1,0xAA,0xB2,0x34,0xD5,0x45,0xA9,0x85,0xC1,0x65,0xC1,0x86,0xB9,0x65,0x99,
	0x65,0x69,0xE7,0x51,0x21,0x10,0xCF,0x6B,0x31,0x74,0xCB,0x52,0x41,0x08,0x65,0x29,0x10,0x74,0xEC,0x5A,
	0x2D,0x5B,0x29,0x42,0x4D,0x63,0x4D,0x63,0x82,0x10,0x41,0x08,0x61,0x08,0x66,0x29,0x86,0x29,0x61,0x08,
	0x82,0x10,0x82,0x10,0x21,0x08,0x41,0x08,0x62,0x08,0x8A,0x4A,0x2D,0x63,0x0C,0x5B,0x62,0x08,0xEF,0x73,
	0xC3,0x18,0x00,0x00,0x61,0x08,0x00,0x00,0xAA,0x4A,0x92,0x84,0xCF,0x73,0x86,0x49,0xE3,0x60,0x45,0x99,
	0xA6,0xC9,0xA6,0xD9,0x86,0xD9,0x66,0xD1,0x66,0xD1,0xA6,0xD1,0x45,0xC9,0x30,0xD4,0x71,0xCC,0x45,0xA1,
	0xCB,0xBA,0x49,0xC2,0xEC,0xCA,0xEF,0xBB,0x0F,0x8C,0x89,0x4A,0x45,0x29,0xE7,0x41,0x82,0x10,0x69,0x52,
	0x2C,0x6B,0x21,0x08,0x2C,0x6B,0x99,0xD6,0x04,0x21,0xAB,0x52,0xA7,0x31,0x83,0x10,0x04,0x21,0xE4,0x20,
	0xE4,0x20,0x45,0x29,0x86,0x31,0x24,0x21,0x04,0x21,0xA2,0x10,0x82,0x10,0xE8,0x39,0x51,0x84,0x10,0x7C,
	0x49,0x42,0x28,0x42,0x00,0x00,0x00,0x00,0x00,0x00,0x00,0x00,0x00,0x00,0x00,0x00,0x00,0x00,0x00,0x00,
	0x00,0x00,0x00,0x00,0x00,0x00,0x00,0x00,0x00,0x00,0x00,0x00,0xA3,0x18,0x00,0x00,0x00,0x00,0x00,0x00,
	0x00,0x00,0x00,0x00,0x00,0x00,0x00,0x00,0x00,0x00,0x00,0x00,0x00,0x00,0x00,0x00,0x00,0x00,0x00,0x00,
	0x00,0x00,0x00,0x00,0x00,0x00,0x00,0x00,0x00,0x00,0x00,0x00,0x00,0x00,0x08,0x3A,0x24,0x21,0x29,0x42,
	0xD3,0x94,0xD2,0x94,0x44,0x21,0x20,0x00,0x00,0x00,0x21,0x08,0x82,0x10,0xA2,0x10,0xA7,0x39,0x2D,0x63,
	0xE4,0x20,0xE4,0x18,0x25,0x21,0x3C,0xE7,0x6E,0x73,0xA2,0x10,0x38,0xC6,0xAB,0x52,0x0C,0x63,0x66,0x31,
	0x8E,0x73,0x86,0x31,0xAE,0x73,0x66,0x29,0x86,0x29,0x66,0x29,0x0C,0x6B,0x4D,0xB3,0x69,0xC2,0x86,0xB1,
	0x85,0x91,0x08,0x9A,0x49,0xAA,0x14,0xD5,0x0D,0xBB,0x24,0xB1,0x45,0xB1,0x65,0xB1,0x65,0xB9,0x65,0xC1,
	0x85,0xC1,0x24,0xB1,0x44,0x99,0x45,0x79,0x8A,0x82,0x28,0x5A,0x00,0x08,0xC7,0x31,0xCF,0x6B,0x08,0x3A,
	0x51,0x7C,0xAF,0x6B,0x92,0x84,0x6E,0x63,0x61,0x10,0x00,0x00,0xCF,0x73,0x72,0x84,0x11,0x7C,0xA3,0x18,
	0xCB,0x52,0x6E,0x6B,0x00,0x00,0x41,0x08,0xA3,0x18,0x14,0x95,0xCF,0x6B,0x76,0x9D,0x82,0x08,0x6D,0x63,
	0x2D,0x5B,0x00,0x00,0x41,0x10,0x41,0x28,0x86,0x61,0xE7,0x89,0x45,0xA1,0x65,0xC1,0xA6,0xD9,0x86,0xD9,
	0x66,0xD1,0x45,0xC9,0x65,0xC9,0xA6,0xD1,0xA6,0xD1,0x28,0xCA,0xAA,0xBA,0xA6,0xA1,0xEF,0xC3,0x49,0xBA,
	0xCC,0xD2,0xCF,0xC3,0x30,0x9C,0x0C,0x63,0xC7,0x31,0x45,0x29,0xC3,0x18,0x8E,0x6B,0xC7,0x39,0x41,0x08,
	0x6D,0x6B,0x28,0x42,0x00,0x00,0x50,0x8C,0xCB,0x5A,0xE8,0x39,0x55,0xAD,0x24,0x21,0xC4,0x18,0xE4,0x20,
	0x65,0x29,0x86,0x31,0x04,0x21,0x04,0x21,0x21,0x08,0x00,0x00,0x08,0x42,0xF7,0xB5,0xF3,0x9C,0xEB,0x5A,
	0x69,0x42,0x65,0x29,0x00,0x00,0x00,0x00,0x00,0x00,0x00,0x00,0x00,0x00,0x00,0x00,0x00,0x00,0x00,0x00,
	0x00,0x00,0x00,0x00,0x00,0x00,0x00,0x00,0x00,0x00,0x00,0x00,0x00,0x00,0x00,0x00,0x00,0x00,0x00,0x00,
	0x00,0x00,0x00,0x00,0x00,0x00,0x00,0x00,0x00,0x00,0x00,0x00,0x00,0x00,0x00,0x00,0x00,0x00,0x00,0x00,
	0x00,0x00,0x00,0x00,0x00,0x00,0x00,0x00,0x00,0x00,0x00,0x00,0x00,0x00,0x86,0x31,0xA6,0x31,0x45,0x29,
	0xCF,0x73,0x55,0xA5,0xF3,0x9C,0x45,0x29,0xA3,0x10,0x00,0x00,0x21,0x08,0x82,0x10,0xA3,0x18,0x04,0x21,
	0x45,0x29,0xE4,0x20,0x51,0x8C,0xCB,0x5A,0xB6,0xB5,0x4D,0x6B,0x2D,0x6B,0xE3,0x18,0xC3,0x18,0xAA,0x52,
	0x28,0x42,0xEB,0x5A,0x28,0x42,0xEC,0x5A,0x6A,0x52,0x6D,0x6B,0x25,0x21,0x29,0x42,0x4D,0x7B,0x2C,0xAB,
	0x69,0xC2,0xA6,0xB1,0xA6,0x99,0x6D,0xAB,0x28,0xA2,0x8A,0xBA,0x28,0xBA,0xA6,0xB9,0x65,0xB1,0x45,0xB1,
	0x04,0xB1,0xCB,0xBA,0xCA,0xCA,0x65,0xC1,0x45,0xC1,0x45,0xB1,0x65,0xA1,0x04,0x81,0xE7,0x81,0x0C,0x8B,
	0x65,0x49,0xEC,0x6A,0x8E,0x73,0x29,0x42,0x00,0x00,0x00,0x00,0x6E,0x63,0xF0,0x6B,0x71,0x7C,0x66,0x21,
	0xE8,0x39,0x92,0x84,0x00,0x00,0x21,0x00,0x00,0x00,0xEB,0x5A,0xAF,0x73,0x4D,0x6B,0xA3,0x30,0x45,0x51,
	0xA6,0x79,0x24,0x81,0x66,0xA9,0xA6,0xC1,0x85,0xD1,0x65,0xD1,0xA6,0xD9,0x8D,0xD3,0xE7,0xC1,0x45,0xC9,
	0x65,0xD1,0xC7,0xD1,0xA6,0xD1,0x28,0xCA,0xAA,0xBA,0x45,0xA1,0xAA,0xBA,0x49,0xC2,0x0C,0xD3,0x10,0xC4,
	0x50,0xA4,0x6D,0x6B,0xE8,0x39,0xE4,0x20,0x25,0x21,0xCF,0x7B,0xE4,0x18,0x25,0x21,0xCE,0x73,0x04,0x21,
	0x04,0x21,0x24,0x21,0xE8,0x39,0xB2,0x94,0x29,0x4A,0x41,0x08,0xCB,0x5A,0xF7,0xBD,0xE4,0x18,0x66,0x29,
	0xA6,0x31,0xE4,0x20,0x24,0x21,0xE3,0x18,0x00,0x00,0xA7,0x31,0x38,0xC6,0x76,0xAD,0xF0,0x7B,0x08,0x3A,
	0xEB,0x5A,0xA6,0x31,0x00,0x00,0x00,0x00,0x00,0x00,0x00,0x00,0x00,0x00,0x00,0x00,0x00,0x00,0x00,0x00,
	0x00,0x00,0x00,0x00,0x00,0x00,0x00,0x00,0x00,0x00,0x00,0x00,0x00,0x00,0x00,0x00,0x00,0x00,0x00,0x00,
	0x00,0x00,0x00,0x00,0x00,0x00,0x00,0x00,0x00,0x00,0x00,0x00,0x00,0x00,0x00,0x00,0x00,0x00,0x00,0x00,
	0x00,0x00,0x00,0x00,0x00,0x00,0x00,0x00,0x00,0x00,0x00,0x00,0x00,0x00,0x61,0x08,0xA6,0x31,0xC3,0x18,
	0x0C,0x63,0xD3,0x94,0xD7,0xB5,0xD3,0x94,0x25,0x21,0x62,0x08,0x20,0x00,0x20,0x00,0x62,0x10,0xC3,0x18,
	0x24,0x21,0x49,0x4A,0xD7,0xBD,0x51,0x84,0xAF,0x73,0xC7,0x39,0x31,0x84,0xD3,0x9C,0x65,0x29,0x04,0x21,
	0x66,0x31,0x0C,0x63,0x08,0x3A,0xEC,0x62,0xAE,0x73,0xB6,0xB5,0xC7,0x39,0x86,0x31,0x25,0x21,0x69,0x42,
	0x4D,0x7B,0x8E,0xAB,0x0C,0xC3,0x08,0xB2,0xC6,0xA1,0x86,0x91,0x89,0xAA,0x28,0xB2,0x8A,0xBA,0xE7,0xB9,
	0x65,0xA9,0xD2,0xCC,0xAA,0xBA,0x04,0xB1,0x85,0xB9,0x65,0xC1,0x65,0xC1,0x86,0xC9,0x65,0xC9,0x24,0xB9,
	0x45,0xB1,0x44,0xA9,0x65,0xA1,0x86,0x99,0x45,0x89,0x24,0x81,0x04,0x71,0xE7,0x81,0xC7,0x79,0xE4,0x68,
	0x45,0x71,0x86,0x71,0x04,0x71,0x24,0x79,0x45,0x89,0x24,0x91,0x86,0xA9,0x24,0xA9,0x65,0xC1,0x86,0xC9,
	0x66,0xD1,0x86,0xD9,0x86,0xD1,0x65,0xD1,0x65,0xD1,0x65,0xD1,0x04,0xC1,0xD3,0xD4,0x4D,0xCB,0xC7,0xC9,
	0x08,0xCA,0x08,0xBA,0xAA,0xBA,0x45,0xB1,0x8A,0xC2,0x8A,0xCA,0x2D,0xD3,0x30,0xC4,0x51,0xA4,0x8E,0x73,
	0x28,0x42,0xC3,0x18,0x86,0x31,0x2D,0x6B,0x62,0x08,0x8A,0x52,0x4D,0x6B,0x62,0x10,0x08,0x42,0x86,0x31,
	0xE4,0x20,0x62,0x08,0x51,0x8C,0x71,0x8C,0x10,0x84,0x91,0x94,0x82,0x10,0xAA,0x52,0xC7,0x39,0x65,0x29,
	0x04,0x21,0xE3,0x18,0x65,0x29,0x04,0x21,0x24,0x21,0x38,0xC6,0x18,0xBE,0xF3,0x9C,0x4D,0x6B,0xC7,0x31,
	0xAA,0x52,0x41,0x08,0x00,0x00,0x00,0x00,0x00,0x00,0x00,0x00,0x00,0x00,0x00,0x00,0x00,0x00,0x00,0x00,
	0x00,0x00,0x00,0x00,0x00,0x00,0x00,0x00,0x00,0x00,0x00,0x00,0x00,0x00,0x00,0x00,0x00,0x00,0x00,0x00,
	0x00,0x00,0x00,0x00,0x00,0x00,0x00,0x00,0x00,0x00,0x00,0x00,0x00,0x00,0x00,0x00,0x00,0x00,0x00,0x00,
	0x00,0x00,0x00,0x00,0x00,0x00,0x00,0x00,0x00,0x00,0x00,0x00,0x00,0x00,0x00,0x00,0x49,0x4A,0xC3,0x18,
	0x08,0x42,0x71,0x8C,0x34,0xA5,0x18,0xBE,0xB2,0x94,0x41,0x08,0x61,0x08,0x20,0x00,0x00,0x00,0x62,0x10,
	0xC3,0x18,0xE4,0x20,0xAB,0x5A,0xCB,0x5A,0x86,0x31,0xF3,0x9C,0x50,0x84,0xB6,0xB5,0xE7,0x39,0xE3,0x18,
	0xE4,0x20,0x62,0x10,0xAB,0x52,0xE7,0x39,0x9A,0xD6,0xE7,0x39,0x4D,0x6B,0xC7,0x39,0xEB,0x62,0xE4,0x20,
	0xA6,0x31,0x29,0x3A,0x8E,0x73,0xCF,0xAB,0x0C,0xC3,0x8A,0xC2,0xC6,0xB1,0xA6,0xA1,0x65,0x91,0x49,0xAA,
	0xAA,0xAA,0x14,0xD5,0x08,0xB2,0xE7,0xB9,0x65,0xB1,0x65,0xB9,0x44,0xB1,0x65,0xB9,0x04,0xB9,0xEB,0xC2,
	0x4D,0xC3,0x24,0xB9,0x85,0xC1,0x85,0xC9,0x86,0xC9,0xA6,0xC9,0xA6,0xC9,0x65,0xC9,0xC7,0xC1,0xC7,0xC9,
	0xA6,0xD1,0x66,0xD1,0xA6,0xD9,0xA6,0xD1,0x86,0xD1,0x86,0xD1,0x45,0xD1,0xCA,0xCA,0x0B,0xCB,0x24,0xC9,
	0x65,0xC9,0x65,0xC9,0x65,0xD1,0x65,0xC9,0x65,0xD1,0x07,0xD2,0xA6,0xC9,0x4D,0xC3,0x92,0xCC,0x66,0xA1,
	0x8A,0xB2,0xA6,0xB1,0x8A,0xCA,0xCB,0xD2,0xAE,0xD3,0x51,0xC4,0x51,0x9C,0x8E,0x6B,0x08,0x42,0x82,0x10,
	0x4D,0x6B,0x34,0xA5,0x42,0x08,0x6D,0x6B,0xE8,0x39,0x82,0x10,0x4D,0x6B,0x66,0x31,0xC3,0x18,0xE4,0x20,
	0x04,0x21,0xE4,0x20,0x65,0x29,0x92,0x94,0xEF,0x7B,0xB6,0xB5,0xE7,0x39,0x66,0x29,0xA7,0x39,0x86,0x31,
	0xA6,0x31,0xA6,0x31,0xC7,0x39,0xC7,0x39,0x96,0xB5,0x9A,0xCE,0x96,0xB5,0x92,0x8C,0xAA,0x52,0xC7,0x39,
	0xE8,0x39,0x00,0x00,0x00,0x00,0x00,0x00,0x00,0x00,0x00,0x00,0x00,0x00,0x00,0x00,0x00,0x00,0x00,0x00,
	0x00,0x00,0x00,0x00,0x00,0x00,0x00,0x00,0x00,0x00,0x00,0x00,0x00,0x00,0x00,0x00,0x00,0x00,0x00,0x00,
	0x00,0x00,0x00,0x00,0x00,0x00,0x00,0x00,0x00,0x00,0x00,0x00,0x00,0x00,0x00,0x00,0x00,0x00,0x00,0x00,
	0x00,0x00,0x00,0x00,0x00,0x00,0x00,0x00,0x00,0x00,0x00,0x00,0x00,0x00,0x00,0x00,0x69,0x4A,0x24,0x21,
	0x24,0x21,0x8E,0x73,0x34,0xA5,0x75,0xAD,0x9A,0xCE,0x30,0x84,0x00,0x00,0x20,0x00,0x00,0x00,0x00,0x00,
	0x62,0x10,0xC3,0x18,0xE3,0x18,0xA3,0x10,0xCF,0x73,0xD2,0x94,0x04,0x21,0x04,0x21,0xE4,0x20,0xE4,0x20,
	0x49,0x4A,0xAA,0x52,0x21,0x08,0x55,0xAD,0xB2,0x94,0xAA,0x52,0x08,0x42,0xCB,0x5A,0x08,0x42,0x2C,0x63,
	0xC7,0x39,0xC7,0x39,0x24,0x21,0x08,0x3A,0xEC,0x62,0xAE,0x93,0xCF,0xBB,0x2D,0xC3,0x49,0xBA,0xA6,0xB1,
	0xA9,0xAA,0xCA,0xA2,0x08,0xA2,0xE8,0xA9,0x8A,0xC2,0x07,0xBA,0x69,0xC2,0xA7,0xB9,0x65,0xB9,0x10,0xCC,
	0xAE,0xC3,0x04,0xB9,0x65,0xB9,0x44,0xB9,0x65,0xB9,0x45,0xB9,0x65,0xC1,0x24,0xB9,0x51,0xCC,0xAA,0xC2,
	0x04,0xC1,0x65,0xC1,0x44,0xC1,0x45,0xC1,0x45,0xC1,0x65,0xC1,0xE4,0xB8,0x6D,0xCB,0xD2,0xD4,0x45,0xC1,
	0xA6,0xC9,0xE7,0xD1,0x08,0xD2,0xE8,0xC9,0x69,0xCA,0xE7,0xB9,0xAA,0xBA,0x86,0xA1,0xF0,0xC3,0x28,0xBA,
	0xCB,0xD2,0x6E,0xD3,0x30,0xCC,0x92,0xAC,0x10,0x84,0x0C,0x5B,0xC7,0x39,0xA3,0x18,0x28,0x42,0x29,0x4A,
	0x65,0x29,0xDB,0xDE,0x29,0x42,0x25,0x21,0x8E,0x73,0xE4,0x20,0xE4,0x20,0x04,0x21,0x04,0x21,0x04,0x21,
	0x04,0x21,0x04,0x21,0xE4,0x20,0x82,0x10,0xCF,0x7B,0xAA,0x52,0x86,0x31,0xC7,0x39,0x24,0x21,0x82,0x10,
	0x04,0x19,0x86,0x31,0x45,0x21,0x55,0xA5,0xBB,0xD6,0xF7,0xBD,0x75,0xAD,0xEF,0x7B,0x08,0x3A,0x08,0x42,
	0xC7,0x39,0x00,0x00,0x00,0x00,0x00,0x00,0x00,0x00,0x00,0x00,0x00,0x00,0x00,0x00,0x00,0x00,0x00,0x00,
	0x00,0x00,0x00,0x00,0x00,0x00,0x00,0x00,0x00,0x00,0x00,0x00,0x00,0x00,0x00,0x00,0x00,0x00,0x00,0x00,
	0x00,0x00,0x00,0x00,0x00,0x00,0x00,0x00,0x00,0x00,0x00,0x00,0x00,0x00,0x00,0x00,0x00,0x00,0x00,0x00,
	0x00,0x00,0x00,0x00,0x00,0x00,0x00,0x00,0x00,0x00,0x00,0x00,0x00,0x00,0x00,0x00,0x86,0x31,0x07,0x3A,
	0x82,0x10,0xAA,0x52,0xB3,0x94,0x76,0xAD,0xB6,0xB5,0xBA,0xD6,0x6A,0x4A,0x61,0x08,0x00,0x00,0x00,0x00,
	0x20,0x00,0x41,0x08,0xC3,0x18,0x24,0x21,0x04,0x21,0xAE,0x73,0x0C,0x63,0xC3,0x18,0x04,0x21,0x66,0x29,
	0x75,0xAD,0x91,0x8C,0xEF,0x7B,0xD2,0x94,0x45,0x29,0x08,0x42,0x86,0x31,0x2C,0x63,0x86,0x31,0x4D,0x6B,
	0xC7,0x39,0xEC,0x62,0x8E,0x73,0xCF,0x7B,0xE4,0x18,0xC7,0x31,0x69,0x42,0x6E,0x73,0x10,0x9C,0xEF,0xBB,
	0x0F,0xCC,0x0C,0xC3,0x49,0xBA,0xC7,0xA9,0xC7,0xA9,0xA6,0xA1,0x07,0xAA,0x08,0xB2,0x08,0xB2,0xB2,0xCC,
	0xCB,0xBA,0x49,0xC2,0xC7,0xC1,0x28,0xC2,0xC7,0xB9,0x08,0xC2,0xE7,0xC9,0x86,0xB9,0xB3,0xD4,0xEB,0xC2,
	0x85,0xB9,0xA6,0xC1,0xE7,0xC1,0xC7,0xC1,0x28,0xCA,0xC7,0xC9,0x49,0xCA,0xCB,0xC2,0xF3,0xD4,0xC7,0xB9,
	0x8A,0xC2,0x86,0xB1,0xAA,0xBA,0x66,0xB1,0x69,0xBA,0x08,0xBA,0xCB,0xCA,0x2C,0xD3,0xF0,0xD3,0x92,0xCC,
	0x92,0xBC,0x31,0x94,0x6D,0x6B,0x69,0x4A,0x86,0x31,0xA2,0x10,0x69,0x52,0x08,0x42,0x25,0x21,0xF0,0x83,
	0x41,0x08,0x10,0x84,0xB6,0xB5,0xA3,0x10,0x65,0x29,0xE4,0x20,0x04,0x21,0x04,0x21,0x04,0x21,0x04,0x21,
	0x04,0x21,0x04,0x21,0x04,0x21,0x45,0x29,0x86,0x31,0xA6,0x31,0xA6,0x39,0x04,0x21,0x00,0x00,0x00,0x00,
	0x00,0x00,0xE4,0x20,0xEF,0x7B,0xDB,0xDE,0x38,0xC6,0xF7,0xBD,0x14,0x9D,0x4D,0x6B,0xC7,0x39,0x08,0x42,
	0x82,0x10,0x00,0x00,0x00,0x00,0x00,0x00,0x00,0x00,0x00,0x00,0x00,0x00,0x00,0x00,0x00,0x00,0x00,0x00,
	0x00,0x00,0x00,0x00,0x00,0x00,0x00,0x00,0x00,0x00,0x00,0x00,0x00,0x00,0x00,0x00,0x00,0x00,0x00,0x00,
	0x00,0x00,0x00,0x00,0x00,0x00,0x00,0x00,0x00,0x00,0x00,0x00,0x00,0x00,0x00,0x00,0x00,0x00,0x00,0x00,
	0x00,0x00,0x00,0x00,0x00,0x00,0x00,0x00,0x00,0x00,0x00,0x00,0x00,0x00,0x00,0x00,0x82,0x10,0x28,0x42,
	0x62,0x08,0xC7,0x39,0x10,0x84,0x55,0xA5,0x76,0xAD,0x59,0xC6,0xF3,0x9C,0x8A,0x4A,0xEB,0x5A,0x82,0x10,
	0x00,0x00,0x21,0x00,0x20,0x08,0xA2,0x18,0x04,0x21,0xE4,0x18,0x45,0x29,0x65,0x29,0xC3,0x18,0x10,0x84,
	0x75,0xAD,0x6A,0x52,0xA6,0x31,0xCB,0x5A,0x4D,0x6B,0xA3,0x18,0x66,0x29,0x04,0x21,0x2C,0x63,0xA6,0x31,
	0x4D,0x6B,0xA7,0x31,0x59,0xCE,0xCB,0x5A,0x2C,0x63,0x66,0x31,0x08,0x42,0x04,0x21,0xE8,0x39,0x69,0x4A,
	0x8E,0x73,0x10,0x94,0x51,0xB4,0x51,0xCC,0xEF,0xD3,0x6D,0xCB,0xAA,0xC2,0x89,0xBA,0x08,0xAA,0x6D,0xBB,
	0xE7,0x99,0x49,0xB2,0xC7,0xA1,0x49,0xB2,0xE7,0xA9,0x27,0xB2,0x69,0xBA,0xA7,0xA9,0x51,0xCC,0x6A,0xB2,
	0x89,0xBA,0x86,0xB1,0xCA,0xC2,0xA6,0xA9,0xAA,0xBA,0x86,0xA9,0xCA,0xC2,0xC7,0xA1,0xEF,0xC3,0xE7,0xA9,
	0xAA,0xC2,0x8A,0xC2,0x4D,0xD3,0x8F,0xD3,0x30,0xDC,0xD3,0xD4,0xD3,0xC4,0xD2,0xAC,0x71,0x94,0x6D,0x6B,
	0x28,0x42,0xA7,0x31,0x86,0x31,0xA3,0x18,0xCB,0x5A,0x49,0x4A,0xA6,0x31,0xAE,0x73,0x41,0x08,0x0C,0x63,
	0x8A,0x52,0xE4,0x20,0x79,0xCE,0x6A,0x4A,0xA6,0x31,0x28,0x42,0xE4,0x18,0x04,0x21,0x04,0x21,0x04,0x21,
	0x04,0x21,0xE4,0x20,0x45,0x29,0xE8,0x39,0xE8,0x41,0xC6,0x39,0x24,0x21,0x61,0x08,0x00,0x00,0x41,0x08,
	0x69,0x4A,0x8E,0x73,0xB7,0xB5,0xBA,0xD6,0x38,0xC6,0xD7,0xB5,0x72,0x8C,0xAB,0x52,0xC7,0x39,0x49,0x4A,
	0x00,0x00,0x00,0x00,0x00,0x00,0x00,0x00,0x00,0x00,0x00,0x00,0x00,0x00,0x00,0x00,0x00,0x00,0x00,0x00,
	0x00,0x00,0x00,0x00,0x00,0x00,0x00,0x00,0x00,0x00,0x00,0x00,0x00,0x00,0x00,0x00,0x00,0x00,0x00,0x00,
	0x00,0x00,0x00,0x00,0x00,0x00,0x00,0x00,0x00,0x00,0x00,0x00,0x00,0x00,0x00,0x00,0x00,0x00,0x00,0x00,
	0x00,0x00,0x00,0x00,0x00,0x00,0x00,0x00,0x00,0x00,0x00,0x00,0x00,0x00,0x00,0x00,0x00,0x00,0xA6,0x31,
	0xA2,0x10,0x04,0x21,0x2D,0x63,0xF3,0x9C,0x75,0xAD,0xF7,0xBD,0x18,0xBE,0x29,0x42,0x6E,0x6B,0x51,0x84,
	0x49,0x42,0x00,0x00,0x41,0x08,0x00,0x00,0x61,0x08,0x04,0x21,0x45,0x29,0x66,0x29,0x45,0x29,0x34,0xA5,
	0x10,0x84,0xA7,0x31,0xE4,0x20,0x6E,0x6B,0xB6,0xB5,0xD3,0x9C,0xA3,0x18,0x24,0x21,0x04,0x21,0x45,0x29,
	0x49,0x4A,0x4D,0x6B,0x96,0xAD,0x28,0x42,0xAB,0x5A,0x8A,0x52,0x8A,0x4A,0x6A,0x4A,0xE8,0x39,0xA7,0x31,
	0x65,0x29,0xC7,0x31,0x49,0x42,0x0C,0x5B,0xEF,0x7B,0x71,0x9C,0xB2,0xB4,0xD3,0xC4,0xF3,0xD4,0xB2,0xD4,
	0x70,0xD4,0xEF,0xD3,0xAE,0xCB,0xAE,0xCB,0x2C,0xC3,0xCB,0xBA,0xCB,0xBA,0x8A,0xB2,0x8E,0xC3,0xAB,0xB2,
	0xAA,0xC2,0xAA,0xC2,0xEB,0xCA,0x0C,0xC3,0x6D,0xD3,0x8D,0xD3,0xCF,0xD3,0x10,0xD4,0xB2,0xDC,0xF3,0xDC,
	0xF3,0xD4,0x34,0xCD,0x35,0xC5,0xD3,0xA4,0x92,0x94,0xAE,0x73,0xEB,0x5A,0x28,0x42,0x45,0x29,0x65,0x29,
	0x51,0x84,0x25,0x21,0x4D,0x63,0xC7,0x39,0x04,0x21,0xAE,0x73,0x50,0x8C,0x0C,0x63,0x08,0x3A,0x04,0x21,
	0xE7,0x39,0x62,0x10,0xAF,0x7B,0x8A,0x52,0x86,0x31,0x75,0xAD,0xC3,0x18,0x04,0x21,0x04,0x21,0xE4,0x20,
	0x24,0x21,0xC7,0x39,0x49,0x4A,0x08,0x42,0xC7,0x39,0x86,0x31,0x24,0x21,0x41,0x08,0xE4,0x20,0x8E,0x6B,
	0x92,0x8C,0xEF,0x7B,0x9A,0xCE,0x79,0xCE,0x18,0xBE,0x75,0xAD,0xCF,0x7B,0x49,0x42,0xC7,0x39,0x6A,0x52,
	0x00,0x00,0x00,0x00,0x00,0x00,0x00,0x00,0x00,0x00,0x00,0x00,0x00,0x00,0x00,0x00,0x00,0x00,0x00,0x00,
	0x00,0x00,0x00,0x00,0x00,0x00,0x00,0x00,0x00,0x00,0x00,0x00,0x00,0x00,0x00,0x00,0x00,0x00,0x00,0x00,
	0x00,0x00,0x00,0x00,0x00,0x00,0x00,0x00,0x00,0x00,0x00,0x00,0x00,0x00,0x00,0x00,0x00,0x00,0x00,0x00,
	0x00,0x00,0x00,0x00,0x00,0x00,0x00,0x00,0x00,0x00,0x00,0x00,0x00,0x00,0x00,0x00,0x00,0x00,0xC7,0x39,
	0x04,0x21,0x82,0x10,0x49,0x42,0x71,0x8C,0x55,0xA5,0x96,0xB5,0x9A,0xCE,0x2C,0x63,0x08,0x3A,0x8E,0x6B,
	0x71,0x84,0x49,0x4A,0x66,0x29,0xC3,0x18,0x20,0x00,0x41,0x08,0xE3,0x18,0x45,0x29,0x65,0x29,0x85,0x29,
	0x10,0x84,0x66,0x29,0xB2,0x94,0x10,0x84,0x6D,0x6B,0x49,0x4A,0xE4,0x20,0x04,0x21,0x29,0x42,0x86,0x31,
	0x41,0x08,0x59,0xCE,0x0C,0x63,0x4D,0x6B,0x86,0x31,0x8E,0x73,0x24,0x21,0x8E,0x6B,0x86,0x31,0x4D,0x6B,
	0xEB,0x5A,0xF3,0x9C,0x24,0x21,0xA7,0x31,0x45,0x21,0xA7,0x31,0xC7,0x39,0xAA,0x4A,0x2D,0x63,0xEF,0x7B,
	0x10,0x8C,0x91,0x9C,0xF3,0xB4,0x34,0xBD,0x55,0xCD,0x55,0xCD,0x96,0xD5,0x96,0xDD,0x75,0xDD,0x96,0xDD,
	0x75,0xD5,0x95,0xDD,0x75,0xD5,0x95,0xD5,0x55,0xC5,0x54,0xBD,0x34,0xBD,0xF3,0xAC,0xB2,0x9C,0x30,0x8C,
	0x8E,0x73,0x2C,0x5B,0x69,0x4A,0x08,0x3A,0x65,0x29,0x86,0x31,0xA7,0x31,0x04,0x21,0x2C,0x63,0xE3,0x18,
	0x9A,0xCE,0xCB,0x5A,0xE7,0x39,0x2D,0x63,0x41,0x08,0x8A,0x52,0xBE,0xF7,0xF3,0x9C,0x66,0x29,0xE4,0x18,
	0xA3,0x10,0xAE,0x73,0xEF,0x7B,0x14,0xA5,0x86,0x31,0xAE,0x73,0x34,0xA5,0xC3,0x18,0x04,0x21,0x86,0x31,
	0x49,0x4A,0x8A,0x52,0xC7,0x39,0xC7,0x39,0x08,0x42,0xE8,0x39,0x65,0x29,0x0C,0x63,0xB2,0x94,0x71,0x8C,
	0x4D,0x6B,0x92,0x8C,0xDB,0xD6,0x59,0xCE,0xF7,0xBD,0x14,0xA5,0x4D,0x63,0xC7,0x39,0x69,0x4A,0x86,0x31,
	0x00,0x00,0x00,0x00,0x00,0x00,0x00,0x00,0x00,0x00,0x00,0x00,0x00,0x00,0x00,0x00,0x00,0x00,0x00,0x00,
	0x00,0x00,0x00,0x00,0x00,0x00,0x00,0x00,0x00,0x00,0x00,0x00,0x00,0x00,0x00,0x00,0x00,0x00,0x00,0x00,
	0x00,0x00,0x00,0x00,0x00,0x00,0x00,0x00,0x00,0x00,0x00,0x00,0x00,0x00,0x00,0x00,0x00,0x00,0x00,0x00,
	0x00,0x00,0x00,0x00,0x00,0x00,0x00,0x00,0x00,0x00,0x00,0x00,0x00,0x00,0x00,0x00,0x00,0x00,0x04,0x21,
	0xE7,0x39,0x41,0x08,0x86,0x29,0xAF,0x73,0x14,0x9D,0x75,0xAD,0x79,0xCE,0x51,0x8C,0xA7,0x31,0xAB,0x52,
	0x0C,0x63,0xEF,0x73,0x30,0x7C,0x6D,0x6B,0xA3,0x10,0x00,0x00,0x00,0x00,0x82,0x10,0x45,0x29,0x86,0x31,
	0x25,0x21,0x65,0x29,0x51,0x8C,0x30,0x84,0x25,0x21,0xC3,0x18,0x45,0x29,0xA3,0x10,0xAB,0x52,0xF4,0x9C,
	0xCF,0x7B,0x91,0x94,0x04,0x21,0x04,0x21,0xA6,0x31,0x8A,0x52,0x08,0x42,0xEB,0x5A,0x29,0x42,0x49,0x4A,
	0xB2,0x94,0x31,0x84,0x69,0x4A,0x08,0x42,0xCB,0x5A,0x86,0x31,0x28,0x42,0x45,0x29,0xA6,0x31,0x86,0x29,
	0xE8,0x39,0x86,0x31,0xC8,0x39,0x08,0x3A,0x49,0x4A,0x8A,0x4A,0xAB,0x52,0xCB,0x52,0x0C,0x63,0xCB,0x5A,
	0xEB,0x5A,0xEC,0x5A,0xEB,0x5A,0x8A,0x52,0x6A,0x4A,0x08,0x3A,0xE8,0x39,0xA7,0x31,0x45,0x29,0xE7,0x39,
	0x86,0x31,0x65,0x29,0x86,0x31,0xA6,0x31,0xAB,0x5A,0x24,0x21,0xCF,0x7B,0xC3,0x18,0xAE,0x73,0x04,0x21,
	0x51,0x8C,0x14,0xA5,0xC3,0x18,0xAF,0x73,0xC3,0x18,0xCB,0x5A,0x55,0xAD,0x8A,0x52,0x62,0x08,0xC7,0x39,
	0xC3,0x18,0x14,0xA5,0x8E,0x73,0x13,0x9D,0x71,0x8C,0xE4,0x18,0x92,0x8C,0x66,0x29,0x08,0x42,0xAA,0x52,
	0x89,0x4A,0x65,0x29,0x41,0x08,0x41,0x08,0xC3,0x18,0x49,0x4A,0xEF,0x73,0xB2,0x94,0x30,0x84,0xCF,0x73,
	0x0C,0x63,0x14,0x9D,0xDB,0xD6,0x59,0xC6,0xD7,0xB5,0x92,0x8C,0xAB,0x52,0xA7,0x31,0x49,0x4A,0xC3,0x18,
	0x00,0x00,0x00,0x00,0x00,0x00,0x00,0x00,0x00,0x00,0x00,0x00,0x00,0x00,0x00,0x00,0x00,0x00,0x00,0x00,
	0x00,0x00,0x00,0x00,0x00,0x00,0x00,0x00,0x00,0x00,0x00,0x00,0x00,0x00,0x00,0x00,0x00,0x00,0x00,0x00,
	0x00,0x00,0x00,0x00,0x00,0x00,0x00,0x00,0x00,0x00,0x00,0x00,0x00,0x00,0x00,0x00,0x00,0x00,0x00,0x00,
	0x00,0x00,0x00,0x00,0x00,0x00,0x00,0x00,0x00,0x00,0x00,0x00,0x00,0x00,0x00,0x00,0x00,0x00,0x82,0x10,
	0xE7,0x39,0x41,0x08,0x04,0x21,0xEC,0x5A,0xD3,0x94,0x55,0xAD,0x18,0xC6,0x55,0xA5,0xA7,0x31,0xAA,0x52,
	0x0C,0x63,0x0C,0x5B,0x2D,0x63,0x51,0x84,0x10,0x7C,0x28,0x42,0x41,0x08,0x00,0x00,0x21,0x08,0xE3,0x20,
	0xC7,0x39,0xC7,0x39,0x46,0x29,0x2D,0x63,0x69,0x4A,0x24,0x21,0xE4,0x18,0x29,0x4A,0x30,0x84,0x34,0xA5,
	0x30,0x84,0xAA,0x52,0x51,0x8C,0x49,0x4A,0x04,0x21,0xE4,0x18,0xC7,0x39,0x45,0x29,0xEC,0x5A,0x86,0x31,
	0xF7,0xBD,0x6A,0x4A,0x0C,0x63,0x45,0x29,0x6D,0x6B,0x45,0x29,0x6D,0x6B,0x86,0x31,0x2C,0x63,0xCB,0x5A,
	0x75,0xAD,0xA6,0x31,0x28,0x42,0xA6,0x31,0xA6,0x31,0x86,0x31,0x66,0x29,0x86,0x31,0x24,0x21,0x49,0x4A,
	0xA6,0x31,0x66,0x31,0x45,0x29,0xA7,0x31,0x25,0x29,0x08,0x42,0x66,0x29,0x49,0x4A,0x86,0x31,0x30,0x84,
	0xB2,0x94,0x86,0x31,0x4D,0x6B,0x04,0x21,0xAE,0x73,0xA3,0x10,0x8E,0x6B,0x25,0x21,0xAA,0x52,0x8A,0x52,
	0x28,0x42,0x9A,0xCE,0x45,0x29,0x04,0x21,0x24,0x21,0xE4,0x18,0x65,0x29,0xC7,0x39,0x4D,0x6B,0x13,0x9D,
	0xC7,0x39,0x86,0x31,0x30,0x84,0x92,0x8C,0xEF,0x7B,0xE4,0x20,0xE7,0x39,0xCB,0x5A,0xAA,0x52,0x28,0x42,
	0x66,0x31,0x00,0x00,0x00,0x00,0xA2,0x10,0x6A,0x4A,0x92,0x8C,0x30,0x7C,0xAE,0x6B,0xCF,0x73,0xAE,0x73,
	0x2C,0x63,0x96,0xAD,0xBA,0xD6,0x38,0xBE,0x96,0xAD,0xCF,0x7B,0x49,0x4A,0x86,0x29,0x8A,0x4A,0x41,0x08,
	0x00,0x00,0x00,0x00,0x00,0x00,0x00,0x00,0x00,0x00,0x00,0x00,0x00,0x00,0x00,0x00,0x00,0x00,0x00,0x00,
	0x00,0x00,0x00,0x00,0x00,0x00,0x00,0x00,0x00,0x00,0x00,0x00,0x00,0x00,0x00,0x00,0x00,0x00,0x00,0x00,
	0x00,0x00,0x00,0x00,0x00,0x00,0x00,0x00,0x00,0x00,0x00,0x00,0x00,0x00,0x00,0x00,0x00,0x00,0x00,0x00,
	0x00,0x00,0x00,0x00,0x00,0x00,0x00,0x00,0x00,0x00,0x00,0x00,0x00,0x00,0x00,0x00,0x00,0x00,0x00,0x00,
	0xAA,0x52,0xA2,0x10,0xA3,0x18,0x49,0x4A,0x91,0x8C,0x55,0xA5,0xB6,0xB5,0xF7,0xBD,0xE7,0x39,0x49,0x42,
	0xEC,0x5A,0x0C,0x63,0x4D,0x6B,0x0C,0x63,0x6D,0x6B,0x51,0x84,0xAF,0x73,0x41,0x08,0x41,0x08,0x20,0x08,
	0x61,0x08,0x04,0x21,0xC7,0x39,0x86,0x31,0x86,0x31,0xE7,0x39,0xE4,0x20,0x34,0xA5,0x10,0x84,0x45,0x29,
	0xE3,0x18,0x2D,0x63,0x96,0xB5,0x96,0xB5,0xE4,0x20,0x45,0x29,0x05,0x21,0x04,0x21,0xA2,0x18,0x6A,0x52,
	0x59,0xCE,0xA7,0x39,0xEC,0x5A,0xA6,0x31,0x0C,0x63,0xA7,0x31,0xCB,0x5A,0xC7,0x39,0x8A,0x52,0xAE,0x73,
	0xD3,0x9C,0x08,0x42,0x49,0x4A,0xCB,0x5A,0x28,0x42,0xCB,0x5A,0x08,0x42,0xEB,0x5A,0xA7,0x39,0x95,0xB5,
	0x4D,0x6B,0xAB,0x52,0xE7,0x39,0xCB,0x5A,0xE8,0x39,0xAB,0x52,0x49,0x4A,0x49,0x4A,0x69,0x4A,0x0C,0x63,
	0x95,0xAD,0xE4,0x20,0x8E,0x73,0xA3,0x10,0xAE,0x73,0x24,0x21,0xCB,0x52,0x29,0x4A,0x04,0x21,0xE7,0x39,
	0xA3,0x10,0x75,0xAD,0x69,0x4A,0xE7,0x39,0xA6,0x31,0xCF,0x7B,0x14,0xA5,0x51,0x8C,0x6D,0x6B,0x9A,0xCE,
	0xCF,0x7B,0x41,0x08,0x49,0x4A,0x10,0x84,0x08,0x42,0xAB,0x52,0xEB,0x5A,0x69,0x4A,0xC7,0x39,0x86,0x31,
	0xE4,0x18,0x82,0x10,0x8A,0x52,0x10,0x7C,0xF0,0x7B,0x8E,0x73,0xAE,0x6B,0xCF,0x73,0xAF,0x73,0x8E,0x73,
	0x2D,0x63,0xD7,0xB5,0x79,0xCE,0xF8,0xBD,0x14,0x9D,0x2C,0x63,0xE8,0x39,0xA6,0x31,0xC7,0x39,0x00,0x00,
	0x00,0x00,0x00,0x00,0x00,0x00,0x00,0x00,0x00,0x00,0x00,0x00,0x00,0x00,0x00,0x00,0x00,0x00,0x00,0x00,
	0x00,0x00,0x00,0x00,0x00,0x00,0x00,0x00,0x00,0x00,0x00,0x00,0x00,0x00,0x00,0x00,0x00,0x00,0x00,0x00,
	0x00,0x00,0x00,0x00,0x00,0x00,0x00,0x00,0x00,0x00,0x00,0x00,0x00,0x00,0x00,0x00,0x00,0x00,0x00,0x00,
	0x00,0x00,0x00,0x00,0x00,0x00,0x00,0x00,0x00,0x00,0x00,0x00,0x00,0x00,0x00,0x00,0x00,0x00,0x00,0x00,
	0x48,0x42,0x04,0x21,0x61,0x08,0xA7,0x31,0xEF,0x7B,0x14,0x9D,0x96,0xAD,0x38,0xC6,0x6A,0x4A,0x29,0x42,
	0xEC,0x5A,0xCB,0x5A,0x4D,0x63,0x4D,0x63,0x4D,0x63,0x0C,0x5B,0xAE,0x73,0x8A,0x4A,0x45,0x21,0x45,0x29,
	0xA3,0x10,0x21,0x00,0x41,0x08,0x65,0x29,0xE7,0x39,0xE8,0x39,0xA7,0x31,0x6A,0x4A,0x34,0xA5,0xAB,0x5A,
	0xCF,0x7B,0xF3,0x9C,0x49,0x4A,0x86,0x31,0x24,0x21,0x45,0x29,0xE4,0x20,0xAB,0x52,0x69,0x4A,0x8A,0x4A,
	0xB2,0x94,0x82,0x10,0xA3,0x18,0xA7,0x31,0x66,0x29,0x08,0x42,0xE8,0x39,0x8A,0x52,0x08,0x42,0x92,0x94,
	0xCF,0x7B,0x69,0x4A,0xC7,0x39,0xEC,0x5A,0xC7,0x39,0xEB,0x5A,0xA7,0x39,0xEC,0x5A,0x86,0x31,0x34,0xA5,
	0x2C,0x63,0x8A,0x52,0xE8,0x41,0x69,0x4A,0x29,0x42,0x28,0x42,0xAB,0x5A,0xC7,0x39,0x0C,0x63,0x28,0x42,
	0xF7,0xBD,0xE3,0x18,0x4D,0x6B,0x04,0x21,0x28,0x42,0x66,0x31,0x04,0x21,0x45,0x29,0x04,0x21,0xE4,0x20,
	0x6A,0x52,0x25,0x29,0x24,0x21,0x55,0xA5,0xC7,0x39,0x31,0x84,0x6D,0x6B,0xB2,0x94,0xAE,0x73,0x69,0x4A,
	0x86,0x31,0x86,0x31,0x28,0x42,0x6A,0x4A,0xEB,0x5A,0xAA,0x52,0x28,0x42,0x08,0x42,0x6A,0x4A,0xC7,0x39,
	0x08,0x3A,0x30,0x84,0x30,0x84,0x6D,0x6B,0x8E,0x6B,0x6E,0x6B,0x8E,0x6B,0xAF,0x73,0xAF,0x73,0x6E,0x6B,
	0x4D,0x6B,0x18,0xBE,0x39,0xCE,0xB6,0xB5,0x51,0x8C,0x8A,0x52,0xA6,0x31,0xE8,0x39,0xE4,0x20,0x00,0x00,
	0x00,0x00,0x00,0x00,0x00,0x00,0x00,0x00,0x00,0x00,0x00,0x00,0x00,0x00,0x00,0x00,0x00,0x00,0x00,0x00,
	0x00,0x00,0x00,0x00,0x00,0x00,0x00,0x00,0x00,0x00,0x00,0x00,0x00,0x00,0x00,0x00,0x00,0x00,0x00,0x00,
	0x00,0x00,0x00,0x00,0x00,0x00,0x00,0x00,0x00,0x00,0x00,0x00,0x00,0x00,0x00,0x00,0x00,0x00,0x00,0x00,
	0x00,0x00,0x00,0x00,0x00,0x00,0x00,0x00,0x00,0x00,0x00,0x00,0x00,0x00,0x00,0x00,0x00,0x00,0x00,0x00,
	0xE3,0x18,0x85,0x29,0x41,0x08,0x25,0x21,0x2C,0x63,0xF3,0x9C,0x55,0xAD,0x38,0xC6,0x2D,0x63,0xE8,0x39,
	0xEC,0x5A,0xEC,0x5A,0xEC,0x5A,0x2C,0x63,0x4D,0x63,0x2D,0x63,0x2C,0x63,0x4D,0x63,0x8E,0x6B,0x10,0x7C,
	0x29,0x42,0x82,0x10,0xA3,0x10,0x00,0x00,0x82,0x10,0x66,0x29,0x28,0x42,0x08,0x42,0xE7,0x39,0xE7,0x39,
	0x2D,0x63,0x34,0xA5,0xCB,0x5A,0xE3,0x18,0x45,0x29,0x65,0x29,0xC3,0x18,0x92,0x94,0xCB,0x5A,0x04,0x21,
	0x10,0x84,0xF3,0x9C,0x8A,0x52,0xA3,0x18,0x04,0x21,0x04,0x21,0xC4,0x18,0xE4,0x18,0x82,0x10,0xF7,0xBD,
	0x0C,0x63,0xE7,0x39,0x45,0x29,0xCB,0x5A,0x66,0x29,0xEB,0x5A,0x86,0x31,0x0C,0x63,0xA7,0x31,0x55,0xAD,
	0x2C,0x63,0x69,0x4A,0x08,0x42,0x29,0x4A,0x69,0x4A,0x86,0x31,0x8A,0x52,0x25,0x29,0x08,0x42,0x45,0x29,
	0x58,0xCE,0x86,0x31,0xA3,0x18,0x04,0x21,0xE4,0x18,0x04,0x21,0x04,0x21,0x04,0x21,0x24,0x21,0x04,0x21,
	0x13,0xA5,0x65,0x29,0x21,0x00,0x10,0x84,0x6E,0x6B,0x45,0x21,0xF3,0x9C,0x6D,0x6B,0x45,0x29,0xA6,0x31,
	0x69,0x4A,0x4D,0x63,0x4D,0x6B,0xEB,0x5A,0xC7,0x39,0x45,0x29,0x04,0x21,0xE7,0x39,0x0C,0x63,0x6A,0x4A,
	0xCF,0x73,0xAF,0x73,0x2D,0x63,0x4D,0x6B,0x8E,0x6B,0x8E,0x6B,0x6E,0x6B,0x6E,0x6B,0xAE,0x73,0x6E,0x6B,
	0x8F,0x73,0x39,0xC6,0x18,0xBE,0x34,0xA5,0x8E,0x6B,0x29,0x42,0x65,0x29,0xCB,0x5A,0x45,0x29,0x00,0x00,
	0x00,0x00,0x00,0x00,0x00,0x00,0x00,0x00,0x00,0x00,0x00,0x00,0x00,0x00,0x00,0x00,0x00,0x00,0x00,0x00,
	0x00,0x00,0x00,0x00,0x00,0x00,0x00,0x00,0x00,0x00,0x00,0x00,0x00,0x00,0x00,0x00,0x00,0x00,0x00,0x00,
	0x00,0x00,0x00,0x00,0x00,0x00,0x00,0x00,0x00,0x00,0x00,0x00,0x00,0x00,0x00,0x00,0x00,0x00,0x00,0x00,
	0x00,0x00,0x00,0x00,0x00,0x00,0x00,0x00,0x00,0x00,0x00,0x00,0x00,0x00,0x00,0x00,0x00,0x00,0x00,0x00,
	0x21,0x08,0x45,0x29,0x61,0x08,0xC3,0x18,0x69,0x4A,0x92,0x8C,0x34,0xA5,0x18,0xC6,0xCF,0x73,0xA7,0x31,
	0xAB,0x52,0xEB,0x5A,0xCB,0x5A,0x2D,0x63,0x4D,0x63,0x2D,0x63,0x0C,0x63,0xCB,0x5A,0x0C,0x63,0xC8,0x39,
	0xE8,0x39,0x72,0x8C,0x10,0x7C,0x89,0x4A,0x00,0x00,0x21,0x08,0xA2,0x10,0x66,0x31,0x48,0x42,0x8A,0x52,
	0x08,0x42,0xAA,0x52,0x0C,0x63,0x86,0x31,0x65,0x29,0x25,0x21,0x66,0x29,0xB6,0xB5,0x86,0x31,0xA6,0x31,
	0x31,0x84,0x38,0xC6,0xEB,0x5A,0xC3,0x18,0x45,0x21,0xE4,0x18,0xC7,0x39,0x30,0x84,0xAA,0x52,0x10,0x84,
	0xCB,0x5A,0xE4,0x20,0xE4,0x20,0x24,0x21,0x04,0x21,0x25,0x29,0x24,0x21,0x45,0x29,0x62,0x08,0x55,0xA5,
	0x8E,0x6B,0x62,0x10,0x25,0x21,0x25,0x21,0x04,0x21,0x04,0x21,0x04,0x21,0x05,0x21,0xE4,0x18,0xCB,0x5A,
	0x10,0x84,0x04,0x21,0xAB,0x52,0x86,0x31,0x04,0x21,0x04,0x21,0x04,0x21,0x24,0x21,0x04,0x21,0x45,0x29,
	0x50,0x8C,0xA6,0x31,0x49,0x4A,0x08,0x42,0xB6,0xB5,0xE4,0x20,0x65,0x29,0xE8,0x39,0x2C,0x63,0xAE,0x73,
	0x8E,0x73,0xEB,0x62,0x08,0x42,0x86,0x31,0x45,0x29,0x65,0x29,0x6A,0x4A,0x29,0x42,0x65,0x29,0x8E,0x6B,
	0x8E,0x6B,0x6D,0x6B,0x8E,0x6B,0x6E,0x6B,0x6E,0x6B,0x8E,0x6B,0x6E,0x6B,0x6E,0x6B,0x8E,0x6B,0x4D,0x63,
	0xAE,0x73,0x18,0xC6,0xB6,0xB5,0x92,0x94,0xCB,0x5A,0xE8,0x39,0x86,0x29,0xAB,0x52,0x00,0x00,0x00,0x00,
	0x00,0x00,0x00,0x00,0x00,0x00,0x00,0x00,0x00,0x00,0x00,0x00,0x00,0x00,0x00,0x00,0x00,0x00,0x00,0x00,
	0x00,0x00,0x00,0x00,0x00,0x00,0x00,0x00,0x00,0x00,0x00,0x00,0x00,0x00,0x00,0x00,0x00,0x00,0x00,0x00,
	0x00,0x00,0x00,0x00,0x00,0x00,0x00,0x00,0x00,0x00,0x00,0x00,0x00,0x00,0x00,0x00,0x00,0x00,0x00,0x00,
	0x00,0x00,0x00,0x00,0x00,0x00,0x00,0x00,0x00,0x00,0x00,0x00,0x00,0x00,0x00,0x00,0x00,0x00,0x00,0x00,
	0x00,0x00,0xA6,0x31,0xA3,0x10,0x82,0x08,0xC7,0x31,0x10,0x7C,0x34,0x9D,0xD7,0xBD,0x51,0x84,0x66,0x29,
	0x8A,0x4A,0xCB,0x5A,0xEC,0x5A,0x0C,0x63,0x0D,0x63,0x2C,0x63,0x0C,0x63,0xCB,0x5A,0xCB,0x5A,0xE8,0x39,
	0x6A,0x4A,0x34,0x9D,0x34,0xA5,0x14,0x9D,0x45,0x29,0xC3,0x18,0xA2,0x10,0x20,0x00,0x41,0x08,0x04,0x21,
	0x89,0x52,0xCB,0x5A,0xCB,0x5A,0xCB,0x5A,0x49,0x4A,0xA7,0x31,0x29,0x42,0xB3,0x94,0x04,0x21,0xD3,0x9C,
	0x30,0x84,0x04,0x21,0x04,0x21,0x24,0x21,0x24,0x21,0xC3,0x18,0xF3,0x9C,0xAE,0x73,0x14,0x9D,0xEB,0x5A,
	0x10,0x7C,0xB6,0xB5,0x0C,0x63,0xC3,0x18,0x25,0x21,0x04,0x21,0x04,0x21,0xA6,0x31,0x6D,0x6B,0x92,0x8C,
	0xA6,0x31,0x08,0x42,0xE8,0x39,0xE4,0x18,0x04,0x21,0x04,0x21,0x24,0x21,0xE4,0x20,0xB2,0x94,0x30,0x84,
	0x14,0xA5,0xA7,0x31,0x31,0x84,0x8A,0x52,0xC3,0x18,0x25,0x21,0x25,0x21,0x25,0x21,0x04,0x21,0xA7,0x39,
	0x96,0xB5,0x14,0xA5,0x51,0x8C,0x45,0x29,0x8A,0x52,0x0C,0x63,0xCF,0x7B,0xEF,0x7B,0x4D,0x6B,0x69,0x4A,
	0x08,0x42,0x49,0x4A,0x49,0x4A,0xA7,0x31,0x4D,0x63,0xEF,0x73,0x71,0x8C,0x51,0x84,0xE4,0x18,0x29,0x42,
	0xCF,0x73,0x6E,0x6B,0x6E,0x6B,0x8E,0x6B,0x8E,0x6B,0x8E,0x6B,0x6D,0x6B,0x4E,0x6B,0x8E,0x6B,0x2D,0x63,
	0xF0,0x7B,0xF7,0xBD,0x54,0xA5,0xCF,0x73,0x49,0x42,0xA6,0x31,0xA6,0x31,0x49,0x4A,0x00,0x00,0x00,0x00,
	0x00,0x00,0x00,0x00,0x00,0x00,0x00,0x00,0x00,0x00,0x00,0x00,0x00,0x00,0x00,0x00,0x00,0x00,0x00,0x00,
	0x00,0x00,0x00,0x00,0x00,0x00,0x00,0x00,0x00,0x00,0x00,0x00,0x00,0x00,0x00,0x00,0x00,0x00,0x00,0x00,
	0x00,0x00,0x00,0x00,0x00,0x00,0x00,0x00,0x00,0x00,0x00,0x00,0x00,0x00,0x00,0x00,0x00,0x00,0x00,0x00,
	0x00,0x00,0x00,0x00,0x00,0x00,0x00,0x00,0x00,0x00,0x00,0x00,0x00,0x00,0x00,0x00,0x00,0x00,0x00,0x00,
	0x00,0x00,0x08,0x42,0x04,0x21,0x61,0x08,0x45,0x29,0x6D,0x6B,0xF3,0x94,0x96,0xB5,0xF3,0x9C,0x65,0x29,
	0x6A,0x4A,0xCB,0x5A,0xCB,0x5A,0xEC,0x5A,0x0C,0x63,0x0C,0x63,0xEC,0x5A,0xCB,0x5A,0xEC,0x5A,0xCB,0x52,
	0xAB,0x52,0xF4,0x9C,0xB3,0x94,0xF3,0x94,0x10,0x84,0x8E,0x6B,0x8E,0x6B,0xC7,0x39,0x62,0x08,0x20,0x00,
	0x41,0x08,0x25,0x29,0x49,0x4A,0x2C,0x63,0x8E,0x6B,0x8E,0x6B,0x0C,0x63,0x28,0x42,0xC7,0x39,0x2C,0x63,
	0x13,0xA5,0x4D,0x6B,0x04,0x21,0x24,0x21,0x04,0x21,0x66,0x29,0x13,0xA5,0x00,0x00,0xCF,0x7B,0x8E,0x73,
	0x6D,0x6B,0x54,0xAD,0x6A,0x4A,0xE4,0x18,0x24,0x21,0x44,0x29,0xC3,0x18,0xD2,0x94,0x75,0xAD,0x4D,0x6B,
	0x62,0x10,0x10,0x84,0x0B,0x5B,0xA3,0x10,0x25,0x21,0x04,0x21,0x25,0x21,0xE4,0x20,0x14,0xA5,0x30,0x84,
	0xD6,0xB5,0x08,0x42,0x2D,0x63,0x71,0x8C,0xC3,0x18,0x25,0x21,0x25,0x21,0x24,0x21,0x04,0x21,0x86,0x31,
	0x4D,0x6B,0x0C,0x5B,0x0C,0x63,0xAE,0x73,0xEF,0x7B,0x0F,0x7C,0x4D,0x6B,0x69,0x4A,0xA7,0x39,0x24,0x21,
	0xC7,0x31,0xAA,0x4A,0xAA,0x4A,0x2D,0x63,0x51,0x8C,0x51,0x84,0x92,0x8C,0x92,0x8C,0x25,0x21,0x6A,0x4A,
	0xEF,0x7B,0x8E,0x6B,0x6E,0x6B,0x8E,0x6B,0x6E,0x6B,0x6E,0x6B,0x4D,0x6B,0x6E,0x6B,0x6D,0x6B,0x0C,0x63,
	0x30,0x84,0xB6,0xB5,0x92,0x94,0xEC,0x5A,0xE8,0x39,0x45,0x21,0x08,0x3A,0xE7,0x39,0x00,0x00,0x20,0x00,
	0x00,0x00,0x00,0x00,0x00,0x00,0x00,0x00,0x00,0x00,0x00,0x00,0x00,0x00,0x00,0x00,0x00,0x00,0x00,0x00,
	0x00,0x00,0x00,0x00,0x00,0x00,0x00,0x00,0x00,0x00,0x00,0x00,0x00,0x00,0x00,0x00,0x00,0x00,0x00,0x00,
	0x00,0x00,0x00,0x00,0x00,0x00,0x00,0x00,0x00,0x00,0x00,0x00,0x00,0x00,0x00,0x00,0x00,0x00,0x00,0x00,
	0x00,0x00,0x00,0x00,0x00,0x00,0x00,0x00,0x00,0x00,0x00,0x00,0x00,0x00,0x00,0x00,0x00,0x00,0x00,0x00,
	0x00,0x00,0x04,0x21,0xC7,0x39,0x41,0x00,0x04,0x21,0xCA,0x52,0xB2,0x94,0x76,0xAD,0x55,0xAD,0x66,0x29,
	0x49,0x42,0xCB,0x5A,0xCB,0x52,0xEC,0x5A,0xEC,0x62,0xEC,0x5A,0xEC,0x5A,0xCB,0x5A,0xEC,0x5A,0xEC,0x52,
	0xAB,0x4A,0xF4,0x94,0x92,0x8C,0x72,0x8C,0x51,0x84,0xB2,0x94,0xB2,0x94,0x72,0x8C,0xCF,0x73,0x8A,0x4A,
	0xC7,0x39,0x21,0x08,0x82,0x10,0xA2,0x10,0xA6,0x39,0x08,0x42,0xCB,0x5A,0xCF,0x7B,0xEF,0x7B,0x2C,0x6B,
	0xEB,0x5A,0xEB,0x5A,0xE8,0x41,0xA7,0x31,0x66,0x29,0x45,0x29,0xD2,0x94,0x91,0x8C,0x92,0x94,0x10,0x84,
	0xF3,0x9C,0x45,0x29,0x04,0x21,0x45,0x29,0x24,0x21,0x25,0x29,0x04,0x21,0x96,0xB5,0xCF,0x7B,0xF4,0x9C,
	0xE8,0x39,0x8E,0x6B,0x10,0x84,0xA3,0x18,0x25,0x21,0x25,0x21,0x45,0x21,0xA3,0x18,0x51,0x8C,0xD3,0x9C,
	0x55,0xAD,0x8A,0x52,0x08,0x42,0x72,0x8C,0xC3,0x18,0x66,0x29,0xC7,0x39,0x49,0x4A,0x0C,0x63,0x8D,0x73,
	0xCF,0x7B,0x30,0x84,0x10,0x84,0xEF,0x7B,0xCB,0x5A,0xE8,0x39,0xA7,0x31,0x28,0x42,0x08,0x3A,0x6E,0x6B,
	0xB2,0x8C,0xB3,0x94,0x51,0x84,0xF3,0x9C,0xB3,0x94,0x72,0x8C,0xB2,0x8C,0x92,0x8C,0xE4,0x18,0xAB,0x52,
	0xF0,0x7B,0x8E,0x6B,0x8E,0x6B,0x8E,0x6B,0x6E,0x6B,0x6E,0x6B,0x6E,0x6B,0x6D,0x6B,0x4D,0x6B,0x0C,0x63,
	0x51,0x8C,0x75,0xAD,0xCF,0x7B,0x49,0x4A,0xA7,0x31,0x04,0x21,0x49,0x4A,0xC3,0x18,0x00,0x00,0x00,0x00,
	0x00,0x00,0x00,0x00,0x00,0x00,0x00,0x00,0x00,0x00,0x00,0x00,0x00,0x00,0x00,0x00,0x00,0x00,0x00,0x00,
	0x00,0x00,0x00,0x00,0x00,0x00,0x00,0x00,0x00,0x00,0x00,0x00,0x00,0x00,0x00,0x00,0x00,0x00,0x00,0x00,
	0x00,0x00,0x00,0x00,0x00,0x00,0x00,0x00,0x00,0x00,0x00,0x00,0x00,0x00,0x00,0x00,0x00,0x00,0x00,0x00,
	0x00,0x00,0x00,0x00,0x00,0x00,0x00,0x00,0x00,0x00,0x00,0x00,0x00,0x00,0x00,0x00,0x00,0x00,0x00,0x00,
	0x00,0x00,0x61,0x08,0xE7,0x39,0x61,0x08,0xC3,0x18,0x28,0x42,0x30,0x84,0x55,0xA5,0x96,0xB5,0xC7,0x39,
	0x28,0x42,0xCB,0x5A,0xCB,0x5A,0xCB,0x5A,0xCB,0x5A,0xCB,0x52,0xCB,0x52,0xAB,0x5A,0xEC,0x5A,0xAB,0x4A,
	0x8A,0x4A,0xB3,0x94,0x51,0x84,0x51,0x84,0x31,0x7C,0x30,0x84,0x51,0x84,0x10,0x7C,0x92,0x8C,0x92,0x8C,
	0x71,0x8C,0xC7,0x31,0xE4,0x20,0x24,0x21,0x41,0x08,0x00,0x00,0x00,0x00,0xE4,0x20,0xAA,0x52,0x8E,0x73,
	0x10,0x84,0x51,0x8C,0x72,0x8C,0xF0,0x7B,0x6D,0x6B,0xEC,0x62,0xEC,0x5A,0x30,0x84,0x8A,0x52,0x29,0x4A,
	0xB2,0x94,0x72,0x8C,0x86,0x31,0x24,0x21,0x25,0x21,0x25,0x21,0xC3,0x18,0x10,0x84,0x51,0x8C,0x14,0xA5,
	0xC7,0x31,0x0C,0x63,0x51,0x8C,0x83,0x10,0x04,0x21,0x04,0x21,0x04,0x21,0x04,0x21,0x08,0x42,0x31,0x84,
	0xAF,0x73,0x49,0x4A,0xAB,0x52,0x0C,0x63,0xEF,0x7B,0x92,0x94,0xB2,0x94,0xD3,0x94,0x92,0x94,0x30,0x84,
	0x2C,0x63,0x86,0x31,0xA3,0x18,0x24,0x21,0x49,0x4A,0x0C,0x5B,0x8A,0x52,0x92,0x8C,0xD3,0x94,0x54,0xA5,
	0xD2,0x94,0xD3,0x94,0xB2,0x8C,0x92,0x8C,0x92,0x8C,0x92,0x8C,0x92,0x8C,0x92,0x8C,0xE4,0x18,0x8A,0x4A,
	0xF0,0x7B,0x8E,0x6B,0x8E,0x6B,0x8E,0x6B,0x8E,0x6B,0x6E,0x6B,0x6E,0x6B,0x4D,0x6B,0x4D,0x6B,0xEC,0x5A,
	0x92,0x8C,0xF3,0x9C,0x2D,0x63,0xE8,0x39,0x66,0x29,0x24,0x21,0x08,0x42,0x20,0x00,0x00,0x00,0x00,0x00,
	0x00,0x00,0x00,0x00,0x00,0x00,0x00,0x00,0x00,0x00,0x00,0x00,0x00,0x00,0x00,0x00,0x00,0x00,0x00,0x00,
	0x00,0x00,0x00,0x00,0x00,0x00,0x00,0x00,0x00,0x00,0x00,0x00,0x00,0x00,0x00,0x00,0x00,0x00,0x00,0x00,
	0x00,0x00,0x00,0x00,0x00,0x00,0x00,0x00,0x00,0x00,0x00,0x00,0x00,0x00,0x00,0x00,0x00,0x00,0x00,0x00,
	0x00,0x00,0x00,0x00,0x00,0x00,0x00,0x00,0x00,0x00,0x00,0x00,0x00,0x00,0x00,0x00,0x00,0x00,0x00,0x00,
	0x00,0x00,0x00,0x00,0x28,0x42,0x82,0x10,0xA2,0x10,0x86,0x29,0xAE,0x73,0x14,0x9D,0xB6,0xB5,0x8A,0x52,
	0xA7,0x31,0xAB,0x52,0xCB,0x5A,0xAA,0x52,0xAB,0x52,0xCB,0x5A,0xCB,0x52,0xAB,0x52,0xEC,0x5A,0xEC,0x5A,
	0x49,0x42,0x30,0x7C,0x10,0x7C,0x31,0x84,0x10,0x7C,0x11,0x7C,0xF0,0x7B,0xCF,0x73,0xF0,0x73,0x30,0x7C,
	0x51,0x84,0x71,0x84,0xCF,0x73,0x71,0x8C,0xCF,0x73,0x49,0x4A,0xC7,0x39,0xE3,0x18,0x21,0x08,0xA3,0x18,
	0x04,0x21,0x28,0x4A,0xEB,0x5A,0x2D,0x63,0x10,0x7C,0x51,0x8C,0x30,0x84,0xAE,0x73,0x10,0x84,0x10,0x84,
	0xAE,0x73,0xAE,0x73,0x8E,0x73,0x2D,0x6B,0xEC,0x62,0xCB,0x5A,0x8A,0x52,0x8A,0x52,0xCF,0x7B,0xEC,0x62,
	0x28,0x42,0x8A,0x52,0x8A,0x4A,0xCB,0x5A,0xEC,0x5A,0x2C,0x63,0x8E,0x6B,0xF0,0x7B,0x30,0x84,0xF0,0x7B,
	0x92,0x94,0x35,0xA5,0x76,0xAD,0x96,0xB5,0xD3,0x9C,0x92,0x8C,0x51,0x8C,0xEB,0x5A,0xE7,0x39,0xA6,0x31,
	0x24,0x21,0x65,0x29,0xC7,0x31,0x69,0x4A,0xEC,0x5A,0x29,0x42,0xAE,0x6B,0x34,0xA5,0xB2,0x94,0x72,0x8C,
	0x72,0x8C,0x71,0x8C,0x51,0x84,0x72,0x84,0x52,0x8C,0x92,0x8C,0x51,0x84,0x30,0x7C,0x24,0x21,0x8A,0x52,
	0x10,0x7C,0xAE,0x73,0x8E,0x6B,0x8E,0x6B,0x6D,0x6B,0x4D,0x6B,0x6D,0x63,0x6D,0x6B,0x4D,0x6B,0xEC,0x5A,
	0x92,0x94,0x51,0x84,0x8A,0x4A,0x86,0x31,0x45,0x21,0x66,0x29,0x29,0x42,0x00,0x00,0x00,0x00,0x00,0x00,
	0x00,0x00,0x00,0x00,0x00,0x00,0x00,0x00,0x00,0x00,0x00,0x00,0x00,0x00,0x00,0x00,0x00,0x00,0x00,0x00,
	0x00,0x00,0x00,0x00,0x00,0x00,0x00,0x00,0x00,0x00,0x00,0x00,0x00,0x00,0x00,0x00,0x00,0x00,0x00,0x00,
	0x00,0x00,0x00,0x00,0x00,0x00,0x00,0x00,0x00,0x00,0x00,0x00,0x00,0x00,0x00,0x00,0x00,0x00,0x00,0x00,
	0x00,0x00,0x00,0x00,0x00,0x00,0x00,0x00,0x00,0x00,0x00,0x00,0x00,0x00,0x00,0x00,0x00,0x00,0x00,0x00,
	0x00,0x00,0x00,0x00,0xA6,0x31,0x24,0x21,0x61,0x08,0x24,0x21,0xEB,0x5A,0x92,0x8C,0xD7,0xB5,0x0C,0x63,
	0x86,0x29,0xCB,0x5A,0xCB,0x5A,0xCB,0x5A,0xCB,0x5A,0xAB,0x52,0xAB,0x52,0xAB,0x52,0x4D,0x63,0x8A,0x4A,
	0xE8,0x39,0x10,0x7C,0xCF,0x73,0x10,0x7C,0xAF,0x73,0xCF,0x73,0xCF,0x73,0xAE,0x6B,0xAE,0x6B,0xCF,0x73,
	0xCF,0x73,0xEF,0x73,0x92,0x8C,0x31,0x84,0x92,0x8C,0xB2,0x8C,0x71,0x84,0x31,0x84,0x25,0x21,0xE7,0x39,
	0x65,0x29,0x20,0x00,0x82,0x10,0x21,0x00,0x41,0x08,0x45,0x29,0x08,0x42,0x29,0x42,0xAA,0x52,0x0C,0x63,
	0xEF,0x7B,0x51,0x8C,0x92,0x94,0xF3,0x9C,0x14,0xA5,0x55,0xAD,0x75,0xAD,0x55,0xAD,0xD3,0x9C,0xF3,0x9C,
	0x54,0xA5,0x55,0xAD,0x75,0xAD,0x55,0xAD,0x55,0xAD,0x34,0xA5,0xF3,0x9C,0x92,0x94,0x51,0x8C,0x10,0x84,
	0x6E,0x6B,0x2D,0x63,0x2C,0x63,0x45,0x29,0x82,0x10,0xA2,0x10,0x24,0x21,0xEB,0x5A,0xEC,0x5A,0x6A,0x4A,
	0x6D,0x63,0xEF,0x73,0x92,0x8C,0x14,0x9D,0xD3,0x94,0x92,0x8C,0xB2,0x94,0x50,0x84,0x51,0x84,0x31,0x84,
	0x31,0x7C,0x51,0x84,0x31,0x84,0x31,0x84,0x51,0x84,0x31,0x84,0x30,0x7C,0x10,0x7C,0x04,0x19,0x8A,0x4A,
	0xEF,0x7B,0xAE,0x73,0x6E,0x6B,0x8E,0x6B,0x8E,0x6B,0x6E,0x6B,0x4D,0x6B,0x8E,0x6B,0x2D,0x63,0x0C,0x63,
	0x71,0x8C,0x6E,0x6B,0x08,0x3A,0x66,0x29,0x04,0x19,0x08,0x42,0x45,0x29,0x00,0x00,0x00,0x00,0x00,0x00,
	0x00,0x00,0x00,0x00,0x00,0x00,0x00,0x00,0x00,0x00,0x00,0x00,0x00,0x00,0x00,0x00,0x00,0x00,0x00,0x00,
	0x00,0x00,0x00,0x00,0x00,0x00,0x00,0x00,0x00,0x00,0x00,0x00,0x00,0x00,0x00,0x00,0x00,0x00,0x00,0x00,
	0x00,0x00,0x00,0x00,0x00,0x00,0x00,0x00,0x00,0x00,0x00,0x00,0x00,0x00,0x00,0x00,0x00,0x00,0x00,0x00,
	0x00,0x00,0x00,0x00,0x00,0x00,0x00,0x00,0x00,0x00,0x00,0x00,0x00,0x00,0x00,0x00,0x00,0x00,0x00,0x00,
	0x00,0x00,0x00,0x00,0x24,0x21,0xA6,0x31,0x41,0x08,0xC3,0x18,0x28,0x42,0x10,0x7C,0x96,0xAD,0xAE,0x73,
	0x66,0x31,0xAB,0x52,0xAA,0x52,0xCB,0x5A,0xCB,0x5A,0xAA,0x52,0xAA,0x52,0x8A,0x52,0x4D,0x63,0x08,0x42,
	0x86,0x29,0xAF,0x73,0x6E,0x6B,0x8E,0x73,0x6D,0x6B,0x8E,0x6B,0x8E,0x6B,0x2C,0x63,0x6D,0x6B,0x6E,0x6B,
	0x6D,0x6B,0xAE,0x73,0xAF,0x73,0x8E,0x6B,0xAE,0x6B,0xEF,0x73,0xF0,0x7B,0x72,0x84,0x8E,0x6B,0x6D,0x6B,
	0xEF,0x73,0xAE,0x73,0x6D,0x6B,0xAA,0x52,0xA7,0x31,0xA3,0x10,0x24,0x21,0x04,0x21,0x25,0x21,0xA2,0x10,
	0xE4,0x20,0x04,0x21,0xE3,0x18,0x86,0x31,0xA6,0x31,0xA7,0x31,0xC7,0x39,0xC7,0x39,0xA6,0x39,0xA6,0x31,
	0xA6,0x31,0x86,0x31,0x86,0x31,0x65,0x29,0x66,0x31,0xA6,0x31,0xC7,0x39,0x25,0x29,0x24,0x21,0xA6,0x31,
	0x25,0x21,0x45,0x29,0x41,0x08,0xE4,0x18,0x08,0x3A,0xC7,0x31,0xE8,0x39,0xCF,0x73,0xAF,0x73,0x4D,0x63,
	0xF4,0x94,0xD3,0x94,0x92,0x8C,0x51,0x84,0x51,0x84,0x51,0x84,0x30,0x7C,0x30,0x84,0xF0,0x7B,0x10,0x7C,
	0xF0,0x7B,0xF0,0x7B,0xF0,0x7B,0xF0,0x7B,0xF0,0x7B,0xCF,0x73,0xEF,0x7B,0xAE,0x73,0xC3,0x10,0x8A,0x4A,
	0xF0,0x7B,0x8E,0x6B,0x6E,0x6B,0x6E,0x6B,0x6E,0x6B,0x4D,0x6B,0x4D,0x63,0x8E,0x6B,0x4D,0x63,0x2C,0x63,
	0x10,0x84,0xAA,0x52,0x86,0x29,0x45,0x29,0xE3,0x18,0x29,0x42,0xA2,0x10,0x00,0x00,0x00,0x00,0x00,0x00,
	0x00,0x00,0x00,0x00,0x00,0x00,0x00,0x00,0x00,0x00,0x00,0x00,0x00,0x00,0x00,0x00,0x00,0x00,0x00,0x00,
	0x00,0x00,0x00,0x00,0x00,0x00,0x00,0x00,0x00,0x00,0x00,0x00,0x00,0x00,0x00,0x00,0x00,0x00,0x00,0x00,
	0x00,0x00,0x00,0x00,0x00,0x00,0x00,0x00,0x00,0x00,0x00,0x00,0x00,0x00,0x00,0x00,0x00,0x00,0x00,0x00,
	0x00,0x00,0x00,0x00,0x00,0x00,0x00,0x00,0x00,0x00,0x00,0x00,0x00,0x00,0x00,0x00,0x00,0x00,0x00,0x00,
	0x00,0x00,0x00,0x00,0x82,0x10,0x69,0x4A,0x41,0x08,0xC3,0x10,0x65,0x29,0x6D,0x6B,0x35,0xA5,0x30,0x84,
	0xA7,0x31,0xAA,0x52,0xCB,0x52,0xCB,0x5A,0xCB,0x5A,0xAA,0x52,0xCB,0x5A,0xAB,0x52,0x6E,0x6B,0xE8,0x39,
	0x45,0x29,0x4D,0x63,0x2D,0x63,0x2D,0x6B,0x2C,0x63,0x4D,0x6B,0x2C,0x63,0xEC,0x5A,0x2D,0x63,0x4D,0x6B,
	0x2C,0x63,0x6D,0x63,0x8E,0x6B,0x4D,0x63,0x4D,0x63,0x6D,0x6B,0x6D,0x6B,0x6E,0x6B,0xCF,0x73,0xAF,0x73,
	0xF0,0x7B,0x51,0x84,0x51,0x84,0xEF,0x7B,0x31,0x84,0xCB,0x52,0x69,0x4A,0xF0,0x73,0xD3,0x94,0x92,0x94,
	0x51,0x84,0xF0,0x7B,0xCF,0x73,0x8E,0x73,0x8E,0x6B,0x6D,0x6B,0x4D,0x6B,0x4D,0x6B,0x4D,0x6B,0x6D,0x6B,
	0x6D,0x6B,0x6E,0x73,0x8E,0x73,0x8E,0x73,0xAF,0x73,0xF0,0x7B,0x30,0x84,0x51,0x8C,0xB2,0x94,0x72,0x8C,
	0x4D,0x63,0x08,0x42,0xE8,0x39,0x0C,0x5B,0xF0,0x7B,0x51,0x84,0x71,0x8C,0x30,0x84,0x10,0x7C,0xF0,0x7B,
	0xAF,0x73,0xF0,0x7B,0xEF,0x7B,0xCF,0x73,0xCF,0x73,0xCF,0x73,0xCF,0x73,0xAE,0x73,0xAE,0x6B,0xAF,0x73,
	0x8F,0x6B,0xAE,0x6B,0x8E,0x6B,0x6E,0x6B,0x8E,0x6B,0x6E,0x6B,0x6E,0x6B,0x6E,0x6B,0x82,0x10,0xAB,0x52,
	0xEF,0x7B,0x8E,0x6B,0x8E,0x6B,0x4D,0x6B,0x8E,0x6B,0x8E,0x6B,0x6D,0x6B,0x8E,0x6B,0x4D,0x63,0x4D,0x63,
	0x8E,0x6B,0x08,0x3A,0x45,0x29,0x45,0x21,0x04,0x21,0x65,0x29,0x00,0x00,0x00,0x00,0x00,0x00,0x00,0x00,
	0x00,0x00,0x00,0x00,0x00,0x00,0x00,0x00,0x00,0x00,0x00,0x00,0x00,0x00,0x00,0x00,0x00,0x00,0x00,0x00,
	0x00,0x00,0x00,0x00,0x00,0x00,0x00,0x00,0x00,0x00,0x00,0x00,0x00,0x00,0x00,0x00,0x00,0x00,0x00,0x00,
	0x00,0x00,0x00,0x00,0x00,0x00,0x00,0x00,0x00,0x00,0x00,0x00,0x00,0x00,0x00,0x00,0x00,0x00,0x00,0x00,
	0x00,0x00,0x00,0x00,0x00,0x00,0x00,0x00,0x00,0x00,0x00,0x00,0x00,0x00,0x00,0x00,0x00,0x00,0x00,0x00,
	0x00,0x00,0x00,0x00,0x00,0x00,0xE8,0x41,0xC3,0x18,0xA2,0x10,0x04,0x21,0xAA,0x52,0xD3,0x9C,0x71,0x8C,
	0xC7,0x31,0x8A,0x4A,0xAA,0x52,0xCB,0x52,0xCB,0x5A,0xCB,0x5A,0xEC,0x5A,0xEB,0x5A,0x8E,0x6B,0xE8,0x39,
	0x04,0x21,0x0C,0x63,0xEC,0x5A,0x0C,0x63,0xEC,0x5A,0x0C,0x63,0xEC,0x5A,0xAB,0x52,0xAB,0x52,0x0C,0x63,
	0x0C,0x63,0xEC,0x5A,0x0C,0x5B,0xEC,0x5A,0x0C,0x5B,0x0C,0x5B,0xEB,0x5A,0xCB,0x5A,0xCB,0x52,0x0C,0x5B,
	0xEC,0x5A,0xEC,0x5A,0xEC,0x5A,0x0C,0x5B,0x0C,0x63,0x0C,0x5B,0xE8,0x39,0xCF,0x73,0x92,0x8C,0xF3,0x94,
	0xD3,0x94,0xF3,0x9C,0xF4,0x94,0x14,0x9D,0x34,0x9D,0x56,0xA5,0x96,0xAD,0xB6,0xAD,0xD7,0xB5,0xB7,0xAD,
	0xD7,0xB5,0xD7,0xB5,0x96,0xAD,0x76,0xAD,0x55,0xA5,0x14,0x9D,0xF3,0x94,0xD3,0x94,0x14,0x9D,0x14,0x9D,
	0x8E,0x6B,0x08,0x3A,0x6E,0x6B,0x8E,0x6B,0xAF,0x73,0x6D,0x6B,0x4D,0x63,0x4D,0x6B,0x2D,0x63,0x0C,0x63,
	0x2D,0x63,0x6E,0x6B,0x8E,0x6B,0x6E,0x6B,0x6E,0x6B,0x4D,0x6B,0x4D,0x6B,0x4D,0x63,0x2D,0x63,0x2D,0x63,
	0x4D,0x63,0x2C,0x63,0x2D,0x63,0x2D,0x63,0x0C,0x63,0x2D,0x63,0x2D,0x63,0x2D,0x63,0x82,0x10,0xCB,0x5A,
	0xEF,0x7B,0x8E,0x73,0x8E,0x73,0x8E,0x6B,0x8E,0x6B,0x8E,0x6B,0x4D,0x6B,0x6E,0x6B,0x0C,0x63,0x0C,0x5B,
	0xCB,0x52,0x86,0x31,0x45,0x21,0x04,0x21,0x45,0x29,0xA7,0x31,0x00,0x00,0x00,0x00,0x00,0x00,0x00,0x00,
	0x00,0x00,0x00,0x00,0x00,0x00,0x00,0x00,0x00,0x00,0x00,0x00,0x00,0x00,0x00,0x00,0x00,0x00,0x00,0x00,
	0x00,0x00,0x00,0x00,0x00,0x00,0x00,0x00,0x00,0x00,0x00,0x00,0x00,0x00,0x00,0x00,0x00,0x00,0x00,0x00,
};

const lv_img_dsc_t face_citizen_410_dial_img_preview = {
    .header.magic = LV_IMAGE_HEADER_MAGIC,
    .header.w = 160,
    .header.h = 160,
    .data_size = sizeof(face_citizen_410_dial_img_preview_data),
    .header.cf = LV_COLOR_FORMAT_RGB565,
    .data = face_citizen_410_dial_img_preview_data};
